date,lmp_zscore,congestion_frac_z,reserve_tightness_z,event_flag,gsi
2018-01-01,,,,0.8705505632961241,
2018-01-02,,,,1.0,
2018-01-03,,,,1.0,
2018-01-04,,,,1.0,
2018-01-05,,,,1.0,
2018-01-06,,,,1.0,
2018-01-07,,,,1.0,
2018-01-08,,,,1.0,
2018-01-09,,,,0.8705505632961241,
2018-01-10,,,,0.7578582832551991,
2018-01-11,,,,0.6597539553864472,
2018-01-12,,,,0.5743491774985175,
2018-01-13,,,,0.5,
2018-01-14,,,,0.4352752816480621,
2018-01-15,,,,0.37892914162759955,
2018-01-16,,,,0.3298769776932236,
2018-01-17,,,,0.2871745887492588,
2018-01-18,,,,0.25,
2018-01-19,,,,0.21763764082403103,
2018-01-20,-1.304189260621968,-0.9995709322488825,-1.4322068675192692,0.1894645708137998,0.2770847171529264
2018-01-21,-1.290016487544422,-1.1780344480021747,-2.2211830443314575,0.16493848884661183,0.2406154706795578
2018-01-22,-1.2481662552582375,-1.0258019281594528,-1.7311223012631818,0.14358729437462942,0.2628811867568953
2018-01-23,-1.1733652294413774,-1.056448133341834,-1.3501584053795896,0.12500000000000003,0.27650169896867877
2018-01-24,-1.0221170948221583,-0.9557921616347805,-0.6922943396070464,0.10881882041201553,0.31028053201864103
2018-01-25,-0.7803864250093787,-0.7669030333769783,-0.5439874244447649,0.09473228540689989,0.33709687393821014
2018-01-26,-0.7253563629640749,-0.7089569013661755,-0.3398485986557612,0.0824692444233059,0.3481451382871082
2018-01-27,-1.0053818860590562,-0.8967507366144142,-1.3124574364076416,0.0717936471873147,0.2876303927683048
2018-01-28,-0.9363896720463567,-0.8460760226057166,-1.7724212911765496,0.0625,0.27761514454911973
2018-01-29,-0.7652074973674025,-0.742657007582592,-0.6325479090941802,0.054409410206007765,0.330118606087327
2018-01-30,-0.7129716543996741,-0.5772264876554516,0.12665574772496488,0.047366142703449944,0.36474423238406095
2018-01-31,-0.7417113136786192,-0.20965860384241905,0.14612137663740285,0.04123462221165295,0.3778727098143193
2018-02-01,-0.8098302395981072,-0.4529563122387371,-0.7663599143116542,0.03589682359365736,0.3319773307455056
2018-02-02,-0.2809667758053151,-0.1673081585939714,0.2442523052118037,0.03125,0.41212695184529036
2018-02-03,-0.34417969063839554,0.0504964525701615,0.238912363264402,0.027204705103003893,0.4162031573554611
2018-02-04,-0.8550169405167369,-0.6251792144764884,-0.7407346442072864,0.02368307135172497,0.32081104259154636
2018-02-05,-0.7216040403627295,-0.14910241712973957,-0.05903322450150568,0.020617311105826482,0.37180528577790267
2018-02-06,-0.7332878319981325,0.17720848916413676,-0.026816253961301637,0.017948411796828663,0.38529621821944443
2018-02-07,-0.5284608727381958,0.7434103499607351,-0.30423071053497197,0.015625000000000007,0.41294743271465184
2018-02-08,-0.551615804586231,0.5419640584364519,-0.06582332866609156,0.013602352551501933,0.41065369072295904
2018-02-09,-0.6814760848537381,-0.3678662322761008,-0.02199736863996822,0.01184153567586249,0.365283486061627
2018-02-10,-0.888558152615019,-0.7882617507072217,-1.0104699510363269,0.01030865555291324,0.3007825168445906
2018-02-11,-0.8788815914008876,-0.6341044236555454,-1.6364311022113809,0.008974205898414338,0.2867853037320092
2018-02-12,-0.8119400039022082,-0.5565068812794564,-0.8430626884548907,0.007812500000000002,0.32075266507137906
2018-02-13,-0.6516107626722623,-0.6568016040366792,-0.37055663148926754,0.0068011762757509715,0.34286083771204134
2018-02-14,-0.79504362667904,-0.7291726154079333,-0.6892689133632356,0.005920767837931244,0.3195273839763153
2018-02-15,-0.84292133308811,-0.45000199017621045,-1.379832451719305,0.00515432777645662,0.30483389564594215
2018-02-16,-0.7296262865624806,-0.5094054903112852,-1.4936677432593948,0.004487102949207169,0.30601715946659896
2018-02-17,-0.7272704824722668,-0.27334248903245817,-1.095946843569457,0.003906250000000001,0.32918040683984795
2018-02-18,-0.7570141881236511,0.29434449507242405,-1.1070539530279424,0.0034005881378754853,0.3504050312061909
2018-02-19,-0.7467865043340559,0.3083654272110416,-1.280101138226725,0.0029603839189656215,0.345836812158477
2018-02-20,-0.7456198395344306,0.010349832479468165,-1.292218107312741,0.0025771638882283094,0.33303589139049206
2018-02-21,-0.6192101300428637,0.31652592004270963,-1.4009312671031264,0.002243551474603584,0.3505467284833416
2018-02-22,-0.6704225360660888,-0.4293010611745378,-1.179598450737863,0.001953125,0.3233906404387263
2018-02-23,-0.6855455806478367,-0.8057079137628997,-1.1495360779184483,0.0017002940689377426,0.30766297306308243
2018-02-24,-0.7180592247658802,-0.2473334864824805,-1.4406847143863981,0.0014801919594828095,0.3190230280598805
2018-02-25,-0.6883151307868635,-0.021037668323289783,-1.7917192197478697,0.0012885819441141558,0.3187050684007602
2018-02-26,-0.5934313043255012,0.24909509269833296,-1.2582289868184922,0.001121775737301792,0.35404417537404265
2018-02-27,-0.5632177950328571,-0.009524172008270822,-0.757615645350994,0.0009765625,0.36194793602743175
2018-02-28,-0.6556674453225609,-0.23517564918769063,-1.2486046416568193,0.000850147034468872,0.32999721892895184
2018-03-01,-0.5902814844567149,-0.022900953606880277,-1.1015908721426078,0.0007400959797414059,0.3480850132948066
2018-03-02,-0.5641221092272558,-0.4554896618131675,-0.8788789645521482,0.0006442909720570772,0.3392138016367046
2018-03-03,-0.5607360385334669,1.0107429242371018,-0.9100444758312887,0.0005608878686508959,0.3994812032602362
2018-03-04,-0.5488843626218773,0.17998611373536816,-1.3570152912381206,0.0004882812500000004,0.35074652971041115
2018-03-05,-0.3264554494989744,0.7255133216961903,-0.4439510336581738,0.0004882812500000004,0.4187408995029705
2018-03-06,-0.4635389506553188,1.1785534384782774,-0.5238717818210775,0.0005608878686508959,0.4258255370125021
2018-03-07,-0.4325431488850428,0.11562585823897613,-0.5297054375492812,0.0006442909720570772,0.38342132989512034
2018-03-08,-0.3819771301222092,0.15882396384487443,-0.2650051855395445,0.0007400959797414059,0.3974300313643656
2018-03-09,-0.3204391256524409,-0.2634261826829448,-0.1315971948125336,0.000850147034468872,0.38840224957280045
2018-03-10,-0.509934520419256,-0.06581685539648179,-0.5485542671154491,0.0009765625,0.3701233384683479
2018-03-11,-0.4430687271822802,-0.07636238910890525,-1.2448000572155058,0.001121775737301792,0.350955249761722
2018-03-12,-0.17687604068764018,0.0966420763982043,-0.29499811919680896,0.0012885819441141558,0.40759503378913936
2018-03-13,0.0001150637619021138,0.6338654302905723,-0.04635414878698272,0.0014801919594828095,0.45009562101392364
2018-03-14,-0.15600061013709024,0.685392857820903,0.11416859999606177,0.0017002940689377426,0.447218659176941
2018-03-15,-0.25505218991526846,-0.10363015912703977,-0.03324822326413216,0.001953125,0.4028632920165511
2018-03-16,-0.19681515946791892,-0.19279509257248936,-0.22046336741517628,0.002243551474603584,0.39683361431896974
2018-03-17,-0.5046005089284269,-0.16362345393897157,-0.8407971202863558,0.0025771638882283094,0.3569023260643368
2018-03-18,-0.5457744841210274,0.25434362498707885,-1.4276978996771743,0.0029603839189656215,0.3520668130316655
2018-03-19,-0.2808427348710726,0.3363173319610904,-0.5927870244169859,0.0034005881378754853,0.40104089391375575
2018-03-20,-0.14076489452638738,-0.25360217960790415,-0.2470949304701372,0.003906250000000001,0.39739835603224033
2018-03-21,-0.1710261965552072,0.2117027625725766,-0.0592675927832233,0.004487102949207169,0.4211166810197839
2018-03-22,-0.03543076065806857,2.0547979797392517,-0.11110402677535414,0.00515432777645662,0.5053242133858876
2018-03-23,-0.16946161421366934,2.1134059910583556,-0.1817866520222681,0.005920767837931244,0.4965897021214677
2018-03-24,-0.4342491317605754,2.6077383563079346,-1.0635468933889058,0.0068011762757509715,0.47027443605719144
2018-03-25,-0.5412664185074912,1.223589810398375,-1.3276116796679216,0.007812500000000002,0.39681663321050215
2018-03-26,-0.23847268595061138,2.1943186700015405,-0.29505525985523945,0.008974205898414338,0.4920427210762776
2018-03-27,-0.31761661499072086,1.0097034721570393,-0.6054144345277762,0.01030865555291324,0.4272623541891731
2018-03-28,-0.4801988642251154,0.44624133962313295,-0.8957216107694831,0.01184153567586249,0.38349897486168616
2018-03-29,-0.5587121969845211,0.9593855444514897,-1.3340906314749184,0.013602352551501933,0.38529758305340533
2018-03-30,-0.5907770042373384,0.851875354234171,-1.522197073390485,0.015625000000000007,0.3727135203642517
2018-03-31,-0.6160465196051249,0.0353054655629755,-1.7883966910724107,0.017948411796828663,0.3284803318252263
2018-04-01,-0.5767587849686134,-1.1739849118917352,-2.192414220923723,0.020617311105826482,0.26764549897502
2018-04-02,-0.3683060683473805,-1.0368576176049447,-0.9395832624572964,0.02368307135172497,0.32947687999748415
2018-04-03,-0.3841209376698599,-0.8757137241724927,-0.8589907523633319,0.027204705103003893,0.3383515463348284
2018-04-04,-0.35888832583747055,0.003305721322314236,-1.0020877687288592,0.03125,0.3724964243749698
2018-04-05,0.24721921453148551,1.78309343679107,-0.33519465782402047,0.03589682359365736,0.5099882091133082
2018-04-06,-0.1746927125830334,0.32118919096458076,-0.7394265027379763,0.04123462221165295,0.40827434535847074
2018-04-07,-0.18090020678471247,-0.022400240798706506,-1.3283252479024703,0.047366142703449944,0.37483405598984154
2018-04-08,-0.12679594340549644,0.908088542629838,-1.2387193771109302,0.054409410206007765,0.42125472534308034
2018-04-09,0.38540027942194843,-0.3818355617368756,-0.22077719694679723,0.0625,0.43679929699086684
2018-04-10,-0.04409815440086738,-0.9714963783731787,-0.2934668489873369,0.0717936471873147,0.3825679260529124
2018-04-11,-0.0262109350234357,-1.0839067403655582,-0.4448568848426124,0.0824692444233059,0.3756316473186148
2018-04-12,-0.32531567075766676,-0.9708852298906387,-1.1911102765424555,0.09473228540689989,0.3373649042969987
2018-04-13,-0.5024698870175616,-0.9031348439283118,-1.5458412270465283,0.10881882041201553,0.31866617119540097
2018-04-14,-0.2841447693897072,-0.7466062997364711,-1.5259748021422312,0.12500000000000003,0.3428325928135922
2018-04-15,-0.0046746847792156964,-0.6082641973662473,-1.6351879952168715,0.14358729437462942,0.36637584044009075
2018-04-16,0.1692106185611125,-0.8191082834262731,-0.6206044455205311,0.16493848884661183,0.4062051545709535
2018-04-17,1.169135661423882,-0.8791250199219396,-0.32105855543917927,0.1894645708137998,0.484029902038942
2018-04-18,1.2377711617798184,-1.0533389792902494,-0.3781971408035053,0.21763764082403103,0.483668028078382
2018-04-19,0.1418992096313396,-1.056617798506211,-0.984091823220991,0.25,0.39513114493029744
2018-04-20,1.263917227635677,-1.135808860053967,-0.41718190004046296,0.2871745887492588,0.4911059043178365
2018-04-21,-0.01749775156529787,-0.768450172973953,-1.71680465666518,0.3298769776932236,0.3840694507868763
2018-04-22,-0.5535683330772848,-0.3634270067116109,-2.272894610985724,0.37892914162759955,0.354028870059813
2018-04-23,-0.07452568877869166,0.007739916994735235,-1.6062798612286469,0.4352752816480621,0.432102747495789
2018-04-24,0.07974776904627948,0.33817341196070394,-1.4185128220049659,0.5,0.47212331603461577
2018-04-25,-0.18922808556308796,0.9443436734191645,-1.2854060410543855,0.5743491774985175,0.49503795594455746
2018-04-26,-0.2672117266664454,0.754884963332721,-1.3912940786082462,0.6597539553864472,0.4912260490487926
2018-04-27,-0.4050912981149928,-0.12472664065142261,-1.4638802547318566,0.7578582832551991,0.45767970409574255
2018-04-28,-0.519448682595798,0.4301392171525966,-1.7554247186345109,0.8705505632961241,0.4803609824149066
2018-04-29,-0.21490642768571477,0.39058150278718445,-2.065096480267326,1.0,0.5081105847615075
2018-04-30,0.017087527579554663,-0.40602194059539176,-1.8279563113312498,1.0,0.4982897106027874
2018-05-01,-0.06156184513259505,0.9626995832331785,-1.014321288535508,1.0,0.5771976500080258
2018-05-02,1.1907776817065892,1.338082188966393,0.24558590855464013,1.0,0.718324800272527
2018-05-03,2.4608528300106323,0.9708715933016525,1.085438571567375,1.0,0.8156911241071902
2018-05-04,1.6362342462970978,0.3382080434248944,0.8330952791672172,1.0,0.7259441275347511
2018-05-05,-0.14358263214697545,0.6187230071908756,0.02568872795686917,1.0,0.5920642407550505
2018-05-06,-0.7798590479896732,0.4701245097813623,-1.8142410709145405,1.0,0.4821232156777605
2018-05-07,-0.641359300824386,0.1129579929244429,-0.8027742104287119,1.0,0.510190155969269
2018-05-08,-0.5578447525416924,0.5260886331207169,-0.3214458965407141,1.0,0.5490158463258933
2018-05-09,0.022649155391558283,0.4503129669182277,0.10644230215210745,1.0,0.5988210607194336
2018-05-10,-0.15257339291731067,0.5665908591499386,0.034065429059021435,1.0,0.5895719072387274
2018-05-11,0.09728166823975891,1.4797074964412218,-0.09870056918324513,1.0,0.6398499045949267
2018-05-12,0.03597519531869232,3.9734954975766867,-0.5019792465753438,1.0,0.6856657048020681
2018-05-13,-0.40671722645628566,2.4406109246860574,-0.9259971978737384,1.0,0.6187110668357088
2018-05-14,2.401646395238728,2.5177795378566428,0.923937814863559,1.0,0.8708151675887273
2018-05-15,2.8830274399439904,1.2899553986454495,2.254220702747371,1.0,0.8960906610314056
2018-05-16,0.1721800601068022,1.3220036953733787,0.9349322636277004,1.0,0.672726566768601
2018-05-17,0.02839075662579359,0.9098739048949238,0.22010885233858557,1.0,0.622141091556961
2018-05-18,-0.41599985808900886,0.845902831871441,-0.21620457301041573,1.0,0.575305808355029
2018-05-19,-0.8465337006173677,1.9024917692125105,-1.1337410566944683,1.0,0.5600435417862145
2018-05-20,0.6228813667061279,1.2232906856318368,0.1531212041944294,1.0,0.6725999098215495
2018-05-21,0.16949111870221414,0.5929396173284376,1.144188315342368,1.0,0.6491448358135781
2018-05-22,0.16290890800184615,2.3111192195989303,0.6113377031515667,1.0,0.7025351514551308
2018-05-23,1.15041226479615,0.606149000505118,1.3004396915703678,1.0,0.7202983490598023
2018-05-24,1.2289605699095358,1.6485537056757849,1.910636676776233,1.0,0.7893083316230013
2018-05-25,2.443461177765588,1.5202639300021976,2.6299837317748262,1.0,0.8889078666602918
2018-05-26,0.6402340375911274,0.8588319895091452,1.9380836022817771,1.0,0.7180697221450155
2018-05-27,0.7844120074525924,3.878820294460578,1.1440036357909973,1.0,0.7904275883565395
2018-05-28,0.520408022478348,3.060567452047891,1.0508837772239366,1.0,0.7697233274060211
2018-05-29,3.6616598905322073,1.7902047245876738,3.142503167684067,1.0,0.9495918635244865
2018-05-30,1.2133151800579707,1.3129507579624171,2.2116035791935427,1.0,0.7843140795587502
2018-05-31,-0.7139290030890307,1.734987240952137,1.179226904791328,1.0,0.6390034316601146
2018-06-01,1.764768965708152,-0.7181041513336308,2.259710791073316,1.0,0.7380539511107528
2018-06-02,-0.9571085853923869,-0.5217277937150833,1.150495617992873,1.0,0.5278039568354749
2018-06-03,-1.3482993349266108,-0.3525632919859585,0.04353873033486941,1.0,0.47187453151663994
2018-06-04,-0.6489841872988128,0.023263334716790672,0.18733845218972078,1.0,0.5389483081996028
2018-06-05,-0.452055825067183,0.2595061541336595,0.0008915468292407018,1.0,0.5557054196453982
2018-06-06,-0.8360227637870334,-0.020236404145380804,-0.2924090338286761,1.0,0.5086749977805177
2018-06-07,0.8529361158688584,0.8803446223229554,0.8825487137976985,1.0,0.697961724114637
2018-06-08,1.3079350065006718,0.7939498541506387,1.39574229366166,1.0,0.7418016541450434
2018-06-09,0.3180600438047717,0.796179523999576,0.8773290701660635,1.0,0.6586224520925027
2018-06-10,-1.0333034984264355,0.5805266778821696,0.051309414661461855,1.0,0.5320120255053769
2018-06-11,-0.006702191064868675,1.0631486885130619,-0.36123083749473556,1.0,0.6068100213672285
2018-06-12,0.01012501901603807,0.4031686781136658,0.5141425508837547,1.0,0.609611781218597
2018-06-13,0.19097105436886425,0.0033080984681813676,1.8771548128479474,1.0,0.6504410681556968
2018-06-14,-0.010562441934397463,-0.5980818964605925,1.9046487916064545,1.0,0.6128640512387307
2018-06-15,0.49421786080866564,0.7464168768929066,1.720433170221809,1.0,0.6963963329318424
2018-06-16,0.8453656365699517,1.0078722959197706,1.7831749858485637,1.0,0.7327915542962727
2018-06-17,1.6259493095115596,0.5904669220567198,2.720895811340671,1.0,0.7986959360978231
2018-06-18,5.0,-0.6102883712036978,4.05377159450346,1.0,0.8495713178665126
2018-06-19,0.2565729695790482,-1.024885627968613,2.964791026930784,1.0,0.6482276643709372
2018-06-20,-0.42871209455019266,-0.20602360000524012,1.8254405686922563,1.0,0.5986828959861774
2018-06-21,-0.5583678296687834,-0.8899478287761152,1.1794794827877417,1.0,0.5400103012493345
2018-06-22,-1.0754072996392976,-1.084458358287774,0.5636452607961255,1.0,0.47690859045526046
2018-06-23,-1.02638066425438,-0.6561740340272064,-0.06985580460004183,1.0,0.47690551081190635
2018-06-24,-0.5743102650881718,-0.7376833782604191,1.0506378366387492,1.0,0.540997102787896
2018-06-25,-0.1705922278313131,-1.080776292596389,1.113825953247368,1.0,0.5557223710613085
2018-06-26,0.05898989843904983,-0.5830965762084565,0.8519262003292833,1.0,0.5830345092315604
2018-06-27,-0.5839903587318948,-0.8516307281598037,0.7682739228536785,1.0,0.5261918265063379
2018-06-28,0.2587641396640345,-1.1608699072352924,2.231504141864163,1.0,0.6182648345716039
2018-06-29,1.5142380215970301,-1.224961396240598,2.731244470707574,1.0,0.7159506256200296
2018-06-30,-0.597400209882489,-1.4826751142105907,1.913541068620873,1.0,0.5371798918697552
2018-07-01,2.0867424489115103,-1.361692901697939,2.56817559310544,1.0,0.742984812126868
2018-07-02,4.491467794685701,-1.0874109625995105,2.718507044108348,1.0,0.8203081113619654
2018-07-03,1.7322304851257848,-1.2569703705876685,2.611740497530543,1.0,0.7251662834849176
2018-07-04,0.16830387273461966,-0.716087011398642,1.9184364984273012,1.0,0.6203311826549412
2018-07-05,0.6159560119110092,-1.042394676963259,2.1924363536480085,1.0,0.6457118343755318
2018-07-06,-0.627483859551835,-1.1252257033190651,1.3798405759569392,1.0,0.5322780242568146
2018-07-07,-1.2088058388404708,-0.9859160217846366,0.08314838250487377,1.0,0.45610472258643786
2018-07-08,-0.544896661356029,-0.6968835088617209,0.3505534418126626,1.0,0.5213218577674484
2018-07-09,0.2865089616304817,-0.5018415486841842,1.6362471417593025,1.0,0.6277321043055012
2018-07-10,0.43163708109023075,-1.1667933324763455,1.9598752613784773,1.0,0.6204885919321169
2018-07-11,0.14157559001157,-1.0496002522133525,1.579897804974388,1.0,0.593368288991028
2018-07-12,0.16655190490183583,-0.788830057188497,1.2441700349299898,1.0,0.5947078757749348
2018-07-13,0.7172778952860789,-0.4877816502195929,1.4700483626144183,1.0,0.6514959030137363
2018-07-14,0.5395622830033292,-0.7510620656539322,1.05435533241359,1.0,0.6148217438784278
2018-07-15,0.2892490906273804,-1.207581284868815,0.9528413735751667,1.0,0.5757287649581303
2018-07-16,1.0103223187189756,-1.2715465448123153,1.8978419691712716,1.0,0.6526351141864609
2018-07-17,-0.250934173426347,-1.2732145099792715,1.3922089367334238,1.0,0.5516274150802214
2018-07-18,-0.2749685189032704,-1.3208167686078636,0.7960989398726354,1.0,0.5281713647102089
2018-07-19,0.2909566048350417,-0.8383760154801408,0.8876652459973824,1.0,0.5890536145439097
2018-07-20,-0.2792151448347976,-0.6573131671352491,0.4027282040092807,1.0,0.5424218818473542
2018-07-21,-1.0696866397082632,-0.21664776089656687,-0.3323839133217848,1.0,0.48358110353803274
2018-07-22,-1.0299660559836479,-1.0775490776255754,-0.3599705863072535,1.0,0.4494386984897827
2018-07-23,-0.38295408401349246,-0.8883055190309164,0.6176149025399459,1.0,0.5330441611908106
2018-07-24,0.22891313393165888,-0.7024085128533489,0.7155464972067206,1.0,0.5848454041334451
2018-07-25,0.0873684284081026,-0.7499945771526115,0.7962562976856489,1.0,0.5761166644353697
2018-07-26,0.23360294484296493,-1.1786660981279906,1.1730810618902816,1.0,0.5805651442972075
2018-07-27,-0.5010349259531233,-1.2744217437959888,0.6637999864806574,0.8705505632961241,0.4912060163220661
2018-07-28,-0.8262858852974484,-1.3364130570532935,-0.04756794098050671,0.7578582832551991,0.42632354139187917
2018-07-29,-1.0607815432434045,-1.2712838055611904,-0.21337422354671545,0.6597539553864472,0.3931616910751334
2018-07-30,-0.5656631221154708,-1.2656666260454428,-0.19301868569333114,0.5743491774985175,0.4142714362087418
2018-07-31,-0.9742390569538172,-1.2896516972000844,-0.5725819425638358,0.5,0.3622291774009475
2018-08-01,-0.22396640073798119,-1.2107783752541657,0.7409644818587188,0.4352752816480621,0.449609915957711
2018-08-02,-0.1655826571584261,-1.1424443297360118,0.7211055962049511,0.37892914162759955,0.4472355335680761
2018-08-03,-0.3411966798236208,-1.1422134208962051,0.6544788444884784,0.3298769776932236,0.42595883694468284
2018-08-04,-0.09743746054596283,-0.974645638191767,0.9546525721721967,0.2871745887492588,0.4527918750904075
2018-08-05,0.23818116644040452,-0.9098037791386849,1.1889460634284927,0.25,0.4801017890795315
2018-08-06,2.691604539669442,-0.6676408736698085,1.548128444411102,0.21763764082403103,0.6608718605123622
2018-08-07,0.936454572664107,-0.7611323446191772,1.3934328825727047,0.1894645708137998,0.5305839055263015
2018-08-08,0.32433356875321306,-0.8679483105359492,1.3247825313671047,0.16493848884661183,0.47935791601711164
2018-08-09,-0.13106148034964069,-0.7686457380144373,1.4312433565037528,0.14358729437462942,0.4534818682657418
2018-08-10,-0.22211093025668435,-0.7767248844334105,0.9654977423690269,0.12500000000000003,0.42876232587712987
2018-08-11,-0.7163194164518124,-0.7606616040696538,-0.03153411534418989,0.10881882041201553,0.3608228246173063
2018-08-12,-0.749609284562582,-0.8622422115947882,-0.0914066641633022,0.09473228540689989,0.35026224288497
2018-08-13,-0.06275508238296458,-0.6521272029795889,0.4251977086014612,0.0824692444233059,0.4201880046671974
2018-08-14,0.21935429872470597,-0.46555898148315966,0.5425023314684183,0.0717936471873147,0.4490777871468933
2018-08-15,0.1923723425906972,-0.8186100048039506,0.9934613794550994,0.0625,0.44620645195438524
2018-08-16,0.19444510905057857,-0.8168767395615072,0.9139808558910815,0.054409410206007765,0.4425539165155797
2018-08-17,-0.012742513801410013,-0.9187730825876396,0.9664255577393462,0.047366142703449944,0.42518739396891675
2018-08-18,-0.3996810806307424,-0.8738986450955404,-0.001541257315063967,0.04123462221165295,0.3680759691668822
2018-08-19,-0.9084791278692369,-0.56709298365057,-0.8021241545646727,0.03589682359365736,0.31945290221017
2018-08-20,-0.24015359038271625,-0.24666534032276827,-0.295372134599361,0.03125,0.3935538003077249
2018-08-21,-0.9681947946864716,-0.8923938315222834,-0.30025734549163424,0.027204705103003893,0.31734273162320287
2018-08-22,-0.8019007672408107,-0.8724602114202906,-0.4153883604125967,0.02368307135172497,0.32489362206377265
2018-08-23,-0.8976928779594979,-0.6625287514397143,-0.8342761256925503,0.020617311105826482,0.31283183596883435
2018-08-24,-0.9100931584474549,-0.7998806982983976,-0.8136218863891982,0.017948411796828663,0.30657029256428747
2018-08-25,-0.5533370175417872,-0.183520152583925,-1.1675172131981255,0.015625000000000007,0.34389070203294647
2018-08-26,0.0070258146485990365,0.02575293706773615,0.31747829980649855,0.013602352551501933,0.43916438956400417
2018-08-27,1.033810176230438,-0.4139816199351406,1.7764947095275538,0.01184153567586249,0.537664164920363
2018-08-28,1.7978518008422792,-0.707892857192514,2.0489116691780342,0.01030865555291324,0.5852046049786687
2018-08-29,1.4649694392949364,-0.70672850640917,1.4972149055767283,0.008974205898414338,0.5444709025899335
2018-08-30,0.16482520271347467,-0.6021319677190219,0.7708392317354936,0.007812500000000002,0.4377660309171222
2018-08-31,-0.8436417597832813,-0.8782391350899477,-0.07161454155407847,0.0068011762757509715,0.33079694377526014
2018-09-01,-0.39762146577278257,0.26456965946350897,-0.7560635419907318,0.005920767837931244,0.385201635202126
2018-09-02,-0.20655965851554212,0.11795193202482762,0.1777579854608874,0.00515432777645662,0.42284243528182974
2018-09-03,-0.06961847708720263,-0.3383841485298832,0.9012491786579149,0.004487102949207169,0.4369741334030863
2018-09-04,1.6424998015924654,-0.6416131074510235,1.8348911169727806,0.003906250000000001,0.5695150820281311
2018-09-05,1.4934790414413175,-0.49709381182725915,1.738183279011592,0.0034005881378754853,0.5623025581243531
2018-09-06,-0.05362288129461135,-0.7323799577326519,1.000897241138338,0.0029603839189656215,0.4247166086339549
2018-09-07,-0.7489604466977956,0.014147159758949281,0.0008988428994502705,0.0025771638882283094,0.37607530455665245
2018-09-08,-1.240969472814589,-0.5163541791149258,-1.2634493378610623,0.002243551474603584,0.2789754991417273
2018-09-09,-1.3598444821655573,-0.45172857319113835,-2.8935717145118582,0.001953125,0.21936225557227015
2018-09-10,-0.685021237889676,2.023089276372972,-2.216588303565484,0.0017002940689377426,0.3899960713143866
2018-09-11,-0.5276597262066579,0.9557795927306093,-1.7541621498637314,0.0014801919594828095,0.3713967917484629
2018-09-12,-0.6455311491090491,0.7440986197027645,-0.9203911876140914,0.0012885819441141558,0.3824822802514926
2018-09-13,-0.044515568420079255,1.9230045408950187,-0.6597954029333241,0.001121775737301792,0.48033257090543824
2018-09-14,0.7303330346894849,4.557752813651671,-0.6372720900511517,0.0009765625,0.577592950352594
2018-09-15,0.3059934498350341,1.6924296332130706,-0.9727682954898192,0.000850147034468872,0.4836193769117232
2018-09-16,0.18075706252625792,2.038547447339932,-0.738222782755691,0.0007400959797414059,0.4974935361126859
2018-09-17,0.4346750140601134,0.5281093557557688,-0.5706955532611806,0.0006442909720570772,0.45705634929760053
2018-09-18,2.631744704247189,2.2916521573048048,-0.2473196714648363,0.0005608878686508959,0.6877752976356493
2018-09-19,1.8276303153812252,2.1481596407342964,-0.03031114426165435,0.0004882812500000004,0.6354115434347889
2018-09-20,3.2517333891751563,5.0,-0.0791418515323619,0.00042507351723443593,0.7474256993098398
2018-09-21,1.6861965017062528,3.0146162788146738,-0.5806990149768401,0.00037004798987070263,0.6431119734796694
2018-09-22,-0.3185088398812115,0.7928644099138554,-1.5693819958707942,0.0003221454860285383,0.38453768304820773
2018-09-23,-1.1216427121956807,0.02567542398049478,-2.82949473472836,0.0002804439343254482,0.25701920395201205
2018-09-24,-0.6696714139234226,0.6282901531607548,-2.1416294959532602,0.00024414062500000016,0.3351829666821113
2018-09-25,-0.18887054531228734,1.7368804889001488,-1.4287091582541105,0.00021253675861721797,0.437186892588676
2018-09-26,-0.6429809827473101,0.1405971461926314,-1.0054308007238133,0.00018502399493535113,0.3545062091499855
2018-09-27,-0.8454637042259786,1.0532422547696894,-1.4211578917242689,0.00016107274301426942,0.3651730781876483
2018-09-28,-1.0141763620802022,2.3387913680441983,-2.1951987140460636,0.0001402219671627241,0.3816856256900337
2018-09-29,-0.9711871683363373,2.902467602522206,-2.3285349075685167,0.00012207031250000008,0.4035908191772606
2018-09-30,-1.237485855493064,2.7871431812225986,-2.512145385240489,0.00010626837930860897,0.374909669600284
2018-10-01,0.18378914631551418,2.9782709374204157,-1.0298950592434997,9.251199746767573e-05,0.5270312736383885
2018-10-02,0.022040153537553887,0.44820179498715057,-0.9596956637012716,8.053637150713471e-05,0.4131666433593186
2018-10-03,1.179069992544337,1.901401893047925,-0.49775371795778517,7.011098358136205e-05,0.5662484710955636
2018-10-04,0.0819910243910954,0.8252518279696843,-0.7023361627594985,6.103515625000003e-05,0.4414495109729307
2018-10-05,-0.6747909368842939,1.3215842446439285,-1.0760636100938374,5.313418965430448e-05,0.3992191308598643
2018-10-06,-0.06086436742019835,3.7659968268850332,-1.6869604218901184,4.6255998733837856e-05,0.48971729984212625
2018-10-07,0.39193104088926056,1.9354439745621221,-0.9624018278349354,4.026818575356735e-05,0.4996982142994043
2018-10-08,2.523512983085087,2.7396599327458793,-0.22112408008131265,3.5055491790681016e-05,0.7000211517244758
2018-10-09,1.5266343198166499,0.30238977751421997,-0.10669776607325365,3.0517578125000014e-05,0.5358231808184796
2018-10-10,1.078860674432247,-0.2660296309577372,-0.48557831999834705,2.656709482715224e-05,0.4696575180698566
2018-10-11,-0.6292198258098259,-0.6001511093508727,-0.785691539356544,2.3127999366918925e-05,0.3318594666110788
2018-10-12,-0.9206924753870618,-0.42298611313209517,-1.4134547891951372,2.0134092876783674e-05,0.2988839407344522
2018-10-13,-1.053334300876726,-0.7168324577442345,-2.189671525926683,1.7527745895340508e-05,0.25192327249987007
2018-10-14,-0.8213713919623419,-0.6089627134336852,-2.1773434609216915,1.5258789062500007e-05,0.2722926342637434
2018-10-15,-0.40024551839009787,-0.5775414555116902,-1.5401070206544867,1.3283547413576118e-05,0.3229178299713022
2018-10-16,-0.6621089683048316,-0.29125276986951526,-1.5949353064439171,1.1563999683459462e-05,0.31556109442027
2018-10-17,-0.49584885132839307,-0.8349450977076113,-1.5822693788530091,1.0067046438391835e-05,0.3044132282688221
2018-10-18,-0.36201160835559654,-0.539263171820975,-1.5207267026792992,8.763872947670252e-06,0.3277070184420518
2018-10-19,-0.5599989167163263,-0.6590851976375641,-1.4376618085052424,7.629394531250002e-06,0.3122839397763514
2018-10-20,-1.0715138984794654,-0.5964035124042248,-1.807765597028684,6.641773706788058e-06,0.26845773678295953
2018-10-21,-0.4026780475780831,-0.7645927598759812,-1.6212719977037786,5.78199984172973e-06,0.3122552325431456
2018-10-22,0.06281637117817565,-0.6865290175984283,-1.0771414268428858,5.033523219195918e-06,0.36467842314566395
2018-10-23,-0.1868893538206498,-0.5911274855300592,-1.329371166908521,4.381936473835126e-06,0.34359868290839124
2018-10-24,0.3324207349961064,-0.3723373458910308,-1.222156196953809,3.814697265625001e-06,0.39090935856041037
2018-10-25,0.6195224662345945,-0.519287927854471,-0.9945369788461458,3.320886853394029e-06,0.41151376625985986
2018-10-26,-0.27343280154506056,-0.7299664749864816,-1.1267165309608724,2.890999920864865e-06,0.33879909272385167
2018-10-27,-0.528680687073043,-0.8995711806137677,-1.3129357020787247,2.5167616095979584e-06,0.30850834244784076
2018-10-28,-0.5998315503907655,-0.6142584996978163,-1.4649531501821296,2.5167616095979584e-06,0.3105857316613771
2018-10-29,-0.28438207824540024,-0.7265215252701619,-1.092182654584999,2.890999920864865e-06,0.33936380972787145
2018-10-30,-0.210226277453601,-0.6280934876015388,-0.9483816252687136,3.320886853394029e-06,0.35320213014376667
2018-10-31,-0.9652756099308734,-0.8937426377896583,-1.1884461326910127,3.814697265625001e-06,0.2837947172115954
2018-11-01,-0.3970740737263589,0.6768817457728328,-1.1048044550935063,4.381936473835126e-06,0.389905643279465
2018-11-02,-0.5135179520190372,-0.4906534264071501,-1.153378137607945,5.033523219195918e-06,0.33187639420665105
2018-11-03,-0.9382026544714501,-0.3443688060982382,-1.2379055706742161,5.78199984172973e-06,0.30684180439197917
2018-11-04,-1.0215681680245083,-0.5895245803894528,-1.3000023451767615,6.641773706788058e-06,0.2889995160423029
2018-11-05,-0.02746266705821876,-0.6873807144287792,-0.8698404065012316,7.629394531250002e-06,0.36553475662072493
2018-11-06,-0.5417640628261992,-0.3678004071513559,-0.8618717727957558,8.763872947670252e-06,0.34482963433469715
2018-11-07,-0.03765265534398322,-0.17114499428660424,-0.815740479843843,1.0067046438391835e-05,0.388168942277297
2018-11-08,0.01600418269448755,0.595692177892954,-0.7142544079906448,1.1563999683459462e-05,0.42708070725877
2018-11-09,-0.14793642735229096,0.1094649796441395,-0.5813485926785528,1.3283547413576118e-05,0.40032231843784666
2018-11-10,-0.21204863789345893,-0.2987121996163489,-0.6509784519062115,1.5258789062500007e-05,0.37672008957790726
2018-11-11,-0.5004943994641957,0.6817528720372793,-0.6665066455773123,1.7527745895340508e-05,0.39782581734658085
2018-11-12,-0.12503074649031876,0.19799893925658385,-0.24358650059619927,2.0134092876783674e-05,0.41679804279706123
2018-11-13,0.21732238093845682,0.052390823991709454,-0.1895378757269772,2.3127999366918925e-05,0.4353566497378908
2018-11-14,0.44080684668591935,0.14184992310586614,-0.06464705525953711,2.656709482715224e-05,0.4581466197973786
2018-11-15,2.4521608475281544,0.0695976729220076,0.26421477611292493,3.0517578125000014e-05,0.6001890297141103
2018-11-16,0.94684333394278,-0.5607993961962543,0.11383149958365227,3.5055491790681016e-05,0.4685558890645651
2018-11-17,-0.6300385293570765,-0.5275207836593936,-0.33897408206528395,4.026818575356735e-05,0.3497243028827405
2018-11-18,-0.4730780741107514,-0.6878758251466832,-0.6899576526735854,4.6255998733837856e-05,0.341808318988862
2018-11-19,-0.24238441369896344,-0.41856547478486744,-0.3374420043830576,5.313418965430448e-05,0.3801607142863792
2018-11-20,-0.032041505697200774,-0.3716648098413064,-0.15462938577715368,6.103515625000003e-05,0.4022327082909979
2018-11-21,-0.32366292280268555,-0.6942871027325843,-0.18001870448173954,7.011098358136205e-05,0.3685037356974425
2018-11-22,-0.452072830945705,-0.9443496272954084,-0.2855558624187291,8.053637150713471e-05,0.3460074618414128
2018-11-23,-0.3622579696156008,-0.3881406648526164,-0.4032631079979837,9.251199746767573e-05,0.37124871418978833
2018-11-24,-0.5147708578616385,-0.8502977636265829,-0.4556459532987314,0.00010626837930860897,0.34008061113838833
2018-11-25,-0.6218719855079632,-0.7897160514028242,-0.7949194108594718,0.00012207031250000008,0.32415802900924406
2018-11-26,-0.14604177200345977,-0.6819776202833724,0.0793929194549716,0.0001402219671627241,0.38951561163153564
2018-11-27,-0.0559319938489962,-0.11401253533342964,0.6953487901314539,0.00016107274301426942,0.43972313202034125
2018-11-28,1.0328491349609008,0.6532303525002686,0.8462294673759428,0.00018502399493535113,0.549309942863343
2018-11-29,0.22120104565489726,-0.6043255340877147,0.7990493502716965,0.00021253675861721797,0.4412333646461875
2018-11-30,-0.42105036260776374,-0.715756409838291,0.37105118640067275,0.00024414062500000016,0.3795117860566594
2018-12-01,-0.6297244465201608,-0.42568756961571963,-0.4191812795119351,0.0002804439343254482,0.35135074543775197
2018-12-02,-0.7814769285281794,-0.7919532725748644,-0.5744036995716466,0.0003221454860285383,0.32080501691135144
2018-12-03,0.04027814984193424,-0.0934955051528502,0.11809635541747758,0.00037004798987070263,0.42778161632049005
2018-12-04,0.8561530373078453,0.19646467749840812,0.7865683582102766,0.00042507351723443593,0.5165456036842179
2018-12-05,0.6859107227251109,0.10179132646977007,1.2733339109336645,0.0004882812500000004,0.5174863926698701
2018-12-06,0.8064303253624017,0.4691603660345664,1.2510728515832261,0.0005608878686508959,0.5400969318420056
2018-12-07,0.4948853126923224,0.4402858862574739,0.9292509043819017,0.0006442909720570772,0.5074092732320882
2018-12-08,-0.1779138276940043,-0.11306762484235326,0.7837107537517262,0.0007400959797414059,0.4346626333073204
2018-12-09,-0.045429404489059744,-0.4451218388927792,0.8390465210820447,0.000850147034468872,0.4315203691714354
2018-12-10,0.6742073303785013,-0.011321243303047346,1.4451087187169953,0.0009765625,0.5177922118865063
2018-12-11,1.081877180218863,0.4544076867217269,1.5735829026192738,0.001121775737301792,0.5686798287425672
2018-12-12,-0.1262722289473965,0.035285096389905145,1.128145285522476,0.0012885819441141558,0.45585019389545256
2018-12-13,-0.2436614465413943,-0.41807967595159506,0.7870723453674235,0.0014801919594828095,0.4177936907054271
2018-12-14,-0.7843571862966812,-0.7684324617737563,0.4366468877571486,0.0017002940689377426,0.35550144204189366
2018-12-15,-0.8255546887725325,-0.8684621570958144,-0.11132333317709524,0.001953125,0.3303592885136024
2018-12-16,-0.7253023429634913,-0.9226564416594406,-0.1681467227000321,0.002243551474603584,0.33293413403114674
2018-12-17,-0.3541098809829193,-0.5757181952334105,0.56632811507322,0.0025771638882283094,0.39666859488542155
2018-12-18,-0.09130105911223424,-0.2734845046792952,0.883480225188388,0.0029603839189656215,0.4374114734583382
2018-12-19,-0.2869413751847192,-0.44679030064092984,1.286608903581437,0.0034005881378754853,0.4306513641343759
2018-12-20,-0.8213281724600706,-0.5013819353439456,0.6334618088518097,0.003906250000000001,0.37105520565839123
2018-12-21,-1.1703031074116923,-0.5579389174865335,0.42647595892551743,0.004487102949207169,0.3386212686838466
2018-12-22,-1.2264631343659185,-0.8528305384592583,-0.31771057377829953,0.00515432777645662,0.29788398198032817
2018-12-23,-1.2266247674877693,-1.0047820035916293,-0.3682722899940448,0.005920767837931244,0.2899714708603857
2018-12-24,-1.2659669630111752,-0.9091058445967174,-0.5676252622061101,0.0068011762757509715,0.2848221266422174
2018-12-25,-1.3184503490608868,-0.9575961414826187,-0.7847710545957681,0.007812500000000002,0.27221631068097285
2018-12-26,-0.6473044012081023,-0.8935313122588241,0.2973307885406,0.008974205898414338,0.35587305907812433
2018-12-27,-1.3581627911653356,-0.494432458846717,0.4274394649057465,0.01030865555291324,0.3296487419668263
2018-12-28,-1.4069480310677154,-0.803871248392237,0.04210472560732397,0.01184153567586249,0.30088855045076596
2018-12-29,-1.6010948408654313,-0.7410367699753787,-0.6892618415575804,0.013602352551501933,0.26644877002413647
2018-12-30,-1.595325675845765,-0.896968381914178,-0.5968689837894259,0.015625000000000007,0.26371938957087737
2018-12-31,-1.6390253480724257,-0.8983728330905564,-0.618222587324238,0.017948411796828663,0.26038428427511484
2019-01-01,-1.5033750792468765,-0.7901927195568633,-0.9892094979916459,0.020617311105826482,0.26196924480149136
2019-01-02,-0.6895161996057875,-0.6870499680819592,0.5108016812343074,0.02368307135172497,0.37098435476676817
2019-01-03,-1.1878673070895238,-0.37164678017890557,0.5465546328954006,0.027204705103003893,0.35262275721520797
2019-01-04,-1.4352484586681702,-0.4163984190303301,0.4830467090804138,0.03125,0.33275589226520536
2019-01-05,-1.515240665545614,-1.0046078136834695,-0.17507063623616084,0.03589682359365736,0.28167413239132444
2019-01-06,-1.4956712224417816,-1.130389892281269,-0.5719242372233957,0.04123462221165295,0.2653100584164631
2019-01-07,-0.9186860822248053,0.2607013414738655,0.7764848907720082,0.047366142703449944,0.40760456817767515
2019-01-08,-1.3666166629136314,-0.3865683897743243,0.6160599168918792,0.054409410206007765,0.34648194832579154
2019-01-09,-0.5598753307076237,-0.06999982407574165,1.4616355629386533,0.0625,0.4428545040476244
2019-01-10,-0.05527493498214506,-0.19119795363004782,1.9469772338615288,0.0717936471873147,0.4890167111400866
2019-01-11,0.2281916543805067,0.34458074980410025,1.831526602080896,0.0824692444233059,0.5279915816000637
2019-01-12,-0.6726032517388242,0.47909961822310115,1.1109187386223618,0.09473228540689989,0.45136273474182137
2019-01-13,-0.9703599992926246,-0.774080740483312,0.9145711317648625,0.10881882041201553,0.3748644966476514
2019-01-14,-0.4635649759915331,-0.31182379210505484,1.653064599055474,0.12500000000000003,0.45495516356470295
2019-01-15,-0.22354461508919038,-0.3580869277715747,1.7306184114606475,0.14358729437462942,0.47440211154178774
2019-01-16,-0.14459279453063284,-0.5930345823691998,1.4436508123671945,0.16493848884661183,0.46351317317180607
2019-01-17,-0.1100840667067017,-0.5814701041654597,1.1551060995105276,0.1894645708137998,0.46035636348508
2019-01-18,-0.3982846270343617,0.0631911061447093,1.0163088728832734,0.21763764082403103,0.4676032628401192
2019-01-19,-0.8281596157420166,-0.4356256148145347,0.23146182188192727,0.25,0.3968536857293241
2019-01-20,1.4579294293058234,0.02919592914307121,1.6364155048218771,0.2871745887492588,0.6210351641411342
2019-01-21,5.0,3.512975411387507,3.275695349303148,0.3298769776932236,0.8994815466539836
2019-01-22,3.4095849460521874,2.478184584344442,3.0414977411578863,0.37892914162759955,0.8850970622584917
2019-01-23,0.19546198326431455,0.453320613509431,1.5328389693408058,0.4352752816480621,0.5733050823390835
2019-01-24,-0.7668156046950378,0.7162590952706017,0.6817519827595567,0.5,0.5014481547485911
2019-01-25,-0.1954319649188127,0.8502081822000604,1.1544350352849668,0.5743491774985175,0.5720300877313582
2019-01-26,-0.45785609678967115,-0.7038484890259603,0.9672701044701745,0.6597539553864472,0.49635466996157984
2019-01-27,-0.9019266555009555,-0.7469980339998346,0.19816502033137223,0.7578582832551991,0.4540308813826021
2019-01-28,-0.38078165983867956,0.36325919334701023,1.069404542821953,0.8705505632961241,0.5809797583220305
2019-01-29,-0.4515039028773754,-0.26359046695329535,1.6566385289668566,1.0,0.5891380879840162
2019-01-30,3.242197691207951,-0.04015632512319437,3.120144701491173,1.0,0.8733268197865337
2019-01-31,2.972300516781976,2.7049209673018844,3.0069916417008806,1.0,0.9858584080897103
2019-02-01,2.507694731234558,1.0427651224437797,2.0877850480772286,1.0,0.8552210304533691
2019-02-02,-0.27080682615646157,-0.5528500106350044,1.481940361348801,0.8705505632961241,0.5638913910191561
2019-02-03,-1.1403597371722851,-0.44291868052976047,-0.3202619486722992,0.7578582832551991,0.43352441669897757
2019-02-04,-0.9768766216548802,-0.690156079251034,-0.2764712617956317,0.6597539553864472,0.42086577316899426
2019-02-05,-0.9587836832078156,-0.5705546116172522,-0.9419869619412093,0.5743491774985175,0.39206079019549744
2019-02-06,-0.9514940768620624,-0.6517764876801896,-0.9007412698825841,0.5,0.37938499889310184
2019-02-07,-1.1238072811461681,-1.1189700375593936,-0.9742946467871763,0.4352752816480621,0.33627056704625086
2019-02-08,-0.6154045420841657,0.9719484416488576,-0.2378248916748592,0.37892914162759955,0.4733827571180693
2019-02-09,-0.5535904243369963,1.0187984138068233,-0.13764390276628644,0.3298769776932236,0.47543732218125856
2019-02-10,-0.7039599095523564,0.40649685486306203,-0.17604718322566434,0.2871745887492588,0.4322146571873371
2019-02-11,-0.6938602358238285,-0.10047561356329049,0.4227671111055007,0.25,0.42614840408345767
2019-02-12,-0.31479712017160694,-0.42752586135162834,0.3091306322862163,0.21763764082403103,0.4291499482987202
2019-02-13,-0.7604049375295977,0.08297506190480038,0.14040184542186307,0.1894645708137998,0.41086337888019225
2019-02-14,-0.6135676546163181,-0.8388600746247616,0.16294862281049824,0.16493848884661183,0.3793153806702221
2019-02-15,-0.5805892911265592,0.15430245706377738,-0.6905262747820822,0.14358729437462942,0.3912438679660118
2019-02-16,-0.6695152961885922,0.47993238057320764,-1.0021917012281496,0.12500000000000003,0.3857064394037058
2019-02-17,-0.8758295744738953,-0.4808220231387647,-0.6846151426053398,0.10881882041201553,0.34007942904591615
2019-02-18,-0.7474268977364137,-0.15333326570630493,0.10380879572964133,0.09473228540689989,0.38645279008183275
2019-02-19,0.15551767671841268,1.1063616761655461,0.5407951670598101,0.0824692444233059,0.5118631405202815
2019-02-20,-0.4089305982647538,0.07690178516262733,0.3765093459405627,0.0717936471873147,0.4242615597735752
2019-02-21,-0.7065586219959138,-0.28964439335782344,0.19314461548673642,0.0625,0.3816407293265877
2019-02-22,-0.684728526875529,0.018504783543221808,-0.8230974732165737,0.054409410206007765,0.3608472932796144
2019-02-23,-0.8172488638836848,-0.10220158807219432,-0.938223438220152,0.047366142703449944,0.34208914970292537
2019-02-24,-0.8486317715309475,-0.7036173224850188,-1.3379607316938447,0.04123462221165295,0.30069366240301415
2019-02-25,-0.19954569480532008,1.2630147340005056,-0.05141054940432381,0.03589682359365736,0.46799340615523755
2019-02-26,0.013795891594364,0.8095563204962232,0.21911634668623026,0.03125,0.47164261768317456
2019-02-27,-0.02525957674071269,-0.45213874000358856,0.09945646915844092,0.027204705103003893,0.4118728354545349
2019-02-28,-0.26273270837843515,-0.8070734932019664,-0.32089381483038404,0.02368307135172497,0.36671242409976834
2019-03-01,-0.18479290881292967,0.036943565029183785,-0.1550080785554868,0.020617311105826482,0.4121454486693784
2019-03-02,-0.2357687006163536,-0.8760421305546428,-0.4176499989895737,0.017948411796828663,0.36155092632233815
2019-03-03,-0.38663758364413153,-0.6591222373126187,-0.5292332277808499,0.015625000000000007,0.3564633769430038
2019-03-04,0.1355443704924797,0.7207756688453933,0.46981563415932354,0.013602352551501933,0.4817694849227595
2019-03-05,0.9698768820105569,-0.14340498834052615,1.1881739179827748,0.01184153567586249,0.5250652785706539
2019-03-06,0.9735218199617869,0.23618865149295892,1.3761422047093006,0.01030865555291324,0.5471603536329062
2019-03-07,0.40269586687073006,-0.2865896754929327,1.0441643444359474,0.008974205898414338,0.4760567636784702
2019-03-08,-0.04159521638131367,-0.49620420395435477,0.3278363983347133,0.007812500000000002,0.4136515653543047
2019-03-09,-0.340268240690571,-0.2803949921168399,-0.13976982199079716,0.0068011762757509715,0.38699350832409635
2019-03-10,-0.3643046482653058,-0.3949012608092721,-1.3486691132508173,0.005920767837931244,0.3401912823159225
2019-03-11,-0.13878531328775973,1.191577736441885,-1.016992362949893,0.00515432777645662,0.43227012186736663
2019-03-12,0.884851437058846,1.45513980300801,-0.38347958560764,0.004487102949207169,0.5325113335180499
2019-03-13,0.30594524897265307,1.0699063203110495,-0.19371887458514508,0.003906250000000001,0.4841044216249658
2019-03-14,-0.6589171888519267,-0.025050929253894565,-1.396330097773909,0.0034005881378754853,0.333994150319177
2019-03-15,-0.6794057863772849,-0.018185367160232013,-1.8763818394382734,0.0029603839189656215,0.3168465535497404
2019-03-16,-0.3752380041047231,-0.32755125885109154,-1.8495530197217767,0.0025771638882283094,0.32507097120006473
2019-03-17,-0.279901723530599,-0.39494144786046115,-1.862174395402233,0.002243551474603584,0.328148044311557
2019-03-18,0.5677058293006869,-0.24363076600884953,-0.45577357759845505,0.001953125,0.4377962895330619
2019-03-19,0.798013247256129,0.38085083057524444,0.08280290305929758,0.0017002940689377426,0.4970848086366944
2019-03-20,0.5246718640357877,-0.6862260356831283,-0.23182520785006921,0.0014801919594828095,0.42387989464784226
2019-03-21,-0.13759457680068357,-0.957430426030333,-0.9922377028177948,0.0012885819441141558,0.3430527909930478
2019-03-22,-0.16214921379050243,-0.8594378663873723,-0.8471589611769359,0.001121775737301792,0.3503097756358567
2019-03-23,-0.20628073483322745,-0.7860069990017162,-1.1872089536071122,0.0009765625,0.3390705119741429
2019-03-24,-0.49308025549427137,-0.9142881338820396,-2.050639780098452,0.001121775737301792,0.2858462510792771
2019-03-25,-0.4078604686871793,-0.33402430486375445,-1.3860083809729153,0.0012885819441141558,0.33788463064405155
2019-03-26,0.3164940130853104,-0.48324904367216076,-0.600566380381566,0.0014801919594828095,0.4061673735005509
2019-03-27,0.33830903163114606,-0.3719790461412604,-0.14818322327585512,0.0017002940689377426,0.42737041185400265
2019-03-28,-0.4204171291506921,-0.9617082489573054,-0.6549097252011005,0.001953125,0.3353636589266962
2019-03-29,-0.5853679607859047,-1.2203717962394103,-1.7423900904136262,0.002243551474603584,0.27738350747836726
2019-03-30,-0.8182762225676798,-1.2533866523789834,-2.1044006197753076,0.0025771638882283094,0.2484636952370877
2019-03-31,-0.8781591836579178,-1.2655075643199596,-2.375643542207875,0.0029603839189656215,0.2349825120903895
2019-04-01,0.7160036111502458,-0.3714417119038731,-0.29416379292518524,0.0034005881378754853,0.4479614645371969
2019-04-02,0.16869391242242895,-1.0001798605968188,-0.4802317608167879,0.003906250000000001,0.3791503121094016
2019-04-03,-0.30407712199725445,-0.6005410295809145,-0.7424500774127906,0.004487102949207169,0.3556303784962663
2019-04-04,-0.4196792248830836,-0.8527428854542036,-1.362454361824398,0.00515432777645662,0.3168484352195245
2019-04-05,-0.33775503567604537,-1.2739205272044252,-1.3352392887739217,0.005920767837931244,0.30578311453797163
2019-04-06,-0.4002579421215076,-0.9962007569903552,-1.6079779231330964,0.0068011762757509715,0.3042286846542275
2019-04-07,-0.7455988905059447,-0.4553936804659248,-2.368376670145135,0.007812500000000002,0.27854465660868566
2019-04-08,-0.2543033064697192,0.2177137328870233,-1.5851738254003598,0.008974205898414338,0.3656248551437282
2019-04-09,-0.31213080435843105,0.6630098371445668,-1.4549855038897854,0.01030865555291324,0.38486347112707237
2019-04-10,-0.34278954382026106,0.2680867700040691,-1.488638949265472,0.01184153567586249,0.3654725778713491
2019-04-11,-0.484524321023124,-0.3471140170417833,-1.4193279924839255,0.013602352551501933,0.33296471435497854
2019-04-12,-0.7267755294274625,-1.0381341990584323,-1.3616062917789635,0.015625000000000007,0.2902495800181023
2019-04-13,-0.788811827641864,-0.7613326523453702,-1.706441068051612,0.017948411796828663,0.2865012438106226
2019-04-14,-0.7270643758482624,-0.4969244656756566,-1.7132108861547328,0.020617311105826482,0.30180942266767974
2019-04-15,-0.13957304562477874,0.23364492444362325,-1.262619033335978,0.02368307135172497,0.3868954950683919
2019-04-16,-0.387467678722421,-0.7390869437882657,-1.1068762256170463,0.027204705103003893,0.33555836367221
2019-04-17,-0.47801835940062987,-0.8471420268443847,-1.3421986359081208,0.03125,0.3177820703911713
2019-04-18,-0.5807773106104972,-0.9002308445834707,-1.2622941837478892,0.03589682359365736,0.3120799448491079
2019-04-19,-0.6715388701048499,-1.127577315940514,-1.1645921874921819,0.04123462221165295,0.3006138075774971
2019-04-20,-0.8106431142691972,-1.1860664632950506,-1.4965743287714899,0.047366142703449944,0.27875680019122756
2019-04-21,-0.8988242713760164,-1.0369548910268684,-1.850105361074345,0.054409410206007765,0.2683631609439024
2019-04-22,-0.7412314843160368,0.7643602677295152,-1.3296542859864806,0.0625,0.37248610266811133
2019-04-23,-0.3310544719608538,2.072754192542072,-1.0133449709657834,0.0717936471873147,0.46628534127110055
2019-04-24,-0.1313735361823862,3.472039369585743,-0.9411601315300695,0.0824692444233059,0.5222401465336679
2019-04-25,-0.20440654453233217,2.041485057798618,-1.060306125224068,0.09473228540689989,0.4753010797430197
2019-04-26,-0.442682207617637,-0.7616585445020421,-1.0398306453624104,0.10881882041201553,0.34541388168762777
2019-04-27,-0.9056468855205897,-0.3330577316471985,-1.4458941725596395,0.12500000000000003,0.32129966306133945
2019-04-28,-0.7628295007339965,0.0039134414222144025,-1.6459787317263415,0.14358729437462942,0.34097989644230886
2019-04-29,-0.49895213960106555,0.5344009638277658,-1.075679822938857,0.16493848884661183,0.4028880100817825
2019-04-30,-0.13777665135102138,0.1786272571343105,-1.0243279858014325,0.1894645708137998,0.4175331117192171
2019-05-01,-0.07550470510768728,3.1387322443416608,-0.7180050789581304,0.21763764082403103,0.5536784964844879
2019-05-02,0.5367922729894785,2.5345010873298968,-0.2080006837594284,0.25,0.5969570073793966
2019-05-03,-0.38700152361536383,2.0173894739640628,-0.4128790012281146,0.2871745887492588,0.5125713481122633
2019-05-04,-0.8610140468085713,0.707243745917897,-0.941857937895011,0.3298769776932236,0.4151538350168241
2019-05-05,-1.0969599214289085,0.22965480569762045,-1.4572373078905407,0.37892914162759955,0.3697030831232623
2019-05-06,-0.7795064701793726,1.0744189289533062,-0.807098541564368,0.4352752816480621,0.4561883648894933
2019-05-07,-0.8277864803719984,1.6856362096208186,-0.44329626863784893,0.5,0.5002725344214726
2019-05-08,-1.0755588099533981,0.36644153831414084,-0.49151851296428944,0.5743491774985175,0.43833290295883065
2019-05-09,-1.2031574387155781,0.5782031850651381,-0.4927248802283642,0.6597539553864472,0.4514202340970305
2019-05-10,-0.9747680283704027,1.6365924720823055,-0.5622385858510054,0.7578582832551991,0.5231442740719823
2019-05-11,-1.089066568908432,0.7458767021804642,-0.8794697201803983,0.8705505632961241,0.4847406851520292
2019-05-12,-1.4599729368579553,-0.44220898265189446,-1.659480574385389,1.0,0.40392707745279444
2019-05-13,-1.0136440507210052,-0.20473530085910147,-0.7742399345421342,1.0,0.473085094598066
2019-05-14,-0.8341656739294303,-0.3132654039817564,-0.824177689712092,1.0,0.4788636402483951
2019-05-15,-0.8609841634745352,0.4845829975099948,-0.9637685425144866,1.0,0.5056663959141312
2019-05-16,-0.6368485131463153,1.1948738017841267,-0.5272920060353385,1.0,0.5647534406634064
2019-05-17,-0.12031156866929252,1.2323689262474784,-0.11869029616169637,1.0,0.6143715908103022
2019-05-18,-0.3648259821190764,2.068344788456315,-0.07392281552840563,1.0,0.6343952068601278
2019-05-19,-0.5223906868664557,1.0179477614026624,0.5818457981829596,1.0,0.6019833042067793
2019-05-20,0.08700300623586722,0.4691927626728537,1.2708886303623776,1.0,0.6427128532058394
2019-05-21,-1.0142185979358922,0.9879444909996529,0.587501607800484,1.0,0.5681331675226089
2019-05-22,-0.2113823411732242,0.6795202698332216,0.09165210815118018,1.0,0.5922762587698753
2019-05-23,0.6063320008753944,2.4689510152167915,0.7789347536245657,1.0,0.7442595841465448
2019-05-24,-0.2790564659382265,2.319410487784407,0.8643443875178074,1.0,0.6818498188457288
2019-05-25,-0.08747835530464025,5.0,0.3116636438392746,1.0,0.7045568977743332
2019-05-26,-0.23475432086720366,1.0757843687037443,0.7690498687100615,1.0,0.6298090562618446
2019-05-27,-1.0217343029388815,0.011246276156297336,0.6395153412448852,1.0,0.5286701526854164
2019-05-28,0.7292731972017042,1.635909116880856,2.214847805863823,1.0,0.7656093532122767
2019-05-29,0.8264450487107635,1.8008567359038392,2.0867942861668958,1.0,0.7746918434489408
2019-05-30,0.2400990250320803,0.8384164874170795,1.4563907251655637,0.8705505632961241,0.6550695639777878
2019-05-31,-0.8088394206722416,0.49066758961585666,0.7323017737616017,0.7578582832551991,0.5296106564695111
2019-06-01,-0.33398708883084893,-0.2560722761816715,0.8386335594529954,0.6597539553864472,0.5189820611934407
2019-06-02,-1.0978874200345548,-0.0043110584630050375,0.30436342968355257,0.5743491774985175,0.4479257021759672
2019-06-03,-1.4411320293465566,1.013614328466853,-0.07886682431587794,0.5,0.4435295675858192
2019-06-04,-1.0942751244986133,0.5556662683129819,0.30460208881683554,0.4352752816480621,0.45064578142090383
2019-06-05,0.6712320078160275,-0.21686930299992055,1.833743910208346,0.37892914162759955,0.5786767478138233
2019-06-06,0.49760306675991034,-1.0413705903593784,2.742187284132922,0.4352752816480621,0.57148063157066
2019-06-07,-0.8238019774761146,-1.0794601307786018,1.6968313816161742,0.5,0.45666340877302314
2019-06-08,-1.3486560920574542,-0.7430610320324756,0.4197407499144601,0.5743491774985175,0.4042724524834096
2019-06-09,-1.5661298186844002,-0.8457189193780944,-0.0037825819064399293,0.6597539553864472,0.3841900643580385
2019-06-10,-0.7903413543455952,0.21531712461253946,0.8341860208958024,0.7578582832551991,0.5227670664206228
2019-06-11,-0.9433166778151683,-0.19057239221374864,0.9581745061431419,0.8705505632961241,0.5166934398359393
2019-06-12,-1.1333106550183638,-0.3464770355282484,0.3831257334433256,1.0,0.49778027096654287
2019-06-13,-1.4973950228500226,-0.7343782103095978,-0.16183906014713162,1.0,0.4391799377088609
2019-06-14,-1.5583696033470527,-0.504293209271896,-0.2977243947820219,1.0,0.4401723295644667
2019-06-15,-1.1859441253839569,0.13829089458638646,-0.5045441828926567,1.0,0.4848810394857471
2019-06-16,-0.06872738789521908,0.9743009004669431,0.6816683685553854,1.0,0.6337363239449542
2019-06-17,-0.07876737080830945,-0.10360948189121486,2.2407383538166408,1.0,0.6401230586612001
2019-06-18,-0.5629958724609032,0.32353295454084663,2.234653917861012,1.0,0.6254359455371755
2019-06-19,-0.14557009865097653,-0.15289228037144573,2.375198225836607,1.0,0.6380980892690116
2019-06-20,-0.42575652964893484,-0.1924520858078386,2.019875957553617,1.0,0.6059265930331984
2019-06-21,-0.6081932969843956,0.402167579791792,1.116015841219087,1.0,0.5884112907330011
2019-06-22,-1.0941604150035016,0.752048733553687,0.3785098201973877,1.0,0.5460083302377498
2019-06-23,-0.3035981401479946,1.1065868934694254,1.1974203727633073,1.0,0.6407819236434701
2019-06-24,0.9462299476492799,1.6632484960393723,2.6684427988941755,1.0,0.7963321104747317
2019-06-25,1.052706019098801,0.6284262668846194,2.99295830560592,1.0,0.7711301059136433
2019-06-26,1.655953143188146,0.08918779712606825,3.5096018416273504,1.0,0.7891130344261293
2019-06-27,2.0099968596973,0.15610084966733048,3.364445145357842,1.0,0.8155039927159587
2019-06-28,2.6247361114879326,-0.019832866242583156,3.092089618113108,1.0,0.8491560380057546
2019-06-29,0.4619583801602154,0.062054659167708456,2.4968587510675246,1.0,0.691611461178253
2019-06-30,-1.0414045095415727,-0.2120560477195694,1.3600840775645873,1.0,0.542073499961066
2019-07-01,1.965124971457625,1.3264850410470663,2.5021033014430367,1.0,0.8446819848555707
2019-07-02,2.528322716893335,0.29865900897535724,2.882847188423125,1.0,0.8520938794476332
2019-07-03,2.2900251915101095,-0.33825164035321753,2.417100295696896,1.0,0.7941445376091865
2019-07-04,0.3172811010552399,-0.7758300733478244,1.7556043076646908,1.0,0.6223459639363463
2019-07-05,1.5129106541769386,-0.3200075585048519,2.199467845165975,1.0,0.7358426568462929
2019-07-06,0.6066642852820172,-0.7773931427739088,1.7201742064266696,0.8705505632961241,0.6209746294451959
2019-07-07,-0.6184921751343986,-0.1988355513735984,1.2145410611757117,0.7578582832551991,0.5296458182112771
2019-07-08,0.2788208916355426,-0.20648537396004338,1.2824647381028504,0.6597539553864472,0.5766964201054299
2019-07-09,2.8209809088153217,-0.8107050051261504,2.0768314716818423,0.5743491774985175,0.7346661110549375
2019-07-10,2.954085801038361,-0.2865538187029392,2.4498452290963293,0.5,0.7666608185931459
2019-07-11,1.6150612620936824,-0.07927394175825402,1.8280655872802771,0.4352752816480621,0.6555944817228702
2019-07-12,1.3143495795427238,-0.9022006322140798,1.7435124139547222,0.37892914162759955,0.5899880640032256
2019-07-13,1.5001825577905985,0.19479011197198257,1.6104825161428766,0.3298769776932236,0.6362927223769519
2019-07-14,1.1675287023170047,0.330246973488136,1.663818018815258,0.2871745887492588,0.6151323263227034
2019-07-15,1.4932996096083735,0.40103894510472715,1.9845699921473232,0.25,0.6449155964248326
2019-07-16,1.5100172585333587,-0.6096091897932452,1.9706810846010783,0.21763764082403103,0.5986024499378126
2019-07-17,2.8936584153785962,-1.0707595075673055,2.0746482107198094,0.1894645708137998,0.6708702075226657
2019-07-18,3.0382987356562374,-0.18823168887375932,1.7329775222245687,0.16493848884661183,0.6996637036980708
2019-07-19,4.246849108954096,0.04483132996416445,2.3558729448282034,0.14358729437462942,0.7269351643989748
2019-07-20,2.389878849959285,-1.3138929479454406,2.188444388794576,0.12500000000000003,0.6212778634593782
2019-07-21,1.5101657574996914,-1.0280745938169409,1.6560501420945852,0.10881882041201553,0.5543657702225621
2019-07-22,0.3760027875447901,-1.0225045340373307,1.1195945734143729,0.09473228540689989,0.45899215884294464
2019-07-23,-0.7513065840013221,-0.23732242114196925,0.23352627720037542,0.0824692444233059,0.3851790560891716
2019-07-24,0.09030413537551138,-0.49330889747480594,0.4576716578107158,0.0717936471873147,0.4364905073020383
2019-07-25,0.15243546413561662,-0.7500992067652938,0.734857945648107,0.0824692444233059,0.44077388217892
2019-07-26,1.1305375763817205,-0.18549239493229944,0.8899098444103697,0.09473228540689989,0.5365138262613162
2019-07-27,0.10975380587478142,0.2260981494690007,0.8295962280076183,0.10881882041201553,0.4857137072815835
2019-07-28,0.8218665166656748,-0.8806655676880901,1.1473951363131925,0.12500000000000003,0.5000932070011477
2019-07-29,2.1213034394447083,-1.398317656309219,1.5111629798969335,0.14358729437462942,0.5800671871028554
2019-07-30,1.080207601644142,-1.5123188210961085,1.3681991627364987,0.16493848884661183,0.5043479679821466
2019-07-31,-0.5355192525416553,-1.7441103362032178,0.627670577000966,0.1894645708137998,0.3659694906775244
2019-08-01,0.7802249190865025,-1.2210966888130654,0.9368330532928625,0.21763764082403103,0.49000938047192255
2019-08-02,0.8525681024356162,0.30527983988264984,0.7359847505055641,0.25,0.5565906918410036
2019-08-03,0.10810980024470024,0.1320348221277624,0.5653299026847224,0.2871745887492588,0.49962928934018297
2019-08-04,0.5464665581798979,0.5593087382503138,0.6614231400169505,0.3298769776932236,0.5562646192936381
2019-08-05,2.008865647766071,1.4342532776045411,1.0328287277716026,0.37892914162759955,0.709951925254454
2019-08-06,0.8051301526704256,-0.5020118750747881,0.8883204072641359,0.4352752816480621,0.5526601545392594
2019-08-07,0.4294035430100571,-1.2905864905481697,0.7778345683047927,0.5,0.5007802847046565
2019-08-08,0.08692976313800908,-1.208469805225415,0.9666327643027767,0.5743491774985175,0.49881587775967856
2019-08-09,-0.6236972267554942,-0.1674676324379542,0.5414803068284639,0.6597539553864472,0.4934548037336349
2019-08-10,-1.0486261436862458,1.0457057564595484,-0.29298558318395435,0.7578582832551991,0.5025752199888796
2019-08-11,-0.576289175462868,1.6107830964909575,-0.2728001926942567,0.8705505632961241,0.5751859287275422
2019-08-12,1.3027333563723396,0.7629658632906372,0.6807235713685481,1.0,0.7163299204408842
2019-08-13,0.1984778356648441,-0.30143395411763024,0.33728143106067393,1.0,0.5869148219914442
2019-08-14,-0.10277944641920135,-0.7548132260204398,0.6507868864759001,1.0,0.5583903820370649
2019-08-15,0.14251057630874076,0.2842333174419816,0.4265613765139567,1.0,0.6105624725311305
2019-08-16,-0.2556485420827872,0.31207085754118286,0.5738723292624746,1.0,0.5900887939007793
2019-08-17,0.22852498590546166,-0.20476354878977837,0.27627216252028863,0.8705505632961241,0.5714948411058849
2019-08-18,-0.043193213352079186,-0.6940972928891453,0.6872202010427562,0.8705505632961241,0.5466896564353242
2019-08-19,1.996498150133813,-1.0986347504296488,1.3699853151876114,1.0,0.7079896059139392
2019-08-20,1.0853620191538087,-1.1076049144322822,1.0757241009534146,1.0,0.637064733207356
2019-08-21,0.8670181514964104,-1.0640074152035897,1.0272601442984188,1.0,0.6227095726095584
2019-08-22,-0.3103211510334489,-0.9614167907988533,0.7303861790274675,0.8705505632961241,0.5191816807764854
2019-08-23,-1.140388745010351,0.5125894298314009,-0.13605087431684307,0.7578582832551991,0.4794756899200034
2019-08-24,-1.5930222803395624,1.1355364069598746,-1.7100052953558234,0.6597539553864472,0.408075448396797
2019-08-25,-1.5690027801107338,1.1071475924424654,-1.706786628233958,0.5743491774985175,0.39579045336136615
2019-08-26,-1.1508876875053158,2.2136326123856533,-1.3577615954866862,0.5,0.47025012649949166
2019-08-27,-0.9659054917946333,1.0622826026789807,-0.9148403480708863,0.4352752816480621,0.4396646896368284
2019-08-28,-0.6232790114303952,0.2632362661444509,-0.6515155357865241,0.37892914162759955,0.4295384303785815
2019-08-29,-0.3019589326195105,1.2253412433461353,-0.3802213166765419,0.3298769776932236,0.4927327923962204
2019-08-30,-0.19661471568190597,0.8659375472009204,-0.205735012974787,0.2871745887492588,0.48419143796780717
2019-08-31,-1.1585541575274516,-0.31116938082611606,-1.0119896067051146,0.25,0.33856467840691123
2019-09-01,-0.9663369837241026,2.214024254500164,-1.53980309082417,0.21763764082403103,0.43414742145203233
2019-09-02,-0.5843071339562119,1.8758232636750474,-0.7001551203677737,0.1894645708137998,0.4692866753325238
2019-09-03,-0.15794795839168513,1.5308803004962235,0.044610057133689415,0.16493848884661183,0.5044845905260117
2019-09-04,-0.025956971385419393,0.28980904652818507,0.326361304126529,0.16493848884661183,0.4709643956441891
2019-09-05,-0.8311034903350365,1.0371075563482508,-0.36814962499996834,0.1894645708137998,0.4289539469475791
2019-09-06,-0.8356617615013622,2.0321146124364238,-1.429779040925702,0.21763764082403103,0.43894700284417476
2019-09-07,-0.9271788690226357,1.1370274690964677,-1.8134954717622649,0.25,0.387614370885435
2019-09-08,-1.0744888268237052,1.2437783258849466,-1.795252268767766,0.2871745887492588,0.388425954477089
2019-09-09,0.35585143507299744,2.838453925160253,-0.7625525320990578,0.3298769776932236,0.5910554714705587
2019-09-10,2.4661181574992423,4.072041845457496,0.28020331887708855,0.37892914162759955,0.7805873590399924
2019-09-11,2.452238148986592,0.9730702390677614,1.1280357472916305,0.4352752816480621,0.7319196203838598
2019-09-12,2.2002143146992514,2.8857303104147385,0.6521021092727208,0.5,0.7886564542229881
2019-09-13,0.5500962376212627,4.095557527483516,-0.2695518782406136,0.5743491774985175,0.6638403965248413
2019-09-14,-0.26371930327409077,2.7764976426065378,-1.7486757416319134,0.6597539553864472,0.5637800168105697
2019-09-15,-0.3717661449992844,0.8943715417922108,-1.256040024194031,0.7578582832551991,0.509291812923202
2019-09-16,2.2729734030032747,1.651978995262448,-0.23955334451312896,0.8705505632961241,0.7679614913468014
2019-09-17,0.25075530300482896,1.1429710357124936,-0.8729352602908932,1.0,0.6102429713453128
2019-09-18,0.28041075275942556,1.5713961454746437,-1.292819941743471,1.0,0.6160748915206229
2019-09-19,-0.06356379001419327,1.7315736708100655,-1.5769586524782486,1.0,0.5903460285335316
2019-09-20,-0.05622028039106178,1.445886396981384,-1.2443300634343155,1.0,0.5900195790670097
2019-09-21,-0.046161908352900675,1.2630137217725022,-1.2892616326604607,1.0,0.5815727234283122
2019-09-22,0.11254451953779777,1.1314782124343412,-0.6539050248325192,1.0,0.6078510593262002
2019-09-23,3.0720757236221297,1.4403593079718087,-0.33268720066255797,1.0,0.8239253978100735
2019-09-24,0.1611247862076975,0.6627437076176084,-1.0294932091207176,1.0,0.5790395332605563
2019-09-25,0.39312130286964486,0.9740690567629259,-1.3331468001633895,1.0,0.5973560708843186
2019-09-26,-0.0005125133493663334,1.3559971301461562,-1.256522781347498,1.0,0.5895816201545488
2019-09-27,-0.025919243254013402,2.7030662154142258,-1.5053363683862717,1.0,0.6357219304791162
2019-09-28,1.2152651305106035,3.976414783572058,-1.3081593179509132,1.0,0.73741236476901
2019-09-29,1.124267636288329,3.970124319906883,-1.4350804392406107,1.0,0.7271151611112017
2019-09-30,-0.9838080440097386,3.5759879480519166,-1.7026662718554668,1.0,0.5776572546708352
2019-10-01,3.592407025828733,4.077742045201523,0.26899905684753483,1.0,0.9089666352282512
2019-10-02,5.0,0.34856772588611856,0.3466585100439031,1.0,0.8010789389133851
2019-10-03,1.1554993207875388,2.9536307117563836,-0.4055212309354233,1.0,0.7615838600111712
2019-10-04,-1.1424907115453884,0.8237023830587491,-1.354508872801695,1.0,0.4880045894310322
2019-10-05,-1.4512698867653295,1.2572944624678808,-2.500020439792294,1.0,0.44730192882539666
2019-10-06,-1.3982823888350142,2.2122298707735175,-2.392933875949724,1.0,0.49419295616157155
2019-10-07,-1.123560175473913,1.1332572644715302,-1.7216639834684198,1.0,0.4899262415391056
2019-10-08,-1.0204045771919539,0.5782623399294863,-1.8263655105264596,1.0,0.4701884420000496
2019-10-09,-0.930419202055979,0.8082573832239993,-1.9602143637367722,1.0,0.48130896537270895
2019-10-10,-0.7755738016617197,1.7473188418245198,-1.7662013218566264,1.0,0.5372266542366861
2019-10-11,-0.8966409642790668,0.6632358764461119,-1.831173906702062,1.0,0.48181963367658154
2019-10-12,-1.1361371077683649,0.08191995498528588,-2.0518125243870426,1.0,0.43427710679359455
2019-10-13,-0.9716336152381745,-0.06585831876336207,-2.2163637085742294,1.0,0.43360153874984064
2019-10-14,-0.5399234439671319,0.24321219104314196,-1.6656067165491597,1.0,0.49361872114401684
2019-10-15,-0.6402504293175328,-0.13331632586624548,-1.6307788496632305,1.0,0.4724024961456299
2019-10-16,-0.46346746953431117,-0.44666941373676605,-1.535316848318002,1.0,0.4743137148480806
2019-10-17,-0.4440814504218596,0.16665616062513305,-1.5364411851321664,1.0,0.5011238704935177
2019-10-18,-0.26651090178181563,-0.5578487248079274,-1.588693524949733,1.0,0.4810324588492243
2019-10-19,-0.2692516537531915,0.05730323400095482,-1.82192021956025,1.0,0.49870685051448527
2019-10-20,0.14560213409910988,-0.03446957181785637,-1.8236770702867326,1.0,0.522481341104639
2019-10-21,0.430840952570038,-0.13733039320350865,-1.418520716803013,1.0,0.5507166065610892
2019-10-22,0.038144930637234536,-0.24033209054424426,-1.3455789713191573,1.0,0.5226765258925002
2019-10-23,-0.15392265596348761,-0.2521530308644603,-1.4014106442191028,1.0,0.5075184251757783
2019-10-24,0.5580156732705228,0.3254349194285536,-1.3197232836987678,1.0,0.5817700570709323
2019-10-25,-0.01812251980191248,0.5884498389120718,-1.3861790234965043,1.0,0.5521046078513253
2019-10-26,-0.6212291116695038,-0.3076778473519139,-1.5713065250117444,1.0,0.4683879314153119
2019-10-27,-0.6532337176634361,-0.5741823323878334,-1.5028259565681235,1.0,0.45743262308734045
2019-10-28,-0.4752023551768585,-0.05595073995721782,-1.182933967191089,1.0,0.5015574299169557
2019-10-29,-0.4674363703473639,-0.04965885507238941,-1.1045458408477296,1.0,0.5049502616539019
2019-10-30,-0.3927834703689789,0.18611443775863373,-1.0123976811561108,1.0,0.5228226141768074
2019-10-31,-0.5988773089467785,0.0898692071992231,-1.1031450850067248,1.0,0.5020478935366249
2019-11-01,0.2483393211507704,1.7057184369940575,-0.9260961297718916,1.0,0.6317576852924075
2019-11-02,-0.14855603833422026,0.9560454068505159,-1.022477691446423,1.0,0.5708488996816093
2019-11-03,-0.02080044506251384,1.1293872233933895,-1.1271286736239785,1.0,0.5831001488497577
2019-11-04,0.5227999488850862,0.6643878672484808,-0.636422266830515,1.0,0.6163220821666753
2019-11-05,0.3224021956768449,2.067338411953039,-0.7351726203929353,1.0,0.6581268261967351
2019-11-06,0.22808156402941537,2.3419787572509754,-0.6781385280434533,1.0,0.6651832682193033
2019-11-07,0.43727436037675427,1.1807596057111764,-0.4930445667930033,1.0,0.6369151220366492
2019-11-08,0.5962725894564089,1.0895084964582515,-0.21587727585606778,1.0,0.6529517841209855
2019-11-09,0.06068648489672983,-0.8216774080006349,-0.26119647272423857,1.0,0.536102657902281
2019-11-10,-0.660540427725462,-1.2008733522045134,-0.7072336078165355,1.0,0.4573531282158967
2019-11-11,-0.35008719463447835,-1.0753735936119238,-0.5091923261646258,1.0,0.48988054308505047
2019-11-12,0.9418226879496774,-0.6244853085560972,0.49324066945389045,1.0,0.6282093136552708
2019-11-13,3.091578856178197,-0.9615244770086605,0.6997532172987075,1.0,0.7582615873679295
2019-11-14,2.3225510951188117,-1.0461142033046202,0.5324820779364056,1.0,0.7039980504681085
2019-11-15,0.25564638393230943,-1.137710318941526,0.11048098572269331,1.0,0.5483211951636802
2019-11-16,-0.3394277062560116,-1.2149724414592493,-0.3190471753341384,1.0,0.4911127286776592
2019-11-17,-0.4309154804035196,-1.2877534974963412,-0.4771135423306963,1.0,0.47671212083306125
2019-11-18,-0.011904274994032455,-1.3579438880675319,-0.07713145517201858,1.0,0.5150543378251834
2019-11-19,0.4381288527077125,-0.5380717388162983,-0.13930440560271345,1.0,0.5771454542097446
2019-11-20,0.4695042321014774,-0.3603545053916004,-0.15421069160732734,1.0,0.5861451546952042
2019-11-21,-0.1335432838114683,-0.461449682782666,-0.09255042093504127,1.0,0.5437850302654563
2019-11-22,-0.4899084056154827,-1.1696418407343052,-0.34130597036983934,1.0,0.4822274972493772
2019-11-23,-0.7115127023069253,-1.0899884489145824,-0.427299193194413,1.0,0.46790632803495025
2019-11-24,-0.8388709281838305,-1.3147972303994622,-0.4987672590608628,1.0,0.4476664782190717
2019-11-25,-0.26144312213025966,-1.129269222162959,-0.04310858314491849,1.0,0.5090806214963621
2019-11-26,-0.4075024865791552,-1.0743282982728792,-0.14225477134710784,1.0,0.4983276627551161
2019-11-27,-1.0267338002738857,-1.1803342051608616,-0.4703158048442668,1.0,0.44169329460522944
2019-11-28,-1.0724064125186326,-1.2773545444143595,-0.5954249248318798,1.0,0.4304356356537635
2019-11-29,-1.0020922576441458,-1.4884502942751148,-0.686147690363633,1.0,0.4233034975501394
2019-11-30,-1.0754455463845807,-1.5907136495112453,-0.7559557278304398,1.0,0.4118253705837114
2019-12-01,-0.8574912533921101,-1.4247851425469233,-0.3196939977361611,1.0,0.4478114022431988
2019-12-02,0.1591397805066887,-1.0020479539944303,0.6374627620028729,1.0,0.5651060793507737
2019-12-03,-0.15716599124346659,-0.9387625243903475,0.6502795574114213,1.0,0.5470831473145518
2019-12-04,-0.6964278046269969,-1.255903810435364,0.6078808554827697,1.0,0.4965048494394857
2019-12-05,-0.17842955148626774,-1.1400436703896952,0.4034771643169265,1.0,0.5290521157785758
2019-12-06,-0.5824361832531469,-1.0222510506409201,0.3760140734474165,1.0,0.5061109297879991
2019-12-07,-0.6085974190906733,-1.008146470420934,-0.09472875552352258,1.0,0.48926311060896543
2019-12-08,-0.8141903419186398,-1.1634851751980044,-0.061203189379340495,1.0,0.47020198859286244
2019-12-09,-0.606151128219059,-1.1161338633766469,0.20256847948216225,1.0,0.4948366297941079
2019-12-10,0.22486707307728437,-0.3981810603951323,0.5324871677127764,1.0,0.5911498329457809
2019-12-11,0.4038576295292167,-0.3207594723180016,1.3672633227478626,1.0,0.6341343080469599
2019-12-12,1.495455810003407,-0.8531126144497817,1.6013608984385634,1.0,0.6925293916794384
2019-12-13,-0.3895196463560084,-0.6979467698432184,1.1577726112235727,1.0,0.5585433285402511
2019-12-14,-0.7636457093212071,-0.11077820810735008,0.27978321527466116,1.0,0.5288006345499353
2019-12-15,-0.7901345893734204,-0.011934432870279876,0.19599640433591936,1.0,0.5283603061500409
2019-12-16,-0.44453710224502435,-0.11717990517606128,1.1977947554296922,1.0,0.5804081889823189
2019-12-17,-0.501443566131198,-1.1703175387926354,1.1944765592875264,1.0,0.5326230834511445
2019-12-18,1.1328836581223904,-0.05386554315107824,1.8539774345269042,1.0,0.7100804273944279
2019-12-19,2.030545588230888,0.5647032262722067,2.2110643541605994,1.0,0.8076011521154212
2019-12-20,1.797559515870336,-0.23776279029102848,1.8240779907735123,1.0,0.7457331178216801
2019-12-21,-0.1522434894413105,-0.8715471775267293,0.9446411737265256,1.0,0.5600240074311831
2019-12-22,-0.5456244977543641,-1.0376934178809902,0.3073677714382352,1.0,0.5056334001192757
2019-12-23,-0.10852938383831821,-0.8287133505236348,0.34697454060789457,1.0,0.5448008028258905
2019-12-24,-0.8045466954095173,-1.2707793513551253,-0.1474374251907258,1.0,0.46349983315987775
2019-12-25,-1.2174165817535656,-1.351230153718742,-0.8092694892858596,1.0,0.4105619885019528
2019-12-26,-0.8791937354711677,-1.2698659198770819,-0.3588590577923189,1.0,0.4515140357139664
2019-12-27,-0.9412343106173665,-1.281384466069505,-0.5285484911997369,1.0,0.44124174349928835
2019-12-28,-1.015898519021207,-1.1740018979375535,-0.6504001518585247,1.0,0.436676681255904
2019-12-29,-1.0462053743428887,-1.3004129375712694,-0.821668774786575,1.0,0.423680143485452
2019-12-30,-0.9214338228507555,-1.1566333459831555,-0.060893260360143954,1.0,0.46334824704864663
2019-12-31,-1.15624651480308,-0.9885971723354936,-0.1715636646568941,1.0,0.45100656134391925
2020-01-01,-1.038915200034658,-1.2837677599761823,-0.2334216576011089,1.0,0.4444679414119782
2020-01-02,-0.1320168893099869,-1.195166445150568,0.6220122947658362,1.0,0.5371340153235884
2020-01-03,-0.516378110028952,-0.9373002749993701,0.1051821206886782,0.8705505632961241,0.485609269723804
2020-01-04,-0.9862122608856436,-1.1305487092914144,-0.41637591941021307,1.0,0.44826712240680766
2020-01-05,-0.7704127987432349,-1.0300822636798155,0.28180292724255457,1.0,0.49011248333854385
2020-01-06,-0.07147964726200212,-0.6851129652143755,0.698820993947374,1.0,0.5649823497635134
2020-01-07,0.22730487959151102,-0.9805259447613639,1.100472173426039,1.0,0.5859808167219119
2020-01-08,-0.5218553192502713,-1.0899821352025296,1.3370283571051624,1.0,0.5393613349867153
2020-01-09,1.2631887657771712,-0.6610119070539215,1.7524632669090778,1.0,0.6900858638215339
2020-01-10,-0.950288593181515,-1.0939474267052927,0.9098560372622244,1.0,0.49639481891725257
2020-01-11,-1.3641453899669185,-1.046780374449905,-0.5209833089730727,1.0,0.42307501476769027
2020-01-12,-0.807809433083035,-0.11798648846456504,-0.9640969864034216,1.0,0.48409336789499346
2020-01-13,-0.5615437158933815,-0.8953129496622325,0.12493153226026082,1.0,0.5044234304465236
2020-01-14,-0.659507036093641,-0.9154301552948233,0.08943391172878677,1.0,0.49587107151409926
2020-01-15,-0.6808696993357111,-0.888374144136406,-0.04735581182447069,1.0,0.49101457031111995
2020-01-16,-0.18926347439677135,-0.5163542641277571,0.6963841426715173,1.0,0.5640804787906093
2020-01-17,0.9419614039933029,-0.24145128864801985,1.3652310749052174,1.0,0.6732446590693933
2020-01-18,0.031496079325786346,1.239344718003544,1.0977333246897012,1.0,0.6653302126948567
2020-01-19,-0.17132393750748515,-0.8588475407154413,0.9317118418779425,1.0,0.5588501513656223
2020-01-20,0.9133675941559022,0.7871093803139209,1.9250502634190616,1.0,0.7328557392374423
2020-01-21,1.370014844772759,0.8224770469264582,2.310877537475189,1.0,0.7776334511892927
2020-01-22,0.04578245258102148,-0.62948008840734,2.269716281917084,1.0,0.6274810358856651
2020-01-23,-0.39810821137519037,-0.5763521175783113,1.4919230212469707,1.0,0.5741755483841233
2020-01-24,-0.7915873953992635,-0.7049728550111239,0.507873380485924,1.0,0.5097827506974498
2020-01-25,-1.162896430427044,-1.0003936382891623,-0.5665184284068839,1.0,0.4369065554292525
2020-01-26,-1.000720641911869,-0.8831469020201931,-0.39954822060656775,1.0,0.45816922893481504
2020-01-27,-0.50677579167932,0.6287101838450636,0.38968577668023907,1.0,0.5804007307709309
2020-01-28,-0.7326419069443089,0.13230533256419877,0.5771799987145679,1.0,0.5509092616843733
2020-01-29,-0.20091934148395318,0.9486054098146569,0.5501157942176194,1.0,0.6194677957839345
2020-01-30,0.27309485046578624,-0.20072100073505209,0.9855909572377338,1.0,0.617695980241683
2020-01-31,-0.6338362152394779,-0.33856564470679784,0.540444357800395,1.0,0.5366521623812648
2020-02-01,-0.9463109637632715,-0.6824244316798579,-0.9351436634552488,1.0,0.4523067956472796
2020-02-02,-1.0744229899413185,-0.7933043763424028,-1.0127729241272316,1.0,0.43655835418540434
2020-02-03,-0.963791876690618,-0.24682747241303862,-0.6386538044608875,1.0,0.47917427005471924
2020-02-04,-0.9700565632210025,-0.8211820444289166,-0.7994347750056432,1.0,0.4494658181005402
2020-02-05,-0.4139701471986412,-0.1977558811955798,0.16869744023482527,1.0,0.5447854098114356
2020-02-06,-0.6160156290288192,0.6162369797437184,0.08211089377722317,1.0,0.5623458620133077
2020-02-07,-0.39773451430245776,1.9126234005988716,0.29535401756278357,1.0,0.6380221413235485
2020-02-08,-0.6902135937567138,1.029163577877433,0.18372629326670162,1.0,0.5779917859366689
2020-02-09,-0.8791983092649505,-0.6518865725946933,-0.5933426756285021,1.0,0.46944674966994104
2020-02-10,-0.5642445973221106,0.5088917244332576,-0.15170671166847538,1.0,0.5535306249742958
2020-02-11,-0.7582117453561144,0.647919656096799,-0.26653344951533636,1.0,0.5425647543297811
2020-02-12,-0.5927590745150638,0.6291822007469462,0.21961100387823815,1.0,0.5690190201927264
2020-02-13,-0.48255548633696843,0.23468535241026037,0.1786534812736624,1.0,0.5585633066370851
2020-02-14,0.38846548991681457,2.124715064718984,1.0484768227516692,1.0,0.7243767211161344
2020-02-15,-0.2518098146335707,-0.7475999533931384,1.1177611828591567,1.0,0.5643213870616864
2020-02-16,-0.9207242240457263,-0.9363722849365157,-0.07522687260777834,1.0,0.4720953107710042
2020-02-17,-0.962486412346779,-0.9304722988762715,-0.29022990228374984,1.0,0.4623902299809117
2020-02-18,-0.8319963344064034,-0.887075230845917,-0.5119527096681137,1.0,0.4655070194320561
2020-02-19,-0.3669274147019954,-0.23743337558139962,-0.22751556173588844,1.0,0.5330612629794457
2020-02-20,-0.48006137119216774,-0.4218511881848519,0.9180054798418263,1.0,0.5560189584075476
2020-02-21,0.8289535306343482,-0.12178140318165792,1.7294872299573993,1.0,0.6828389179083009
2020-02-22,-0.5398263652385649,-0.31748514322079535,0.358549776200447,1.0,0.5377346872232441
2020-02-23,-0.8233572499761833,-0.7459193284323412,-1.3077999980371353,1.0,0.4454362113823357
2020-02-24,-0.5761591434496336,-0.2101968389381369,-0.3438333837340892,1.0,0.5163700760231325
2020-02-25,-0.8351624897408675,-0.7990223311461696,-0.7351397751110853,1.0,0.4615252443824823
2020-02-26,-0.7779209860442866,-0.5080442392674226,-0.4320093125762632,1.0,0.4875697805416962
2020-02-27,-0.3745574545544426,0.8487853321009765,0.5728591571785523,1.0,0.6044908637731963
2020-02-28,-0.4222057826698601,-0.7298035045965306,0.7027696455665656,1.0,0.5398701233160393
2020-02-29,-0.8146016611967772,-0.998567279469973,-0.04195958413326984,1.0,0.4776875998045237
2020-03-01,-0.956812677692911,0.058466653328634675,-0.9825268473919957,1.0,0.4808977037960992
2020-03-02,-0.4451580520377843,1.3151184677207244,-0.6417321442652467,1.0,0.578728327877003
2020-03-03,-0.5567653866299852,1.4216156229886423,-1.1947176839112736,1.0,0.557292369052152
2020-03-04,-0.5807829701761873,0.358870338895164,-1.0716920515680592,1.0,0.515510997723284
2020-03-05,0.25053741115741746,0.056726051212292024,-0.7565891594943343,1.0,0.5688464408945288
2020-03-06,-0.22864760903842313,1.9594309264806238,-0.500008558737365,1.0,0.624732829376219
2020-03-07,-0.3985331551430373,1.3259934898305767,-0.4836174630000707,1.0,0.5875602696334026
2020-03-08,-0.7748222055692618,-0.20917502152651293,-1.397432167925514,1.0,0.4680484881342607
2020-03-09,-0.23669493769532024,0.5496977940723073,-0.9967665884395462,1.0,0.5488988592920065
2020-03-10,0.052397965964198684,0.6434505700171272,-1.66532971681257,1.0,0.5497926475879079
2020-03-11,0.08720579649402721,2.1383984870681574,-1.4790530302466407,1.0,0.6206118890525537
2020-03-12,0.24009704039285595,-0.07359709716578959,-1.1608388192453913,1.0,0.5492452963361028
2020-03-13,-0.6509125900111902,-0.33077719798892286,-1.6309465005364459,1.0,0.463458560731834
2020-03-14,-0.5374479484411183,-0.016989426109800997,-1.849476073959497,1.0,0.4768130415507005
2020-03-15,-0.3132219431398561,-0.4400608633885943,-1.78185286553085,1.0,0.4763875722984565
2020-03-16,0.9257867592268487,0.2724181475056125,-0.5530165356626225,1.0,0.6296359889057698
2020-03-17,-0.21710907827561945,0.4196035936623834,-0.9411440673368019,1.0,0.5466380756063313
2020-03-18,-0.34254133076590143,-0.4994722448897881,-1.1936155830758692,1.0,0.4915653816426697
2020-03-19,-1.0537633391459447,-0.418335096518355,-1.4414733185774764,1.0,0.43926937108275643
2020-03-20,-1.1320856954858711,0.49717664898272734,-1.6806862618143654,1.0,0.4642204386147434
2020-03-21,-1.024180088114363,0.2964141465823165,-1.8225229337257065,1.0,0.45832115244244875
2020-03-22,-1.0619798914387926,-0.7884570414110157,-1.7355914493355507,1.0,0.41349591553410314
2020-03-23,-0.5833011574060769,-0.23892264288952908,-0.7194312016512429,1.0,0.5021771059974897
2020-03-24,-0.8923548799548197,0.44978090339427246,-1.156572294044876,1.0,0.4956981358429442
2020-03-25,-0.6688513718004439,0.6587211821058943,-1.243637697019567,1.0,0.5164020345670638
2020-03-26,-0.8759558307634161,0.21780336731155775,-1.5689504863685,1.0,0.4733797353748038
2020-03-27,-0.8092617526083402,-0.13016741573503324,-1.9671993332063564,1.0,0.4500522630636057
2020-03-28,-1.4061838630684693,-1.0102805272399389,-2.1903703262999095,1.0,0.366147042950441
2020-03-29,-1.3245819154115754,-0.5273557030958664,-2.155518978469759,1.0,0.3928707520612419
2020-03-30,-0.972006622002624,-0.013348840188751262,-1.8800698359193988,1.0,0.4469743623279805
2020-03-31,-0.8193313689832263,0.07121882797118557,-1.7490391654700363,1.0,0.4650440543842498
2020-04-01,-0.5834006511160832,0.07182547256752216,-1.3198554167658323,1.0,0.4951041707237135
2020-04-02,-0.2428938185031634,-0.1357061908926863,-1.4646378975664656,1.0,0.5043313908937117
2020-04-03,-1.0008698762833173,-1.0934352310493365,-1.7138849442768211,1.0,0.4055860421448291
2020-04-04,-1.2935727276980291,-1.166601638662018,-2.000190300799096,1.0,0.37348040651591075
2020-04-05,-1.2407879516925493,-1.3930826127768101,-2.2032792617628525,1.0,0.36079305229603453
2020-04-06,-1.061188706248912,1.5128642221995436,-1.9621914345776978,1.0,0.5018837143557969
2020-04-07,-1.0402570041488564,0.7274432703618855,-1.7604405797904952,1.0,0.47727831666213827
2020-04-08,-0.9789645719627965,2.263385345490084,-1.6316454428941507,1.0,0.5496552365014287
2020-04-09,-1.004775011638123,-0.5025260966438693,-1.605983036155865,1.0,0.43354364399210177
2020-04-10,-0.8888197888559354,-0.46241813357524414,-1.5164338214791777,0.8705505632961241,0.4265127156224151
2020-04-11,-0.8731182533707482,-1.3295114723590467,-1.3926977672244714,0.7578582832551991,0.378651288674454
2020-04-12,-0.7442950493671224,-1.1648166708061314,-1.948808708561828,0.6597539553864472,0.3608491051145092
2020-04-13,-0.5257313512666436,0.30057010078787916,-1.3123570894409624,0.5743491774985175,0.44488213775846425
2020-04-14,-0.08574984694902983,3.1624768882579133,-1.3237748289384161,0.5,0.5751575159054508
2020-04-15,0.0011786692292445437,2.1645691559572575,-0.8283165469744,0.4352752816480621,0.5529497001282313
2020-04-16,0.3056467191184057,0.6158914126441625,-0.9263550606283565,0.37892914162759955,0.49699945935792855
2020-04-17,-0.40185435553536497,-0.12953596573082432,-0.9193610140388894,0.3298769776932236,0.4116485572448786
2020-04-18,-0.9719995003489209,-0.36525611387208196,-1.190469102820757,0.3298769776932236,0.35478027179202687
2020-04-19,-0.6614351542517264,-0.4961693557655288,-1.5459268226468423,0.37892914162759955,0.36553907704889976
2020-04-20,-0.3980896087591015,-0.4176018778922916,-1.3186548315543947,0.4352752816480621,0.40239674569927725
2020-04-21,-0.3706144913105882,0.14794674884275608,-1.3054030159990604,0.5,0.4379433812477736
2020-04-22,0.3209029593492669,-0.54466800081682,-0.9225376324554531,0.5743491774985175,0.4791001527988462
2020-04-23,-0.3682233829128966,-1.1364460742363498,-1.1890450147493705,0.6597539553864472,0.41242811419561376
2020-04-24,-0.7272478200624508,-1.0428411827760147,-1.2157507055573795,0.7578582832551991,0.40621881501653656
2020-04-25,-0.939913683918182,-1.2150433636844902,-1.5111141771525178,0.8705505632961241,0.3919243928412688
2020-04-26,-0.46817726654628533,-0.4531875795922356,-1.551310816166049,1.0,0.47319500587503616
2020-04-27,-0.011292090447441554,-0.8749817043756875,-0.9477099826150981,1.0,0.5061992902006803
2020-04-28,0.012254000725046125,0.40846236276070264,-1.1404974455064163,1.0,0.5548196169798184
2020-04-29,-0.39266075939184,1.1049858932903256,-1.2468383944168462,1.0,0.553302415113746
2020-04-30,-0.6108870982491378,0.42305234459733615,-1.1664311225586805,1.0,0.5130203370563238
2020-05-01,-0.776401812281886,-0.5446058453608009,-1.2884356879761873,1.0,0.457600112691968
2020-05-02,-1.010500076043546,1.0727105153174046,-1.481979066978314,1.0,0.5029302975027117
2020-05-03,-0.6359024542061997,1.9411692544701358,-1.4173818004892362,1.0,0.5662424953062012
2020-05-04,0.09312364856226442,3.166950473099975,-1.1702963622993425,1.0,0.6671983644941729
2020-05-05,0.5797771887453402,2.87575276635935,-1.046602521624092,1.0,0.6985880937938592
2020-05-06,0.8883791337127297,2.0944521487960372,-0.8196275444365344,0.8705505632961241,0.674755781460551
2020-05-07,0.49077595803498214,1.3352059313543274,-0.9500353724049884,0.7578582832551991,0.5953628744168761
2020-05-08,0.4774262914671256,1.8556024758170861,-0.8233394210514483,0.6597539553864472,0.6056636351964391
2020-05-09,-0.38728921638036495,0.37277001991975295,-0.8854906272987467,0.5743491774985175,0.47134882545278484
2020-05-10,-0.5207582977745648,0.671593971083217,-1.0063267904145972,0.5,0.4597216359296765
2020-05-11,0.25196211261833046,1.4481658711552545,-0.6096120410535494,0.4352752816480621,0.5471086096847819
2020-05-12,0.16793138167286556,0.8967397983234278,-0.6188568934762806,0.37892914162759955,0.5097703918365978
2020-05-13,-0.25845535005167014,0.0628386679514554,-0.8458657674118446,0.3298769776932236,0.431673942234788
2020-05-14,-0.6957822173705684,0.7934310503947682,-0.8540375179082403,0.2871745887492588,0.42628241699052494
2020-05-15,0.13122623710901762,1.8450685549821053,-0.026520060334858927,0.25,0.5472422702536937
2020-05-16,-0.611464366491518,0.5714112509337749,-0.25074150163383885,0.21763764082403103,0.43233210709194947
2020-05-17,-0.9554148636361762,-0.06161876946751679,-0.7680229930896445,0.1894645708137998,0.36155714621552354
2020-05-18,-1.1013107991111917,0.43487384116183203,-0.4487949527294979,0.16493848884661183,0.37947996501033876
2020-05-19,-1.562890388278085,1.1113455095952829,-0.6513728909075465,0.14358729437462942,0.36693903480720735
2020-05-20,-1.5019522861342498,0.539776792791114,-0.7978020999431749,0.12500000000000003,0.33951714395924054
2020-05-21,-1.0654302473011472,-0.17984352599017542,-0.8526740615287702,0.10881882041201553,0.3343781909411762
2020-05-22,-0.9048060412453871,0.09395266006325576,-0.4996137377718412,0.09473228540689989,0.36615034297158344
2020-05-23,-0.5285229132320575,0.8713069075757041,-0.163961550143295,0.0824692444233059,0.43297459525890325
2020-05-24,1.1689446301653015,2.057005275400187,-0.039177779235198204,0.0717936471873147,0.5981013162562852
2020-05-25,2.5530577095475024,3.460643174807473,0.9343338650951227,0.0625,0.7607233094730043
2020-05-26,4.958635824650962,3.5420329693678627,3.1818367521814537,0.054409410206007765,0.8581614115309013
2020-05-27,3.2593646375527014,2.32259771094871,2.837775537697549,0.047366142703449944,0.823472343951632
2020-05-28,3.2833145687658947,1.7186666170810125,2.7702818702934078,0.04123462221165295,0.7951390313865704
2020-05-29,0.8970141660942228,0.343594548395422,2.5771426255235523,0.03589682359365736,0.5904066616459245
2020-05-30,-0.5367565816806099,-0.23466025473286053,1.0760477596933615,0.03125,0.41999447593053557
2020-05-31,-1.113622150282674,-1.0268913527272077,-0.19555398739600854,0.027204705103003893,0.30553362313643845
2020-06-01,-1.0043268281172433,-0.05589069233377818,0.016113230971386762,0.02368307135172497,0.35980566768008126
2020-06-02,2.3153891401033992,1.8892328256316957,2.3616707790532367,0.020617311105826482,0.7398922663758626
2020-06-03,2.256300603266826,2.015183800128542,3.8118390666350916,0.017948411796828663,0.7620782936593352
2020-06-04,2.5083433843834073,1.2602283601198596,3.9597369659925796,0.015625000000000007,0.7470761572972212
2020-06-05,2.1667186562464558,0.3443973990859285,3.478426183863328,0.013602352551501933,0.6858381549277361
2020-06-06,0.3446041006433515,-0.5921917731210239,2.872525126617341,0.01184153567586249,0.5208260174014716
2020-06-07,-0.769076444793919,-0.694318889397941,1.633221748690091,0.01030865555291324,0.4007853065780979
2020-06-08,1.4923112564161631,0.08854508819277843,2.5725030273696814,0.008974205898414338,0.6152730275661947
2020-06-09,3.380039538022543,1.0585436193541962,3.727523561602942,0.007812500000000002,0.7702778591397583
2020-06-10,2.636708484983792,-0.5958549934127441,3.6957267333415236,0.0068011762757509715,0.6769734507147511
2020-06-11,0.5678446942222539,-1.118311192108171,2.277609923395041,0.005920767837931244,0.4930684592325009
2020-06-12,0.6773777271582562,-0.8346219455055627,1.7418110593226657,0.00515432777645662,0.49421611855837605
2020-06-13,-0.5863124566739115,-1.0599795455519834,0.7616681119734503,0.004487102949207169,0.36780869099856933
2020-06-14,-0.8441214436580707,-0.8803769415018482,-0.3620890184955121,0.003906250000000001,0.3205591680770346
2020-06-15,-0.25428771331567646,-0.5067774752662814,0.4602500318147591,0.0034005881378754853,0.4027835135906998
2020-06-16,0.10302529105603504,-0.21708662848020846,0.962972335631677,0.0029603839189656215,0.4553662119926277
2020-06-17,0.33338176628898575,0.16739989172183034,1.0776242448383937,0.0034005881378754853,0.4906313429563032
2020-06-18,0.8843156461009077,0.37419260407623983,1.657012186545438,0.003906250000000001,0.5553654119614185
2020-06-19,1.223649347907933,0.11613775023589964,1.9838540370608642,0.004487102949207169,0.578217229464768
2020-06-20,0.35378882393262157,-0.695560813637177,1.5480330693303734,0.00515432777645662,0.47197847250477337
2020-06-21,-0.049350616232421256,-0.9970203185037085,1.7295498358160124,0.005920767837931244,0.43870722201640755
2020-06-22,1.7838424907640738,-1.0201040379621513,2.5097097892829328,0.0068011762757509715,0.5860956672199757
2020-06-23,2.0033984067509847,-0.5392685525110849,2.1757474565490296,0.007812500000000002,0.6097871609804049
2020-06-24,0.6859154508687711,-1.002543790900217,1.5996989812792717,0.008974205898414338,0.4836244690311469
2020-06-25,0.011350588080763438,-1.3011731408744205,1.545439045641775,0.01030865555291324,0.42460209152327955
2020-06-26,0.8478944273324215,-0.7567789034328772,1.6775075610815866,0.01184153567586249,0.5076869898998906
2020-06-27,-0.025410328573141985,-0.10706741300159582,1.4815607776585942,0.013602352551501933,0.4702705480247359
2020-06-28,0.20237868908152015,-0.8090256187276965,1.8102336978630635,0.015625000000000007,0.46746738508721614
2020-06-29,2.165427507456557,-0.1276178456931703,2.4192232054717366,0.017948411796828663,0.6473774588784705
2020-06-30,-0.3457396696947809,-0.33740968525551146,1.5944340254716318,0.020617311105826482,0.4441323493162967
2020-07-01,1.5371344500267372,0.7041475248150157,1.9876664625951321,0.02368307135172497,0.626623119658338
2020-07-02,2.917280482319221,-0.02187597483616102,2.2983107572102592,0.027204705103003893,0.6992649308755674
2020-07-03,1.4979510996578211,-0.5825646791697507,2.286681165776337,0.03125,0.581500083870993
2020-07-04,0.7751766849574406,0.025222283996843793,1.7406418102942596,0.03589682359365736,0.5411352913792218
2020-07-05,1.879794343815508,0.16988977172733208,1.983314880216469,0.04123462221165295,0.6296940527486363
2020-07-06,3.3846279551010885,-0.3329015585156122,2.4467793699438762,0.047366142703449944,0.6997933354654962
2020-07-07,2.2961142838363067,0.07817703729661901,2.0708447846887763,0.054409410206007765,0.6585212331636401
2020-07-08,4.261131617250727,0.33481473788247124,2.1429959815801194,0.0625,0.7197588134644404
2020-07-09,4.263705837239919,0.7829213535889491,2.2803693743758275,0.0717936471873147,0.7444030826234977
2020-07-10,2.4400963607226456,1.0586356197902633,1.6377892670220031,0.0824692444233059,0.698746270437
2020-07-11,0.48621585333813383,-0.5749411094532854,1.1834839812329645,0.09473228540689989,0.48711781951412253
2020-07-12,0.2768321004857879,-0.9248557978138656,0.8839364650039929,0.10881882041201553,0.45070718701874357
2020-07-13,0.65009648560044,-0.7262766067569213,1.3924282760071545,0.12500000000000003,0.5032425162920628
2020-07-14,1.0273904494032382,-0.8048663065146443,1.472328664488994,0.14358729437462942,0.5305723168279333
2020-07-15,2.613990096372474,0.04310399022350739,1.5393260677875809,0.16493848884661183,0.6771136482707222
2020-07-16,1.0583623294756093,1.2612872441474567,1.2900555972266743,0.1894645708137998,0.6195326626674771
2020-07-17,1.98919228105155,0.496275538436482,1.680363847408216,0.21763764082403103,0.6669487405421687
2020-07-18,1.4615346976226165,0.009771308890033987,1.667720383050814,0.25,0.6159334638136196
2020-07-19,1.6092414367629226,-0.7551885113495839,1.5163642468568896,0.2871745887492588,0.5944382376855807
2020-07-20,3.2879402301433704,-0.501403421788342,1.858689594532108,0.3298769776932236,0.7155460572305395
2020-07-21,1.4434412429401224,-0.7556235533847985,1.6535449130492434,0.37892914162759955,0.6017026364840896
2020-07-22,0.6205069164592352,-0.354898029481048,1.4346770276116074,0.4352752816480621,0.5646935697031683
2020-07-23,0.11012350294848793,-0.9401273753137449,1.2720302325021886,0.5,0.5105706006418995
2020-07-24,0.6702820490697721,-1.020122539633639,0.9814892882757834,0.5743491774985175,0.5460490503538868
2020-07-25,0.5550589059624499,-0.7533319050546466,1.1678277038711402,0.6597539553864472,0.5685057811238915
2020-07-26,1.174542926699651,-0.8047399975853428,1.4346910168414269,0.7578582832551991,0.6312738049302482
2020-07-27,2.4747469620154017,-1.1692110628082166,1.585335282390502,0.8705505632961241,0.7246930970914531
2020-07-28,1.1691309269450105,-1.1702728721097806,1.3965580980952668,1.0,0.6507326287282688
2020-07-29,1.4354033459047961,-1.003171970908262,1.4037150134355678,1.0,0.6756852247203278
2020-07-30,1.5940055768440309,-1.0483966238142293,1.0796125290438088,1.0,0.6735709300988029
2020-07-31,-0.6877188475911472,-1.3866139810720521,0.38453705059575843,1.0,0.4841943959691133
2020-08-01,-0.25756649887780075,-0.690950671744681,0.29628253789422426,1.0,0.5389153733485924
2020-08-02,-0.07770151934991117,-0.651623846382187,0.4526925400338505,1.0,0.5577586564452098
2020-08-03,0.46574711082494025,-0.8797903689303261,0.5070899415677053,1.0,0.5862948734018226
2020-08-04,-0.5670619943246573,-0.4691850153613342,-0.15012994298499024,1.0,0.5126421599721342
2020-08-05,0.6168064563228168,-0.28079766664325023,0.20719789612824507,1.0,0.6113271241823273
2020-08-06,-0.06045820147725406,0.043002092813259896,0.12364564613570309,1.0,0.5768827286399256
2020-08-07,0.007648635333098467,1.0511477310355728,0.22698839755920497,1.0,0.6268740110673289
2020-08-08,-0.13844424363279936,0.8576025499534591,0.241845843564067,1.0,0.6095653514580097
2020-08-09,0.2489512314312795,0.3739197232246525,0.7793810377812858,1.0,0.633156105155822
2020-08-10,1.6594722987504993,-0.2582410485643327,1.311057366713497,1.0,0.7185733551169693
2020-08-11,1.872892124636954,-0.30971793395016245,1.1619826078265203,1.0,0.7256873146554242
2020-08-12,1.2206594667633317,-0.6984877452221789,0.9175257509566688,1.0,0.6578578334318536
2020-08-13,0.47449943499108566,-0.310814995515433,0.6503188439801875,1.0,0.6153599656522689
2020-08-14,0.42207643058119865,-0.6585653432060353,0.655316429742565,0.8705505632961241,0.5781246715576659
2020-08-15,-0.3637816605227919,0.005030309166989827,-0.16804687186147796,0.7578582832551991,0.5090346656066691
2020-08-16,-0.46269385025039544,1.440751595679254,-0.8726759907875068,0.6597539553864472,0.5240589534183262
2020-08-17,0.353523949323718,0.812700933258355,0.01434374700442234,0.5743491774985175,0.5690613036989377
2020-08-18,0.14716654976835733,0.1008266695943253,-0.141233334864293,0.5,0.5093044367221776
2020-08-19,-0.3687741690658766,0.06232660221427942,-0.34432188642395356,0.4352752816480621,0.4568258931876141
2020-08-20,0.9092406412967683,1.2652912603750157,-0.12431791115033328,0.37892914162759955,0.5910319528078725
2020-08-21,1.554011104546363,1.2701723754295113,0.15855883582930372,0.3298769776932236,0.6362914304609475
2020-08-22,1.2862215132871857,0.8787648110404344,0.042322620645070176,0.2871745887492588,0.5918502436797216
2020-08-23,0.9586298097294265,1.0422076335160149,0.3010910831793279,0.25,0.5798703414844399
2020-08-24,2.6753854263537185,1.0372691219055603,1.3384710558839892,0.21763764082403103,0.7238399231560506
2020-08-25,3.210397115857349,0.737152940818794,1.2052752836362965,0.1894645708137998,0.7243102342773963
2020-08-26,1.5391458920092775,2.0762302364131293,0.5892123633942332,0.16493848884661183,0.6585005047579652
2020-08-27,3.5687735782884875,0.7886332680614496,1.3027373484602944,0.14358729437462942,0.7228223919407647
2020-08-28,2.5347389435150913,0.7328369974014038,0.7611203043783668,0.12500000000000003,0.6686381479386768
2020-08-29,-0.45595568048042195,0.9090953589721391,-0.49853514137552174,0.10881882041201553,0.4321869129410959
2020-08-30,-1.2765461505027669,3.3231733029795363,-1.3514446066244123,0.09473228540689989,0.43405861255670347
2020-08-31,-1.4757875163957583,2.9851262891624497,-2.041966393237367,0.0824692444233059,0.3952992678443018
2020-09-01,0.3427736994358069,3.7307509553459637,-0.8181726853217656,0.0824692444233059,0.5579495437818242
2020-09-02,0.12517830299865432,1.664725317074647,0.11027112037669018,0.09473228540689989,0.5205943219016119
2020-09-03,0.34024111678634794,0.5689733230757671,0.28132437017312933,0.10881882041201553,0.49709026498148684
2020-09-04,-0.7608292009917571,-0.31775409464317084,-0.44816936088903464,0.12500000000000003,0.36484932062744957
2020-09-05,-1.316742414063222,0.9240840064395688,-1.5506903410262585,0.14358729437462942,0.34556908878608633
2020-09-06,-1.1348121177635544,0.5943535978303569,-1.849520852856138,0.16493848884661183,0.33720067029048173
2020-09-07,-0.7863305721416259,-0.15222289181558057,-1.3889563800249798,0.1894645708137998,0.34835648098614636
2020-09-08,1.4915514515195318,0.5257784554960913,-0.18613203224630256,0.21763764082403103,0.5727854441290339
2020-09-09,0.7539057698710436,0.06855373817254316,-0.508621394015277,0.25,0.498662743948083
2020-09-10,-0.07249135973559077,-0.2611514462890271,-0.48572244689892075,0.2871745887492588,0.43617137250467597
2020-09-11,-0.6351231951949948,0.9949479081093957,-1.0208145142215652,0.3298769776932236,0.43956901267148984
2020-09-12,-0.7046573362143128,4.8291793829662435,-2.137665721299427,0.37892914162759955,0.4886066914532048
2020-09-13,-0.9531112005829823,5.0,-1.958541026156846,0.4352752816480621,0.48646584466978227
2020-09-14,-0.6789398304656077,2.2276328499487947,-1.8850491073295872,0.5,0.48472040980583975
2020-09-15,-0.8018675222678242,3.4080927951782414,-2.437494662380375,0.5743491774985175,0.5014447197275768
2020-09-16,-0.5686188800329828,2.254004561450478,-2.302469848096257,0.6597539553864472,0.5032230297629963
2020-09-17,-1.2311385144565945,0.7910268648008929,-2.305811620627123,0.7578582832551991,0.41270190687030667
2020-09-18,-1.5313446450753074,0.9379076358723386,-2.376869578317951,0.8705505632961241,0.4133434403734806
2020-09-19,-1.6746276272479854,4.364426189229773,-2.7753568702052513,1.0,0.4958462625099592
2020-09-20,-1.6203637561723674,3.1141904269212706,-2.926524643079436,1.0,0.4944249281525276
2020-09-21,-1.3834841122791735,0.6842139154431126,-2.3558061566099675,1.0,0.4327497671045192
2020-09-22,-1.3389981176268702,0.9261116320649125,-2.1788332786702953,1.0,0.4516936675385702
2020-09-23,-0.940043435395587,2.4777757041124038,-1.8074880604081918,1.0,0.5553214899647047
2020-09-24,-0.9948115966312204,0.2857338386931949,-1.8223406231756218,1.0,0.459840116064281
2020-09-25,-1.0598092240609385,-0.4313928433233767,-1.685461760419637,1.0,0.4301892912434755
2020-09-26,-1.119710987146139,0.6597473734799504,-1.849285401711816,1.0,0.4661992280281948
2020-09-27,-1.001942173043948,0.7705963268615161,-1.6420337191781547,1.0,0.4855775781103615
2020-09-28,-1.0953186723136383,0.09955962968218325,-1.117858017138404,1.0,0.46886513917790174
2020-09-29,-1.1184379831046616,-0.08756196298165343,-1.3617232660350942,0.8705505632961241,0.4319808616287025
2020-09-30,-1.2392360148188801,-0.6008195205257421,-1.6167510078456642,1.0,0.41345841872864664
2020-10-01,-0.9667570019849945,0.6760123928178754,-1.7489456159849477,1.0,0.48041852903558024
2020-10-02,-1.295255984647288,1.8982161361009742,-1.779866406731952,1.0,0.508413059803323
2020-10-03,-1.1837010118856306,1.1777217364305033,-1.9202470295086627,1.0,0.4811501039086068
2020-10-04,-1.0509567023833966,0.30144290940740937,-1.9455331320320113,1.0,0.4526452366653486
2020-10-05,-0.9044976940060903,1.0189857448395256,-1.5697822599120486,1.0,0.5048318177708393
2020-10-06,-0.8055010027835712,1.658405076518825,-1.4890071812547179,1.0,0.5407665719608891
2020-10-07,-0.4483442350064766,2.155465033178235,-1.2909489701686043,1.0,0.5918897950430412
2020-10-08,-0.5452602440099072,2.7578288860455986,-1.3558171389866158,1.0,0.6083649493516856
2020-10-09,-1.04621306809189,2.244982532874549,-1.497083790808082,1.0,0.5488906079700442
2020-10-10,-0.7632700017563429,2.691554177834344,-1.5552938846621405,1.0,0.5844202944706035
2020-10-11,-0.6732252782654647,2.634328365112338,-1.5492057098101293,1.0,0.5882418063349788
2020-10-12,-0.4216330688907196,0.8999917948699725,-1.1660919563987402,1.0,0.545521054980243
2020-10-13,-0.36628753641567374,0.134379926895155,-1.24445377798518,1.0,0.5146982019267472
2020-10-14,-0.7389898126346895,0.4364548952831124,-1.1988122557381262,1.0,0.5039592246032129
2020-10-15,-0.23991892400174716,0.38244884481389163,-1.1481753305439357,1.0,0.5366682625823311
2020-10-16,-0.4806472652071978,0.7570508296105044,-1.2185813823348177,1.0,0.5338812541421306
2020-10-17,-0.722708442434404,0.437926212980067,-1.3514733397282142,1.0,0.5000172513876021
2020-10-18,-0.6411848196881819,0.11732734391579444,-1.4008517149496567,1.0,0.4904479275189575
2020-10-19,-0.33415205456822134,0.8719944731380492,-1.0249149709416638,0.8705505632961241,0.5354750515392338
2020-10-20,-0.5110749425830468,1.4054719029959168,-0.9460619048257729,1.0,0.567954269625101
2020-10-21,-0.22132183298120142,1.4605943360248643,-0.8513622993474523,1.0,0.5927245651573742
2020-10-22,-0.41737877615987634,1.596326027990714,-0.7324323282907391,1.0,0.5892739218125967
2020-10-23,-0.7159146203981965,1.9818126068981279,-0.8349977543761871,1.0,0.5820146254483359
2020-10-24,-0.6280998251986251,1.1253421042112655,-1.055176156507865,1.0,0.5448433941119656
2020-10-25,-0.47740428689370734,-0.25577262156912317,-1.1508889256555863,1.0,0.4941528907865198
2020-10-26,-0.06773267546848341,-0.08635733597552604,-0.7931055351063521,1.0,0.5404494147995758
2020-10-27,-0.0694017087906512,0.5935969860863689,-0.8128898597895878,1.0,0.5680100985079024
2020-10-28,0.17146935892968085,-0.28364262765595166,-0.7974855747385475,1.0,0.5480299952850292
2020-10-29,0.2349363835833445,-1.120781125586551,-0.6743307295761592,1.0,0.5214855210202447
2020-10-30,0.2856381284375574,-1.443642197333263,-0.7543524708481608,0.8705505632961241,0.4893282858064312
2020-10-31,-0.014174330822149292,-1.490464910131832,-0.819851629974914,0.7578582832551991,0.44830269484547974
2020-11-01,-0.11932080203245388,-1.3872753218420564,-0.8168901718521071,0.6597539553864472,0.4309755623673143
2020-11-02,1.8287858000436548,-1.3451423654482808,-0.22080492454109518,0.5743491774985175,0.5696636672493064
2020-11-03,0.28923171090336586,-1.4732515428976551,-0.29008695452577504,0.5743491774985175,0.4593794445800739
2020-11-04,0.290954813002284,-1.287294197803923,-0.6213467936096552,0.6597539553864472,0.46901126281263406
2020-11-05,0.03608920182269334,-1.37512154032658,-0.7349612388926822,0.7578582832551991,0.45928925046642916
2020-11-06,-0.026700392379091237,-1.1097577230640887,-0.8195513345836805,0.8705505632961241,0.48024427538868614
2020-11-07,-0.45824970760780603,-1.198753680021121,-0.9490161645950642,1.0,0.4628680773387641
2020-11-08,-0.5620758664214252,-1.1956200612516912,-0.997427768694868,1.0,0.4544631807299223
2020-11-09,-0.18512446762256898,-1.1012086369321787,-0.49734675143187385,1.0,0.5001964505719255
2020-11-10,-0.03151341079613237,-0.7024812176768045,-0.4316650461480558,1.0,0.5292402203387891
2020-11-11,1.0203868305166417,-0.6665437882118727,-0.42262934909705296,1.0,0.6011654858890463
2020-11-12,0.29550523438101417,-0.8014729175357763,-0.4564570046259881,1.0,0.5460904105738773
2020-11-13,0.6486668636945951,-0.7547298992547914,-0.526067990637568,1.0,0.5692617787561045
2020-11-14,-0.3291247932916641,-1.1555711924632015,-0.6080575301455279,1.0,0.48464096308973803
2020-11-15,-0.15787216000249493,-0.9074514104666191,-0.7171165671519224,1.0,0.5027608283253271
2020-11-16,0.46841721550431387,-1.1142964943367666,-0.1859349599502659,1.0,0.5536009617712468
2020-11-17,0.7268737453507419,-1.0785298845725861,0.2341761836581576,1.0,0.5863253772881303
2020-11-18,0.8658348755780199,-0.9800412629730314,0.33702998395886863,1.0,0.6031216052132874
2020-11-19,1.1671483110713876,-0.5747938526211758,0.33958965112077616,1.0,0.6401797985829027
2020-11-20,-0.3504192491151377,-0.4071882154399624,-0.11678777450248064,1.0,0.5307796152655764
2020-11-21,-0.3977581474291609,-0.3097804592986676,-0.6347912406245727,1.0,0.5144155630131257
2020-11-22,-0.4808244116144962,-0.7727933998400351,-0.5463431312009634,1.0,0.4925338765256667
2020-11-23,0.5201721273812868,0.021881868734327927,0.1492691004030475,1.0,0.6155655230361178
2020-11-24,0.1232166756711253,-0.6712756328729748,0.22521540544211807,1.0,0.5627518071897717
2020-11-25,-0.5861743678468925,-1.021659203452529,0.15946024544837076,1.0,0.4986679168479642
2020-11-26,-1.2237945075619807,-0.9252746001780146,-0.3397713583324003,1.0,0.443534879210704
2020-11-27,-0.9155817456923809,-0.6448801784389837,-0.8770202172166033,1.0,0.45785720227833016
2020-11-28,-1.2977847116349301,-0.1633016666873806,-0.6642388869275956,1.0,0.45953548688144397
2020-11-29,-0.8804021695997495,-0.0034469022132365603,-0.3986795588989199,1.0,0.5028735824711679
2020-11-30,-1.2499234273354944,-0.7682150762814987,-0.4479332356271872,1.0,0.44473170214499835
2020-12-01,0.5756210111650625,1.040559110188991,1.6309582852783056,1.0,0.7110966398448224
2020-12-02,1.1906895535920947,0.0838943233168115,1.6047889829567645,1.0,0.7113678664762323
2020-12-03,1.3744388391881703,0.789947049722833,1.597962869577459,1.0,0.7528091453369115
2020-12-04,-0.2762415162660615,-0.6247201455504089,1.0812556282519945,1.0,0.5665957471260621
2020-12-05,-0.5071464723395994,-0.2862103110530629,0.6716838941973342,1.0,0.5516542686900603
2020-12-06,-0.0715588446952439,-0.47987254112476274,0.9895665362844308,1.0,0.5832202723495997
2020-12-07,2.230305672374557,-0.3304667069602732,2.4937667567837303,1.0,0.7930431572610835
2020-12-08,1.1361424987425306,-0.711885892732193,2.4946519564031595,1.0,0.704235986265766
2020-12-09,0.8376260221623518,-0.5809801005849112,2.450123121151524,1.0,0.6883050013248363
2020-12-10,0.5726484352954203,-0.063987790140427,1.8420098075402076,1.0,0.6719107313485172
2020-12-11,0.17148120140057008,-0.872403085783714,1.1983374760608478,1.0,0.5900265340544115
2020-12-12,-0.5815151681568561,-0.8947574072420655,0.3489665902612702,1.0,0.5105829831631659
2020-12-13,-0.021798261834477625,-0.4235791860019576,0.20433902901964648,1.0,0.5627089507616081
2020-12-14,0.9810365486279901,-0.4965225763121922,2.4625604202668727,1.0,0.7017993432377538
2020-12-15,1.28481898132809,-0.7486297237952827,2.55703722350837,1.0,0.714696267714015
2020-12-16,2.3901421867384247,-1.1132566162021407,3.0126578339253283,1.0,0.7879571201074725
2020-12-17,3.3199502354186463,-0.5914472750580132,2.472763282232695,1.0,0.8327818062803394
2020-12-18,4.1266648354872455,-0.4144493608558104,2.2186090831493197,1.0,0.8316849127359852
2020-12-19,3.033034700253812,-0.3138027547228176,1.9828505743397298,1.0,0.8280199043645403
2020-12-20,0.2122901434589908,-0.9780800423457116,1.2889269291373713,1.0,0.5913635721041071
2020-12-21,1.480781958156505,-0.8171856096952957,1.4193379128269874,1.0,0.6869806605673626
2020-12-22,0.28769720547801847,-1.015739222045656,1.2847566742019207,1.0,0.5946825685866962
2020-12-23,0.46027160348777324,-0.8774934820235021,1.2349890963861248,1.0,0.6102888483610764
2020-12-24,-0.8533445243720955,-1.1801229403110138,0.62424155119957,1.0,0.4897466275688871
2020-12-25,-0.19448174283424943,-0.5966980482229295,1.2201846197270771,1.0,0.5778449524593305
2020-12-26,0.7116624196811382,-0.32121819892114234,1.4738490024457487,1.0,0.6581883697718867
2020-12-27,0.7930709320611458,-0.6189310970481654,1.3793638047999208,1.0,0.6480613932537336
2020-12-28,0.7043433332409126,-0.8977496512460456,0.9785489291025093,0.8705505632961241,0.5977508688786446
2020-12-29,0.7520521832939079,-0.926711643857914,1.570795678405252,0.7578582832551991,0.6025624254939691
2020-12-30,-0.34366135679313536,-0.8470178305716114,1.4466118481348562,0.6597539553864472,0.5139803215191028
2020-12-31,-1.1048462247858422,-1.0939816617895264,0.6497464967877524,0.5743491774985175,0.41357160895741635
2021-01-01,-1.1603792005574247,-0.6992079573449518,0.49116167402990996,0.5,0.4098797775411291
2021-01-02,-1.108458927105685,-0.6256252608503761,0.19788094454543556,0.4352752816480621,0.3969223427229125
2021-01-03,-0.9128132903356273,-0.8299554186621461,0.42187090833418517,0.37892914162759955,0.4004660397219816
2021-01-04,-0.4503202294913734,0.5200522374304003,1.1209321921643804,0.3298769776932236,0.5034934476529713
2021-01-05,0.23668951868865787,0.32674085110202844,1.2433487816292172,0.2871745887492588,0.5389146510751911
2021-01-06,0.4687543084623189,0.4181154130472936,1.3065130067289217,0.25,0.5547221963320892
2021-01-07,0.14513248243047933,0.153206419962564,1.18731132764835,0.21763764082403103,0.5132817900390217
2021-01-08,0.5243074030716376,-0.12299686259194131,1.2664215679280826,0.25,0.5345430098610477
2021-01-09,-0.09519155301431446,-0.34880425169991836,1.0688009449363098,0.2871745887492588,0.4828232724551482
2021-01-10,-0.13390424885709828,-0.40094085291488935,0.4261621082799301,0.3298769776932236,0.4630541314680543
2021-01-11,1.035085057097694,-0.5279608167555994,1.522203408961093,0.37892914162759955,0.5795867879845393
2021-01-12,0.29315148077116965,-0.4359736511522318,1.4962149153748203,0.4352752816480621,0.541542986013105
2021-01-13,0.9729544448655622,-0.3540246521644525,1.345492944538237,0.5,0.5949623673021265
2021-01-14,0.2378697358944255,-0.659366285747882,0.847761282983582,0.5743491774985175,0.5277954732110303
2021-01-15,-0.4398908482152951,-0.5293061349888666,0.5747775849049818,0.6597539553864472,0.49174186729924413
2021-01-16,-0.947850671258773,0.22121370721221073,0.17421970844282578,0.7578582832551991,0.4905132591529647
2021-01-17,-0.5303957690834835,-0.8471410008179904,0.050743204970553964,0.8705505632961241,0.4866167650204553
2021-01-18,-0.3243192253108309,-0.8078401007762064,1.051422522830359,1.0,0.5547661315412814
2021-01-19,-0.3183063858709957,-0.5629259712495808,1.016664557763861,1.0,0.5642131440653299
2021-01-20,0.230612134779693,-0.31845069268679604,1.2254544446532611,1.0,0.6179538449451384
2021-01-21,1.03858687073938,-0.5741374847602638,1.145656107365285,1.0,0.6585052664297905
2021-01-22,-0.702597868065781,-0.9331136108987249,0.6209085223106177,1.0,0.5099773590851884
2021-01-23,0.19184891435220028,-0.06782039689009661,0.7964427773253475,1.0,0.6115121703305709
2021-01-24,-0.590116864299134,0.07645464180645915,0.7630615683473407,1.0,0.5642798714002383
2021-01-25,0.614954511998413,-0.4539007338512675,1.216876583686366,1.0,0.6376469896789703
2021-01-26,-0.6072797687129909,-0.6746742139279516,0.9722079765001268,1.0,0.5388101890554735
2021-01-27,-0.8240780897009773,0.0341358435090291,1.0491853670496603,1.0,0.5564566330677997
2021-01-28,2.6477560844894716,-0.1715502028340249,1.963623801662839,1.0,0.8098232739033084
2021-01-29,3.5113262200287836,0.8693388456046425,2.041415475241387,1.0,0.8792696344082397
2021-01-30,1.0513791888048667,0.8537869257672334,1.5250435112291763,1.0,0.7315011848682651
2021-01-31,0.21195850805134697,0.8528308924292377,0.4996081020111004,1.0,0.6413187911216781
2021-02-01,0.009196857592862963,0.16647608705444633,1.5417049060428143,0.8705505632961241,0.6145223754959719
2021-02-02,0.36255061238981356,-1.0582709151959817,1.414626531996767,0.7578582832551991,0.5659083795809938
2021-02-03,1.217979916093525,-1.070076727792869,1.2557763154220494,0.6597539553864472,0.6024344345702342
2021-02-04,1.6913995596679017,-0.5403008117448335,1.3550525390804617,0.5743491774985175,0.6465682314159518
2021-02-05,-0.20247517843470872,-0.8462636164293,0.5188951298945443,0.5,0.46853717508295006
2021-02-06,-0.34612189613532474,-1.4193751971861113,0.12816283964464337,0.5743491774985175,0.4332090449878228
2021-02-07,-0.0680465691037187,-1.4471893664461737,0.6266355792384135,0.6597539553864472,0.4800149510737424
2021-02-08,2.633313694318982,-1.003619253909218,1.7829075769715528,0.7578582832551991,0.7318457724290464
2021-02-09,0.8088271165393809,-0.10790199115996191,1.151883535240472,0.8705505632961241,0.643404593806728
2021-02-10,0.8819764385723821,-0.09735267223328882,1.1308918266502852,1.0,0.6674384621167814
2021-02-11,0.3079182465275514,-0.9812932417814392,1.4448083883583733,1.0,0.6028009443062226
2021-02-12,2.100439209000375,-0.5296756244843324,1.3796979976585133,1.0,0.7389493961684617
2021-02-13,1.5677875962238004,-1.0941911656917658,1.0422077216238375,1.0,0.6686681318985578
2021-02-14,2.5036974553809914,-0.40909851549541754,0.6173256497632587,1.0,0.7454449138718657
2021-02-15,3.235013953305928,0.14172147329664128,1.2647270424956298,1.0,0.8230626294705478
2021-02-16,4.067013010435763,2.170566636194242,1.0321873970239839,1.0,0.8998465230755596
2021-02-17,5.0,1.5341845473912663,1.502980666288016,1.0,0.8890237116842367
2021-02-18,4.7523338906912835,-0.3685855513246841,1.3347825464550773,1.0,0.8041350202433075
2021-02-19,3.480387040474011,-0.6252649669697865,1.1556601541933065,1.0,0.7874692981827025
2021-02-20,0.7814714844850477,-0.9761860178617928,0.7751777796564921,1.0,0.6122629408766449
2021-02-21,0.06693710559148681,-1.0542133325648353,0.5052196256737831,0.8705505632961241,0.5329601568661091
2021-02-22,-0.23983131556403867,-0.9500742953969376,0.6100484916606029,0.7578582832551991,0.5034385088644917
2021-02-23,-0.3359602020019333,-1.0406640773657632,0.2829405416399038,0.6597539553864472,0.4676360946722616
2021-02-24,-0.6331168480396308,-1.0198021608368597,-0.6884985179014935,0.5743491774985175,0.4035028794572167
2021-02-25,-0.6033403746727933,-0.9804614898205588,-1.5194834326918363,0.5,0.368275298522896
2021-02-26,-0.49451723606156184,-1.0391862938297618,-0.933894171970377,0.4352752816480621,0.3828942418678526
2021-02-27,-0.7273383467603317,-1.3603724227703067,-1.372152863272866,0.37892914162759955,0.3309295350689262
2021-02-28,-0.9264814221913588,-1.3821701223464384,-3.0049855393127882,0.37892914162759955,0.2624835213336144
2021-03-01,-0.3664557748516448,0.31481047136987095,-0.98852746346003,0.4352752816480621,0.4460270947821766
2021-03-02,0.5887690103771089,1.1334916193309772,0.1543530075515058,0.5,0.5916251850823149
2021-03-03,-0.3276091336204468,0.210647297928245,-0.18953561635555072,0.5743491774985175,0.4917708845852397
2021-03-04,-0.47248179825601067,-0.4984534707420166,-1.1965341736990294,0.6597539553864472,0.4318109396866814
2021-03-05,0.27073935002584265,0.6438045306629929,0.08397582975022719,0.7578582832551991,0.586352415592635
2021-03-06,-0.5844542112272291,0.1937142391556004,-0.924174982568841,0.8705505632961241,0.49388456429179206
2021-03-07,-0.3235533337331706,0.18195495379040483,-1.847769031831275,1.0,0.499418933098013
2021-03-08,0.43120188125487147,-0.7854593333174011,0.06262047630966276,1.0,0.5731066690724218
2021-03-09,-0.5674540300159114,-0.42719155286937366,-1.6077227115965824,1.0,0.46577932624282936
2021-03-10,-0.6794627948799361,-0.4470604983528573,-2.4043346200094473,1.0,0.430930472242987
2021-03-11,-0.7053912625187596,0.5507198825865735,-2.6764119104033814,1.0,0.46170684725974387
2021-03-12,-0.6484573111223723,1.3012208130407805,-2.738807077431732,1.0,0.4946934772208167
2021-03-13,-0.6834339325825205,0.3260677232585276,-3.003856183837268,1.0,0.443023892963604
2021-03-14,-0.6277724173232401,0.2448320731604373,-2.866246156851996,1.0,0.4478083033317357
2021-03-15,0.46848934607643555,1.1998448601702534,-0.5623995037969559,1.0,0.6374795087856244
2021-03-16,-0.09556971517722465,1.4540424102690355,-0.8406836591906134,1.0,0.601190997443041
2021-03-17,-0.4196325594099823,0.3447807775003552,-1.224460348258096,1.0,0.5205750168265795
2021-03-18,-0.6494472239788007,-0.3036271212970356,-1.3803468266488383,1.0,0.4730408274590755
2021-03-19,-0.36545010634483216,0.8864686446762502,-0.8613425365732033,0.8705505632961241,0.5394440197138335
2021-03-20,-0.2658947378201732,1.7692823681660441,-1.6595664792586804,1.0,0.5756749001769509
2021-03-21,-0.6901427295266909,0.12961820862798434,-2.558299421136711,1.0,0.4491145960198296
2021-03-22,-0.03436316847653396,-0.3966859585710303,-1.3848633671161394,1.0,0.5100184282572335
2021-03-23,-0.3757582995036419,-0.39692273823960467,-1.8510647382011682,1.0,0.4717088413330681
2021-03-24,-0.5703304433830096,0.14378257108961712,-2.14603789844236,1.0,0.4714343142884547
2021-03-25,-0.6312893013329021,1.2866538061497201,-2.145827439895921,1.0,0.5149970405041808
2021-03-26,-0.6996841964725312,2.797073139644537,-2.133934967779608,1.0,0.5737679354610333
2021-03-27,-0.6812448625257512,0.9520545927039374,-2.255712450417295,1.0,0.4940622021803708
2021-03-28,-0.5775368888038654,0.07822474419880328,-2.3829758258652864,1.0,0.4603243775591829
2021-03-29,-0.14641214627663932,1.5436344417972527,-1.2542089587335663,1.0,0.5877503266986575
2021-03-30,-0.20645733045621434,0.7148649661752835,-1.2675493670295328,1.0,0.5487705726592381
2021-03-31,-0.5973061417777763,0.7225281742819094,-1.890922209940044,1.0,0.502254190811893
2021-04-01,-0.5638768669211895,0.8713079286722036,-0.9278442605108519,1.0,0.5427845638829008
2021-04-02,0.42481251067452475,0.5369737528934494,-0.5482868851642242,1.0,0.6074185109100546
2021-04-03,-0.47124952817671834,-0.21732306155585304,-1.2853825870608921,1.0,0.4916821509880285
2021-04-04,-0.7245115525328383,0.31568507038781574,-2.198011780792956,0.8705505632961241,0.4471682995652899
2021-04-05,-0.6440460725013034,0.2232675661845044,-1.83611712970383,0.7578582832551991,0.44384124858908636
2021-04-06,-0.4619637564842536,2.4370280115958134,-1.6543679243842493,0.6597539553864472,0.5395627458793675
2021-04-07,-0.30769845014492264,2.006745772583553,-1.4244463218761414,0.5743491774985175,0.5267720097435594
2021-04-08,-0.31380721778467563,1.7232964883904112,-1.3142164592442631,0.5,0.5070763238558134
2021-04-09,-0.5790228081790698,0.46875474690949887,-1.5670029382644488,0.4352752816480621,0.4189877882143521
2021-04-10,-0.6453588837478836,2.367185060736826,-1.7473854153531312,0.37892914162759955,0.47920197601321113
2021-04-11,-0.5397024468732932,2.1541466445877586,-1.9136846458521442,0.3298769776932236,0.4644680055251824
2021-04-12,-0.07769711662401377,0.8782166975346181,-1.3945448376192757,0.3298769776932236,0.4594092733556825
2021-04-13,-0.17312412702057195,0.29403047939649063,-1.3765961680777477,0.37892914162759955,0.43666249381503075
2021-04-14,-0.12108866570217264,2.1693104780995602,-1.435227056819465,0.4352752816480621,0.5247657492272306
2021-04-15,-0.28220781068317147,0.7430906911126698,-1.2659396823144986,0.5,0.46995026867366657
2021-04-16,0.06932919968027995,1.9414318518370417,-1.0914783582865986,0.5743491774985175,0.5602847051537864
2021-04-17,-0.31513254966539217,0.0356852631026742,-1.3994534572769755,0.6597539553864472,0.45779269405031986
2021-04-18,-0.10560031434414192,-0.34472404162228415,-1.7815698698600648,0.7578582832551991,0.45788955746907306
2021-04-19,0.03437247889054378,0.33890793319347035,-1.2406415719189037,0.8705505632961241,0.5306405279062194
2021-04-20,0.10876537612371978,2.834828410309497,-1.144246947218337,1.0,0.6622273105971991
2021-04-21,0.09832736872769723,2.0346585463072135,-0.9404119816640807,1.0,0.6349855312891777
2021-04-22,0.4552718770917413,1.8136612297067163,-0.3797688858902619,1.0,0.6682617135142206
2021-04-23,0.47868670633365423,1.360619890675282,-0.5082940578469859,1.0,0.6466618072721475
2021-04-24,-0.27040202284528153,0.7514797888965548,-1.361745413520763,1.0,0.5428933425636456
2021-04-25,-0.45786315964491975,-0.285579015484703,-1.5574191447678885,1.0,0.4806626922195465
2021-04-26,-0.3168386318157558,-0.0022819138126099906,-0.9550791644382995,1.0,0.5219463726554809
2021-04-27,-0.0486385947254429,1.8375249405211866,-0.5468125488400485,1.0,0.6300938812453516
2021-04-28,0.4495945174484344,1.105371795974824,-0.07919328266224433,1.0,0.6483903499067718
2021-04-29,1.295739935568022,4.146071493950055,-0.12127848239089245,1.0,0.7823400462915052
2021-04-30,1.7801919770008858,3.001665603176363,-0.463095209616406,1.0,0.8032429581461789
2021-05-01,-0.8133306991370697,-0.41508121501015993,-1.755718583011908,1.0,0.44495894999837515
2021-05-02,-0.18942385316824406,-0.040497185393497996,-0.8825517072910984,1.0,0.5312659701543514
2021-05-03,-0.008004335904294935,0.011835152627998159,-0.5180273217704944,1.0,0.5576919315735305
2021-05-04,0.8836085074127491,4.346495939105885,-0.049634861736379425,1.0,0.757252738436304
2021-05-05,0.4707696549333003,0.48490544200314306,-0.37297033396221096,1.0,0.6141566926136106
2021-05-06,-0.25035180560393877,-0.7674796009021462,-0.8344856003362053,1.0,0.49851537624427444
2021-05-07,-0.3182642983525993,-0.9623261933230451,-1.040585250835786,1.0,0.4789992803601737
2021-05-08,-0.36061360020950867,-1.1517413597218924,-1.2056850871134865,1.0,0.46278036709383774
2021-05-09,-0.2941706686571612,-1.058663451293097,-1.4486301787775988,1.0,0.4629899723263903
2021-05-10,-0.03331564999232238,-0.22278111821288096,-0.7583969381582308,1.0,0.5382165121363675
2021-05-11,-0.4332934490294598,-0.6725620933684566,-0.9069699675175426,1.0,0.4878580172570989
2021-05-12,-0.5200224637951754,-0.5204640908665875,-0.893571232705602,1.0,0.48886012420402714
2021-05-13,-0.35940881065059843,-0.8158615931870221,-0.9169676427086311,0.8705505632961241,0.4670621759779652
2021-05-14,-0.48384896152283846,-0.6118032151462084,-0.9287548984208227,0.7578582832551991,0.4499718478083045
2021-05-15,-0.6515330406678062,-1.1485261950924615,-1.1319664715650966,0.6597539553864472,0.3949400834157576
2021-05-16,-0.6208968061362657,-0.8054775544055189,-1.4212337043386005,0.5743491774985175,0.38882323463750995
2021-05-17,-0.516843454999465,-0.46066685137999247,-0.4139763151179493,0.5,0.4325501070219377
2021-05-18,-0.29129320358976085,-0.394326071579643,0.37479767605899816,0.4352752816480621,0.4669347482273734
2021-05-19,1.2415005327561637,-0.5168470585012281,1.7114237800076022,0.37892914162759955,0.6001182386572532
2021-05-20,3.2380389882929306,0.37594147933803435,2.284116148903964,0.3298769776932236,0.7662829799232005
2021-05-21,2.295178838924749,0.8595117265857845,2.275309353626831,0.2871745887492588,0.7327447446360074
2021-05-22,0.9514519189598009,-0.2932628423481117,1.9491068787579902,0.25,0.5786810721247484
2021-05-23,1.3542308071651263,-0.4354276370337327,2.825941698799334,0.21763764082403103,0.6239829383515187
2021-05-24,-0.1257390537055293,0.9553261931260948,2.110401632992121,0.1894645708137998,0.5551890611883593
2021-05-25,0.6966147157482024,1.7313073370234946,2.3643322842393664,0.16493848884661183,0.6471306362274964
2021-05-26,2.9036464918322658,0.4129617967488197,3.0042433206430736,0.14358729437462942,0.757321268476213
2021-05-27,0.7706062400010605,-0.40220423552632556,1.7604341498685432,0.12500000000000003,0.5370463778487586
2021-05-28,-0.6505273633885486,0.9443788682088229,0.8535490408134331,0.10881882041201553,0.46575508637171453
2021-05-29,-1.2374678752824264,-1.1002013344169888,-0.5872641879877142,0.09473228540689989,0.2912947892585749
2021-05-30,-1.1944955818504213,-1.1213219339086498,-1.5272532395737786,0.0824692444233059,0.26010715930814815
2021-05-31,-1.1751513466769075,-1.3930116292062114,-1.6086446948721962,0.0717936471873147,0.24576198292030468
2021-06-01,-0.2532213417655491,-0.668889271781297,0.3028125333371794,0.0625,0.3997169420026487
2021-06-02,-0.8270498672955925,-0.48910757800537,0.5856087365047636,0.054409410206007765,0.37716556251113004
2021-06-03,-0.665498496873434,-0.3047357770680783,1.2435388882093976,0.047366142703449944,0.41649232717643186
2021-06-04,-0.006339699426690878,-0.4550369475850741,2.180126591578377,0.04123462221165295,0.48447356027320304
2021-06-05,0.720450450304834,-0.671541831489525,2.934636883768471,0.03589682359365736,0.5482548733729231
2021-06-06,1.7247748893393655,-0.3270776567185042,3.212401347322614,0.03125,0.6310442569260201
2021-06-07,2.3841938314211895,-0.8858680273643066,3.4673947705520978,0.027204705103003893,0.6511157933866838
2021-06-08,1.8751218342057283,-0.7341042458326299,3.189463329164399,0.02368307135172497,0.6229729060734478
2021-06-09,1.43604445899299,-0.6817534532723463,2.7812658224552456,0.020617311105826482,0.5881313607942339
2021-06-10,0.08808612502093617,0.018704964736390963,2.4680150772407137,0.017948411796828663,0.5166112128762935
2021-06-11,0.7488042412559778,2.080343701767029,1.4447716775969,0.015625000000000007,0.6121040762439214
2021-06-12,0.22310924556323564,1.9686712635242,0.8813996066551071,0.013602352551501933,0.5533222587889529
2021-06-13,-0.1848375916202241,0.9629578423680095,1.1198908955987756,0.01184153567586249,0.491906664195324
2021-06-14,0.04035285664639561,0.8822094094212722,1.9265570831166778,0.01030865555291324,0.5302137836058056
2021-06-15,-0.0003405443414160589,-0.006389534869609455,1.1421826757180453,0.008974205898414338,0.4641299531663689
2021-06-16,-0.42750759736428867,-0.8192553163399188,0.823731748998518,0.007812500000000002,0.39099345529483476
2021-06-17,0.05098116084387135,-0.25853305712228086,1.1432255630606047,0.0068011762757509715,0.4567542285528792
2021-06-18,0.2432535063096127,0.20914045610084658,1.5824775957938935,0.005920767837931244,0.5035684544603289
2021-06-19,0.3918769211396484,-0.38083642658109884,1.2780870292477886,0.00515432777645662,0.47863299377649227
2021-06-20,0.7383064615293271,-1.2459744937759976,1.8326113184438164,0.004487102949207169,0.4840649362517969
2021-06-21,1.272369755979591,-0.5217082507303233,2.1562312529545156,0.003906250000000001,0.5605471192166932
2021-06-22,1.1802969587804624,-1.0194957511029348,1.038936453461596,0.0034005881378754853,0.49634877762547647
2021-06-23,-0.7636377684379624,-0.631163535949766,0.20765560749034315,0.0029603839189656215,0.3551582459437519
2021-06-24,0.4855785319630279,-0.6717566129656523,0.7273708355413055,0.0025771638882283094,0.4540143123585775
2021-06-25,0.03202778500894317,-0.607513598135731,0.9697424198715596,0.002243551474603584,0.4344833991285166
2021-06-26,0.3323209250179113,-0.6888267660626298,1.407986346002197,0.001953125,0.46567946003199107
2021-06-27,1.973852355165604,-1.154214411172356,2.0052864694000365,0.0017002940689377426,0.575595816302534
2021-06-28,2.823719652681626,-1.4700048143525561,2.6310769990045,0.0014801919594828095,0.6399223716748245
2021-06-29,3.648431247688098,-1.4626704876471437,2.810875384690398,0.0012885819441141558,0.6579445297959995
2021-06-30,0.38708191309118467,-1.4842417602665403,2.062681517189288,0.001121775737301792,0.4578863711285447
2021-07-01,0.09427978893565726,-0.5229340089813912,1.133274143647821,0.0009765625,0.44741869138474655
2021-07-02,-0.6001128251863481,-1.2660221960047993,0.4240727266475724,0.000850147034468872,0.34650483309746627
2021-07-03,-0.5442063653517077,-0.04431834989527258,-0.14641029782256956,0.0007400959797414059,0.3821036488671254
2021-07-04,0.27663831274541695,0.19945915355136545,0.623184502748398,0.0006442909720570772,0.47262281265175654
2021-07-05,1.9169098310988788,-0.3002670032840446,1.7356299680210974,0.0005608878686508959,0.5982213290507576
2021-07-06,3.4005005319489405,-0.7597845712538136,2.4439681085508647,0.0005608878686508959,0.674892046329751
2021-07-07,2.9031117059207965,-1.0263292370400907,2.182024947668875,0.0006442909720570772,0.6486078707528203
2021-07-08,0.017990906900446225,-1.2905225819686752,1.3398858754734828,0.0007400959797414059,0.4172014964574122
2021-07-09,0.169254785976948,-1.20759870126421,0.9785491881169273,0.000850147034468872,0.4187128681715223
2021-07-10,-0.35036425922503767,-1.1736164802815432,0.29235776311334233,0.0009765625,0.36263343918537794
2021-07-11,-0.4927967773456772,-0.24184308081821138,0.5196046256959124,0.001121775737301792,0.3995585070266551
2021-07-12,0.3859969862841148,-0.9583345768841884,1.5237373422038074,0.0012885819441141558,0.46178705708051054
2021-07-13,0.15456757784880013,-0.45707443750860616,1.3283714524055859,0.0014801919594828095,0.46076081416783665
2021-07-14,0.37356395012387633,-0.7975197886872152,1.6430290168656991,0.0017002940689377426,0.4716969501521551
2021-07-15,1.6743424880126814,-0.9523392625064466,1.700004766039041,0.001953125,0.5539018242143782
2021-07-16,1.3092703892706734,-0.9373949783531724,1.4720028980967736,0.002243551474603584,0.522629864511079
2021-07-17,0.0733889359368297,-0.9881464983511689,0.8640600944004109,0.0025771638882283094,0.4179084026944046
2021-07-18,-0.2869628079403254,-0.8485146587530219,0.3747094169353989,0.0029603839189656215,0.38344874017496056
2021-07-19,0.5934786893968125,-0.6304281638689271,1.1408984424493482,0.0034005881378754853,0.4768374421009085
2021-07-20,1.048938343710519,-0.5878697753890708,1.4680651623822334,0.003906250000000001,0.5199560918522311
2021-07-21,-0.06902842107073316,-0.5072274103731581,0.7803906917214114,0.004487102949207169,0.42594971832949763
2021-07-22,0.23196889432678913,-0.4718639108752478,0.5731424296995336,0.00515432777645662,0.44068149349177027
2021-07-23,0.11550231434090215,-0.670197733277918,0.6844879637614619,0.005920767837931244,0.428479629370552
2021-07-24,0.3471180201880736,-0.6880499515593312,0.6189854396555386,0.0068011762757509715,0.4411254777941134
2021-07-25,0.8196596958659317,-0.44318311057122656,1.0535321148529118,0.007812500000000002,0.4974676289456914
2021-07-26,1.845892410237151,-0.6581231188642861,1.5497341778737714,0.008974205898414338,0.5736416342103526
2021-07-27,2.465384277490052,-0.5765177967686811,1.5461047634998544,0.01030865555291324,0.6184205007502406
2021-07-28,1.2315673232695143,0.02258773352689819,1.3536738370991024,0.01184153567586249,0.5549443353696045
2021-07-29,0.10498896059539976,0.3230365879923587,0.9583642350360855,0.013602352551501933,0.4794449492566365
2021-07-30,-0.20389279118921477,-0.2301131480776131,0.5769330794297473,0.015625000000000007,0.42339395206514335
2021-07-31,-0.8138177646950394,-0.2014592065733053,-0.2298460759000216,0.017948411796828663,0.3573820746526332
2021-08-01,-0.7243012824465572,-0.518689674047965,-0.5873789806033356,0.020617311105826482,0.3386144753973271
2021-08-02,1.1655262578689887,-0.0736512630314746,-0.07202902840650749,0.02368307135172497,0.5007844409874963
2021-08-03,0.9528724373611333,-0.13225386724912228,-0.12453260455899277,0.027204705103003893,0.4829438703021796
2021-08-04,1.4969952222694376,0.04755202067845561,0.017059653633166715,0.03125,0.5320371708006704
2021-08-05,1.6231922200401492,0.06216616009763686,0.6131366905135096,0.03589682359365736,0.5616254845629104
2021-08-06,1.7080075008111175,-0.42150161671684727,0.9476246274935458,0.04123462221165295,0.5590772802724053
2021-08-07,0.652912700443946,-0.8775430394218011,0.1432146995171839,0.047366142703449944,0.44384196477644505
2021-08-08,0.8633326182967028,-0.31635492516891933,0.47445512939763707,0.054409410206007765,0.49335063518189765
2021-08-09,2.6352466672046844,0.06739100062141244,1.0498953010736776,0.0625,0.6478625795419938
2021-08-10,2.8101470234037946,-0.12178370864933173,1.4337838901704076,0.0717936471873147,0.665830657116975
2021-08-11,1.7046046585184014,-1.0275965962500893,1.4684116574370203,0.0824692444233059,0.5571412276355363
2021-08-12,3.9689530977247283,-0.6793413957102439,1.8495534596583407,0.09473228540689989,0.6725557333117196
2021-08-13,1.4932953415670995,-0.6867942068719338,1.4590423084511472,0.10881882041201553,0.5608941641616499
2021-08-14,-0.29946523820091736,-1.163185985859585,0.39787052342989154,0.12500000000000003,0.3885819188234525
2021-08-15,-0.9407043463653657,-1.356950275638282,-0.48188496796505054,0.14358729437462942,0.31122204398140657
2021-08-16,-0.2730062795563378,-0.9985939756807319,-0.1022854919515409,0.16493848884661183,0.3865227559714874
2021-08-17,0.3663307675917348,-0.5239924072229087,0.39402433570228274,0.1894645708137998,0.46914286435064056
2021-08-18,0.3049307760819813,-1.1183737562507998,0.8551556732116325,0.21763764082403103,0.45988064712567445
2021-08-19,0.8565053824261482,-0.7552203342053602,1.0145518370646651,0.25,0.5219512394720087
2021-08-20,0.34200438457040666,-0.5778557118906222,0.614334879457244,0.2871745887492588,0.4872769886035481
2021-08-21,0.07975585228683454,-0.8071591736052353,0.19067945208306866,0.3298769776932236,0.45252295297565664
2021-08-22,0.037733642178396025,-0.27326295921792915,-0.024524994165410777,0.37892914162759955,0.47215149094977227
2021-08-23,1.7314407414465889,-0.22688865320647783,1.3165591996558272,0.4352752816480621,0.6401522877819062
2021-08-24,2.2521754461779793,-0.27414537628414226,1.784349300332981,0.5,0.6982006157444587
2021-08-25,3.7061846818969744,0.2931090768507064,1.4401230544094177,0.5743491774985175,0.7713693566405377
2021-08-26,2.0918758588037,-0.34178055878998986,1.5241739507426804,0.6597539553864472,0.6999864256367202
2021-08-27,1.0288219862484802,-0.8110014727825015,1.4812129689345575,0.7578582832551991,0.6228489125033929
2021-08-28,0.13680850264230598,0.5337292749641185,0.43785614687378904,0.8705505632961241,0.6015370760232036
2021-08-29,0.36855054991742464,-0.13327310812422316,-0.1294183049595828,1.0,0.5897030469906662
2021-08-30,0.6708603414624771,-0.13222332417697288,0.9297153332818233,1.0,0.6452052286995188
2021-08-31,-0.3227138809949336,0.6054499618766137,-0.14055122724992214,1.0,0.5740277821035326
2021-09-01,-0.9252206237257221,-0.750716339480979,-0.9492626790240175,1.0,0.45039668830577717
2021-09-02,-0.8561034694882661,-0.6282741467998895,-1.4364566778897878,1.0,0.4438664566544607
2021-09-03,-1.0578840692054374,0.014038038615628716,-1.9520311930129195,1.0,0.4399916072281913
2021-09-04,-0.9430812041037545,-0.48422591231251405,-2.0359135323669713,1.0,0.4240880556344959
2021-09-05,-0.9833879813893378,-0.485210159197615,-2.0175176886286152,1.0,0.4219731216531897
2021-09-06,-0.5887072821226721,-0.7467556677762043,-1.1433740339915672,0.8705505632961241,0.44710814506251306
2021-09-07,0.05489764865462377,0.2508273231269512,-0.30273567131911266,0.7578582832551991,0.5426985351515741
2021-09-08,-0.06158717983111092,-0.18626597129403055,-0.2660094351064996,0.6597539553864472,0.5032292180117585
2021-09-09,-0.6023712456128454,-0.633462460825814,-0.9600662510298201,0.5743491774985175,0.412597816015185
2021-09-10,-0.7202070162822691,-0.44967947023848664,-1.683461901881499,0.5,0.37713415759186186
2021-09-11,-0.4009538584392285,1.338082127587363,-1.6799828913142403,0.4352752816480621,0.46331502729025953
2021-09-12,0.7437148889679794,1.0163906395040476,-0.549040277096456,0.37892914162759955,0.5554686312514587
2021-09-13,2.6444343736029263,1.932953268558126,0.6043123767411299,0.3298769776932236,0.7514606369754716
2021-09-14,2.1379763841666564,1.153869873703872,0.6734867505443161,0.2871745887492588,0.6811354170126378
2021-09-15,2.7164350973301388,0.8011662250202884,-0.13939106190661002,0.25,0.6723312304676343
2021-09-16,1.2735172859955697,0.9213489534473448,-0.6611938090685449,0.21763764082403103,0.5588965446146639
2021-09-17,1.1611610414166198,0.8952248722983128,-0.3078095202544616,0.1894645708137998,0.557871140720459
2021-09-18,0.6220118036932891,-0.16669041768603407,-0.41699353336647865,0.16493848884661183,0.47036300839074374
2021-09-19,0.5936502808550577,0.3387820489823936,-0.7967340867521255,0.14358729437462942,0.4736728953623938
2021-09-20,0.7052730598626886,1.362576209479952,-0.8714857710326425,0.12500000000000003,0.5184926870180893
2021-09-21,-0.21484620274940225,0.5372089658571216,-1.3457217885308501,0.10881882041201553,0.4045260568381939
2021-09-22,-0.2453772624420428,0.72196713780569,-1.4182691475586748,0.09473228540689989,0.4056576844715134
2021-09-23,-0.036886910999943144,2.4554507680978026,-1.731559652869146,0.0824692444233059,0.4795030528386033
2021-09-24,-0.5073705748623444,-0.3086243897724454,-2.248029111435849,0.0717936471873147,0.31415068879889413
2021-09-25,-1.0487580640795422,-0.3563357154578613,-2.466709655168285,0.0625,0.2673868190783435
2021-09-26,-0.9221551161831468,0.3139539296558983,-2.4263456184411383,0.054409410206007765,0.3038876302396492
2021-09-27,-0.2655228654060409,1.4644855351836472,-1.2283292768242318,0.047366142703449944,0.43447931845029236
2021-09-28,0.024764597493628776,3.945034739878299,-1.273860812506453,0.04123462221165295,0.5153741394144414
2021-09-29,0.14519546936029043,3.346137005211188,-1.5610909151395878,0.03589682359365736,0.5130278576584151
2021-09-30,-0.506578926977871,2.1435720258216087,-1.8495716580101367,0.03125,0.4235786840103711
2021-10-01,-0.008765649959927692,1.41927649850892,-1.8004763984884817,0.027204705103003893,0.4276169699230444
2021-10-02,0.1759703218765102,0.4953163358095757,-2.0391436706098207,0.02368307135172497,0.39295054046626443
2021-10-03,0.4927297367867916,2.0272669112299773,-1.5400340865540072,0.020617311105826482,0.49407623086777563
2021-10-04,1.8168821567813365,1.21017968592978,-0.9605543417943433,0.017948411796828663,0.5672234144088761
2021-10-05,1.680188552456857,1.9226976215450382,-1.1719915105500853,0.020617311105826482,0.5811511840423715
2021-10-06,2.013373725602164,1.539286635385929,-1.2753395614991418,0.02368307135172497,0.5844030001673454
2021-10-07,1.1503677387640745,0.9877024827154182,-1.1903782764727167,0.027204705103003893,0.5072468825804408
2021-10-08,1.1790584792675105,1.6102581037382069,-1.2179226145822553,0.03125,0.5347880657875175
2021-10-09,-0.2922725051147166,3.3730745535473976,-1.5588174504813015,0.03589682359365736,0.4839391081820241
2021-10-10,0.166389343858278,1.3776236763708676,-1.564698719702172,0.04123462221165295,0.4475221787810135
2021-10-11,0.38678968635279853,0.9334544499829536,-1.182453059791547,0.047366142703449944,0.4573697339186089
2021-10-12,0.9857649020213611,1.2008072535181096,-1.3172712825809496,0.054409410206007765,0.5050036644762148
2021-10-13,0.8682382051081319,0.5709228484565582,-1.2638049331868237,0.0625,0.4739191679200046
2021-10-14,0.6927465688103372,0.26244670283636806,-0.9259289369255771,0.0717936471873147,0.4620231330527825
2021-10-15,1.2036267239531668,0.8003236386338973,-0.9234558488198151,0.0824692444233059,0.5201771249094589
2021-10-16,-0.1264054500965259,-0.9448404348379936,-1.3272502237057935,0.09473228540689989,0.3471727872294904
2021-10-17,-0.505848528480926,-0.9059011540070153,-2.0124109987475625,0.10881882041201553,0.3027733397878629
2021-10-18,0.024770536705510326,1.1083684072205295,-1.5529015669140946,0.12500000000000003,0.43982000051741965
2021-10-19,-0.2907865797860458,0.28617930642481915,-1.4926076900322083,0.14358729437462942,0.38932287027041856
2021-10-20,-0.39509737400957823,0.24158181671764448,-1.406164254869164,0.16493848884661183,0.38659471559394964
2021-10-21,-0.3754411364154949,0.17016018841250566,-1.386037112050201,0.1894645708137998,0.3892790473098847
2021-10-22,-0.3972691575235421,0.5088413020565375,-1.4731254892715173,0.21763764082403103,0.4032585735653403
2021-10-23,-0.21998361993110108,0.34990370941254756,-1.6257612321021016,0.25,0.4082217054933793
2021-10-24,-0.35735925305345617,-0.09516647992073356,-1.5744497136428324,0.2871745887492588,0.3878053109907001
2021-10-25,0.13763543669419204,0.16793654031577016,-1.1431947230907953,0.3298769776932236,0.4525481075103936
2021-10-26,0.02439483413994439,-0.30153190033991634,-1.2089610846547354,0.37892914162759955,0.4306031615174819
2021-10-27,0.9426903460899185,1.1148115758905022,-1.1933179248658168,0.4352752816480621,0.5598105334864476
2021-10-28,0.08459181743207776,0.3545395911583758,-1.2101196103431806,0.5,0.4800746171156315
2021-10-29,-0.10149371629619645,0.06484460554731665,-1.239218773984348,0.5743491774985175,0.4657806949700245
2021-10-30,-0.09248154482653356,-0.524616367152029,-1.3715913637463064,0.6597539553864472,0.45021892956332016
2021-10-31,-0.6079055512570052,0.05487884106047914,-1.625852918014797,0.7578582832551991,0.4462432268481729
2021-11-01,0.6963833042511518,1.3283034463609713,-1.046655969164903,0.8705505632961241,0.6224655827373725
2021-11-02,1.0865760937028948,0.4420821476373403,-0.8064164950128588,1.0,0.6389779458979868
2021-11-03,2.697933328636424,0.038851285717395365,-0.5827913135992021,1.0,0.7370546483606797
2021-11-04,3.9832170869593044,2.3744526585499046,-0.46101999565198987,1.0,0.8585681942511797
2021-11-05,4.6751649342512565,3.1713336849523963,-0.3531745615687302,1.0,0.8882275146143758
2021-11-06,0.5253660559842733,-0.3395042945677438,-0.8129250289172248,1.0,0.5687808904947215
2021-11-07,-0.18628425740552262,0.006673720812837997,-1.0735594543982159,1.0,0.5270738060602262
2021-11-08,0.43658937746641,-0.026991072027752572,-0.7186251465754274,1.0,0.5790271589440901
2021-11-09,0.08485255575138567,0.8158022807415349,-0.8607647870551263,1.0,0.5859564391791521
2021-11-10,1.6999521880291888,1.5395899020846489,-0.8726557208635786,1.0,0.7233912010933536
2021-11-11,1.187870596121287,2.9700481611289247,-0.8112400843420302,1.0,0.7509020436437234
2021-11-12,0.6272051800954639,1.995588282448731,-0.8503721361866564,1.0,0.6716174525688395
2021-11-13,0.1694145765661309,2.3706831053707047,-0.7886364792829332,1.0,0.6587848851854237
2021-11-14,0.10783850215422384,2.5316715110101535,-0.5822731598752241,1.0,0.6682664411065306
2021-11-15,0.5229751897770992,2.110561658115444,-0.12265527903679432,1.0,0.6937165724387236
2021-11-16,0.1859334641541438,2.857332790185328,-0.1720316893866866,1.0,0.7007167075551087
2021-11-17,0.2763240921553724,1.253516552498049,-0.37853146499178053,1.0,0.6330337469980508
2021-11-18,-0.15698864380194125,1.8991776075427667,-0.45222690804766247,1.0,0.6285922604592304
2021-11-19,0.44351415808151,3.927438436332245,-0.1845772447267835,1.0,0.7234150357145414
2021-11-20,0.2613673441282589,2.80218755128136,-0.2193056959025625,1.0,0.7018721143818553
2021-11-21,-0.47864165531635694,3.080443075496503,-0.6359179172368812,1.0,0.6468932924043469
2021-11-22,0.1422266014951719,4.238169320636616,0.07756260753599897,0.8705505632961241,0.69264977817863
2021-11-23,0.6713231210245837,2.496530342140752,0.389069349816959,0.7578582832551991,0.700424693139682
2021-11-24,0.7835416657750346,2.3107784311329596,0.4347382664608607,0.6597539553864472,0.6869729145388714
2021-11-25,-0.7501396745265838,0.9178013211008107,-0.15185813947103788,0.5743491774985175,0.4943228487198379
2021-11-26,-0.260972161241089,0.0322841409546983,-0.1386783047496262,0.5,0.47932441829871897
2021-11-27,-0.33815874229347703,0.5847232888618719,-0.19711113377218178,0.4352752816480621,0.48554047533781614
2021-11-28,-0.45055562757761636,-0.8780579648191116,-0.2815844091009533,0.37892914162759955,0.4058304339014708
2021-11-29,0.19232334431160658,-0.21263874087725027,0.740580119119168,0.3298769776932236,0.5031291593755108
2021-11-30,-0.5339807413217122,-0.45389440498368516,0.6779373268830868,0.2871745887492588,0.43616311624605736
2021-12-01,0.012462683095054702,0.34567411893920286,0.41155707202527714,0.3298769776932236,0.5034340495502965
2021-12-02,-0.7538794342556353,-0.9666024286042862,0.04066753209654971,0.37892914162759955,0.3926612255051374
2021-12-03,-0.8516753789581527,-0.8468152788169059,-0.27368666066779945,0.4352752816480621,0.3891060750103681
2021-12-04,-0.940007819205593,-0.7326803362798294,-0.38149403538037124,0.5,0.3940879968619553
2021-12-05,-1.3355332873937213,-0.9050628841370314,-0.3879718697025096,0.5743491774985175,0.371473474969403
2021-12-06,-0.9543713688842188,0.267527950543352,0.32693302004856223,0.6597539553864472,0.4823831006566109
2021-12-07,-0.5518404490470343,1.7146206440792742,1.2093835181164307,0.7578582832551991,0.6136446899923284
2021-12-08,0.5967121848249803,0.9907007637866097,1.1469731504787206,0.8705505632961241,0.6748750336564834
2021-12-09,0.1307443341834533,1.0289591156570064,1.2359932806949543,1.0,0.6677893614544373
2021-12-10,0.1490827067874043,0.1533267593638906,0.7906646455073405,1.0,0.6176829502762338
2021-12-11,-1.4558138619443513,0.07484546079232178,-0.22415745141224888,1.0,0.473592388356315
2021-12-12,-1.0628197032552655,1.6647492074703152,0.022180282320252126,1.0,0.5742492461715872
2021-12-13,-0.637026794208153,1.7100077484391039,1.1134340327534227,1.0,0.6408963376628666
2021-12-14,-0.3585148125739567,0.8966728029063394,0.9979437999285721,1.0,0.6217251726137861
2021-12-15,-0.9177026123477077,0.012652254340586852,0.421342485693923,1.0,0.5283917526308081
2021-12-16,-1.215041789024365,0.18114682952345715,0.014349829067862667,1.0,0.5020233262641152
2021-12-17,-0.8823816189008024,0.4657559477600809,-0.055908337562042415,1.0,0.5337174453112152
2021-12-18,-1.07433381142222,-0.9771785892122156,-0.286194838183086,1.0,0.45312214341524015
2021-12-19,0.34674130062713215,-0.7329745788236913,0.8341309227465799,0.8705505632961241,0.5759624278434596
2021-12-20,4.410335399313568,1.3113727009918699,2.098381406893878,0.7578582832551991,0.863265318592737
2021-12-21,1.618311547376034,0.19137748680883368,1.9705512657552953,0.6597539553864472,0.705509633941914
2021-12-22,0.23510915273203337,-0.2244807104204526,1.5492520447748288,0.5743491774985175,0.5691146920318886
2021-12-23,0.1999013369565137,-1.0156127587125863,1.5009492300681815,0.5,0.5210411985196826
2021-12-24,-1.1718495313813129,-1.42833786947454,0.8850333573979585,0.4352752816480621,0.3821550241736146
2021-12-25,-1.682851184311581,-1.8455398005552996,-1.4345344420271156,0.37892914162759955,0.24493398586599321
2021-12-26,-1.5773134018383836,-1.5145419837664391,-1.0992846221109012,0.3298769776932236,0.26957858313745964
2021-12-27,-1.365483270761744,-1.286873130722716,0.3570265426936497,0.2871745887492588,0.3353251412379477
2021-12-28,-1.3942509724569547,-1.4281328450979343,0.29562789250764315,0.25,0.3198986630407105
2021-12-29,-1.3888881244717852,-1.0866221904389322,-0.009879802973038622,0.21763764082403103,0.3194478531247622
2021-12-30,-1.3281623250131938,-0.9122881213622166,-0.3401321635564563,0.1894645708137998,0.31552578677921617
2021-12-31,-1.483698024722856,-0.9288903776855538,-0.6599151641344531,0.16493848884661183,0.2901266338040882
2022-01-01,-1.4894440184055546,-1.213157584803252,-1.4122745724932881,0.14358729437462942,0.24961777447924566
2022-01-02,-1.2756689226015543,-1.1893174450054929,-0.37866053270143196,0.12500000000000003,0.2965284938612865
2022-01-03,0.10343592414635702,-0.3555924368259475,2.327413295313813,0.10881882041201553,0.5109826429809388
2022-01-04,0.7397528595691021,0.24940336383415582,2.3549534644013557,0.09473228540689989,0.5774169557554435
2022-01-05,0.4640181187531101,1.0950597238890367,1.8377054078603436,0.0824692444233059,0.5751892633377579
2022-01-06,-0.06208752353103367,-0.9829346901220123,2.076703461195398,0.0717936471873147,0.4598977154607911
2022-01-07,1.5297796249838431,-0.6837932392063911,2.7305797867730472,0.0625,0.5988882495910915
2022-01-08,0.6616509931849331,0.11904355722753909,2.4625207386310337,0.054409410206007765,0.5643156505820786
2022-01-09,0.03333936023027035,-0.07812713983315463,1.2703532634176475,0.047366142703449944,0.473417356708409
2022-01-10,1.051055424929198,-0.5996138456599494,2.2449820888676117,0.04123462221165295,0.5511043810534503
2022-01-11,1.5400372403587406,0.7652804241286865,2.6615310908626575,0.03589682359365736,0.6536580602637485
2022-01-12,0.5297997524713542,0.31171721711521716,2.329254604077195,0.03125,0.5556375210137974
2022-01-13,-0.4817067434283428,-1.0292775463085244,1.0835566209700382,0.027204705103003893,0.3901989124730405
2022-01-14,0.6994409475139899,0.15416834886360162,0.9310649127218243,0.02368307135172497,0.5126410354970689
2022-01-15,1.8337712932999501,1.4564818931500896,1.5478183258995135,0.020617311105826482,0.662624705963775
2022-01-16,1.0117374122563005,1.349142309169066,1.625761247563346,0.017948411796828663,0.6055477270541003
2022-01-17,1.7407501407631267,1.8065267145509711,1.6549922517048332,0.015625000000000007,0.6738321142139932
2022-01-18,0.9881261116092621,1.3056458843718985,1.4403381129370445,0.013602352551501933,0.5953286092700734
2022-01-19,0.5506899398015426,0.6959138425396761,1.272833464441184,0.01184153567586249,0.534913085258675
2022-01-20,1.564876986165723,-0.4853135356121162,1.7640994674796204,0.01030865555291324,0.5694533490094678
2022-01-21,3.75024231579656,3.00177161669628,2.398693018146611,0.008974205898414338,0.8313025648229825
2022-01-22,3.3431122205090924,2.889496485763426,2.0127423264602635,0.007812500000000002,0.8136589727888184
2022-01-23,0.7908017185404145,0.5598085713976598,1.1426185764324353,0.0068011762757509715,0.5401529340333739
2022-01-24,0.43350313440007004,-0.38894363779514146,1.452808817319122,0.0068011762757509715,0.4871413610705405
2022-01-25,-0.2486874580165359,-0.883393276924261,1.1630723884724683,0.007812500000000002,0.4115537375428023
2022-01-26,0.9645690210489221,-0.5774035975736517,2.0091805750037,0.008974205898414338,0.5335649348892447
2022-01-27,1.1704460184498338,-0.05395183361923813,2.521609642800879,0.01030865555291324,0.5863816945888203
2022-01-28,-0.44511497691598406,-1.08777045952878,1.20305121111146,0.01184153567586249,0.3918798364469966
2022-01-29,1.1357600345857004,-0.27276157809231455,1.6119407453497603,0.013602352551501933,0.5451239809462509
2022-01-30,1.3563651507258456,1.2674672440384755,1.5401707261747164,0.015625000000000007,0.6219182527558167
2022-01-31,0.8935505071755688,-0.6488638328820298,0.8673054893793065,0.017948411796828663,0.48913648552378786
2022-02-01,0.9740592172240495,-0.6807885967325465,1.3595468974075742,0.020617311105826482,0.509981916197207
2022-02-02,0.4117769090323569,-0.7967532076770907,0.7406589653606792,0.02368307135172497,0.4474948364970598
2022-02-03,-0.5036691447020654,-1.4290148906613167,0.13437061724548544,0.027204705103003893,0.3404394962492743
2022-02-04,-0.4080770946084333,-1.2588219520638122,0.3996270426077251,0.03125,0.36335234711036984
2022-02-05,0.6205994136559001,-1.0889140424608212,0.6679904913058754,0.03589682359365736,0.4486527490571036
2022-02-06,0.22034302072757955,-0.7427214702820731,0.7020938692741719,0.04123462221165295,0.43833112909430594
2022-02-07,0.6863538260080625,-1.1571125710272958,0.8203394743597323,0.047366142703449944,0.45699346849190875
2022-02-08,-0.22764692872711897,-1.2504997652971157,0.8144125552243554,0.054409410206007765,0.3930278779025253
2022-02-09,-0.6595307636634169,-0.9978564860467161,0.6886715060626655,0.0625,0.3717846457059146
2022-02-10,-1.0360645059115088,-0.7926684349157799,-0.14543865593580602,0.0717936471873147,0.3288222733646456
2022-02-11,-1.1107439377593515,-1.0415970355601183,0.025765564244646235,0.0824692444233059,0.3207797664726891
2022-02-12,-1.0587743729109234,-1.2558270583810123,-1.1810947583484965,0.09473228540689989,0.27692893190614803
2022-02-13,-0.8308280041332781,-1.1637675467697828,0.059891223326000206,0.10881882041201553,0.3394403491150429
2022-02-14,1.263573694804562,-0.2130397378304219,1.2389979426383513,0.12500000000000003,0.5604115219986483
2022-02-15,1.4459111960374569,0.14281913380766478,1.7737904418000816,0.14358729437462942,0.6080093191940137
2022-02-16,-0.650869368867129,-0.9435736646344475,0.45199070653300194,0.16493848884661183,0.3821002695938479
2022-02-17,-1.083687336750075,-0.5233636910688338,-0.8190771483264219,0.1894645708137998,0.3320644710999828
2022-02-18,-0.8794482388480819,-0.34368858754572157,-0.30316278789435175,0.21763764082403103,0.37458997945618244
2022-02-19,-0.5690950356214436,-0.2958776820527504,-0.2648235000968503,0.25,0.40340464420314415
2022-02-20,0.03725772491203654,-0.4082232181491817,-0.1099845555924142,0.2871745887492588,0.44988458403056153
2022-02-21,-0.8553566799554247,-0.44868193541590345,-0.48197291070520687,0.3298769776932236,0.3826969236577857
2022-02-22,-1.0266449756933096,-0.6219194813322658,-1.1769891289884107,0.37892914162759955,0.34825009017612785
2022-02-23,-0.6334343206815524,0.5425150787437398,-0.8869222560932888,0.4352752816480621,0.44110305727965204
2022-02-24,-0.5575213449831633,0.9667623458195258,0.19229687405039372,0.5,0.5095235705452825
2022-02-25,-0.6653418260452234,0.45538129315882164,0.08245366242890378,0.5743491774985175,0.48851893085101045
2022-02-26,-0.6872024801571807,-0.8400263797421498,-0.5264694071436515,0.6597539553864472,0.4255995152367771
2022-02-27,-0.7895827638447779,-1.0057315913014948,-0.8156839381343773,0.7578582832551991,0.4169449439899198
2022-02-28,-0.9430361513830003,-1.0210204703534016,-1.2045522575673537,0.8705505632961241,0.41001924621858177
2022-03-01,-0.007322506642479511,-0.5940177502174315,-0.35610850378799774,1.0,0.5378908098385085
2022-03-02,-0.8727478781629094,-0.6822243551144941,-0.9690623610267288,1.0,0.45608871462514455
2022-03-03,-0.4548023342655147,-0.8638202553519342,-0.9221658354778152,1.0,0.47794847256004125
2022-03-04,0.8849204241192875,-0.8598142140118138,-0.058086754082256165,1.0,0.5962328775547184
2022-03-05,-0.9350826701785444,-1.094304710078311,-1.0085822355516367,1.0,0.4334457178831129
2022-03-06,-0.9529334623215527,-0.7818219889668762,-2.305061694981795,1.0,0.4020597964722168
2022-03-07,-0.7309975987147678,0.14743846531416935,-1.271679799615567,1.0,0.490020769486587
2022-03-08,-0.4560010432505235,0.3816908058908755,-1.1482635562270629,1.0,0.5222282621545161
2022-03-09,-0.5263315088546203,-0.16994834282293517,-0.7140491895779076,1.0,0.5090284121394728
2022-03-10,-0.5243573472098013,-0.1732101526228707,-0.3938904177940841,1.0,0.5196960732335908
2022-03-11,-0.4871968067281472,-0.45835466513380757,-0.5862718220212302,1.0,0.5038797077701739
2022-03-12,-0.25219363672254297,-0.6471750891561904,0.2607637059697699,1.0,0.5399135857026482
2022-03-13,-0.190605435713623,0.5784315209347868,0.418141310949052,1.0,0.6003323280230097
2022-03-14,0.36699959095239737,-0.889405225796453,-0.07873843156902527,1.0,0.5597834739363401
2022-03-15,-0.4706354674340292,-0.8914239878848986,-0.9916399919880897,1.0,0.47342696960959096
2022-03-16,-0.8239095990798402,-0.6400339700611299,-1.4531860384834026,1.0,0.4449650766926835
2022-03-17,-0.8329811948330658,-0.6812418757362864,-1.848152049422861,1.0,0.42947777387468833
2022-03-18,-0.8850849776615507,-0.5358073811342097,-1.8940570515597925,1.0,0.43053379222331145
2022-03-19,-0.992368642620574,-0.7092891221886379,-2.148205260780763,1.0,0.4076815350414097
2022-03-20,-0.9544272597424461,1.1187799953379505,-2.205249431321944,1.0,0.48447903477885335
2022-03-21,-0.552496532445746,0.012798079920934038,-1.2407323617056794,1.0,0.4973424057767999
2022-03-22,-0.7451499754653697,-0.21774843376927158,-1.6124303913029132,1.0,0.4625028038518253
2022-03-23,-0.8395054135116555,-0.4247775432257244,-1.426141905809574,1.0,0.4537958446044986
2022-03-24,-0.791246047087442,-0.5294917945132444,-1.3431215655970106,1.0,0.45541738656955166
2022-03-25,-0.7624613130155964,-0.5657229538006479,-1.316725869773408,1.0,0.45670659373148637
2022-03-26,-0.555097787913212,-0.7247845329623821,-1.4960860406701493,1.0,0.45792459057668167
2022-03-27,-0.320416375480472,-0.6112415985050581,-1.022926260104704,1.0,0.494072966360101
2022-03-28,0.7700532684114156,-0.8137506504606479,0.26999548437391957,1.0,0.6014304569373647
2022-03-29,0.8483647952989483,-0.9082632245326998,0.47103268849073054,1.0,0.6094144416140918
2022-03-30,-0.06273978970810146,-0.9011654963579017,-0.46898314310277933,1.0,0.5176360135677881
2022-03-31,-0.943004520842311,-1.0415719748038492,-1.3888560142793578,1.0,0.42243899918437366
2022-04-01,-0.6374297013268148,-0.567062543478721,-1.4713238057352194,1.0,0.45983295374209165
2022-04-02,-0.3170885285531664,-1.1412736505548806,-1.4652917626732722,0.8705505632961241,0.4380472217286451
2022-04-03,-0.5991714991635447,-1.0094111944229502,-1.8863324835580517,0.7578582832551991,0.3937974266578189
2022-04-04,-0.014570004864015242,-0.36465917148278454,-0.8797606276759358,0.6597539553864472,0.4784722732493855
2022-04-05,-0.1520251347565186,-0.5331337858598026,-1.2234392355467048,0.5743491774985175,0.4380221520452945
2022-04-06,-0.35854873894394285,-0.40744121837441866,-1.395373976419304,0.5,0.4126075674241596
2022-04-07,-0.30373710894480377,-0.3254365521781659,-1.2080261542125137,0.4352752816480621,0.4162147568363817
2022-04-08,-0.19543291160988022,0.28515828656403736,-1.1500804151274773,0.37892914162759955,0.44235609190606695
2022-04-09,-0.1697109153371687,-0.5732633103935308,-1.4573467588816928,0.3298769776932236,0.39070328906905205
2022-04-10,0.0657966558347325,-0.415402970323938,-1.5609004358666136,0.37892914162759955,0.4168873433407375
2022-04-11,0.13999189830813988,-0.6531255877588387,-0.9369665432996138,0.4352752816480621,0.44117830120114654
2022-04-12,-0.056697823955906515,-0.8586297450657141,-1.4167953891962068,0.5,0.4132173927186613
2022-04-13,-0.06921574475182472,-0.6359943793379599,-1.1959865847311624,0.5743491774985175,0.44017200834453557
2022-04-14,-0.10267993209381669,-0.7879492248411027,-1.0981403261078837,0.6597539553864472,0.44768186926307063
2022-04-15,-0.05751568828127116,-0.5513790600587888,-1.3905349390529878,0.7578582832551991,0.4655190711319793
2022-04-16,-0.3022484849795931,-0.6653906883483455,-1.8642524578397583,0.8705505632961241,0.4455663248866061
2022-04-17,-0.018244703460200934,-0.6791920599082188,-1.858336942603749,1.0,0.4835394525196859
2022-04-18,0.22789653555343156,-0.4904614001917125,-0.4153118754552708,1.0,0.5559134815137318
2022-04-19,0.6551822564546496,0.26597310338601193,-0.39991261201481143,1.0,0.6164306093375668
2022-04-20,0.8924484115145298,-0.3908228455574246,-0.4256065891217781,1.0,0.6040253892320168
2022-04-21,-0.01040381820543417,-0.011424370046808806,-1.1687514377924606,1.0,0.534872015441272
2022-04-22,0.295137373544441,-0.26554479160483946,-1.2945518907276692,1.0,0.5404597288951721
2022-04-23,-0.5819822547626881,0.4317291834854741,-1.3810494020318713,1.0,0.5081549189266532
2022-04-24,0.080697418664287,1.7276522321764882,-1.0812963816564096,1.0,0.6163221248630926
2022-04-25,0.2218873397091434,1.5109616579911773,-0.8201911229534424,1.0,0.6254095209651271
2022-04-26,0.08707733637538978,2.159824756608911,-0.8755379833162411,1.0,0.6416132545065225
2022-04-27,0.4804197825354738,0.4653549518681225,-1.1208157417427747,1.0,0.5890572504387775
2022-04-28,0.6029614181162568,-0.108525332595866,-0.6438836556323129,1.0,0.589212750495179
2022-04-29,0.6812131577388442,0.23456786739896,-0.8757296057902456,1.0,0.6009968847978715
2022-04-30,-0.038328819899697136,0.251750754792853,-1.486392721417441,1.0,0.5333879360758077
2022-05-01,-0.3389551203574848,0.30391654867424,-1.656513217268751,1.0,0.5098490742619693
2022-05-02,0.6683050430704901,1.421165040175736,-1.0995410111814519,1.0,0.6421175125059733
2022-05-03,1.7074164248723485,1.4852531736361516,-0.8238176753063841,1.0,0.7232527213827834
2022-05-04,1.761501035345008,2.3417084365648213,-0.8216163820621768,1.0,0.7626173744777955
2022-05-05,0.7474255266602786,0.49738520639649647,-0.8180271601638215,1.0,0.6182851800384118
2022-05-06,0.39843430575005523,-0.582086160943645,-0.8882295099334068,0.8705505632961241,0.5282836311739902
2022-05-07,-0.3131890002206439,-1.390411485491916,-1.176213032034281,0.7578582832551991,0.42065856284359776
2022-05-08,-0.21037558740706072,-1.210957811542232,-1.5039284832322863,0.6597539553864472,0.4093505292254938
2022-05-09,0.060620707561341,-0.6343975847962957,-0.8381453635258118,0.5743491774985175,0.46082234564482766
2022-05-10,0.7484357955566884,0.6519353775226662,0.08582808494233657,0.6597539553864472,0.6038837232399352
2022-05-11,0.8758860804926138,1.1903532748468264,0.6876998644686316,0.7578582832551991,0.6695925297886929
2022-05-12,1.522419700746836,1.5085360668743362,0.9178657764068252,0.8705505632961241,0.7505284265441993
2022-05-13,1.5583926486631876,2.6279157722567597,0.8041372741439525,1.0,0.8151939095597093
2022-05-14,1.03778993922123,1.8761710722440894,0.24675036157580854,1.0,0.730584802677446
2022-05-15,1.313046791034161,1.6529084327810126,0.37429207894391303,1.0,0.7438840400662834
2022-05-16,2.5828337702110513,2.5752524034389013,0.5919382055736742,0.8705505632961241,0.8548049595042321
2022-05-17,1.6334973171946467,2.303270638092335,0.15011062640924608,0.7578582832551991,0.7485518611020785
2022-05-18,1.5862525882838963,1.5340774232200316,-0.28024783350934424,0.6597539553864472,0.6842915640440833
2022-05-19,4.544484883361279,3.0033705280696292,1.1144049524049928,0.5743491774985175,0.8732992083716107
2022-05-20,5.0,3.7066179228438303,2.4432830355525152,0.5,0.9064427678517505
2022-05-21,3.1564982352647535,2.1467171940895216,2.416168165492367,0.4352752816480621,0.860276780850685
2022-05-22,1.6810490449987177,1.5701361774857556,1.382197642836987,0.37892914162759955,0.7054049030671938
2022-05-23,-0.055852773018393524,0.4384316593890175,0.40701094850511665,0.3298769776932236,0.5025930458774702
2022-05-24,-0.052036600528514415,-0.6961477469498006,-0.6429971331656055,0.2871745887492588,0.41416768771539264
2022-05-25,-0.17510247530539683,-0.36965793891728205,0.1406968213671188,0.25,0.4401139815703241
2022-05-26,0.16729404383192445,0.7234207526824441,0.23225354296967918,0.21763764082403103,0.5066828985064907
2022-05-27,-0.02794521928269085,0.9882915018609968,0.02988381584252066,0.1894645708137998,0.4937316107755162
2022-05-28,-0.2187887685693972,1.1325323495061226,-0.5966954338881141,0.16493848884661183,0.4624538555221833
2022-05-29,0.08404316803350823,1.193889336654816,0.7889337143186813,0.14358729437462942,0.5281841515296685
2022-05-30,0.9080303135510667,0.6389262223793523,3.138956226461312,0.12500000000000003,0.6309072801692108
2022-05-31,0.0480404521439509,-1.0762934254021674,2.2762267780884216,0.14358729437462942,0.4807694575103149
2022-06-01,1.437875580906011,0.4438087374778386,3.571138470241629,0.16493848884661183,0.6640911761156358
2022-06-02,0.17950401804041136,0.007243105020110952,2.1955378656711746,0.1894645708137998,0.5388730117229745
2022-06-03,0.05920919620242871,-0.7997395552849363,1.1969002450905444,0.21763764082403103,0.46816711923657905
2022-06-04,-0.20047570521027955,-1.0797713611456852,0.3956847461530552,0.25,0.4173339711433463
2022-06-05,-0.06559913375370813,-0.9034324984430587,0.4166224398470528,0.2871745887492588,0.4399473066219159
2022-06-06,0.6787560309834284,-0.6580555582165006,1.4312865366581722,0.3298769776932236,0.5400225183491303
2022-06-07,0.4279131223671603,0.09291289915021549,0.995686425928848,0.37892914162759955,0.5474278310641713
2022-06-08,1.978769937944735,0.30775186608474703,2.1059963195396842,0.4352752816480621,0.705232159848379
2022-06-09,0.19265244898393047,-0.341363045396663,1.1996954321167106,0.5,0.5386098841112914
2022-06-10,0.7567004306252743,-0.7336146186770949,0.699267646296609,0.5743491774985175,0.554340717764804
2022-06-11,0.1418536368544951,-0.7355443410534193,-0.12879487656091268,0.6597539553864472,0.4984791590023439
2022-06-12,1.1625816321382474,-0.051639756731561855,0.8251641044155702,0.7578582832551991,0.6415379982475335
2022-06-13,1.3462325753341249,0.11150637615564675,3.878303103167043,0.8705505632961241,0.7499775218565123
2022-06-14,3.177466522406667,2.3388540218232023,3.1561061666797916,1.0,0.9724522509093002
2022-06-15,5.0,3.666877254229927,3.6151840504065587,1.0,1.0
2022-06-16,2.475085959904228,1.9010336069996476,2.760441767240021,1.0,0.9112301898599345
2022-06-17,1.1285836884395941,0.16936998922237376,2.7677409222049625,0.8705505632961241,0.7301366106814893
2022-06-18,-0.12130392880201349,-0.6729951960986248,1.5911987548405246,0.7578582832551991,0.5555903058920537
2022-06-19,-0.7873835316275929,-0.4121292243320907,-0.42816611492091766,0.6597539553864472,0.44002660302159324
2022-06-20,0.23979388268524898,0.32496878030369164,0.9333132668268835,0.5743491774985175,0.5717894435440108
2022-06-21,2.0601864910113155,1.8387212785282563,2.276060782196749,0.5,0.7898278454126567
2022-06-22,1.4052217167518781,2.565217203423576,2.128246356657149,0.4352752816480621,0.7617983353952218
2022-06-23,0.24665227481315075,1.4525987696996805,1.0686610164504886,0.37892914162759955,0.594429838850853
2022-06-24,0.4985880084744142,-0.010881505552377452,1.7356646961390483,0.3298769776932236,0.5651228410255638
2022-06-25,0.7319499861132615,-0.04243614255166613,1.4909153211151975,0.2871745887492588,0.56480185881746
2022-06-26,0.9956896142688183,-0.3350287663504728,1.4780364860748525,0.25,0.5641876585558133
2022-06-27,-0.1683841833622957,-0.5317425746494149,1.020983149656907,0.21763764082403103,0.45829686494428956
2022-06-28,-0.27461082911773466,-0.17036108360481153,0.9816347945488265,0.1894645708137998,0.4607350783489814
2022-06-29,0.5901742222544526,-0.34136915944698415,1.7314998029783015,0.1894645708137998,0.536257578894686
2022-06-30,-0.3375503116272485,-0.03984014657971962,1.0854175604732905,0.21763764082403103,0.4696628712567428
2022-07-01,2.118408879335343,-0.8342125754283515,2.1182134371610815,0.25,0.6395755158848776
2022-07-02,0.10981426508094404,-0.9467706266184235,1.4745922521933001,0.2871745887492588,0.4851014382817941
2022-07-03,0.8333994048426064,-0.35136704225293575,1.1454784050554756,0.3298769776932236,0.5535838270514676
2022-07-04,0.3348636872204964,-0.5673148408805676,1.132059476395334,0.37892914162759955,0.5182608145686606
2022-07-05,0.7131028412245127,0.059623141536855405,1.7233151138746132,0.4352752816480621,0.5977596163553662
2022-07-06,0.6095997298704071,0.20344584371354282,1.6089713857856411,0.5,0.6027492716722794
2022-07-07,0.138961767765704,1.3629302458762746,1.5048879347499793,0.5743491774985175,0.627368185879002
2022-07-08,-0.020216609715470946,0.5776183943650018,1.120351793918647,0.6597539553864472,0.5840278122227657
2022-07-09,-0.8456668724304424,-0.3426632870573669,0.46097128884577915,0.7578582832551991,0.48338902366038605
2022-07-10,-0.6540795936700798,-0.5996493448322703,0.4869891412141018,0.8705505632961241,0.5032248602555388
2022-07-11,0.4323279286981145,-0.16684323932612574,1.5255985410776651,1.0,0.647723344977208
2022-07-12,0.08067309589160769,-0.46419069632539767,1.9345091362788003,1.0,0.6255205652551756
2022-07-13,0.19208464898499022,-0.6661210279349971,1.6352328675951813,1.0,0.614558362688214
2022-07-14,0.3530656464390799,-0.8005819678665563,1.4514391378987896,1.0,0.6135614323647919
2022-07-15,-0.017481490303501962,-1.2873843909067448,0.9703421220292672,0.8705505632961241,0.5331208729207131
2022-07-16,-0.4328411737996904,-0.923774002516181,0.46358048907516686,0.7578582832551991,0.4867847637659652
2022-07-17,-0.14891819897920955,-0.9325910398378923,0.362942278697383,0.8705505632961241,0.5188948205258053
2022-07-18,0.00831484992058798,-0.6967075732086503,1.5144817790190357,1.0,0.5970075670783134
2022-07-19,1.4425920710232336,-1.4006154193297002,2.007371270395962,1.0,0.6797262046093435
2022-07-20,2.161908967053454,-1.2537498375367506,2.2648667781020415,1.0,0.7423832471762671
2022-07-21,3.0371049008847777,-0.6665715463219754,2.072938805322091,1.0,0.8163241457473208
2022-07-22,2.3611929287829776,-1.0097132025540385,1.9649516989727842,1.0,0.7558398684448732
2022-07-23,1.5714077262460655,-0.8962929727649633,1.3442275161798962,1.0,0.6872225584238608
2022-07-24,1.7972888768120858,-0.8033049558244262,1.6101190639540843,1.0,0.7150188540932575
2022-07-25,0.8812101452320912,-0.8024680615955555,1.2009011170500747,1.0,0.6403412110173271
2022-07-26,-0.2503491240047779,-1.2891814204668672,0.5044525352241205,0.8705505632961241,0.501991834882118
2022-07-27,0.2791041371427703,-1.0730225841659848,0.9275580252818764,0.7578582832551991,0.5434950114669443
2022-07-28,1.7458938305209686,-0.4867215841338365,1.4261346577948695,0.6597539553864472,0.6676137712636174
2022-07-29,0.2229621854835563,-0.7878126052444625,0.6818945478782058,0.5743491774985175,0.515920815367769
2022-07-30,-0.10255894277363779,-1.2564570278072247,0.3761570809645523,0.6597539553864472,0.47731202366324194
2022-07-31,-0.8913388196124052,-1.4089993865034631,-0.2352401423277024,0.7578582832551991,0.4127065086655518
2022-08-01,1.4154847949196947,0.3999850061029868,0.7360809634328744,0.8705505632961241,0.6911503115244518
2022-08-02,2.663169931176168,0.7242118420715739,1.5567959576761015,1.0,0.8346133540872636
2022-08-03,1.8720200291758593,-0.11264102951335404,1.618401614590177,1.0,0.7490546795350067
2022-08-04,3.7899269884543436,0.6487287631824119,1.5662206684716646,1.0,0.8542377207483227
2022-08-05,2.172526124124938,0.6148479894375309,1.2386945887091372,1.0,0.7867435607918642
2022-08-06,1.9868806305216054,0.6090371550464723,1.0021314253713125,0.8705505632961241,0.7468222221685058
2022-08-07,1.7335462192927804,0.42919050922676394,1.0423466600308495,1.0,0.7431975745049956
2022-08-08,3.2066379076246405,0.18309620574035051,1.5798885982109938,1.0,0.8352919618462145
2022-08-09,3.0194782999963503,0.661004551066812,1.3770108330219197,1.0,0.8484422173951812
2022-08-10,1.628192047982353,1.4225498960066731,0.7728208366355885,1.0,0.768579743420288
2022-08-11,0.06668696434936804,-0.565641384997212,0.49632928523720177,0.8705505632961241,0.5530043005840661
2022-08-12,-0.5213546580260606,-1.0901365552684181,-0.2754835770265249,0.7578582832551991,0.44931662291614094
2022-08-13,-0.8929710783592933,-1.0928237130377543,-1.077489339997558,0.6597539553864472,0.38298105537418914
2022-08-14,-0.5418576669636879,-0.7690442251506845,-1.2735436731435537,0.5743491774985175,0.40053356700780146
2022-08-15,-0.556093369661037,-0.9983757551663849,-0.6077354123995575,0.5,0.40107027181067956
2022-08-16,0.005902818747885458,0.21326488093451523,-0.38404958032947356,0.4352752816480621,0.486769197525024
2022-08-17,-0.17184908014468364,-0.2347080765615612,-0.40733068217615653,0.37892914162759955,0.4470255733052241
2022-08-18,0.394423696213095,-0.33202129489640686,0.07867169253886329,0.4352752816480621,0.5053743744586942
2022-08-19,0.7089397470425973,-0.46530897198365523,0.44342702328698375,0.5,0.5426556767464203
2022-08-20,-0.19554278168838843,-0.9837806234074572,-0.08242570764902124,0.5743491774985175,0.45437780828194035
2022-08-21,-0.3083204347190243,-0.902331816150638,-0.7415591892549275,0.6597539553864472,0.4410925990119247
2022-08-22,-0.2503763259311967,-0.901465119696383,0.09394559706611144,0.7578582832551991,0.4875574606743878
2022-08-23,0.8177502086981417,-0.15269227441844585,0.3960713394780757,0.8705505632961241,0.6169394649561287
2022-08-24,0.692165131213988,-0.5772186399555974,0.6385146859890388,1.0,0.6183773882824173
2022-08-25,1.047911380831227,-0.619789111580368,0.5351747293079846,1.0,0.6368753700498326
2022-08-26,0.11997682021433326,-0.7233405218987752,0.5415074578241574,1.0,0.5709095148626452
2022-08-27,-0.4155711849298375,-1.0298150983488412,-0.04451587962673658,0.8705505632961241,0.4834850137470032
2022-08-28,-0.22876357790326118,-0.9118445921178807,0.5004872227161525,0.7578582832551991,0.5021172200470225
2022-08-29,1.3845368770639606,-0.6263138402631692,1.1066566253583814,0.6597539553864472,0.6270576959465451
2022-08-30,0.8870741800813599,0.2454373069562256,0.5863276348203763,0.5743491774985175,0.6000614642473903
2022-08-31,-0.6971979073571566,-1.0706402729824696,-0.5041719538864349,0.5,0.3921043963390389
2022-09-01,-0.3757820947484279,-0.451253426660411,0.3096505597007878,0.5743491774985175,0.47761969618739164
2022-09-02,-0.35103235825988893,0.009586847449513524,-0.07027948722460899,0.6597539553864472,0.4986177384935506
2022-09-03,-0.360801195015736,-0.37909641474356015,-0.764180170031077,0.7578582832551991,0.47335697320521325
2022-09-04,-0.2762820383369737,-0.8457555388463743,-1.0642584705945723,0.8705505632961241,0.466448685466869
2022-09-05,-0.58936991402424,-0.8568510248540842,-1.2557750777727779,1.0,0.45814737710370457
2022-09-06,-0.6300328317828527,-0.3185288195010521,-0.8853211476894685,1.0,0.4902150721456171
2022-09-07,-0.9560274890155024,-0.14872746751190705,-1.3276851156941547,1.0,0.4608116857294986
2022-09-08,-0.6862735450847788,0.1084196943387747,-1.0137631068944992,1.0,0.49997381402864705
2022-09-09,-0.6214421898284199,0.789399865060016,-0.7444248893985715,1.0,0.5416480187423203
2022-09-10,-0.9479377450660765,0.8213160764196447,-1.7101482962845989,0.8705505632961241,0.46960329479801205
2022-09-11,-1.0439157661794325,-0.2596643657523616,-2.157972894878663,0.7578582832551991,0.38633257967401385
2022-09-12,-0.5568988871372212,-0.49987736342109895,-1.0943809575500223,0.6597539553864472,0.4295289121046058
2022-09-13,-0.04805372355642626,0.5794627671755711,-1.3990326984385555,0.5743491774985175,0.4854586537387129
2022-09-14,-0.1687836741003718,0.40494463128795954,-1.356181513864526,0.5,0.46041439756815605
2022-09-15,-0.4471678403066248,1.4850931863253167,-1.3407682799800802,0.5743491774985175,0.49852779403522157
2022-09-16,-0.5375383953580949,1.4341465640409994,-1.3645386815173104,0.6597539553864472,0.5023986844018921
2022-09-17,-0.6418707607180499,0.9859259230244328,-1.6749201952915762,0.7578582832551991,0.4811369320567087
2022-09-18,-0.3791663373500133,0.2757279749086983,-1.0064192412537671,0.8705505632961241,0.508246186250488
2022-09-19,0.4449720228648651,0.15527262523008512,-0.5158654260091154,1.0,0.5939389800419407
2022-09-20,0.8009346698317821,1.339127472268271,-0.3696427194441366,1.0,0.6718711986851589
2022-09-21,-0.2259942781980433,3.352511830617347,-0.02259823217526829,1.0,0.6841804403809548
2022-09-22,-1.083318253952166,4.27856475777075,-0.9899869115951484,0.8705505632961241,0.5753618038444359
2022-09-23,-1.378700032854362,0.2808930064722109,-2.666024874028573,0.7578582832551991,0.36960178643337877
2022-09-24,-1.5650748580677538,-0.36553166800374887,-3.0718381840165283,0.6597539553864472,0.30439428326996065
2022-09-25,-1.4811493644862592,0.6959529466227969,-2.7234706584132016,0.5743491774985175,0.35062476982120355
2022-09-26,-1.4057135417897624,1.6008061654022847,-2.2585011545479543,0.5,0.3977026489541792
2022-09-27,-1.3771252339863402,0.8970596554412167,-2.2809221188160143,0.4352752816480621,0.3598296916643035
2022-09-28,-1.2064217985320946,0.8926297215929504,-2.2515785389684955,0.37892914162759955,0.3635515384427568
2022-09-29,-1.3171560724909483,-0.635327240050837,-2.2153444591031177,0.3298769776932236,0.2863543581823648
2022-09-30,-1.460952631107948,-1.119137542594615,-2.2007605389968785,0.2871745887492588,0.25068993066385403
2022-10-01,-1.4847471962817855,-0.9557099309901197,-2.402085765420741,0.25,0.24362608094260127
2022-10-02,-1.3758540597623052,-0.8460036100938967,-2.231738541087141,0.21763764082403103,0.2562806070159672
2022-10-03,-1.103599829596636,0.24454843032537896,-1.7475030780736098,0.1894645708137998,0.33178577897673134
2022-10-04,-1.0751427867948302,1.0173273288350393,-1.6592781069395124,0.16493848884661183,0.3651439560108126
2022-10-05,-1.041845168635979,0.4591371710341955,-1.675980582238711,0.14358729437462942,0.34034644563226363
2022-10-06,-0.8466311821711079,0.2047619506893646,-1.6094645685276698,0.12500000000000003,0.34219085018306067
2022-10-07,-1.0273817502378075,-0.4422028540598198,-1.659362302368214,0.10881882041201553,0.29909351071451556
2022-10-08,-1.1689114838803496,-0.5400329893604365,-1.7949219470447475,0.09473228540689989,0.27895030442750196
2022-10-09,-0.9161130839088626,-0.42147178049423456,-1.9139904264669334,0.0824692444233059,0.29493517600008085
2022-10-10,-0.7497270905150796,1.8253610858090747,-1.5082989447547657,0.0717936471873147,0.41156732146064456
2022-10-11,-0.834171002267458,0.45078169196165135,-1.4443418760965194,0.0625,0.349401441144021
2022-10-12,-0.912954463954795,0.42106502323580147,-1.3767016921475013,0.054409410206007765,0.34395210016382316
2022-10-13,-0.8105296950031146,-0.063075832306988,-1.3374792860324156,0.047366142703449944,0.33085880585810484
2022-10-14,-0.8064093487906615,0.1086124726969781,-1.3927337843805379,0.04123462221165295,0.3355256302953933
2022-10-15,-0.9369319199177529,0.7797975583534855,-1.6116267607679922,0.03589682359365736,0.34669306845032727
2022-10-16,-0.7517816194299312,1.1229122627133472,-1.543684346408477,0.03125,0.37490059143744486
2022-10-17,-0.4238068563829471,1.2976870940098706,-1.1023510253961066,0.027204705103003893,0.41815217674379523
2022-10-18,-0.576935175869115,0.8233895740122387,-0.9391055092092524,0.02368307135172497,0.39309449758835263
2022-10-19,-0.39553437912312955,1.8772856916103382,-0.8685291696046519,0.020617311105826482,0.4509929028879411
2022-10-20,-0.06510818172212952,1.447110769030882,-0.7171680763230522,0.017948411796828663,0.459742395820234
2022-10-21,-0.41455885797129116,0.4269658790290521,-0.8598750760404924,0.015625000000000007,0.3888342352267746
2022-10-22,-1.1225354244262769,-0.09253232172654383,-1.3726229899919844,0.013602352551501933,0.30259504484930133
2022-10-23,-1.0893837758523117,-0.5951187741808884,-1.345641014898723,0.01184153567586249,0.28449932920706417
2022-10-24,-0.9848860996721565,-0.5474483774136117,-1.007859209927587,0.01030865555291324,0.3044815689649732
2022-10-25,-0.8428431071789577,-0.7670978032736948,-0.9917314345928018,0.008974205898414338,0.305136467450001
2022-10-26,-0.7845637268054355,-0.8501446625664157,-1.0030308387625446,0.01030865555291324,0.30538499431355587
2022-10-27,-0.8137589524735653,0.19908964700383566,-1.0542539911561186,0.01184153567586249,0.3456792357730975
2022-10-28,-0.757241537309968,-0.7190154667106226,-0.8681275801166799,0.013602352551501933,0.31766101994522883
2022-10-29,-1.129566314556854,-1.3958978193880356,-1.1732634715229384,0.015625000000000007,0.25476813750427696
2022-10-30,-0.9682770610994517,-1.597153612262944,-1.2307400628651162,0.017948411796828663,0.25556772175643433
2022-10-31,-1.1651785885649881,-1.6378380945207736,-1.2769916894255482,0.020617311105826482,0.23960438050899094
2022-11-01,-0.8799073624826841,-1.1895292731296434,-0.8759661259128023,0.02368307135172497,0.2911293792930846
2022-11-02,-0.9378087683412955,0.878154924220262,-0.90339188402231,0.027204705103003893,0.37303684691779815
2022-11-03,-1.041266759782574,0.5735076229188224,-0.9018070883617665,0.03125,0.3541056306907205
2022-11-04,-1.2399743307388178,0.1599874740639059,-0.9699972082275797,0.03589682359365736,0.3220524726348709
2022-11-05,-1.3449976628622518,3.0001783946186795,-1.0886717169416191,0.04123462221165295,0.4302296252428772
2022-11-06,-0.9072607575833216,3.7054830652937283,-0.9215092012885919,0.047366142703449944,0.46590389752367634
2022-11-07,-0.37766786055054746,5.0,-0.6237888170318612,0.054409410206007765,0.5121905935931361
2022-11-08,-0.2339086499298512,1.679835315964497,-0.6785319259741088,0.0625,0.46615649730406034
2022-11-09,-0.257441721455954,1.2655079807521996,-0.6201069844961591,0.0717936471873147,0.45066553202917
2022-11-10,-1.173561255767588,-0.3143074280480186,-0.6811475668076298,0.0824692444233059,0.3233319078834016
2022-11-11,-1.1906066298546425,-0.06403486229182404,-0.6109862220919093,0.09473228540689989,0.3368017408221692
2022-11-12,-1.162869353445006,1.5961115045030652,-0.7630505156624748,0.10881882041201553,0.4048678283310138
2022-11-13,-0.3697211422356301,2.0729447310887337,-0.44916636202231625,0.12500000000000003,0.49050240891224467
2022-11-14,0.7565707166103709,3.0567725830051864,0.026098617132616263,0.14358729437462942,0.6228460958346397
2022-11-15,0.2970963442837628,1.952578609338741,0.27117960731162294,0.16493848884661183,0.5599439585787442
2022-11-16,-0.31466188530904143,0.22857288687562954,0.16942375855994268,0.1894645708137998,0.4476135555066166
2022-11-17,0.8199067223414563,0.3070516353546242,0.49687248684097063,0.21763764082403103,0.5416623286475102
2022-11-18,0.6096849690145102,-0.08327303690366587,0.4781279295064453,0.25,0.5156135523801961
2022-11-19,-0.5309128819762459,-0.7352234126753427,0.30529009644480976,0.2871745887492588,0.4122240238673268
2022-11-20,-0.3851102073988014,-0.9027863408057789,0.4675620534606954,0.3298769776932236,0.42677683707584585
2022-11-21,0.23183973623966866,-0.7357298262769328,1.0193992391921562,0.37892914162759955,0.5006199188716508
2022-11-22,0.12171212984974934,-0.8152982658510837,0.605939941879111,0.4352752816480621,0.48463267122270115
2022-11-23,-0.386217031033115,-0.8958820084295924,0.2626482400014571,0.5,0.44567872224660793
2022-11-24,-1.127953968182598,-0.8750312777306725,-0.33816153958903095,0.5743491774985175,0.38822375752085875
2022-11-25,-1.1417743303584533,-1.0568441581032448,-0.8015568073487916,0.6597539553864472,0.37709107111814194
2022-11-26,-1.1830259864833177,-1.0153656338584083,-0.8075956973461479,0.7578582832551991,0.3905835854004201
2022-11-27,-1.1810235931695785,-1.061053218584657,-0.5848801782992559,0.8705505632961241,0.41314112156544414
2022-11-28,-0.41596030915518867,-0.5943922417713389,0.19891293496191886,1.0,0.5291334004812456
2022-11-29,-0.30548987555030227,-0.6081777382070832,0.255879914192699,1.0,0.5378225996777747
2022-11-30,-1.1921432713915627,-0.6651033426392706,0.19791813349167608,1.0,0.47440841374698206
2022-12-01,0.7106587090195237,-0.16447202925390492,1.1204364749996085,1.0,0.6528721285490425
2022-12-02,1.1446856265521193,-0.029688042064758977,1.3423894951469926,1.0,0.694821689855676
2022-12-03,-0.8197934562292771,-0.25515160180238683,0.25542212126913844,1.0,0.5182298568852534
2022-12-04,0.142253177471149,-0.3351782243741451,0.5514649426899939,1.0,0.5888999505721537
2022-12-05,0.5113124092293171,0.12415821963425193,1.5582460140560166,1.0,0.6662022869019156
2022-12-06,-0.30914663649536556,1.356944562953759,0.8639244107455559,1.0,0.6397270613815674
2022-12-07,-0.9446332762645221,-0.03175253890360273,0.3546112715214091,1.0,0.5225218015120954
2022-12-08,-0.5419084618035879,-0.029550416463227706,0.4827506173034035,1.0,0.5537331891039065
2022-12-09,-0.45518947053115455,-0.08777050729338284,0.540760748005538,0.8705505632961241,0.5396048735886354
2022-12-10,-0.5795922135474044,-0.6212663104115965,0.42454943635626957,0.7578582832551991,0.48830481319651203
2022-12-11,-0.5458499548841261,-0.8448151103283168,0.3229707725261298,0.6597539553864472,0.46313815913621653
2022-12-12,0.08460676334524916,-0.5395402695079629,1.401782070705905,0.5743491774985175,0.5410380519751593
2022-12-13,1.0015209542624315,-0.37998637762050075,1.530053792509176,0.5,0.6019370909669471
2022-12-14,1.8963805652828953,-0.2753720761774703,1.6360545333474128,0.4352752816480621,0.6597779778702548
2022-12-15,0.41627686848886813,-0.6904930366349028,1.3414644435137735,0.37892914162759955,0.5255361007340693
2022-12-16,0.14526607592083635,-0.5724994337971747,1.1056450695471332,0.4352752816480621,0.5129763898852873
2022-12-17,0.30548027331422284,-0.7648407277912151,0.9009797987353076,0.5,0.5185296478541578
2022-12-18,1.2498060473805983,-0.36364949888194315,1.421639513002056,0.5743491774985175,0.6267087010968051
2022-12-19,2.0621909209350258,-0.43149833840381796,2.1954280769432106,0.6597539553864472,0.7166443265015834
2022-12-20,1.5781079161077929,-0.43790744693056144,2.183942708928809,0.7578582832551991,0.6984378835709864
2022-12-21,0.4408735387445541,-0.48188720038001903,2.3625243704088863,0.8705505632961241,0.6436463327418509
2022-12-22,-0.4846968466966231,-0.5324410935263657,1.5449914331011307,1.0,0.5720015457599976
2022-12-23,5.0,0.28527786370720637,3.7943874429669275,1.0,0.8868865776544669
2022-12-24,5.0,2.6061463333166985,3.430561556205382,1.0,0.9835894305548626
2022-12-25,5.0,0.07483725613851101,2.480813933185923,1.0,0.8608120167786354
2022-12-26,5.0,-0.49487532622290625,1.6236347487816152,1.0,0.8085013530334328
2022-12-27,2.6489183803736673,-0.5967272521131314,1.5099860459216374,1.0,0.777063791384252
2022-12-28,1.5258568475291001,0.22950147702485657,1.296915121533502,1.0,0.7295168554290925
2022-12-29,-0.15888124888655275,-0.1796500827507681,0.6676494827902995,0.8705505632961241,0.5597600638803764
2022-12-30,-0.6413993740648777,-0.6610594785837005,-0.01531925452718237,0.8705505632961241,0.48476783946486657
2022-12-31,-0.7846853425957466,-0.629865329766727,-0.651844452675961,1.0,0.47471510666413796
2023-01-01,-0.9334406116354573,-0.8337903226563955,-0.9698791782498593,1.0,0.4457000565052911
2023-01-02,-0.9363388598386574,-0.49593821782125336,-0.5225964732525202,1.0,0.47449343449312
2023-01-03,-0.8811740848834438,-0.6002924420634702,-0.25070486866660274,1.0,0.48288604696623905
2023-01-04,-0.7859009657560181,-0.09458409725831857,-0.27895274677952087,1.0,0.5093671733378515
2023-01-05,-0.6188889160884535,0.24680712364360902,-0.04475473910606684,1.0,0.5425325444423846
2023-01-06,-0.6132802300157114,-0.20256929656211178,0.2947475352171879,1.0,0.5354991818161042
2023-01-07,-0.6712839643803158,-0.2558690384866982,0.1822145379214287,1.0,0.5256603437017475
2023-01-08,-0.5942204544708468,-0.40483120093476155,0.24703317728683788,1.0,0.5267517755725565
2023-01-09,-0.539917034532409,-0.36212890084459076,0.6410948917559472,1.0,0.545286656554513
2023-01-10,-0.13456999857418633,0.3241150848486435,0.9506792816274691,1.0,0.6112227713513301
2023-01-11,-0.20216340351757678,-0.3506550762415901,0.8578802289341577,1.0,0.5755078192199006
2023-01-12,-0.7056069035966761,-0.719492254556626,0.25176568482724704,1.0,0.5063728853146037
2023-01-13,-0.5733338304272245,-0.4067659768819173,0.41104803329673534,1.0,0.5335307633779963
2023-01-14,-0.4163224524253215,-0.290838600631791,0.6690068594079451,1.0,0.5574271234589188
2023-01-15,-0.44241632873863496,-0.021493537801729592,0.6021086513245941,1.0,0.5646803023865055
2023-01-16,-0.11560310798556854,0.3216929437836909,0.6666579904103714,1.0,0.6029189318056283
2023-01-17,-0.27387627109492463,0.034006647827915494,0.2408024193705408,1.0,0.5661852728988529
2023-01-18,-0.3981607515412925,0.20153123629432448,-0.04318800798783484,1.0,0.5554134844765829
2023-01-19,-0.6142293442003489,0.09666223737982287,-0.03536387249821709,1.0,0.5369001745275288
2023-01-20,-0.6041523306885687,0.11007206679373253,0.1681679649428219,1.0,0.5449151129019284
2023-01-21,-0.662183157782169,-0.23701934907578834,0.021615899279104775,1.0,0.5216991799123344
2023-01-22,-0.6342702127113339,-0.14129281302555305,0.13700424367204717,1.0,0.531394926732248
2023-01-23,-0.605861323756365,-0.36905517129424387,0.8352652339886655,1.0,0.5470741207452711
2023-01-24,-0.5132037627017942,-0.18967127851302312,0.874629573333583,1.0,0.5620377649929572
2023-01-25,-0.5793442619548729,-0.24100683784808452,0.5428250889143627,1.0,0.5444292672564837
2023-01-26,-0.6605008733602343,-0.28014845614561884,0.65576862083408,1.0,0.5411527101310529
2023-01-27,-0.6451498690076742,-0.5113374975240514,0.7912619166530821,1.0,0.537059676891089
2023-01-28,-0.7934691788279522,-0.35966202081009274,0.2946209026596455,1.0,0.5169368339663708
2023-01-29,-0.7663272007986538,-0.46668308040694345,-0.5247597231732811,1.0,0.48697440082402443
2023-01-30,-0.5673392874451003,0.7224620477287931,0.020590523961686848,1.0,0.5679663169577492
2023-01-31,-0.6546767210761884,2.0578877509643596,-0.04597360911902736,1.0,0.6155677545811349
2023-02-01,-0.6121106061152658,-0.28434911937451735,1.130750942060467,1.0,0.5600364443537263
2023-02-02,-0.5356987506283992,-0.2949418310832359,1.1241837793351004,1.0,0.5644702996408085
2023-02-03,1.421173545922093,1.4399148892807092,1.9263100021117558,1.0,0.7939516901852276
2023-02-04,1.1739650684428915,1.478690249372273,1.9012418179764896,1.0,0.7782511588859204
2023-02-05,-0.5299258335087479,-0.6131753342079395,0.5471148785563843,1.0,0.5323598014592988
2023-02-06,-0.65778797815102,-0.8379648676672771,-0.06702057646287901,1.0,0.4939982460883662
2023-02-07,-0.6753746279508303,-0.7108070826035854,0.5665172660403571,1.0,0.5192419718961405
2023-02-08,-0.749977469760523,0.09352476134350292,-0.4869512393956673,1.0,0.5126666590920889
2023-02-09,-0.7825169514913305,-0.6600143428374183,-0.8880894999032247,1.0,0.4657286222855781
2023-02-10,-0.7777621809163558,0.3297602371345988,-1.1769143686053014,1.0,0.4976587188660079
2023-02-11,-0.7243709727978382,0.15539359449140275,-1.2212020799927708,1.0,0.4924765989175268
2023-02-12,-0.7359928519726897,-0.38905113593973084,-1.0819167911385859,1.0,0.4736594528330458
2023-02-13,-0.6126925096978605,-0.6298805815239669,-0.2614497425804357,1.0,0.49919381703729615
2023-02-14,-0.6235169653400081,-0.8053469067631339,-0.2545821390046315,1.0,0.4913900098953812
2023-02-15,-0.6734708008888195,-0.7679698425409958,-1.1506981229966946,1.0,0.45974659906831405
2023-02-16,-0.7196349878469809,-0.4191925577424998,-1.1020672574946535,1.0,0.4728224023211087
2023-02-17,-0.5592228658040913,0.08167154808386885,-0.2861862419249616,1.0,0.5315819153857231
2023-02-18,-0.6031295793602748,-0.1271875921063988,-0.2984709506062829,1.0,0.5195428466846723
2023-02-19,-0.6972544129666185,-0.5162276410354968,-0.9935198495189556,1.0,0.4738895591084479
2023-02-20,-0.6087727752087078,0.4456860004895314,-1.0910942486126967,1.0,0.5166155900527267
2023-02-21,-0.550330103262682,-0.07463118593345063,-0.9573786078171375,1.0,0.5032890734413562
2023-02-22,-0.6080837628771729,-0.7199137648211841,-0.5781093229860135,1.0,0.48519436484110534
2023-02-23,-0.6133470533920987,-0.11143668749371025,-0.7144649326771999,1.0,0.5056515033723822
2023-02-24,-0.5903054170849545,-0.15164912266455063,-0.9657511585529346,1.0,0.49713588679821563
2023-02-25,-0.5740788849201857,-0.5789965391708383,-0.9131315925813195,1.0,0.48216549878715875
2023-02-26,-0.5777587649250416,-0.9102750676099849,-0.9489538660807733,1.0,0.4669228256518888
2023-02-27,-0.5468478189791295,-0.6284620147108008,-0.5460155797856585,1.0,0.4941570421289194
2023-02-28,-0.5918117299760736,-0.8719566039374252,-0.6609122960758469,1.0,0.47718394963500754
2023-03-01,-0.5196252715889655,-0.8591163551754615,-0.5588947245831398,1.0,0.48593197627565343
2023-03-02,-0.5316675062168138,-0.7286401734150394,-1.2254687498460173,1.0,0.46834653403171855
2023-03-03,-0.543964625322158,-0.9499489593742171,-0.5648790086591573,1.0,0.48032518471595853
2023-03-04,-0.5216279465523184,-0.516818764795485,-0.7360798123056721,1.0,0.4941546946198445
2023-03-05,-0.4999453076983992,-0.6321822947817691,-1.7330382295823972,1.0,0.4575614428847864
2023-03-06,-0.40675184122965946,-0.3007565043350171,-0.7721201220162649,1.0,0.5096143521701881
2023-03-07,-0.4283123924390355,-0.26887448141373943,-0.7319411030198203,1.0,0.5108447003444978
2023-03-08,-0.2249113777168485,-0.0066210869426603465,-0.13908754842790988,1.0,0.5550937779153357
2023-03-09,-0.3574738783322621,0.07811701660309955,-0.27159687910852975,1.0,0.5453700544993607
2023-03-10,-0.4749800326758409,-0.14640368996708433,-0.4653820844232814,1.0,0.521721774592206
2023-03-11,-0.4831447863875973,-0.6477261877056597,-0.5533966696338759,1.0,0.49735520076529516
2023-03-12,-0.48320850927454434,-0.5147813177841845,-0.6727485247912128,1.0,0.4989119269809823
2023-03-13,-0.40297716554532687,-0.6750959498268294,-0.03233898508105284,1.0,0.5189278915514919
2023-03-14,-0.2818812232130826,0.1933031633087061,0.5689214214670834,1.0,0.5832262643058934
2023-03-15,-0.14643399107097302,0.24105439083643224,0.9709196655997294,1.0,0.6076456557334442
2023-03-16,-0.12487423385515231,-0.542362850032363,0.3019474452291158,1.0,0.5541415138326119
2023-03-17,-0.4939417245919882,-0.7002692191040387,-1.0482021772071826,1.0,0.47795259499095977
2023-03-18,-0.42073444029849677,-0.4753236896470195,-1.2532434792289797,1.0,0.48537110093717506
2023-03-19,-0.3571056119004206,-0.248704634736727,-0.7216871244981755,1.0,0.5167740286093359
2023-03-20,0.20471679345013874,-0.3478288333568297,1.0129340053038531,1.0,0.6079193850169364
2023-03-21,0.04150397737952873,0.30782781597894215,0.5008213441565121,1.0,0.6072871356296417
2023-03-22,-0.4663594817414721,-0.48221532317943927,-0.8645245073211469,1.0,0.4949995791740537
2023-03-23,-0.4560912972232611,-0.842867224890501,-1.4086845105296941,1.0,0.4625182954636886
2023-03-24,-0.44857204100575626,-0.03198121447432873,-1.4778238078276447,1.0,0.49450185306893113
2023-03-25,-0.4831105168544129,-1.1197118157532275,-1.6806868231584855,1.0,0.44011507911470515
2023-03-26,-0.45794189233594057,0.28197430561280473,-2.3168567981064263,1.0,0.47899090997459004
2023-03-27,-0.22583555044025871,0.015552708057344565,-1.3603940448903158,1.0,0.515245857976695
2023-03-28,-0.3141453931404911,0.5563759043599943,-0.9931189092763721,1.0,0.5441353394964212
2023-03-29,-0.5035121360481208,-0.05440914866542802,-0.42925569178472145,1.0,0.5248569533429084
2023-03-30,-0.18803713302648634,-0.6530435775879537,-0.1262371086223094,1.0,0.5310461384446592
2023-03-31,-0.5748913198888146,0.2194266085581229,-1.2801754229560756,1.0,0.5031441732654649
2023-04-01,-0.6019496405461722,-0.021201659223795983,-2.595180523062902,1.0,0.4474806040605003
2023-04-02,-0.4934996809744921,-0.2646186675133981,-2.4393211629818374,1.0,0.44976353802258107
2023-04-03,0.08386149539817069,-0.3050673758989564,-0.895192372951017,1.0,0.5380398799323877
2023-04-04,-0.3878486350983304,-0.646311606898942,-1.526222581866166,1.0,0.47133968797711656
2023-04-05,0.09535818739911021,2.183016035978075,-1.0769103947149348,1.0,0.6364192008351959
2023-04-06,-0.11426262692410864,1.4011630469062426,-1.0698819466194154,1.0,0.5901015536055058
2023-04-07,-0.4961739682795387,-0.23263543309611504,-1.353579634420505,1.0,0.48710927125500914
2023-04-08,-0.5923346136911983,-0.3309440635772978,-1.9925981176060379,1.0,0.4553017525179981
2023-04-09,-0.4700482813558572,-0.0667167358276759,-2.042969268227385,1.0,0.4727846083092102
2023-04-10,0.8435769512434321,0.36089001096756274,-1.0747611176962415,1.0,0.6104501766166693
2023-04-11,0.09345320163930168,1.3648104546351039,-1.295555994801489,1.0,0.5949121158923665
2023-04-12,-0.04081312858681228,1.7878628422923788,-0.8140950468147803,1.0,0.6196369082959023
2023-04-13,0.5439127634973917,1.0434782668481366,0.09511796168167898,1.0,0.6579097107412212
2023-04-14,0.031880412959232975,0.23897227932401263,-0.2296178889308814,1.0,0.5794286095380867
2023-04-15,-0.4186883772727254,1.7596889006464334,-0.9012983361887721,1.0,0.5903645345024607
2023-04-16,-0.35897880239478613,2.1285336782872393,-1.5006378404037384,1.0,0.5897357217555246
2023-04-17,-0.3071547399582108,0.8739211393970435,-1.1959176143813366,1.0,0.5510724776649515
2023-04-18,0.1866839985602656,0.3508361671278272,-1.0975290378735407,1.0,0.5654794722718924
2023-04-19,0.39932785206218113,0.2896737938546449,-1.2748034367852838,1.0,0.5711981503219128
2023-04-20,0.5453780261567027,4.0506048160786765,-0.5945916899012206,1.0,0.7165388120804063
2023-04-21,0.4383941809706699,4.901734332865038,-0.6836511529151432,1.0,0.7064379069675399
2023-04-22,0.21361988605184817,0.28577008246381036,-1.103036589393858,1.0,0.5643805261929867
2023-04-23,-0.25863562109799626,0.5119760520460858,-1.9081462819638415,1.0,0.5154850846965925
2023-04-24,0.43071016204300905,1.2449024453525,-1.0978215230726003,1.0,0.6189908952568014
2023-04-25,0.6869237069665672,1.9974362241687789,-0.7676104507365675,1.0,0.6784344081135848
2023-04-26,0.08644349270869282,2.6930378849870293,-0.9586954026160445,1.0,0.6610162979678377
2023-04-27,-0.11155697860734798,1.7869514220576288,-1.1319681745830148,1.0,0.6042869048591443
2023-04-28,-0.18059772659381954,1.7903675233365586,-1.178266108813766,1.0,0.5982832614056431
2023-04-29,-0.33435961053630275,1.2435151747506956,-1.4042148791786069,1.0,0.557715328939572
2023-04-30,-0.38792868690052035,1.8801436195378303,-1.90001739958028,1.0,0.5641434917013656
2023-05-01,-0.3925785258572558,0.06004298353414824,-0.8545270612217255,1.0,0.522845653882715
2023-05-02,-0.029587342391710104,0.03598996137528276,-0.6923833721319319,1.0,0.5514476464934585
2023-05-03,-0.1629697028416756,1.046559468084354,-0.6409561840801833,1.0,0.5863767915113969
2023-05-04,0.0003920616471718972,1.356595616746519,-0.7936713784805309,1.0,0.6050952421915654
2023-05-05,-0.29983179724848236,0.6583699266296822,-1.2358465468760162,1.0,0.5412484088971374
2023-05-06,-0.844023378417138,0.4209708986667777,-1.719633668248501,1.0,0.4789511066083565
2023-05-07,0.44060328903812046,2.567504156285568,-1.294821297777402,1.0,0.66819218252186
2023-05-08,1.6473272668391163,3.102247642124618,0.10054950370364328,1.0,0.8131734679127293
2023-05-09,-0.14003494007035064,2.386076695135066,-0.11999386230819485,1.0,0.6610844042156646
2023-05-10,-0.05601084216573818,2.4056814272030556,-0.5852101893000543,1.0,0.6519956636790764
2023-05-11,1.0007314769238802,2.0676718695389287,0.5241063587393995,1.0,0.7453386383170274
2023-05-12,1.5497324474790202,2.1050037041230856,1.0113390856098805,1.0,0.7997352870240593
2023-05-13,-0.15902500695421978,0.8616405870845224,0.30257147224595976,1.0,0.6103857397397724
2023-05-14,-0.6213638804174826,0.991745300822034,-1.198999697427222,1.0,0.5349318055921786
2023-05-15,-0.024910765486564658,1.0943746859629984,-0.3373450248252388,1.0,0.6076933933885127
2023-05-16,-0.05758605586756828,0.11926759097448474,0.11154055493616488,0.8705505632961241,0.5604310155583898
2023-05-17,-0.2476526498388124,-0.16663180473637265,-0.2278277266403201,0.7578582832551991,0.5076313164136662
2023-05-18,-0.4382354970728948,-0.23998193211919633,-0.9625666304610433,0.6597539553864472,0.45266259198277287
2023-05-19,-0.3876871473866118,-0.34294993228399234,-0.556826922918911,0.7578582832551991,0.47998245472004236
2023-05-20,-0.6892566875026195,-0.6971725426329664,-0.9522022746212467,0.8705505632961241,0.4488432068971622
2023-05-21,-0.3406054301052489,-0.5950368860694065,-0.9071071359034594,1.0,0.49726286320997615
2023-05-22,0.8864917205857867,-0.3500895662003677,0.6738298475494587,1.0,0.6419733776990191
2023-05-23,0.8235623072445393,0.35709802012851705,0.6638265244008522,1.0,0.666910788801686
2023-05-24,-0.36303683450806573,0.0346151223013976,0.7682998532847429,1.0,0.5778498362381786
2023-05-25,-1.0830761772958266,-0.25968026063706706,-0.015038657371355147,1.0,0.4914736220746886
2023-05-26,-1.1626127454946673,-0.716360404267913,-0.7811902986501976,1.0,0.4416044568341859
2023-05-27,-1.6091621528871332,-0.0497930495950807,-1.213381614551395,1.0,0.42520175892268297
2023-05-28,-1.3611594035087962,-0.3188740673812326,-1.3512613607964943,1.0,0.4259275749319791
2023-05-29,-0.47442745878020653,-0.31446428326092446,0.1872520703580583,1.0,0.536510559957383
2023-05-30,0.753702646440221,1.9908756556930034,1.886259517172211,1.0,0.7710753126556302
2023-05-31,-0.7667704946560897,2.3740433760022595,1.102975605106577,0.8705505632961241,0.6401488790209926
2023-06-01,2.5711949836659227,0.7625236277588121,3.24270240353433,0.7578582832551991,0.8418635592226253
2023-06-02,2.752994191908225,-0.030411107615850926,3.888743530933621,0.6597539553864472,0.8062289099511883
2023-06-03,-0.05704714375840902,0.8700140961765094,2.3186403379727656,0.5743491774985175,0.6208878323139971
2023-06-04,-0.8772767711234112,1.090548842197147,0.45145614042781723,0.5,0.5020029550309143
2023-06-05,-0.07655591392535477,0.2699396002932458,0.9681912279524859,0.4352752816480621,0.5287080889294871
2023-06-06,0.9811313517093729,0.48538538699264877,0.9351145900704754,0.37892914162759955,0.598643005485141
2023-06-07,-0.5860737226468874,0.022320845357651248,0.43800036085537236,0.3298769776932236,0.45094001239593895
2023-06-08,-0.9285745936664122,-0.264910588123969,0.03693812529240382,0.37892914162759955,0.41012772800429387
2023-06-09,-1.0337118150063678,-0.5390530537104358,0.18773180835945252,0.4352752816480621,0.40517435428749843
2023-06-10,-0.9557344877466927,-0.05044857603276284,0.7686283052100553,0.5,0.45980328698919054
2023-06-11,-0.23145771283634253,-0.6685810696351954,0.5835778440190185,0.5743491774985175,0.48731691266818894
2023-06-12,-1.4562920000831805,-0.8245530533136951,0.6903796502868074,0.6597539553864472,0.4155332377572447
2023-06-13,-1.1091883945993133,-0.8412387309932128,0.5577081032599892,0.7578582832551991,0.44827150583227476
2023-06-14,-0.6841401593300772,-0.13386331336921817,0.5713244541046728,0.8705505632961241,0.5234397509521851
2023-06-15,-0.6900613900594776,-0.061165624242340656,1.418346352314033,1.0,0.5737255513964051
2023-06-16,-0.8501207971581112,-0.28944977538841543,0.5305284161512013,1.0,0.523949153419982
2023-06-17,-0.5036871854793123,1.1142563567430939,0.18646113647579482,1.0,0.594063573714868
2023-06-18,-0.33758018779250765,0.6905934479520036,1.2140773151761683,1.0,0.6217386249843719
2023-06-19,0.7408720698875648,0.2243245463853306,2.767555682714926,1.0,0.725990183515724
2023-06-20,-0.0857990392168609,0.008976601076481962,2.046583191913812,1.0,0.6378735288275231
2023-06-21,-0.3049817596975789,-0.2480883370490187,1.511683990190705,1.0,0.5947203349828092
2023-06-22,-0.7431622343364248,0.11599580872082177,0.7157808278065123,1.0,0.5541483706678231
2023-06-23,-0.1826593830637365,-0.6574832007788608,1.1628493206671777,1.0,0.5741892184522043
2023-06-24,-0.39425948978239544,0.2916625575317933,2.038650844745693,1.0,0.6288236687365214
2023-06-25,0.5649340083184573,0.2682018471880584,2.3224101782499895,1.0,0.7012510167957325
2023-06-26,0.325615459590016,0.2348152577848395,2.615016587912784,1.0,0.6936588859774622
2023-06-27,0.1796645816383501,-0.5108570606900034,1.5558395420838742,1.0,0.617553245983269
2023-06-28,0.43570083741944776,-0.06405899929498154,2.0274142174620664,1.0,0.6689580714394079
2023-06-29,2.0583079289228783,0.3783402554570749,2.7119080694550983,0.8705505632961241,0.7989642260484919
2023-06-30,-0.36252745370307404,0.7439059981665656,1.6712606688674203,0.7578582832551991,0.601215017793929
2023-07-01,-0.23413851183547105,0.380268827182504,1.7799530426135495,0.6597539553864472,0.5835301617386583
2023-07-02,-0.7937232716563556,1.2640455747234216,2.0755992800311107,0.5743491774985175,0.5800927001288668
2023-07-03,1.1584555987936802,-0.592187989245396,2.791022698948459,0.5,0.6455899636659692
2023-07-04,0.9976810940314079,-0.06978456097544221,2.6074037672528108,0.4352752816480621,0.6408091340504201
2023-07-05,1.9993173439027263,-0.795032931144024,3.555257279078777,0.37892914162759955,0.6820008220399874
2023-07-06,1.7667651709097454,-1.339890972693778,3.0730591110905237,0.3298769776932236,0.6364371008523925
2023-07-07,1.5406310074913745,-0.9135498644437285,2.5387081052195457,0.2871745887492588,0.61734394796731
2023-07-08,1.4733885335955688,-0.9021743152740421,1.5455905264003178,0.25,0.5746549899832968
2023-07-09,-0.40934289237473964,-0.7592208189996835,0.8308200677836882,0.21763764082403103,0.4264159214330915
2023-07-10,1.5647492320818215,-0.40506366801196997,2.2083489167733745,0.21763764082403103,0.6186962393210065
2023-07-11,2.1007838131067924,-0.709258084321044,2.3524192096141214,0.25,0.6514138076808801
2023-07-12,3.00080198500278,-1.222361704843612,2.287389772121053,0.2871745887492588,0.6933907763479401
2023-07-13,3.2655529631160944,-1.2975534776043698,2.5118162896557172,0.3298769776932236,0.7041440280756588
2023-07-14,1.3831263218583167,-0.4612073590309616,2.4335112934055654,0.37892914162759955,0.6359478625219231
2023-07-15,0.8484108643643946,-0.5373450031412551,1.5484966456849687,0.4352752816480621,0.5760791962634491
2023-07-16,0.22550322564021352,-0.6716771088145479,1.108835013325994,0.5,0.5240081692862745
2023-07-17,2.6909216605590567,-0.7523565976362767,1.9221205533173458,0.5743491774985175,0.7232696475377813
2023-07-18,1.4899853451151792,-1.1881966912031408,1.7563413938965111,0.6597539553864472,0.6323319673120651
2023-07-19,0.4031563151875974,-0.8769288359551254,1.5974937347622986,0.7578582832551991,0.5822669198280661
2023-07-20,0.08134038397703147,-0.13247905995388534,1.951835201951006,0.8705505632961241,0.6205464893265091
2023-07-21,-0.2066945976627015,0.5856354761854724,1.3015973346691327,1.0,0.629008416152519
2023-07-22,-0.10034403730996014,1.221246152833326,0.641771710293605,1.0,0.6405880442238447
2023-07-23,0.42048274731852214,0.6382267039457837,1.026203056288101,1.0,0.6638317310285792
2023-07-24,1.6973585262293562,-0.4836947466407114,1.6855949846941911,1.0,0.7241897867950672
2023-07-25,2.1024952938274213,0.17395740951906047,1.5425774378281942,1.0,0.7738338262460622
2023-07-26,2.583371124329211,-0.5098947789117503,1.9227358608837675,1.0,0.7900703211967501
2023-07-27,5.0,-0.7414609398389063,2.369565167469078,1.0,0.8230912997556815
2023-07-28,5.0,-1.394402289694083,2.1578929683666326,1.0,0.788829670208301
2023-07-29,0.5212734142790061,0.7141330479132991,1.4405840075401628,1.0,0.6875265715329933
2023-07-30,-0.39544299995805376,3.082357530478987,0.5007958352703933,0.8705505632961241,0.6709129123395615
2023-07-31,-0.6101796739704248,2.538533236640711,-0.04656762313148545,0.7578582832551991,0.6022200616458984
2023-08-01,0.0434035568393061,1.3702949771796973,0.5178753130052608,0.6597539553864472,0.6012147982465836
2023-08-02,-0.12939368982785257,1.8212596148753468,0.6464332026475553,0.6597539553864472,0.6127704380275015
2023-08-03,0.0009680870367292744,1.000015468790128,0.6069193966189281,0.7578582832551991,0.6006412393776147
2023-08-04,0.029940937776994032,1.3736663413691004,0.6928767708585506,0.8705505632961241,0.6379106369318824
2023-08-05,-0.15505994010260585,0.6322502505852576,0.3148511145619309,1.0,0.601501468252943
2023-08-06,-0.18567935320812387,2.172689851711356,0.4997836330362808,1.0,0.669809574708641
2023-08-07,-0.1754429907277576,1.1767955553416958,0.7957430217652092,1.0,0.6388617161495606
2023-08-08,-0.34451464599359494,0.6047641054993972,0.5176466690230555,0.8705505632961241,0.5750683347914224
2023-08-09,-0.27041420571169367,0.18642838490710179,0.795149751682841,0.8705505632961241,0.5718278118741964
2023-08-10,-0.37082809355177837,0.6255962941059616,0.34224564529734147,1.0,0.5877528275275412
2023-08-11,-0.15051751174721406,2.0839835271123675,0.8988706866648118,1.0,0.6817605024020282
2023-08-12,0.0431172197199127,2.4969841053403665,0.7947825315325533,1.0,0.7084082367549279
2023-08-13,0.09022799311604282,1.0885378837573552,0.7837297024279375,0.8705505632961241,0.6330778526063092
2023-08-14,-0.21591972116925173,1.4630124550166668,0.6913689726362435,1.0,0.6446098366356191
2023-08-15,0.065015193456609,0.15356809754798093,0.6339965033127625,1.0,0.6068662337386986
2023-08-16,-0.2564530142237091,-0.13128205168551724,0.5554979219121143,1.0,0.57094964429526
2023-08-17,-0.31582233588521286,-0.3454480121583798,0.7220289979051825,1.0,0.5636191436978927
2023-08-18,-0.4963417528766435,-0.6160828945731674,0.046571473750593444,1.0,0.5177928116593616
2023-08-19,-0.5798123333790981,2.023068241608667,-0.532233485753316,1.0,0.602899238316644
2023-08-20,-0.09096229209697226,1.8507399605396229,0.7430798564104062,0.8705505632961241,0.6514019252574517
2023-08-21,0.5321205663260712,2.2398596632970382,1.5476888758289717,0.7578582832551991,0.7190705620750271
2023-08-22,-0.1926846841261118,2.7028943343574476,0.8692368978721642,0.7578582832551991,0.6674282574071715
2023-08-23,-0.17916467782625256,2.396224835268993,0.6800951166662714,0.8705505632961241,0.6661508113310856
2023-08-24,0.2566013402723992,2.6415495565721376,0.7588621827212656,1.0,0.7274667269660413
2023-08-25,-0.036254016896357835,2.6490888313384895,0.914346841404659,1.0,0.7134399948928353
2023-08-26,-0.38021048584488537,1.464261418578777,0.3662511235706171,1.0,0.6228718975034773
2023-08-27,-0.5634689146527533,2.796711000563999,-0.25350195675322934,1.0,0.6455149654882087
2023-08-28,-0.36076716191443853,1.653574708341298,-0.31146083800063273,1.0,0.6094657741199038
2023-08-29,-0.3849344326269151,0.6028092949085649,-0.0024862529483872416,1.0,0.574371883347783
2023-08-30,-0.2726528936352348,-0.027645200686605836,-0.367242252473882,1.0,0.5434298486465797
2023-08-31,-0.6896941765007323,-0.19273722419177722,-1.033282758709917,1.0,0.48654691193496324
2023-09-01,-0.5325529462671449,-1.0045102464532907,-0.6635718480568101,1.0,0.4755228150447429
2023-09-02,-0.46639039731719617,0.49875109009267266,-0.3796436471502565,1.0,0.5520338140277065
2023-09-03,0.028900403922860946,0.08079083244969731,0.8505921481292119,1.0,0.6086460498845686
2023-09-04,0.20172847371444994,0.7571968046981041,1.5968846859480712,1.0,0.67322792130832
2023-09-05,1.229047970368852,-0.5212669496730963,2.1245555705954966,1.0,0.7060355941413944
2023-09-06,1.929158775761692,-0.636999347938137,1.7186223212320166,1.0,0.734356356261091
2023-09-07,1.1755811653028472,-0.045224646561501616,0.8709080447586864,1.0,0.6805179855720835
2023-09-08,-0.19086312528514682,-0.934653269091533,0.18767261413591818,1.0,0.5295876592400403
2023-09-09,-0.2660444012259146,-0.03137168872761828,-0.9811084019179418,1.0,0.5232529394906903
2023-09-10,-0.3521553004539346,-0.041912070064622935,-1.3068213075223585,0.8705505632961241,0.48679851796071844
2023-09-11,0.20743541613980682,0.7020709494156124,-0.4018783568269236,0.7578582832551991,0.56836478122902
2023-09-12,-0.12124202581276043,1.901012449766496,-0.6089051979003415,0.7578582832551991,0.5895079529110218
2023-09-13,-0.3083507246074873,0.41727898853496714,-1.0565530132042387,0.8705505632961241,0.5171940602694018
2023-09-14,-0.49591183283230206,0.730051062520237,-1.654957885188287,1.0,0.5171927425765802
2023-09-15,-0.3531976556807108,0.6197112628004859,-2.2542224168674125,1.0,0.5021340450090591
2023-09-16,-0.5594994147532111,3.5061073353035335,-2.6836094775124533,1.0,0.5732463897660375
2023-09-17,-0.6838232826547711,2.721815447220399,-2.6938845241861262,1.0,0.553024607317661
2023-09-18,-0.2907835547321197,0.6928797070546308,-2.114556369343179,1.0,0.513999205167029
2023-09-19,-0.4800671900495066,2.1340010342355744,-2.100194925262572,1.0,0.5619057329144294
2023-09-20,-0.10272298429322947,2.5131440651207098,-1.6573027463316958,1.0,0.6176227122160911
2023-09-21,-0.21541014945658257,2.8172963294419318,-1.6311852249994088,1.0,0.6236538295963281
2023-09-22,-0.34201258703435927,1.3070824399604846,-1.9395381870983766,1.0,0.5420096562927836
2023-09-23,-0.7440266202570424,0.7768637051040622,-2.3365510518180215,1.0,0.4798825113015991
2023-09-24,-0.5888482609795734,0.5884070935033613,-2.354344691755043,1.0,0.48178225510550043
2023-09-25,-0.2587461020472298,0.7381726526974165,-1.9159588147021258,1.0,0.5246421599025062
2023-09-26,-0.3661741225429713,0.49708282589004377,-1.923413385162996,1.0,0.5071863967371205
2023-09-27,-0.5428275743295371,1.3509263558752669,-1.9673694357790634,1.0,0.5295211120135315
2023-09-28,-0.33365673045192457,1.9210231181653963,-1.9331119166880557,1.0,0.568361784003828
2023-09-29,-0.39526806656868835,1.3172263095765946,-1.8286663364434514,1.0,0.5425776805796638
2023-09-30,-0.6060792280191157,1.9177967299102032,-1.9732085097167136,1.0,0.5487292982210936
2023-10-01,-0.004516201195594266,2.309097748551553,-1.3737995960476215,1.0,0.6251180062416877
2023-10-02,0.6745943820586234,0.08349290708311025,-0.5818159859781277,1.0,0.6040579637331002
2023-10-03,1.0297527638785262,-0.06128099535909,-0.31907790687676163,1.0,0.6304608792227142
2023-10-04,1.1654157005172932,0.018606359869671105,-0.4196994975351885,1.0,0.6394796617778828
2023-10-05,0.19871682028448998,0.44696168296454164,-0.999068924095952,1.0,0.5735688940059569
2023-10-06,-0.4911340004589666,-1.0147133250698468,-1.3226339767511772,1.0,0.4558902121997861
2023-10-07,-0.4510530201022877,-0.351844776822004,-1.6546341077471958,1.0,0.47511512936735745
2023-10-08,0.12062431329422417,1.5367624209260662,-2.170556461043603,1.0,0.574721506390081
2023-10-09,0.1512782482372529,1.0706767117946399,-1.7056287074931693,1.0,0.572842455957488
2023-10-10,0.15263545872679782,0.5692992526760703,-1.669578874843784,1.0,0.55324387028183
2023-10-11,-0.07141424556976912,1.0057131763428746,-1.6098938853886036,1.0,0.5584806364633483
2023-10-12,0.04628592162997074,-1.1035490788642437,-1.540189643593261,1.0,0.48076486170287924
2023-10-13,-0.15641186811809335,-0.06385517486840778,-1.608386980057979,1.0,0.5082990105040108
2023-10-14,-0.4367383067126134,-0.7452782484106781,-1.748290128049022,1.0,0.45655451493374677
2023-10-15,0.12570041461098588,0.029505116988447405,-1.7412936968022419,1.0,0.5265662842885096
2023-10-16,0.5150390863506539,-0.6144718115383275,-1.3144962876297839,1.0,0.5399164040216206
2023-10-17,0.590277185229048,-0.5816751939305711,-1.3255450844894585,1.0,0.5459305097851808
2023-10-18,0.37098387441464936,-0.7376828195230447,-1.323989621637491,1.0,0.5248624867596001
2023-10-19,0.50308621787411,-1.3023430965307965,-1.305661134530796,1.0,0.510752747685131
2023-10-20,0.06431978282948551,-0.921448434039106,-1.3638969398467153,1.0,0.49543106944211246
2023-10-21,-0.34673616060382983,-1.708472112824604,-1.4724516826463283,1.0,0.43161619517050853
2023-10-22,0.43507185901525125,-1.9597145248708363,-1.4731720904094816,1.0,0.47324428238441585
2023-10-23,1.6513621269062728,-1.7088151282580732,-1.0156892390196925,1.0,0.5800338701490088
2023-10-24,0.26238637122489755,-1.8029513922389566,-0.9979276736701799,1.0,0.4841051942826974
2023-10-25,-0.18503012462670346,-1.8755911070583484,-1.0723619118655154,1.0,0.4487696318352714
2023-10-26,0.833740023684848,-0.9427181387944421,-0.9892113243843846,1.0,0.5583290349830753
2023-10-27,1.5634435048214297,-0.4484656214591987,-1.0301472925120554,1.0,0.6262052563435603
2023-10-28,2.34246241491264,-0.4560091398127094,-1.1971160340871527,1.0,0.6722599123657415
2023-10-29,0.45006308682804264,-0.8536853300206729,-1.1674418913495044,1.0,0.5305192539926914
2023-10-30,0.8690571445886522,-1.0157627002203515,-0.7838514630251825,1.0,0.5644853150292228
2023-10-31,-0.44653625249031226,-0.7367593318118698,-0.8998459480925508,1.0,0.48453774607206623
2023-11-01,2.135678303257735,-0.7737790205755001,-0.3904716089520728,1.0,0.6721220407281342
2023-11-02,2.764591426068086,-0.9986345134340812,-0.038690238235461256,1.0,0.7164066490702704
2023-11-03,2.8763234169859184,0.5364915586652129,-0.21014604445446355,1.0,0.7821038412616297
2023-11-04,-0.8430717643028823,-0.7991077702786322,-0.9590492342858653,1.0,0.45353075080866934
2023-11-05,-0.5764106267581464,-1.253688422997908,-1.1764621811855065,1.0,0.4451202012183606
2023-11-06,0.8075824840730107,-1.2682261498365717,-0.7535708868703548,1.0,0.5508770464659984
2023-11-07,-0.5443286130297638,-1.0122261379432516,-0.7322120602480251,1.0,0.47212826804211283
2023-11-08,0.06282571018565619,-1.216664523569687,-0.6673958270144063,1.0,0.5062474979631599
2023-11-09,-0.12600524278006403,-0.879839228453441,-0.7240790078651407,1.0,0.5058037157002643
2023-11-10,0.07253664435065539,-1.4790795683493836,-0.6486183276321776,1.0,0.49658685002108016
2023-11-11,-0.4027942141945086,-1.5325124102700431,-0.7052371382385307,1.0,0.4607844640178299
2023-11-12,-0.06948891570022364,-1.4457572749196423,-0.7108881014050964,1.0,0.4864312491181635
2023-11-13,1.481831732470296,-0.9901435929343566,-0.04481659602367598,1.0,0.6310389125916323
2023-11-14,0.37915301855266964,-0.9368534702878397,-0.21487277841767205,1.0,0.5540788806942623
2023-11-15,1.0653512387992152,-0.41653057690856005,-0.10884347010587063,1.0,0.6250398595452287
2023-11-16,0.19994734217560517,-0.9368097582446475,-0.2875813838908986,1.0,0.5397100367551501
2023-11-17,-0.5644408968491496,-0.664087253958786,-0.6470949975019263,1.0,0.4881304713783764
2023-11-18,-0.8455540004846621,-1.0477019018165044,-0.8229115576530416,1.0,0.44754510213690013
2023-11-19,-0.7517370120431611,-1.2977346801392142,-0.6903139364114321,1.0,0.4478014563109409
2023-11-20,1.0640530837265705,-0.3146026702975343,-0.0018229516654905491,1.0,0.6327676625971911
2023-11-21,0.1022875940153444,-0.4392686733438572,0.07359872114478556,1.0,0.565969602249855
2023-11-22,-0.9458687116281773,-0.9598202687049889,-0.10822330923642617,1.0,0.4683421310541994
2023-11-23,-1.1909512265052482,-0.8591700721922794,-0.36335518202846956,1.0,0.4476926591573561
2023-11-24,0.08550106692096832,-0.5817426606246622,-0.4374827438212015,1.0,0.5418780354746635
2023-11-25,0.3359587401897837,-0.3421997138579247,-0.24453314963463488,0.8705505632961241,0.5555704074418362
2023-11-26,0.6438910627441918,-0.4387019205757202,-0.13629663137506298,1.0,0.5951036031131224
2023-11-27,0.6437168947304333,-0.3311578376365827,0.8146259622461868,1.0,0.6312704151553775
2023-11-28,0.6408253299031129,-0.11476240581115753,1.4815267265562475,1.0,0.6623241459699509
2023-11-29,1.5215663224550349,-0.15216086075052973,1.5449048077786738,1.0,0.7215945458916861
2023-11-30,-0.8248035022897536,-0.888763642266656,1.0050027288400047,1.0,0.516481372380906
2023-12-01,-0.8745653205457526,-0.8601690009278282,0.22391675987800846,1.0,0.488319162254224
2023-12-02,-1.054394771880719,-0.7870990443427833,-0.04016122408612598,1.0,0.47057251422413193
2023-12-03,-1.2603398097545735,-0.9635394231377037,-0.357880307900639,1.0,0.43890052645560285
2023-12-04,-0.771190266294639,-0.8590107531783481,0.5189788099526508,1.0,0.5050944945296812
2023-12-05,0.6659552953017054,0.013219867017782492,0.9054774695772836,1.0,0.6501304297984308
2023-12-06,0.03972980063877532,-0.4849438743848862,1.4770042881841803,1.0,0.6066761348826875
2023-12-07,-0.1374016841358162,-0.7554076458625393,1.5436126489013073,1.0,0.5858183241100501
2023-12-08,-0.7571696513159965,-0.7884136953570396,1.013374136003958,1.0,0.5254505904725222
2023-12-09,-0.9038554403754013,-1.1647169606822108,0.028267497329796665,1.0,0.46715534719087437
2023-12-10,-1.1947425178192603,-0.6069765880588033,0.08464755909436515,1.0,0.472881392946078
2023-12-11,0.38476439079423724,0.32037455273345583,1.828701384549537,1.0,0.6749566119018277
2023-12-12,1.3651695522525877,0.45740555005162764,2.2198607015050924,1.0,0.7590652247858268
2023-12-13,-0.4152383447499737,-0.031115875914585842,1.7580183106868905,1.0,0.6046215592097903
2023-12-14,-0.27207713923791277,-0.1896818040118171,2.1492444739360037,1.0,0.6205995980148469
2023-12-15,-0.5296386462671616,-0.5721052318375207,1.6936829125585389,1.0,0.5723091360075772
2023-12-16,-1.4460510320485196,-1.128117228077426,0.31671779408361894,1.0,0.4421489731629933
2023-12-17,-1.4270350962100922,-1.2770935896628366,-0.07881239372729204,1.0,0.4240250142257993
2023-12-18,-0.856732555992134,-0.8287946133643631,1.412243310520303,1.0,0.5304261643943528
2023-12-19,0.10710357449792934,0.24426827446030347,2.0181559875451067,1.0,0.6595899493205448
2023-12-20,0.13281672416417162,0.2085985605396287,2.0960860720578167,1.0,0.6624155907020233
2023-12-21,-0.05289630115215485,-0.2088645842587001,1.4018612154288126,1.0,0.6094995960933709
2023-12-22,-0.6833807451234789,-1.0115964959963593,0.9278068566944487,1.0,0.5182183248817347
2023-12-23,-0.8821894570356561,-0.6616642568920522,0.3873977980809971,1.0,0.5015312854298207
2023-12-24,-1.3298768769500586,-0.9350971201123358,-0.35937564037425923,1.0,0.43539997351950677
2023-12-25,-1.514684168931272,-0.9575555112096603,-1.1983001804926792,1.0,0.39417956975442336
2023-12-26,-0.961880987914002,-1.0900649364376107,-0.29379021018034995,0.8705505632961241,0.43624480594257303
2023-12-27,-1.3344052266651354,-1.2565191545526573,-0.06835260748717246,0.7578582832551991,0.39508500902133775
2023-12-28,-1.3592217462827094,-0.9984011652644098,-0.01562775319072232,0.6597539553864472,0.391227336563412
2023-12-29,-1.2990805574548612,-0.7089308609747474,0.07463738032895346,0.5743491774985175,0.3974961329314709
2023-12-30,-1.4081027206437622,-0.6949311867042468,0.04480472200888419,0.5,0.3786645099113684
2023-12-31,-1.5695335477174739,-1.0953063959000058,0.0032715693177886164,0.4352752816480621,0.3401270082141371
2024-01-01,-1.0560730155521545,-0.9190522111762612,0.3936261797684793,0.5,0.4044221628231282
2024-01-02,-0.20987451387143902,-1.2093165469575362,1.3607045941063827,0.5743491774985175,0.4921293727136638
2024-01-03,-0.1098499132117622,-0.8603736617802352,1.5409557111766443,0.6597539553864472,0.5321560535588946
2024-01-04,0.06217619087069077,-1.032955466128258,1.5970780350944604,0.7578582832551991,0.5530199452941305
2024-01-05,0.6684719854269869,-0.6622583212740107,2.1005173631366345,0.8705505632961241,0.6425705322410218
2024-01-06,-0.7175778199371183,-1.3184904012370768,1.2034165509035517,1.0,0.5123382636494324
2024-01-07,-0.8959204257099678,-1.3780629704242227,0.6064716617918764,1.0,0.4780684032447221
2024-01-08,-0.35016327305153505,-0.9774384655165658,1.0799872984933951,1.0,0.5469287556831539
2024-01-09,-0.8384767732330622,-0.7598406846805618,1.0730462353021033,1.0,0.5232097277661759
2024-01-10,-0.359025659892463,-0.97691093575962,1.0056718647125245,1.0,0.5438827291742692
2024-01-11,-0.03043173463657505,-0.981201978026095,1.026376213289606,1.0,0.5663003423827946
2024-01-12,-0.2472472825118592,-0.33041336713855846,1.0521029848297943,1.0,0.5798197236960959
2024-01-13,0.9423204918742893,-0.4913553164086648,0.7232873503873883,1.0,0.6414578062875046
2024-01-14,2.2587153878349198,-1.2763353427905515,1.6329924020699065,1.0,0.7268334666417187
2024-01-15,4.094001004410344,-0.7357215274643928,2.5864280891820925,1.0,0.8305592059950534
2024-01-16,4.350997318850188,-0.6735896413684266,2.9321213409884117,1.0,0.8446711429759294
2024-01-17,5.0,0.24182433677863566,3.23420394425689,1.0,0.8850760140324433
2024-01-18,2.234605802838624,-0.32126278997784663,2.472896406991496,1.0,0.7930176508398812
2024-01-19,0.3894868119946982,-0.44630530480506925,1.9354319502378228,1.0,0.6468841314406961
2024-01-20,1.2663010726295587,0.04052896183314244,2.142305214153317,1.0,0.7325189520567955
2024-01-21,0.7068772960725512,2.411822494019096,2.0354447096178485,1.0,0.7904659139762275
2024-01-22,2.7981213427419953,2.4315891771482763,2.369934845904601,1.0,0.941855466760798
2024-01-23,0.05795904424391887,-0.6779205994116934,1.0783545178362532,1.0,0.5865623952353158
2024-01-24,-0.6131165273134278,-0.8526369602481005,0.42136321110217095,1.0,0.5126444652055063
2024-01-25,-0.7838665743874861,-0.5184611859141988,-0.22797092002825856,1.0,0.49354064829346733
2024-01-26,-0.7575110478764171,-0.7860192353675624,-0.707449113483034,0.8705505632961241,0.4487494093795746
2024-01-27,-0.8266741110986027,-1.1151070540804673,-0.99550898004281,0.7578582832551991,0.4039207084935932
2024-01-28,-0.7155842628569965,-1.2350807749484425,-0.33014215109126244,0.7578582832551991,0.4285066876385863
2024-01-29,-0.39322781957692343,-0.6776947926773184,0.4186083903300156,0.8705505632961241,0.5150837265054027
2024-01-30,-0.3213691089925031,-0.2862459951090079,0.44054426812674885,1.0,0.5563332852085161
2024-01-31,-0.5353327175285469,-0.5108387143951768,0.3332587205278033,1.0,0.5291348297492247
2024-02-01,-0.4931250615920645,-1.0710455366603655,0.3759979691734462,1.0,0.5100313641721287
2024-02-02,-0.7499876280369514,-1.0860186931214009,-0.3355096176677385,1.0,0.4685663919952203
2024-02-03,-0.7968785063533749,-1.0269051406866274,-0.41708390798368966,1.0,0.4651842551150426
2024-02-04,-0.7518573264221948,-0.9691030707902436,-0.7238041384405753,1.0,0.46037007900757443
2024-02-05,-0.24510339785502583,-0.3496503887506135,0.5198804549461127,1.0,0.5614203557765932
2024-02-06,-0.23280468298958093,-1.0199438197849306,0.5063028587141537,1.0,0.5338587906001276
2024-02-07,-0.22814814933037436,-0.9519389961948074,0.7450235116930572,1.0,0.54496011559296
2024-02-08,-0.39543206794927416,-0.8821995482567931,0.26385203468873863,1.0,0.5206746154489733
2024-02-09,-0.8213938533982367,-1.1104434774104674,-0.7360927925740052,1.0,0.4494355051288813
2024-02-10,-0.8762375636848148,-1.2137973241849398,-1.4589264391665764,1.0,0.417378392607754
2024-02-11,-0.7595823358578153,-0.6114355369193145,-1.3462216764918005,1.0,0.4540106410214475
2024-02-12,-0.6277706092351559,-0.0735504463255443,-0.5243569357288964,1.0,0.5126054595964621
2024-02-13,-0.5454045710085633,-0.4079105056187481,-0.1841111581662271,1.0,0.515506385593107
2024-02-14,-0.4013500377210076,-0.6454591499441263,0.13889331964914095,1.0,0.5259789768925657
2024-02-15,-0.35825979297596505,-0.2223316420309955,0.5719126981268265,1.0,0.5609159519878717
2024-02-16,-0.5627871434898168,-0.15843019962315716,-0.1877606411979864,1.0,0.5246209107431145
2024-02-17,-0.6420410870051169,-0.4864239650531766,0.048718374285635344,1.0,0.5135535414652977
2024-02-18,-0.6732719209954204,-0.5611825457387172,0.11405808440395751,1.0,0.5105345353413241
2024-02-19,-0.36016315305445745,-0.05881750270623694,0.25723097872588124,1.0,0.5571127598078057
2024-02-20,-0.20486983783370855,-0.789023470915595,0.7277695216651883,1.0,0.552725016911776
2024-02-21,-0.3561768050096103,-0.6639179934968348,0.4210393534636165,1.0,0.5376262750524452
2024-02-22,-0.5214787332700547,-0.24936664718171167,-0.3453729568634318,1.0,0.5183320422539773
2024-02-23,-0.6735484552129838,-0.675311135704269,-0.8629187234960711,1.0,0.47319484821492086
2024-02-24,-0.4858637492811842,0.15166241784044196,-0.99150742887563,1.0,0.5158781031620852
2024-02-25,-0.462539996301717,-0.3565896471250014,-0.8082612140024723,1.0,0.5023640578162615
2024-02-26,-0.2602540660751678,-0.044146306015374344,-0.46690583760506454,1.0,0.5402467715908461
2024-02-27,-0.6716698272316867,-0.13815985907884523,-1.3497024168559502,1.0,0.4794752701610706
2024-02-28,-0.4146946576906923,0.7996918489190376,-0.8434688682084224,1.0,0.5525585542519663
2024-02-29,-0.48307559021590407,3.482550638626274,-0.7914531278500476,1.0,0.6414131897239381
2024-03-01,0.056418832020973426,1.4339515127082738,0.13519527076002294,1.0,0.6430157441895771
2024-03-02,-0.559260468779622,-0.3159822472687761,-0.9094965091614838,1.0,0.49423349147311
2024-03-03,-0.6413959865821115,0.8292593879865449,-1.8412549089560464,1.0,0.5054175784287637
2024-03-04,-0.4817519252488395,0.034728264819546,-1.5203237165200418,1.0,0.49365275880022375
2024-03-05,-0.652290125066361,-1.0547305167307797,-1.337712498516749,1.0,0.4429764701812351
2024-03-06,-0.6138523808571816,-0.5479289753441213,-1.077522198685897,1.0,0.47532872734731957
2024-03-07,-0.5017483570890984,-0.18881515770219667,-1.0619834947269802,1.0,0.4982833614655693
2024-03-08,-0.5660243726524038,-0.3807678278023169,-1.2475444834512877,1.0,0.47981489954970036
2024-03-09,-0.6617693717535383,-0.9190021518804076,-1.4045075949804877,1.0,0.4457733657220643
2024-03-10,-0.3572922551856163,-0.5726323528871801,-0.8643640884957653,1.0,0.4985086986674676
2024-03-11,0.365681819651442,-0.10684383066958983,0.03138912436993741,1.0,0.5959732658445278
2024-03-12,-0.1060810815429098,0.6338527489355913,-0.596843140552292,1.0,0.5744436877510459
2024-03-13,-0.271649996762157,1.2708026042390288,-1.2390815399787847,1.0,0.5685373907265229
2024-03-14,-0.4902104283181285,0.3905565684214794,-1.41109102910783,1.0,0.5115561274927588
2024-03-15,-0.502816255548511,0.4222053706818693,-1.5283851327828961,1.0,0.5081246356490806
2024-03-16,-0.541810812488148,0.6136022174556097,-1.7709274288392498,1.0,0.5054151239334655
2024-03-17,-0.3620281489722338,2.2391486204084314,-1.7541290063354158,1.0,0.5856916823743552
2024-03-18,-0.014541716831910488,3.940972676651614,-0.3983439776610409,1.0,0.6857524196225047
2024-03-19,0.18898451634674782,2.9655744981047323,0.1467890841922359,1.0,0.7160575413172217
2024-03-20,0.007871511810267138,1.9941653627976863,-0.4659396776997899,1.0,0.6430836683139284
2024-03-21,0.6095586311322096,1.8217735086445033,0.15338003165335728,1.0,0.6966571393241136
2024-03-22,0.45087062342562034,1.3414685058980376,0.0728665940714185,1.0,0.6633814491098403
2024-03-23,-0.46296736039268777,-0.024054681203285015,-0.9521168137292696,1.0,0.511396003799375
2024-03-24,-0.23649332870830359,1.2813663567233,-1.0270018874348237,1.0,0.5783906467017566
2024-03-25,0.480096743354248,1.257846718418052,-0.23933721025250743,1.0,0.6514388224826185
2024-03-26,-0.00019868901991996186,1.7438974609133115,-0.8020496592012619,1.0,0.620914159630018
2024-03-27,-0.35619985851965147,0.20417252392175878,-0.9075211865831838,1.0,0.5295098250426571
2024-03-28,-0.31873306049522093,0.4876768398144383,-0.756614693801598,1.0,0.5488505078325336
2024-03-29,-0.35742680851074804,-1.1004941082022492,-1.121361251451655,1.0,0.4679389165424679
2024-03-30,-0.6494912302028261,-0.9056772227726433,-1.7610631035951894,1.0,0.4352619302511118
2024-03-31,-0.6184517742602403,-1.6414646473347052,-1.9808309192008555,1.0,0.3993478241036761
2024-04-01,-0.4879041739586903,-0.5459568057235575,-1.1874372253783907,1.0,0.4801436139849927
2024-04-02,-0.3596787808856116,-0.38056408173074213,-0.9784438836789716,1.0,0.5025497817462126
2024-04-03,0.029444647491901565,0.07105998680876144,-0.6948075784243012,1.0,0.5567635566690151
2024-04-04,0.23160998690782486,-0.41183271287165335,-0.5267908104598343,1.0,0.5557212757422083
2024-04-05,-0.050952994423542466,-0.6272186362580842,-0.5997090989888945,1.0,0.5254787205613806
2024-04-06,-0.23814248397599483,-0.5086508765148872,-0.8111363788545087,1.0,0.5108921685849964
2024-04-07,-0.15572307629324747,-0.09132851828889421,-1.4786584552449487,1.0,0.5115244914769146
2024-04-08,-0.21998477634414798,-0.7075917106505989,-1.0660261176022887,1.0,0.4953171563798723
2024-04-09,-0.2456025505618258,-0.2048749706288992,-1.2321987377396144,1.0,0.5090167482616871
2024-04-10,-0.21085056865436655,0.04608057543937712,-1.1418718366635718,1.0,0.5248009248442306
2024-04-11,-0.26063352524972944,0.1595906105747078,-1.0560875078147796,1.0,0.529071123496805
2024-04-12,-0.2034860560159181,-0.24012301297919456,-1.046647644911064,1.0,0.5165408825611035
2024-04-13,-0.27861994690497094,-1.0125697157247142,-1.301619294714386,1.0,0.470847622227326
2024-04-14,-0.10853103901297814,0.6140249759002538,-1.433261743040801,1.0,0.5455735799602853
2024-04-15,0.3764425120404844,3.22919457916949,-0.44906298897843144,1.0,0.7101274011700847
2024-04-16,0.7112093419391247,0.4144714509900517,-0.4716920239681466,1.0,0.6239605324549222
2024-04-17,-0.13572558295396414,-0.4038338303023653,-0.6818092469918549,1.0,0.5263982433074087
2024-04-18,0.5348110577464859,0.26294779057300544,-0.8027566960876732,1.0,0.5948516719207185
2024-04-19,0.36342133319945086,-0.9166510786088365,-0.8043270809555628,1.0,0.5342233912394098
2024-04-20,-0.4155435405004731,-1.270526611049141,-1.5643854429058317,1.0,0.44221230707605985
2024-04-21,-0.4408517016008123,-0.8931133302411416,-1.8709202604536899,1.0,0.44603282245144193
2024-04-22,1.4395037947977067,-0.4327067483560539,-0.6349071415065644,1.0,0.6317739004214594
2024-04-23,0.7550438045223372,-0.4996124220040582,-0.9667513038220229,1.0,0.5722940259239193
2024-04-24,-0.23577540153033988,-0.7732496415841483,-1.1836858499815968,1.0,0.4876067098325846
2024-04-25,0.5016643644702449,-0.877909075823671,-1.1293390180840277,1.0,0.5342201122025625
2024-04-26,0.18295259242365924,-0.04831918174330079,-1.156477734541228,1.0,0.5466342824375655
2024-04-27,-1.0142882473445356,-0.032793145821401644,-1.5315759260147213,1.0,0.45496187156731516
2024-04-28,-0.045340488159955394,0.8050103614464336,-0.49540947978927774,1.0,0.5890057498566285
2024-04-29,3.5294667622975244,1.7999796696535935,1.4311386959156158,1.0,0.8977037760994203
2024-04-30,1.7673961509957177,1.8198575763655012,0.9766440188029307,1.0,0.8012086097083748
2024-05-01,0.7365461842758234,0.08402457112231328,0.9030161994178033,1.0,0.6577046427290781
2024-05-02,1.453225162701214,0.8518885859612295,1.7983241988741665,1.0,0.7673211752242711
2024-05-03,0.2115133168632701,1.768828293624415,1.0631264471799209,1.0,0.6982396149312327
2024-05-04,-0.5011821224777279,-0.8883620605347518,-0.9651965614161235,1.0,0.4723995539319994
2024-05-05,-0.7346033841205609,-0.6602533614492406,-1.1176077383870293,1.0,0.46126229305200994
2024-05-06,-0.17661479487967438,-0.3452214851544367,-0.2309902426184324,1.0,0.5411417770393058
2024-05-07,0.16982955254144275,0.054742510303568644,0.7408929573433695,1.0,0.6132993400101906
2024-05-08,1.7352745723013343,1.8418373815312343,1.9126700680582922,1.0,0.8311838646525002
2024-05-09,0.06928514046928312,1.712538510828726,1.0940301735209768,1.0,0.6874424530998484
2024-05-10,-0.9319440110358646,-0.7140647773918259,-0.5715875860481962,1.0,0.46406478067134316
2024-05-11,-0.9356766674848718,-1.160205518841252,-1.4778089719277963,1.0,0.41501935981836324
2024-05-12,-0.7021369987598359,-0.7168923407533035,-1.6791221677056734,1.0,0.4423496136277675
2024-05-13,0.044630761212915426,0.9987215750743323,-0.22251482453153032,1.0,0.6121716222245739
2024-05-14,0.17579098700860313,3.0696420529263335,-0.31836569047658164,1.0,0.7011072094513542
2024-05-15,-0.0691647652538946,2.6750700837951555,-0.5292875518489671,1.0,0.6642073507462396
2024-05-16,1.1642717812307277,4.947828494962726,0.25211225717122937,1.0,0.7860218606544229
2024-05-17,1.269278780258417,3.049689070140504,-0.0015861940491848315,1.0,0.7845657122155884
2024-05-18,-0.021478381045918715,5.0,-0.3927574393959994,1.0,0.6854761932837388
2024-05-19,1.0369461378780522,4.670546214621113,0.5577869364851381,1.0,0.7877226404080414
2024-05-20,2.718004359986536,2.092394008457892,2.4394554140891485,1.0,0.9246985548211529
2024-05-21,5.0,1.0167795233074362,3.666313588639578,1.0,0.9173658134711432
2024-05-22,5.0,0.4126138608185969,3.3225065880116165,1.0,0.8921922442007749
2024-05-23,1.6227471296646834,0.3052690187724537,2.434369707393596,1.0,0.7770483413396176
2024-05-24,1.6353728120066875,0.23936005513749958,2.3298322474646422,1.0,0.7716592646799965
2024-05-25,0.13823966460323692,2.493712291322734,1.4909188027203044,1.0,0.7378179498693399
2024-05-26,0.1315801686951564,2.584101112854692,1.0595202991002868,1.0,0.7267602342519656
2024-05-27,-0.5294003383104998,3.053524159237663,0.4530582884159362,1.0,0.6798085870598313
2024-05-28,0.5460599670077813,1.497618984516925,1.152365392086277,1.0,0.7122169685582665
2024-05-29,-0.07389302429993368,0.22860687180213024,0.3964899167990089,1.0,0.5928154152650602
2024-05-30,-0.9086908607609853,-0.26822740865189537,-0.14712095746680404,1.0,0.4983404353398786
2024-05-31,-0.9561036813064132,-0.3564560502247576,-0.44498520633933103,1.0,0.4815745789422299
2024-06-01,-0.9561036813064132,-0.3564560502247576,-0.44498520633933103,1.0,0.4815745789422299
2024-06-02,-0.9561036813064132,-0.3564560502247576,-0.44498520633933103,1.0,0.4815745789422299
2024-06-03,-0.9561036813064132,-0.3564560502247576,-0.44498520633933103,1.0,0.4815745789422299
2024-06-04,-0.9561036813064132,-0.3564560502247576,-0.44498520633933103,1.0,0.4815745789422299
2024-06-05,-0.9561036813064132,-0.3564560502247576,-0.44498520633933103,1.0,0.4815745789422299
2024-06-06,-0.9561036813064132,-0.3564560502247576,-0.44498520633933103,1.0,0.4815745789422299
2024-06-07,-0.9561036813064132,-0.3564560502247576,-0.44498520633933103,1.0,0.4815745789422299
2024-06-08,-0.9561036813064132,-0.3564560502247576,-0.44498520633933103,1.0,0.4815745789422299
2024-06-09,-0.9561036813064132,-0.3564560502247576,-0.44498520633933103,1.0,0.4815745789422299
2024-06-10,-0.9561036813064132,-0.3564560502247576,-0.44498520633933103,1.0,0.4815745789422299
2024-06-11,,,,,
2024-06-12,,,,,
2024-06-13,,,,,
2024-06-14,,,,,
2024-06-15,,,,,
2024-06-16,,,,,
2024-06-17,,,,,
2024-06-18,,,,,
2024-06-19,,,,,
2024-06-20,,,,,
2024-06-21,,,,,
2024-06-22,,,,,
2024-06-23,,,,,
2024-06-24,,,,,
2024-06-25,,,,,
2024-06-26,,,,,
2024-06-27,,,,,
2024-06-28,,,,,
2024-06-29,,,,,
2024-06-30,,,,,
2024-07-01,-0.6219091016789912,-0.799751284947112,1.6073132473791427,0.37892914162759955,0.46063290250538236
2024-07-02,0.2149433210378213,-0.5361521898923955,2.810157186513614,0.4352752816480621,0.5759530786213347
2024-07-03,0.5716784560175169,-0.3257194271185405,3.5948530430108887,0.5,0.6245402542712286
2024-07-04,0.022671753851062702,0.2928164746972945,2.7161054094211954,0.5743491774985175,0.6154013603079422
2024-07-05,1.5533914274922318,-0.16639620262016958,3.455564332839857,0.6597539553864472,0.7205893466982753
2024-07-06,0.719792926244006,0.3910299060141863,3.062055902877787,0.7578582832551991,0.7029578503218048
2024-07-07,0.8280071625025225,0.028706581008577026,2.8716470398522964,0.8705505632961241,0.7077007375316874
2024-07-08,3.580405526920457,-0.12314747060267535,3.619988149042792,1.0,0.8698688553915553
2024-07-09,4.732639782523468,-0.24051801994300961,3.2257767414558978,1.0,0.864978415835708
2024-07-10,3.349005190863044,0.12288173655340735,2.7395151882912274,1.0,0.8714372452994329
2024-07-11,1.206416179185222,-0.07111049761557288,2.220157683341017,1.0,0.7264700639897332
2024-07-12,0.38752749211276005,-0.4452860279378223,1.8032915449406468,0.8705505632961241,0.6229738843025483
2024-07-13,0.7246216750939428,0.09534846063409623,2.3422012453040075,0.7578582832551991,0.669033081531097
2024-07-14,1.1609515690664798,0.0014207792230604476,2.0320196670236714,0.8705505632961241,0.7007725438006005
2024-07-15,4.683496816232556,0.2723656836586708,2.931193088813937,1.0,0.8840550064462426
2024-07-16,4.949289749301957,0.452424249397904,2.8165738870832953,1.0,0.8877368066276893
2024-07-17,0.8695064545105838,1.5033484330022948,2.179251186307364,1.0,0.76824832121938
2024-07-18,-0.29628765118526507,0.45814174494254356,1.2630345538952046,1.0,0.6164378810900951
2024-07-19,-0.4433695252074413,-0.1331660276245397,1.0838262614569127,1.0,0.5760209892170453
2024-07-20,-0.5958719355837716,-0.21777064476600463,0.5512465980199718,1.0,0.5445763140298308
2024-07-21,-0.17688509259044574,-0.1485673656363793,1.1305071712244064,1.0,0.5947009259666014
2024-07-22,0.11322771833445096,-0.4571092318533973,0.9941498972977697,1.0,0.5966406264716642
2024-07-23,1.0153941452580233,-0.4010087218313232,1.5053428559638051,1.0,0.6761623414730232
2024-07-24,0.13308260426849697,-0.15576159248912086,1.1756155476473797,1.0,0.6165692921857657
2024-07-25,-0.2886701089264408,0.3477048852921194,1.0210425699429213,1.0,0.6042777819568397
2024-07-26,-0.3830601174912665,-0.25015493170660474,0.8225548885463254,1.0,0.5664580329643513
2024-07-27,-0.556242658910203,-0.2757369741024855,0.8345939112223407,1.0,0.5542479125257943
2024-07-28,-0.23838073483396216,-0.3818628982565005,1.004352221688509,1.0,0.5766754043066654
2024-07-29,-0.03738638737895244,-0.12367715906234686,1.4738787949826027,1.0,0.6164836523798921
2024-07-30,0.3982284609335882,-0.496592427062648,1.5485804468265516,1.0,0.6324765611621807
2024-07-31,-0.5598618983831156,-0.04116341173467152,0.9944521252990115,1.0,0.5691091354621481
2024-08-01,2.011407168471689,-0.017163709657778112,2.0196305817752367,1.0,0.7756996760548799
2024-08-02,0.8863497300989382,0.4418116242040502,1.6719849770542459,0.8705505632961241,0.688814216744658
2024-08-03,-0.13691267028357268,-0.03155589218383481,1.1368420463935531,1.0,0.6024523946865539
2024-08-04,-0.051339738694165915,-0.05582918071662213,0.9796791013242717,1.0,0.6019071049346721
2024-08-05,0.9675661130037322,-0.03811376825702142,1.735635007073313,1.0,0.6957708340919834
2024-08-06,0.7701578315218449,0.2085107856378608,1.4213212667210127,1.0,0.6824091803937343
2024-08-07,-0.5867428037862696,0.33325092421887215,0.5422765833926261,1.0,0.5678451543697892
2024-08-08,-0.49334014655148734,-0.29693036573116144,0.41444003876373176,1.0,0.5435532262832269
2024-08-09,-0.5682915617453864,-0.6290520652198582,0.4694615847543774,1.0,0.5265521126579594
2024-08-10,-0.5617149008740318,-0.7134975703696681,0.14513793826927818,1.0,0.5126612057853044
2024-08-11,-0.7574645228245024,-0.8816895873995184,-0.17855037099939994,1.0,0.4818136199700732
2024-08-12,-0.36118187903027266,-0.3208005763161805,0.23800999366593142,1.0,0.5454881838403387
2024-08-13,-0.42985888647643017,-0.5162391844224583,0.4433288970147084,1.0,0.5396104047844592
2024-08-14,-0.0956356825841291,-0.7507512303450162,0.704575921778658,1.0,0.5608288506226378
2024-08-15,-0.02648390121934726,-0.8573963185480172,0.5434971273911349,1.0,0.5556261308922473
2024-08-16,-0.07268156072766234,-0.704895888005663,0.7478514954615733,0.8705505632961241,0.546294868294391
2024-08-17,-0.6563049223336559,-0.30410537641663565,0.16716132900728511,1.0,0.5241473254606394
2024-08-18,-0.7913976006662627,-0.5199670161052325,0.1608172576661558,1.0,0.505935442873403
2024-08-19,-0.7235986823960866,-0.9033028577810918,0.06304710769868091,1.0,0.4912240390226714
2024-08-20,-0.892310236136639,-1.0185854340315883,-0.484441391562248,1.0,0.45692354478749964
2024-08-21,-0.9295181453143906,-0.7666256618085544,-0.9721357928509687,1.0,0.4486848613086519
2024-08-22,-0.8809057244818306,-0.7146819947693919,-0.6814938191518141,1.0,0.4637780746140928
2024-08-23,-0.6655307375092236,-0.7560082992620644,-0.22536771986528112,1.0,0.49161868103462303
2024-08-24,-0.48788072371371527,-0.8417620480114233,0.010562760485990566,1.0,0.5077532917681427
2024-08-25,-0.09839071403889289,-0.8410551606556661,0.5762656376639561,1.0,0.5526055086255529
2024-08-26,0.7479675013528693,-0.5733214317758659,1.3226225992395932,1.0,0.6450635270741834
2024-08-27,3.0003449761804335,0.4986400192555764,1.5920987652203622,1.0,0.8488466263096611
2024-08-28,2.9817296585573305,-0.3108221606877847,1.6399746048856485,1.0,0.8154968740380194
2024-08-29,0.020490273930037377,1.1012617678848673,1.1468857068393992,1.0,0.6604814488185186
2024-08-30,0.06690045672084637,1.7491654997630013,0.36465877440424904,1.0,0.6644972187516565
2024-08-31,-0.6351030376657553,0.9304396973619207,-0.3226884598221173,1.0,0.5606718362182925
2024-09-01,-0.6943525268028501,-1.085384672691836,-0.22201926617674672,1.0,0.4760848279784252
2024-09-02,-0.8720497639827991,-1.2022665528384342,-0.7946457364428849,1.0,0.4402807181514491
2024-09-03,-0.7997209381288225,-1.0094592148366588,-1.0952427782783147,1.0,0.4431163775639406
2024-09-04,-0.6567263801507871,-0.49086117068902624,-0.7916911399393491,1.0,0.4843759878799264
2024-09-05,-0.3854628868851419,-0.7064048393841843,-0.34645363113759803,1.0,0.5083204848620629
2024-09-06,-0.7634140027636042,-1.0314198238876617,-0.7575036611052988,1.0,0.4558797851169305
2024-09-07,-1.01634625323318,-1.0549885886777821,-1.2960270979109625,1.0,0.42008482199251496
2024-09-08,-0.8461149676981573,-0.9675037311551156,-2.0778428169788508,1.0,0.40901825278936466
2024-09-09,-0.5219350529156251,-0.9156852698918192,-1.3598600078503178,1.0,0.45672210996512197
2024-09-10,-0.2530599017091576,-0.5044066495967541,-0.7249282603660027,1.0,0.5129481208073247
2024-09-11,-0.25773993996158817,0.2157331670886004,-0.3313748225654744,1.0,0.55576039187907
2024-09-12,0.18019289594626206,-0.47886697155670815,-0.3234736344928454,1.0,0.5562776147651265
2024-09-13,-0.45142318672384013,-0.7408805389576348,-0.38131069010048235,1.0,0.5013247420918265
2024-09-14,-0.38382447684415144,-0.8438956847753963,-0.4585962607924466,1.0,0.4989628393183335
2024-09-15,-0.17332841087740206,-0.5795163277840756,-0.6255077423524218,1.0,0.5184480008720894
2024-09-16,0.01901022295392198,-0.23591985308349536,-0.7764575417683421,1.0,0.5405554362595044
2024-09-17,-0.34443112355969396,-0.7134330370197751,-0.9133786418592961,1.0,0.4918655938248866
2024-09-18,-0.3782487285976386,-0.3880176729310233,-0.6770707139881063,1.0,0.5110469912550946
2024-09-19,-0.05099617608023723,-0.09812343019069024,-0.07937518857351197,1.0,0.5648659390509218
2024-09-20,0.3145784667467673,0.36249580583078234,-0.06672002613188056,1.0,0.6088518888216711
2024-09-21,0.09470719841660295,-0.19356963010792497,-0.5613587431118359,1.0,0.5545364538695488
2024-09-22,-0.23861396163321721,-0.5757689894516612,-1.2335409546307916,1.0,0.4939839961762733
2024-09-23,-0.4260732536504467,0.31198659198890016,-1.5459083907877833,1.0,0.5080642780632483
2024-09-24,-0.32054347767536245,1.1834039094661502,-1.6774327096408703,1.0,0.5470245073947031
2024-09-25,-0.04393346654186765,0.9122805968949157,-1.475519090217584,1.0,0.5608988240939108
2024-09-26,-0.3621293221249403,0.30066737171925206,-1.2232196355350986,1.0,0.5226118644954696
2024-09-27,-0.6110947982165811,1.0427202061169858,-1.3404087183879076,1.0,0.5330267314275055
2024-09-28,-0.3305706762480053,2.960737827585619,-1.7925469740329951,1.0,0.6165744652651006
2024-09-29,-0.3945007900755699,1.807182114205886,-1.8751134449169982,1.0,0.5614954205896406
2024-09-30,-0.6716370203589543,1.7983416947031263,-1.8875070731161634,1.0,0.5422382001514945
2024-10-01,-0.4300652879517232,1.3641045603715005,-1.5937274502904428,1.0,0.5500424224756829
2024-10-02,-0.3959108980211779,1.966746676375182,-1.643709750549475,1.0,0.5757633932959049
2024-10-03,-0.11824071089078553,0.6732055010545703,-1.3654115305401193,1.0,0.5496537974665507
2024-10-04,-0.18855907304740518,1.7221434627103094,-1.400356118265206,1.0,0.5875068354675956
2024-10-05,-0.2999432343685254,0.23785778893261283,-1.599988889688595,1.0,0.5115815625913374
2024-10-06,0.051831103694202255,-0.15466246721143603,-1.4891040627077998,1.0,0.5223743353555437
2024-10-07,0.20378537203493646,0.0386936293778139,-1.5812629042671988,1.0,0.5374891625508313
2024-10-08,0.2921488392217364,0.3024867088017711,-1.6782489392141886,1.0,0.55113857084105
2024-10-09,0.10635290601823638,-0.0571955849244873,-1.6698272683046114,1.0,0.5240461354192084
2024-10-10,-0.29991383237781466,-0.45098302183101185,-1.6518337557198095,1.0,0.48115366007452653
2024-10-11,-0.14186635381058263,0.4280464113402006,-1.688866729623576,1.0,0.5270819525643503
2024-10-12,0.45917670262695587,0.3260606261930687,-1.7552631887565238,1.0,0.5606888666412908
2024-10-13,1.0325376502073211,0.34650496061623703,-1.6060434598180053,1.0,0.6047387680455645
2024-10-14,0.345763607403921,0.0710141092052999,-1.4807750684289038,1.0,0.5516506594295187
2024-10-15,0.4318373674857899,0.5816519366509514,-1.2994569978782984,1.0,0.5847094219302325
2024-10-16,1.324011778230818,0.49971038633385584,-1.2727597553843362,1.0,0.6416633927998207
2024-10-17,2.406624860348123,1.2252173051148247,-1.1499557984685675,1.0,0.7481605184540402
2024-10-18,2.118318921598633,2.101485017577507,-1.2260920243984206,1.0,0.762913403025691
2024-10-19,-0.2826008067685968,1.2230874099111497,-1.5769558760498916,1.0,0.5545567257600618
2024-10-20,-0.10046672024253851,0.2867760061051065,-1.554158147556877,1.0,0.5284459473196477
2024-10-21,0.6447478146566604,0.5686673539053722,-1.076490045688826,1.0,0.605794659200207
2024-10-22,0.6581160821982059,0.10233572369906006,-1.0084958310610752,1.0,0.5895218662653053
2024-10-23,0.3615090167590996,1.3910678178363707,-1.065232694539095,1.0,0.6215540037091523
2024-10-24,0.32880152219264214,0.6447065116744433,-1.1828190486712227,1.0,0.5843555711769038
2024-10-25,0.6636744361880994,0.17239591327363635,-1.1882000507528934,1.0,0.5868214571071784
2024-10-26,-0.5933953060836458,-1.4644322958849507,-1.4153782151042076,1.0,0.42724302676241044
2024-10-27,-0.4929761978346197,-1.4627392319710746,-1.338643772221029,1.0,0.43656599307152966
2024-10-28,1.3933057400678013,-0.6301534092350825,-0.8024005111841568,1.0,0.6148839735802532
2024-10-29,-0.21165910799055682,-0.5919520542299104,-0.8721930988696571,1.0,0.5071516205787281
2024-10-30,-0.340426221061785,-0.15519344639863697,-0.7877895659478342,1.0,0.5195788727976767
2024-10-31,-1.0926766844512357,-0.4611372979374766,-0.8937709768364783,1.0,0.45314846772797357
2024-11-01,-0.3078797577195753,-0.2926587897841173,-1.0558077110780448,1.0,0.5070869762084219
2024-11-02,-0.6526402311410126,-1.0227689859320317,-1.2054167218648855,1.0,0.44869471944793504
2024-11-03,-0.5137579631664235,-1.0189169919321754,-1.2102539066083258,1.0,0.4579527975714536
2024-11-04,-0.34796080606314467,-0.6658313331681464,-0.7969683167024433,1.0,0.4974940301570361
2024-11-05,-0.08317051775978274,-1.2100575730570606,-0.6521613616816938,1.0,0.49729752121591386
2024-11-06,0.30185984368248103,-0.7114057181081308,-0.5230439353906092,1.0,0.5480472868113063
2024-11-07,0.30519062017574616,-0.4874739206185697,-0.6617342303779941,1.0,0.5529768203066762
2024-11-08,-0.4180182141797652,-0.7109758150642664,-0.8374164464326175,1.0,0.489594245212584
2024-11-09,-0.5863666211065807,-1.3835726281636245,-1.1213095897246084,1.0,0.44088304609525664
2024-11-10,-0.663497843133828,-1.1039643635564698,-1.0454794263899896,1.0,0.4499189810965589
2024-11-11,-0.07826429640643144,-1.0450510535439317,-0.7206511312216056,1.0,0.502216881967854
2024-11-12,0.5206004176697312,-0.8554698118896289,-0.5207494842573526,1.0,0.5567038028740025
2024-11-13,1.1594100344946583,-0.4999789530025667,-0.31519601251103807,1.0,0.620955012174169
2024-11-14,-0.21731585968437084,-0.9024915138686935,-0.24249620138368388,1.0,0.5148252562303902
2024-11-15,-0.5430481175706537,-0.7176871106990372,-0.38461955113921364,1.0,0.49607251084485604
2024-11-16,-1.0078920473549016,-1.2390871426927972,-0.7219488581834004,1.0,0.43211360395802667
2024-11-17,-0.6944022864915215,-0.953543425519644,-0.862223271431149,1.0,0.4602347624562084
2024-11-18,-0.521236500602475,-1.0767771957936152,-0.5797180157118625,1.0,0.4760612496113723
2024-11-19,-0.372547473454495,-0.6519595993417049,-0.5134589116498147,1.0,0.5058832214088022
2024-11-20,-0.9137867703012935,-0.8381224641393102,-0.4029073281156743,1.0,0.4657288683702534
2024-11-21,-0.25338994031604084,-0.11826803220352063,0.27084092977773927,1.0,0.5622075336297085
2024-11-22,-0.1433362218659034,-0.1081793977503858,0.342563154607862,1.0,0.5723555487896024
2024-11-23,-0.5369611630757218,-1.2690427851647108,0.11473430166778986,1.0,0.4901502831353486
2024-11-24,-0.5752215156845616,-1.2613636756570443,-0.5191980159121232,1.0,0.466788478604915
2024-11-25,-0.4549439724148013,-1.2716463021588431,-0.09814715094684705,1.0,0.4884135675508332
2024-11-26,-0.298019349929961,-1.1164579234767245,-0.12260924867102897,1.0,0.5045259882374381
2024-11-27,-0.40976325343725045,-0.8781536371169667,-0.033927396137552954,1.0,0.5099618016863913
2024-11-28,-0.9520900481387433,-1.1989971539582212,-0.20898289150438373,1.0,0.4546030189923451
2024-11-29,-0.8493776098784488,-1.1276441456859876,0.5325515222466951,1.0,0.48914137067941044
2024-11-30,-1.2214372549393409,-1.2184124095900148,0.5090086603137767,1.0,0.45977062128158586
2024-12-01,-0.14090525996766315,-0.8575637429937337,1.135522052850669,0.8705505632961241,0.5483078129668579
2024-12-02,4.1262690478846,0.5859608563435157,2.0622670298688837,1.0,0.8681572700099426
2024-12-03,1.4142775103136342,1.9636004559043476,2.094391971808709,1.0,0.8209149187438805
2024-12-04,1.014199900927138,0.4540753737595899,2.3958571308024212,1.0,0.7413950383285396
2024-12-05,1.1280575681957392,-0.4050884053763866,2.412291567763935,1.0,0.7137348732478311
2024-12-06,1.098949493673548,1.902325971707664,2.292258050308136,1.0,0.8039354834096604
2024-12-07,0.3459238666147059,0.18035672236401998,1.769942742455703,1.0,0.6645745459546714
2024-12-08,-0.7053249317570307,-0.5376040736748919,0.7159661031579201,1.0,0.5294437049183415
2024-12-09,-0.7575466986174834,-0.6434660405265329,0.3262253592139248,1.0,0.5085599803773597
2024-12-10,-1.0219215099337862,-0.8409083615075151,0.39083851319458707,1.0,0.48486200138142066
2024-12-11,-0.07335382508223304,-0.382318755528768,1.0418672014117745,1.0,0.5889087035612116
2024-12-12,2.694997219072427,-0.06812547494236398,1.9142422321637484,1.0,0.8156359942210216
2024-12-13,1.6715676269641664,-0.06478598547183409,2.013025875970175,1.0,0.750839288268624
2024-12-14,0.6023051737769785,-0.04132671854187118,1.477202561483099,1.0,0.6626718170286573
2024-12-15,-0.41218769373045266,-0.5094622983885541,0.8084271862582845,1.0,0.5532407975270562
2024-12-16,-0.4978401136456649,-0.19899846052759573,0.7654081843009612,1.0,0.5590326627116713
2024-12-17,-0.2395761684392992,0.04997984199484234,0.5876214803092583,1.0,0.5806981315308071
2024-12-18,-0.7269533386546018,-0.6012343737753424,0.7577842856709113,1.0,0.5267444880380844
2024-12-19,-0.028230137125971385,-0.0036348668218502476,1.2491525910808097,1.0,0.6146049577767185
2024-12-20,0.10948225284653966,0.06547115381765735,1.4962620379380724,1.0,0.6349021828634408
2024-12-21,1.3124911536400252,0.2131301612839376,1.676875876048886,1.0,0.727275696164462
2024-12-22,3.1417878551750995,0.8198466694495331,1.973267254901393,1.0,0.8749358530571104
2024-12-23,2.780563047756527,1.431216941748044,2.4657760015688166,1.0,0.9021974424755642
2024-12-24,0.46514914501445387,-0.6137652973207871,1.5417902949105409,1.0,0.6318293987762822
2024-12-25,-0.9913040757087787,-1.0761153126253356,-0.02838679923962914,1.0,0.4631286969520382
2024-12-26,-0.9050919828750044,-1.0935679831620893,0.6894330520957324,1.0,0.4920763035797704
2024-12-27,-1.06227015385422,-0.8591223989171596,0.6129694441671015,1.0,0.4888175379270737
2024-12-28,-1.1170521993226379,-1.0858220926814017,0.14756206632678645,1.0,0.4602060017276586
2024-12-29,-1.3167647365784663,-1.1595749576313419,-0.7157553156308782,1.0,0.41504155047243374
2024-12-30,-0.9477428704087604,-1.2893879574774638,-0.19448000120910816,1.0,0.45160997703755135
2024-12-31,-1.3419037641367013,-1.287626132658674,-0.2577677749428114,1.0,0.4232964010320148
2025-01-01,-1.191850602681632,-1.0383660245394781,0.3168066245609108,0.8705505632961241,0.4434208474451953
2025-01-02,-0.3562497174758363,-0.9942572191652173,1.411303573142183,1.0,0.556866087141133
2025-01-03,-0.753133530036575,-0.8324419525765542,1.701343489670468,1.0,0.5468174662958876
2025-01-04,-0.14053104603335106,-0.8657265885574662,1.7978036768764578,1.0,0.5894861116370974
2025-01-05,-0.5801969378906853,-0.7785184992465329,1.7157034464959882,1.0,0.5610720482218817
2025-01-06,1.2028953653408083,0.28223376774920345,2.1700934431778274,1.0,0.739289212784865
2025-01-07,1.294297038877432,-0.0656301050677234,2.2100293789233474,1.0,0.7322195275114519
2025-01-08,2.5600752738531996,0.7240158212900595,2.2935694613226825,1.0,0.8522913261880553
2025-01-09,2.1212719583810054,0.44665490163480664,2.3572473847369606,1.0,0.8136036642847493
2025-01-10,1.1903976874848372,-0.18425662751313768,2.1073367596031165,1.0,0.7169270450060456
2025-01-11,-0.38626167344453183,-1.1089263553401976,1.424580632078372,1.0,0.5505299780338021
2025-01-12,-0.36816112612010327,-0.9211158803750077,0.9453763510246939,1.0,0.5435886416105243
2025-01-13,0.517036074858527,-0.9574129594488754,1.3081559368270972,1.0,0.6131820629077686
2025-01-14,1.0972314511778058,-0.781420630731824,1.841956539885946,1.0,0.676988121794226
2025-01-15,1.5603262931562571,-0.3215390840311844,2.2788470996460712,1.0,0.7415858610306536
2025-01-16,1.43348453258774,0.0929040621439274,1.9530694668191315,1.0,0.7395389536558173
2025-01-17,0.49778248019911564,-0.8390426292669928,1.2596503738199942,1.0,0.6152137349211495
2025-01-18,-0.24551120014499558,-0.6351664890519926,0.47244672055175635,1.0,0.5479155402982258
2025-01-19,5.0,-0.3537132816645849,1.0560242975483523,1.0,0.7954627565155874
2025-01-20,5.0,0.32597999826063534,2.2865619414352434,1.0,0.8648012313087013
2025-01-21,5.0,0.19085847892097446,2.640070062910532,1.0,0.8709547720520584
2025-01-22,4.475078191672491,1.0950070883894023,2.813953773635581,1.0,0.9144237544707444
2025-01-23,2.591429904391895,2.710124543185324,2.3662834659326735,1.0,0.9395599651232706
2025-01-24,1.096022799463142,-0.35131743043786634,1.6649615381600207,1.0,0.6889286783012991
2025-01-25,0.37744867433006934,-0.5481129961190173,1.060611803389574,1.0,0.6126789302300315
2025-01-26,-0.4549270405325409,-1.0701698223546081,0.3238218611378497,1.0,0.5108751834043169
2025-01-27,0.011529818458618227,-0.24534659720979773,0.843753056777899,1.0,0.593670981572763
2025-01-28,0.06823925276414791,-0.654451896216695,0.3453713381739285,1.0,0.563792832447712
2025-01-29,-0.36045001873331795,-0.8030730007336383,0.04550839551597751,1.0,0.5190255702377431
2025-01-30,-0.209586976437925,-0.46087706653827326,0.3532414064901642,1.0,0.5535990373480492
2025-01-31,-0.5942581300143587,-0.5991513426248307,-0.21702418097649007,1.0,0.5031840126904585
2025-02-01,-0.47979274522049403,-0.6551374648507237,-0.4115948296635641,1.0,0.5019965949610682
2025-02-02,-0.324711954205682,0.17336380067306514,-0.18774947065538913,1.0,0.554317712392486
2025-02-03,-0.2390468673908098,-0.13947010941529958,-0.01639369309174826,1.0,0.5527058311785836
2025-02-04,-0.3867823652060794,-0.1379895988931501,-0.28731919903996445,1.0,0.533887635731048
2025-02-05,-0.20740331553529953,-0.3447338444947781,0.30466030199300415,1.0,0.5569645455101311
2025-02-06,-0.36827691645174676,-0.2083798200343982,0.21213268840053393,1.0,0.5488368026818015
2025-02-07,-0.1880137091712379,-0.5727271544042749,-0.21187117099838954,1.0,0.531539748921793
2025-02-08,-0.38029404914515696,-0.6970630307688174,-0.17510909917831374,1.0,0.5147658004690118
2025-02-09,-0.4015191502990663,-0.7580192303983113,-0.2925069924729677,1.0,0.506897688964367
2025-02-10,0.18782382624052585,-0.04123529825177218,0.08743947195667531,1.0,0.5887181000541004
2025-02-11,0.1283620849208857,0.49238678119722235,0.7077168357660081,1.0,0.6276641494034769
2025-02-12,0.05604798256262246,0.774137565074833,0.6027998465467869,1.0,0.6310855922671857
2025-02-13,-0.21062295415818855,0.5117183970952667,0.33959864257577216,1.0,0.5936000243542826
2025-02-14,0.17979713286249033,0.3598539857842922,0.6130172949505882,1.0,0.6224143014301978
2025-02-15,-0.36763373616309275,-0.4617467477112195,-0.04753285237455575,1.0,0.5296672080220078
2025-02-16,-0.5141514139760491,-0.30333604163585876,-0.5740605084097148,1.0,0.5089488870531121
2025-02-17,0.07825687077420881,-0.43769865499414534,0.6543254669511266,1.0,0.583790529658562
2025-02-18,0.5128252849917843,-0.8677164488946941,1.1656552326720828,1.0,0.6118886747179095
2025-02-19,1.0903990473611034,-0.5392911121417034,1.526342126306917,1.0,0.6761008776950664
2025-02-20,1.2755644963460644,-0.4133261273550092,1.4242604192698147,1.0,0.6902910584256061
2025-02-21,1.767422016614125,0.20868308973836466,1.411109693653554,1.0,0.748560252968492
2025-02-22,-0.0354198719712703,-0.7138311813333222,0.3640018469038984,1.0,0.5550291042098235
2025-02-23,-0.5031632647333133,-0.9469141988623516,-0.6755672300441214,1.0,0.47948211639704374
2025-02-24,-0.20624148737400838,-0.6245069379706122,-0.2135994628486836,1.0,0.5281094629980012
2025-02-25,-0.3004764527226639,-0.5838363021124856,-1.086046748160906,1.0,0.4944401656251054
2025-02-26,-0.44315963145402665,-0.17777161682083276,-1.0215435324558242,1.0,0.5039974227870028
2025-02-27,-0.5105546837357157,-0.3697190618585503,-1.5612830645762563,1.0,0.47351529135430415
2025-02-28,-0.5586612766617218,-0.6951110788001293,-1.4729544819882598,1.0,0.45969447053960444
2025-03-01,-0.22850496024113337,0.5566660904663062,-1.559468888574774,1.0,0.5309784601341947
2025-03-02,0.28995422364793366,0.945394746611559,-0.8774571712883009,1.0,0.6044731569757339
2025-03-03,0.7486577776777109,0.6188710073443139,0.2218473275970943,1.0,0.6580917214044304
2025-03-04,-0.0808505707796029,0.20697182364059938,-0.5771461290932624,1.0,0.5589955836299427
2025-03-05,-0.46401443970453093,0.18734972711014353,-1.349259218939754,1.0,0.5068966353512955
2025-03-06,-0.2719519294441192,-0.22376330537251105,-0.6102624996258618,1.0,0.527204316992342
2025-03-07,0.10413754482089815,0.019105973155642515,-0.4745078680894699,1.0,0.5669216562665627
2025-03-08,-0.2200467481122921,0.4411456971619817,-1.2179881794944172,1.0,0.5381116815244492
2025-03-09,-0.31873432687573966,0.12685177287352983,-1.6079149779638666,1.0,0.5054393694792189
2025-03-10,0.49622136789869026,0.24019650654202965,-0.9921679086785868,1.0,0.5850173486765444
2025-03-11,-0.1243150597672564,0.6665061928360432,-1.2306241096495574,1.0,0.5534626170620328
2025-03-12,0.18550790161765815,-0.1518954455980907,-1.6049267806651029,1.0,0.5275406571857534
2025-03-13,-0.07188248860789528,0.2196340984358808,-1.399559026868819,1.0,0.5327072872986747
2025-03-14,-0.1765374082516843,0.49188898165848544,-1.4792771262716111,1.0,0.5344169761432709
2025-03-15,-0.6277319638868748,-0.16449907477618472,-1.900750286563054,1.0,0.46293873140643216
2025-03-16,-0.46277647669656763,0.1426639600119843,-2.0654731185973016,1.0,0.4812434626008182
2025-03-17,-0.16120404845102454,1.801573408955308,-1.4869699225411972,1.0,0.589752958058363
2025-03-18,0.3687485093815946,1.0550487352047497,-0.7171532226218889,1.0,0.6196384905049079
2025-03-19,-0.25259934038179843,0.19288500732774666,-1.3454677253276308,1.0,0.5213479951022819
2025-03-20,-0.22392409421220302,0.46425194798668856,-1.468342352834459,1.0,0.5304708131241499
2025-03-21,0.2275494356401573,1.3577490171381463,-0.9504738844776263,1.0,0.615060375274179
2025-03-22,-0.4327178224436285,-0.4769961552912454,-1.620378195945683,1.0,0.47226469883510014
2025-03-23,-0.5267683571534224,0.35251227372728083,-1.6200972752907077,1.0,0.5005668784187183
2025-03-24,-0.40844096361235754,0.6323888552381876,-1.1304566322478313,1.0,0.5364382503191729
2025-03-25,-0.07556575411244097,0.5137938229348384,-1.1629922880857229,1.0,0.5526039494119315
2025-03-26,-0.027552541418176993,0.6418030547321499,-0.9375046592614777,1.0,0.5686548025439119
2025-03-27,0.41025394724002395,1.8609240873262962,-0.5718499806583572,1.0,0.6608271007659854
2025-03-28,-0.46294539113153976,-0.6131814417984023,-1.3572377836968499,1.0,0.4733464877264022
2025-03-29,-0.4477595301298305,-0.7636649441886257,-1.7643842237789045,1.0,0.45451718452418843
2025-03-30,-0.5688705198825224,-0.37540447180150827,-1.8298816804119002,1.0,0.460437389669039
2025-03-31,-0.6569050887300458,-0.9598594882217154,-1.7321388262207331,1.0,0.4334742212014011
2025-04-01,-0.33620783913129865,-0.0843885053768301,-1.4583814948471256,1.0,0.5004572398389746
2025-04-02,-0.2829991996087572,0.1809684937574212,-1.1212231961649526,1.0,0.526299634060477
2025-04-03,-0.31140484926716483,0.665259060394274,-1.199310950351198,1.0,0.5419817725535772
2025-04-04,-0.3330356743940792,-0.07926046040705736,-1.2320101313119716,1.0,0.5084280981463684
2025-04-05,-0.6089519104053105,-0.6308091560692766,-1.4439286000674065,1.0,0.4599885378011792
2025-04-06,-0.3417628525722203,-0.6403290706192588,-1.4756125241788636,1.0,0.47634834774675416
2025-04-07,-0.1896520943258361,-0.3239130240288447,-0.9035257932734271,1.0,0.5187426246012948
2025-04-08,0.47991073019786973,0.3386073739590686,-0.5783940254187033,1.0,0.6018228884141957
2025-04-09,1.239189936818564,0.5248576069743115,-0.23682897461423308,1.0,0.6715874302580261
2025-04-10,0.015045110581901937,-0.5358466880684315,-0.819771844690303,1.0,0.5263503338795988
2025-04-11,-0.24803949830984146,-0.7594228322097967,-0.7699900156717734,1.0,0.5011550815815433
2025-04-12,-0.28660519300522747,0.1722392271466224,-0.9493985753149012,1.0,0.5314230024202641
2025-04-13,-0.24065153205212603,1.1212482115443372,-1.3403961255268009,1.0,0.560995369159979
2025-04-14,0.02957431025619062,2.846504840945299,-1.211646569312472,1.0,0.6551877700793844
2025-04-15,0.1092261220236737,1.3155313942589903,-1.1495294107388072,1.0,0.5987779025377427
2025-04-16,0.1172155111544775,1.6697751667373641,-1.0291435556083866,1.0,0.6180835475040758
2025-04-17,-0.11187793503338918,0.6316684662402353,-0.8165676839785874,1.0,0.5666420676251642
2025-04-18,-0.3771781388119623,1.933266142478229,-1.300521940747739,1.0,0.5870568153242041
2025-04-19,-0.056177690851824065,5.0,-1.2971307612101697,1.0,0.6530171285695394
2025-04-20,-0.06878584096527528,4.801160568629823,-1.2219099614323485,1.0,0.6546839452212367
2025-04-21,-0.07875578551526237,1.6592755167594335,-0.9711134496153109,1.0,0.6065156458434485
2025-04-22,0.6093459812741557,1.8895685738830463,-0.8886257197640801,1.0,0.6647342320046014
2025-04-23,0.24690296248459942,1.7220028901291742,-0.7295124743566839,1.0,0.6388932354424661
2025-04-24,0.08115605341625864,1.5249412410525127,-0.5811787845253463,1.0,0.6245769957874271
2025-04-25,-0.29726123582792124,2.8755085150304005,-0.7006944842519548,1.0,0.6516389562626735
2025-04-26,-0.8380824423424589,1.397080867429162,-0.9916954131687477,1.0,0.5442830262144263
2025-04-27,-1.117386606654834,-0.5806173612658418,-1.61765098145246,1.0,0.42239347012185235
2025-04-28,-0.5690520487844716,-0.6406542743766266,-0.7439706516306371,1.0,0.4855702469276545
2025-04-29,0.011453953015539023,1.0174787502573437,-0.4077522242842419,1.0,0.6045668039856172
2025-04-30,0.40974413483943506,2.3920648520379606,-0.4781650847674273,1.0,0.6860468083319632
2025-05-01,-0.7937788145045436,5.0,-0.14831851803077511,1.0,0.6421374617653379
2025-05-02,-0.05731008149197402,4.023372403546056,0.06871925845581471,1.0,0.6984699698490623
2025-05-03,-0.42923889318317515,2.5996227068969633,-0.3385653288311873,1.0,0.6434161756141222
2025-05-04,-1.4540752867111326,0.7803717287163682,-0.8998953076514495,1.0,0.48058062599405815
2025-05-05,-0.8744082917505576,2.9269736500449026,-0.776289797900803,1.0,0.6127870227051403
2025-05-06,-0.21918950300379378,0.621356074889975,-0.8016544308052936,1.0,0.5595553885599863
2025-05-07,-0.5787298217381833,0.7150224756463982,-0.603018553709384,1.0,0.5461099965790749
2025-05-08,-0.41604685065163216,-0.05578492828964914,-0.386930946531265,1.0,0.5320414730601136
2025-05-09,-1.1503424276401604,-0.8456559026881609,-0.5417138583779727,1.0,0.44501771359938347
2025-05-10,-1.4128029466367198,-1.1608653818759065,-1.2907900244939563,1.0,0.38941741182959067
2025-05-11,-1.3529127134427539,-0.893714062019041,-0.9334358827566344,1.0,0.41645320376113526
2025-05-12,-0.8507561860181155,-0.5765038154098097,-0.06746051933948553,1.0,0.49201324464540075
2025-05-13,-0.6394478743025019,-0.4452079872209055,-0.1694179803832452,1.0,0.5081725428995206
2025-05-14,-0.4338138824357558,0.18211421530593483,0.14204120378246712,1.0,0.5584018736014458
2025-05-15,0.33127584699563467,0.05697622051013282,1.4226867371730185,1.0,0.6468819568933984
2025-05-16,1.0546395508578015,2.075075545124144,1.4070193784138836,1.0,0.7786714303844889
2025-05-17,-0.6277350729454063,2.5382717438990925,0.47532121818504897,1.0,0.6547563584056034
2025-05-18,-1.0909725522261242,-0.174050107983816,-0.3666717833839574,1.0,0.48279401590613413
2025-05-19,-1.1149641658085947,-0.018685499426464615,-0.14635353335281845,1.0,0.4950120420248971
2025-05-20,-0.9090940802109655,-0.05249015500251838,-0.38389741356393176,1.0,0.49941005774203295
2025-05-21,-0.6861200706701432,-0.31694554892091703,-0.6958123739275598,1.0,0.49285885161936693
2025-05-22,-1.3939122758848772,-0.9093080047701189,-0.930168328974204,1.0,0.4131790704431131
2025-05-23,-1.1822159010796864,-0.8962304349409278,-1.0530995010535131,1.0,0.42373935510369853
2025-05-24,-1.154266105313379,-1.0283611579504377,-1.7115840716328365,1.0,0.39814774234341194
2025-05-25,-1.7717313784702844,-0.9982614817542452,-2.265970304762928,1.0,0.33975800287012325
2025-05-26,-1.4826342335453953,-0.7842665647597329,-1.6231295104574763,1.0,0.3893756272167356
2025-05-27,-1.3370075931965268,-0.0656850711027,-0.6763004204496715,1.0,0.46058593514263
2025-05-28,-1.0353870964152248,-0.12002433499902226,-0.7227548254940821,1.0,0.47688135209755633
2025-05-29,-0.8022335909231134,0.13758494436848168,-0.2319630598045923,1.0,0.5195183646269927
2025-05-30,-0.5054616783294238,-0.2279636812827136,0.17785129691866533,1.0,0.5377324446218809
2025-05-31,-1.6618797103075675,-0.959222036076443,-0.44046084236839134,1.0,0.40955840639736396
2025-06-01,-1.8949632176622293,-0.15505598172220408,-1.6966183830082315,0.8705505632961241,0.36623709131157045
2025-06-02,-0.9145900048101285,0.8060144428319025,0.42796571240375325,1.0,0.5618767918774458
2025-06-03,-0.6950621717173537,0.7899113408594164,2.534708645591738,1.0,0.6460657826077101
2025-06-04,0.6123790938694359,0.08586382570824441,3.786450507898158,1.0,0.7194029323291392
2025-06-05,0.6662477513820243,0.2683607557217635,3.551684334503608,1.0,0.7305982149138751
2025-06-06,0.9738726019389103,0.42964251963062333,3.0288376092771103,1.0,0.7578266117805367
2025-06-07,-0.6741005744753908,0.9071053574159793,1.656308482974072,1.0,0.6230663010264421
2025-06-08,-1.1441211772303403,1.1132068980454197,0.896633110111931,1.0,0.5749966459402676
2025-06-09,-1.230156991811261,1.2995192765577943,1.725975111775515,1.0,0.6046686741283412
2025-06-10,-0.53870336362943,0.7849002739372252,2.213358240868425,1.0,0.6455692285343699
2025-06-11,0.06841946580456847,0.8894221132946796,3.3820305882785773,1.0,0.7166205524409163
2025-06-12,2.114704022174099,0.5779772180066857,3.8954391768091914,1.0,0.8400626522285518
2025-06-13,-0.5144047455052576,0.5880897867526211,2.614934552033967,1.0,0.652374576482141
2025-06-14,-0.902587128863079,1.025253572087252,1.2149817036720505,1.0,0.5980458137018319
2025-06-15,-1.1315966769846904,1.0240531825830175,0.3168499224503506,1.0,0.552790768223658
2025-06-16,-0.23963139769378877,0.8127425896887046,1.404154062523827,1.0,0.6396939834749044
2025-06-17,-0.37933409334138696,0.8359711803550065,2.317768124026081,1.0,0.6618021304262355
2025-06-18,0.1590446705062358,-0.11112277028930419,3.0616453101745273,1.0,0.6809728626050281
2025-06-19,-0.11677283376466162,-0.19727208542661168,2.7442488797353914,1.0,0.6504704368474268
2025-06-20,-0.6335244573580926,-0.8570402707615915,2.3648561343243357,1.0,0.5758835627052054
2025-06-21,-0.5067963554018116,-0.6310434873985429,3.1571676553370076,1.0,0.6149200976649399
2025-06-22,2.9210972950661516,-0.4409605849885557,3.524507809879393,1.0,0.8513664619632203
2025-06-23,5.0,-0.11959061882480101,4.252243868027055,1.0,0.8700170575489666
2025-06-24,5.0,-0.11894632637377775,3.731212809375222,1.0,0.8700439030677593
2025-06-25,3.9882461070921287,-0.3303513194300009,3.164648898926204,1.0,0.8612353616904166
2025-06-26,1.2648231301805897,2.5846562735392484,2.5970195469258726,1.0,0.8535828716403705
2025-06-27,0.23127811015864197,2.290110414390929,1.7151959245363075,1.0,0.7430130054280751
2025-06-28,-0.296708107350921,0.3163407167959396,1.6457851092144795,1.0,0.6232598263502521
2025-06-29,0.27902981289544915,-0.3030771607615918,2.0588515208041636,1.0,0.6496021565214357
2025-06-30,-0.23906907570439556,0.1534089643393974,1.5001293215137137,1.0,0.615458412517639
2025-07-01,0.10515276565543777,-1.0582647884880345,1.7270123595721016,1.0,0.5954828968424312
2025-07-02,0.1895379001543987,-0.9876580462118283,1.684413485670235,1.0,0.6026305576071416
2025-07-03,0.34295093286754896,-0.8332590716412157,1.8386967602232491,1.0,0.6244341595468943
2025-07-04,-0.1886702151985226,-0.7247749017030732,1.0879185019654767,1.0,0.5684869814813197
2025-07-05,0.12278758220481387,-0.7950564507331488,1.4178782649293362,1.0,0.597321095530751
2025-07-06,0.32413762231019116,-1.0500803259455658,1.5258527064655392,1.0,0.6037175847884655
2025-07-07,0.7510902820941708,-0.6551225743940946,1.7258132182177932,1.0,0.6553030188137839
2025-07-08,1.1812143065127874,-0.5761587450043026,1.8339974250848814,1.0,0.690874253561836
2025-07-09,0.7995735906776648,-0.4977365504987291,1.5408422117063132,1.0,0.6589272901646078
2025-07-10,0.09979859062993703,-0.6654686528290239,1.3259707690455778,1.0,0.5981244044756391
2025-07-11,0.4552427895130211,-0.8491359598669026,1.7473976803964517,1.0,0.6282154436529622
2025-07-12,0.20730742531496726,-0.8778639960626422,1.2537091056139422,1.0,0.5940331320388524
2025-07-13,0.07377453592200521,-0.9632129035770108,1.1472524012292609,1.0,0.578026178120067
2025-07-14,0.5016931728610972,-0.8525538544271634,1.4573745857214861,1.0,0.6215022871136576
2025-07-15,1.5390697045618966,-0.9412257435038637,1.5594559850463319,1.0,0.6903687738263432
2025-07-16,1.2622342849476988,-0.7137854358697112,1.5448522195850107,1.0,0.6809029664881089
2025-07-17,3.5673369239715433,0.18247440221955874,1.434584349309848,1.0,0.8304225784028099
2025-07-18,0.22773735218937532,-0.22953311435307178,0.997657229920545,1.0,0.6138738513785985
2025-07-19,-0.0011126369920716969,0.22605208712210575,0.531667358211731,1.0,0.602066906437674
2025-07-20,0.6155153837678211,0.1458980188084615,0.7274913690424727,1.0,0.6463631553362896
2025-07-21,-0.3283732468595152,0.6447728408311074,0.9315025749463804,1.0,0.6110240710755411
2025-07-22,-0.22777813550577794,-0.38620451562491614,0.8541512783318079,1.0,0.5721946454263036
2025-07-23,0.33332826825395345,-0.765777372897645,1.2146366046543762,1.0,0.6058023808346743
2025-07-24,1.771466830312963,-0.9431233088443828,1.397119264225759,1.0,0.7003716262932069
2025-07-25,2.8362442446764065,-0.27806108885625036,1.5133846372985205,1.0,0.8029432255193674
2025-07-26,0.10028920258841158,0.34429093389034465,0.8631031877616833,1.0,0.6248015086767146
2025-07-27,0.06539705762925527,0.6067557141552467,0.8739859050604676,1.0,0.6337741554337679
2025-07-28,3.6058002076191116,-0.464016671376581,1.5767411371830817,1.0,0.8082240099320787
2025-07-29,5.0,-0.8744549900116816,1.6249528808555243,1.0,0.7927294714446974
2025-07-30,2.590443126097745,0.32933901180222747,1.4465059041961257,1.0,0.8096355307048134
2025-07-31,0.21626931830027474,-0.9833720309884691,1.0080159630841357,1.0,0.5820446520316367
2025-08-01,-0.6345188084047426,-0.5889229950483322,-0.5517855759713278,1.0,0.4897674354469591
2025-08-02,-0.6866945003521441,-1.2361763010525215,-0.6516672284214432,1.0,0.4559907798186206
2025-08-03,-0.6251705281151164,-1.4249681975404378,-0.3860289688149433,1.0,0.46108065760097594
2025-08-04,-0.3111091523019707,-1.1840600591048454,0.2790864032105578,1.0,0.5142264341575187
2025-08-05,-0.37099574089147047,-0.7598188681533837,0.24609378663528048,1.0,0.5268109573220203
2025-08-06,-0.3761288341626054,-0.6471016314641501,0.06413509030885403,1.0,0.5251000127551152
2025-08-07,-0.3298524555787746,-0.3528167698638821,0.38241446262659085,1.0,0.5510562863046397
2025-08-08,-0.34729638525354567,-0.16537817811468103,0.4542522921666622,1.0,0.5600978933005407
2025-08-09,-0.2661429387836426,-0.41143812699678456,0.27558358439691827,1.0,0.5493000016027884
2025-08-10,-0.30478194928320396,-0.8435930407953965,0.4418000424127924,1.0,0.5342581614284047
2025-08-11,0.2570624092465624,-0.39409455627676315,1.0177521938501557,1.0,0.6096419605665775
2025-08-12,0.3245305850306039,-0.7659561018641613,1.1354783275763942,1.0,0.6025698123435801
2025-08-13,-0.17671416759906117,-0.6650434381366792,0.8377822785355015,1.0,0.5634349881888844
2025-08-14,0.0369511348047055,-0.6575329598068536,0.8261596657925412,1.0,0.5776048578547796
2025-08-15,0.23035054925394927,-0.8247507886420593,1.0421376275753298,1.0,0.5907300080093552
2025-08-16,-0.16670364965775375,-0.7644282128341862,0.7480682139139323,1.0,0.5569708549518564
2025-08-17,-0.03270181803035783,-0.7347176123551258,0.6540163915588459,1.0,0.5640071913351408
2025-08-18,-0.4851272010516836,0.39086674583028896,0.03996619094032321,1.0,0.5602765073708272
2025-08-19,-0.38984082584801094,1.1255312167175586,-0.19028789932289983,1.0,0.5895648156626009
2025-08-20,-0.4942075136738046,0.21235473162026086,-0.5278739507515244,1.0,0.5333051478808731
2025-08-21,-0.6202498195400742,-0.11707715977730312,-0.8252204629114978,1.0,0.5012644482762242
2025-08-22,-0.6343773019133391,-0.40469462341117923,-0.4267129689829147,1.0,0.5016221382642144
2025-08-23,-0.7143002611188274,-0.7149541663879577,-0.6601381087836199,1.0,0.47558562203312593
2025-08-24,-0.7239190915702398,-1.1007559618033456,-0.8788300638346009,1.0,0.4515795600256912
2025-08-25,-0.5882461197544918,-0.9095141812350394,-0.86586286709967,1.0,0.4690250722282516
2025-08-26,-0.7932350574432881,-0.8377994483416109,-1.3707661677600398,1.0,0.44151714689754573
2025-08-27,-0.7652204418450714,-0.42378219032493175,-1.6240081622661235,1.0,0.45219410720458564
2025-08-28,-0.777722247917129,-0.57816502176304,-1.6095255090118252,1.0,0.4454107905983372
2025-08-29,-0.7658969618787049,-0.632456174872674,-1.628106739430708,1.0,0.4433176372740347
2025-08-30,-0.7737091856306658,-0.5665826027430307,-2.1206210851053093,1.0,0.42912440967348564
2025-08-31,-0.8911464599556268,-0.569678654232867,-2.510621618833388,1.0,0.4081662381154758
2025-09-01,-0.6321464336151859,-0.9372296805808762,-1.7855262792409887,1.0,0.4342881250934181
2025-09-02,-0.38086013026181,-0.09430508640947156,-1.2510730431741561,1.0,0.5039775112763462
2025-09-03,-0.626830192091854,-0.6727974231032305,-1.109399146277278,1.0,0.46819812302199915
2025-09-04,-0.5473047932576639,-0.5649536279696379,-1.359324769193836,1.0,0.46966245364429293
2025-09-05,-0.34818672519683164,0.42778132136726804,-0.8589844188818268,1.0,0.5409789594144532
2025-09-06,-0.6249170965755798,1.169394529351977,-1.3467642790686862,1.0,0.5371714896490042
2025-09-07,-0.7215459437881693,-0.40348061513296785,-1.9605199376171247,1.0,0.44473458019634426
2025-09-08,-0.5162293214766532,-0.22480425361798276,-1.8709910124767681,1.0,0.46885150091824823
2025-09-09,-0.5039159997223506,-0.5737219961526443,-1.7574311767297728,1.0,0.45891947762115737
2025-09-10,-0.46539899730644296,0.013218407488855161,-1.531471837188044,1.0,0.4934751059186713
2025-09-11,-0.5063281068235189,0.3319597345072686,-1.0338646736621946,1.0,0.5206142926941618
2025-09-12,-0.37223351647953834,0.5121324440942869,-0.9620520340183061,1.0,0.5394548829380159
2025-09-13,-0.550702027033191,-0.22505331385755506,-1.3415739112074576,1.0,0.4841901797468072
2025-09-14,-0.3969105292637462,0.06896621845544897,-0.8576012919459534,1.0,0.5228261807531955
2025-09-15,-0.07272813750040859,1.416477914395642,-0.6561608427265718,1.0,0.6072993425089055
2025-09-16,-0.39193422048816545,1.748440593826397,-1.0688639337761872,1.0,0.5860939455843492
2025-09-17,-0.28801438969033344,2.1947184652444007,-1.0626927305710439,1.0,0.6118225523867931
2025-09-18,-0.05288490215324663,3.682224943295268,-0.3802922641265384,1.0,0.6837979310522323
2025-09-19,-0.08594980741791414,4.362895506166693,-0.21305487002142623,1.0,0.6871681838380915
2025-09-20,-0.41217948445214625,4.6955801407939575,-0.9718260605030185,1.0,0.640127165686423
2025-09-21,-0.316940568561637,4.084362939520678,-1.3441906168173026,1.0,0.6340642748686475
2025-09-22,0.02735281861030506,3.9629502548599107,-0.9522265745823505,1.0,0.6700826354212753
2025-09-23,0.6071266793566956,2.2210034596453534,-0.5458984133033805,1.0,0.68982030899889
2025-09-24,0.0199705894025848,2.8627553640152756,-0.9036905657428959,1.0,0.665489827269379
2025-09-25,0.08115690991650976,2.059255943661075,-0.7335183245731752,1.0,0.641762180827873
2025-09-26,-0.03404516479492388,2.234040720573988,-0.5166322272505781,1.0,0.6485942781292353
2025-09-27,-0.3002977111022686,1.966513198223764,-1.1639220067373013,1.0,0.5981208022945956
2025-09-28,0.21263698563193986,1.0648173326573718,-0.5885337056478298,1.0,0.6139253977145921
2025-09-29,0.4597601639497206,1.769384946680579,-0.6230365916344481,1.0,0.6586071639871905
2025-09-30,-0.35227984328807943,2.5446791915131053,-0.9518632299424117,1.0,0.6258142024290937
2025-10-01,-0.15347786982371103,1.7397072360853887,-1.2299648911925807,1.0,0.5962571138088911
2025-10-02,0.11925099270812466,2.4153031621346437,-1.375938198790711,1.0,0.6377230913097948
2025-10-03,0.2940359899939444,2.550777075749336,-1.1096505147059943,1.0,0.6638964269989522
2025-10-04,0.26597984324376217,2.279785931541917,-1.0875979074782938,1.0,0.6514698064478875
2025-10-05,0.4950276156716482,1.2684609838528498,-0.9116504052901949,1.0,0.6304660351956388
2025-10-06,1.5632355364096355,2.166813794492187,-0.5357795411230576,1.0,0.751640292493715
2025-10-07,0.32270245193163866,1.6267225596087385,-0.926182764375881,1.0,0.6334208446332774
2025-10-08,-0.15227853860122606,2.0571705717599866,-1.1664526066607874,1.0,0.6116817843612248
2025-10-09,0.02716762166465878,0.7434384794547125,-1.667052677321804,1.0,0.5522193555108635
2025-10-10,-0.24706709468495222,0.6537318503591886,-1.7582926915317916,1.0,0.527157931068243
2025-10-11,-0.28418071934393613,0.6083996621107163,-1.8437929994517088,1.0,0.5199448379832938
2025-10-12,0.16821091342549863,3.050012450345126,-1.788492790477338,1.0,0.6515976345457887
2025-10-13,0.6145654584404423,0.5240255527386755,-1.3813310236690632,1.0,0.5917610611378389
2025-10-14,0.1522166046643786,0.10171460344298136,-1.317314554482954,1.0,0.545475396971651
2025-10-15,-0.018874153589965845,0.32914459774215005,-1.4024605515919115,1.0,0.5407073962801948
2025-10-16,-0.0752733618245205,-0.2754702951982059,-1.3892313268497731,1.0,0.5121961360167809
2025-10-17,0.17649830871161093,-0.6522182033726792,-1.4345680125513551,1.0,0.511771861688534
2025-10-18,-0.01797657336912848,-0.4228764513167936,-1.5441793734398839,1.0,0.5047090638558622
2025-10-19,-0.37996085099562626,-0.4837245995716821,-1.474280507781507,1.0,0.48037140135875456
2025-10-20,0.029825090954060284,-0.5153433046983744,-1.220328037422106,1.0,0.5148381004537682
2025-10-21,0.07399164088256693,-0.5015346936437206,-1.1498877048535963,1.0,0.5207059069952296
2025-10-22,-0.014455770980902739,-0.4615314108680188,-1.1033918471174644,1.0,0.5180260782445236
2025-10-23,0.5276827262610786,0.1553211458282552,-1.101455904884088,1.0,0.5799353659974463
2025-10-24,1.052064260624805,0.31505197631813153,-0.9774773205827727,1.0,0.62568220570215
2025-10-25,0.2826667305765357,0.1570679436654954,-1.253201535033517,1.0,0.5586155618567141
2025-10-26,-0.27415805419815426,-0.5405300858986113,-1.3197534777552458,1.0,0.49020892688250606
2025-10-27,0.26756094109117073,-0.0057023800708330364,-0.9047040692876701,1.0,0.5624429945935377
2025-10-28,0.701530093395943,-0.28014811584851107,-0.8892153703959229,1.0,0.5804553223861775
2025-10-29,0.38717750238636167,-0.4014230720335523,-0.857422215147973,1.0,0.5555051316527604
2025-10-30,0.24284779994034064,-0.45611807873900406,-0.9528353481439668,1.0,0.540423755110432
2025-10-31,-0.7657417934435753,-0.4878918039784025,-1.0349366924398595,1.0,0.46912383218999953
2025-11-01,0.040157458748878036,-1.0445218391190327,-1.3964038699475847,1.0,0.4876086249550461
2025-11-02,-0.18023190941631914,-1.053924416135696,-1.1916364708861251,1.0,0.47934980633705393
2025-11-03,0.43257192975500197,-0.9324806995697943,-0.7742286045176416,1.0,0.5391771460176706
2025-11-04,0.08497642149161043,-0.3012192303384157,-0.7509381311821546,1.0,0.5430830224626015
2025-11-05,-0.2748713827568189,-0.6503524765818475,-0.7767151748042389,1.0,0.5036867154651605
2025-11-06,0.6825455117315136,-0.1679432455845127,-0.7015174404166415,1.0,0.5901214842021916
2025-11-07,-0.05072728498331532,0.19656209671898248,-0.6085218977517965,1.0,0.5595242051060101
2025-11-08,-0.16231191023139319,0.5856419414510998,-0.996023090965738,1.0,0.5553801838461784
2025-11-09,-0.4009778641181288,0.36676888585593825,-0.7875734114165386,1.0,0.5372977322555709
2025-11-10,1.1178265617993048,3.2554709468637126,0.27295150497746046,1.0,0.7836201542858691
2025-11-11,1.79784121805821,2.926554080283595,0.4794902210289051,1.0,0.8327788419166607
2025-11-12,0.3180418330314569,0.3219267061461893,0.43756330914067754,1.0,0.6242018452628776
2025-11-13,-0.03501326106569738,-0.7058807270668169,-0.2850496068031779,1.0,0.5337524320743968
2025-11-14,0.037927059817160096,-0.6057648051304516,-0.07615837398802656,1.0,0.549749657974441
2025-11-15,-0.8626105930770265,-0.5878878325684095,-0.8255315191221856,1.0,0.46547958346710827
2025-11-16,-0.74030081398849,-0.9779414552452738,-0.8488549397531059,1.0,0.45660388710711075
2025-11-17,0.2244045511268842,-0.6884537165997697,0.24077534059852684,1.0,0.5693005765700861
2025-11-18,0.7250385288129791,-0.213571541784167,0.4365899818859951,1.0,0.6289900870760582
2025-11-19,0.07597878697633288,-0.18682777193363678,0.13922520247599998,1.0,0.5769216020503873
2025-11-20,0.5414615446589274,-0.10973518256733876,0.07694367236445303,1.0,0.6090899261157712
2025-11-21,-0.29350717864239045,-0.8942216252517374,-0.08712561780834734,1.0,0.5152694331114067
2025-11-22,-0.7035723595715166,-0.8951870908312268,-0.72409185688628,1.0,0.46665931868105515
2025-11-23,-0.7109606212768039,-0.5359940817623566,-0.7642170301699384,0.8705505632961241,0.4603782219968689
2025-11-24,-0.13600270472294215,-0.9012115951138052,0.15370703413879785,1.0,0.5335062376933553
2025-11-25,-1.0577120156740127,-1.0787176215707825,-0.1774570071588593,1.0,0.45362406448432124
2025-11-26,-1.4508678851787882,-0.892926007522794,-0.11395950816408582,1.0,0.43727157373582826
2025-11-27,-1.3650336707087711,-0.7126045223623174,-0.3214083142112016,1.0,0.4435922897139454
2025-11-28,-0.8900165067824098,-0.7413599034580436,0.5671361407166063,1.0,0.5036801082609744
2025-11-29,-0.47338447071874684,-0.12498480603291111,0.4949243919822742,1.0,0.5547308147667881
2025-11-30,-0.8722027697340681,-0.7769853046413905,0.36451476294355,1.0,0.49662925308912254
2025-12-01,0.6319477821111621,-0.35611099586879463,1.424833942039513,1.0,0.6497863587141948
2025-12-02,0.2966631930071095,-0.7049400445171239,1.7695652027491957,1.0,0.6243905511039003
2025-12-03,0.4157775827227874,-0.6812423757249856,1.6447096927939517,1.0,0.6291570629527765
2025-12-04,1.2434269297039307,-0.877308457576651,1.816871145947575,1.0,0.6819029811128208
2025-12-05,1.0559742666317207,-0.5864771830402055,2.146254903972951,1.0,0.6925035652812045
2025-12-06,0.02667538165742202,-0.9181106298139389,1.7356248313816465,1.0,0.5963779102476356
2025-12-07,1.8186797213987906,-0.5786457877250198,0.814880361543688,1.0,0.6992977523228332
2025-12-08,3.600048339893781,-0.25752640977818797,2.4964887788055954,1.0,0.847486025552762
2025-12-09,3.7901856092567856,-0.1481810852726076,2.5047970475927235,1.0,0.8523190230333988
2025-12-10,0.8710184939439908,-0.5016492841785312,1.8780621883037611,1.0,0.6747679190322861
2025-12-11,1.52871237675363,-0.8809521601461504,1.7287049872425313,1.0,0.6978313180189035
2025-12-12,0.9841230742372683,-0.8562875784173141,1.6261695554212503,1.0,0.6591352076958048
2025-12-13,0.4282158637066192,-0.7994355330798598,1.3733478315878564,1.0,0.6160161714217091
2025-12-14,1.9477912086143645,-0.7049238941141962,2.724021953477174,1.0,0.7662816501021054
2025-12-15,1.9926951275218123,0.3875063617335293,2.880493421746234,1.0,0.8200088876318924
2025-12-16,3.690091239515827,-0.39140759693774124,2.328991177186693,1.0,0.8363243893671506
2025-12-17,0.10175883548294021,-0.7709366318893078,1.4913479049744505,1.0,0.5993731595359566
2025-12-18,-0.6490581885822314,-0.8376271652303661,0.849539812797232,1.0,0.5251463159698271
2025-12-19,-1.0705605512493788,-1.087656799533621,0.8207666838423222,1.0,0.4856691527308846
2025-12-20,-1.2081879119246026,-1.0126027991113478,0.7871054657086101,1.0,0.478499204765674
2025-12-21,-1.2151921384584137,-1.0688416234114841,0.39832790025458903,1.0,0.4627297198024469
2025-12-22,0.05035635002948133,-0.5825610489942251,1.2370068059075607,1.0,0.5953172731574581
2025-12-23,-0.5858206716998664,-0.8122627589336107,0.6760154416918074,1.0,0.5246348549875021
2025-12-24,-1.0878069038474922,-0.8267172349732321,-0.04656513056865869,1.0,0.46648081726732726
2025-12-25,-1.1251208562453816,-0.6406643862385513,-0.852712718660056,1.0,0.44487383620169973
2025-12-26,-0.3906931697042715,-0.06364145051423198,0.28349862376196555,1.0,0.5557520157070212
2025-12-27,-0.8408740028904942,-0.558193859263465,0.0461652417616191,1.0,0.4972224970633766
2025-12-28,-1.3248513454708046,-0.4339708796926254,-0.11001536717270245,1.0,0.4649272780756636
2025-12-29,-1.2541335317863418,-1.0727687276882663,1.1291877833852673,1.0,0.4843319936734084
2025-12-30,-0.6230202906497968,-0.9864648250078343,1.6134091973801372,1.0,0.546142919494025
2025-12-31,-0.9313847391045131,-0.7189097439652372,1.5136748994923879,0.8705505632961241,0.5139915258719792
