date,lmp_zscore,congestion_frac_z,reserve_tightness_z,event_flag,gsi
2018-01-01,,,,0.8705505632961241,
2018-01-02,,,,1.0,
2018-01-03,,,,1.0,
2018-01-04,,,,1.0,
2018-01-05,,,,1.0,
2018-01-06,,,,1.0,
2018-01-07,,,,1.0,
2018-01-08,,,,1.0,
2018-01-09,,,,0.8705505632961241,
2018-01-10,,,,0.7578582832551991,
2018-01-11,,,,0.6597539553864472,
2018-01-12,,,,0.5743491774985175,
2018-01-13,,,,0.5,
2018-01-14,,,,0.4352752816480621,
2018-01-15,,,,0.37892914162759955,
2018-01-16,,,,0.3298769776932236,
2018-01-17,,,,0.2871745887492588,
2018-01-18,,,,0.25,
2018-01-19,,,,0.21763764082403103,
2018-01-20,-1.3852536604334023,-1.3143050584392715,-1.4322068675192692,0.1894645708137998,0.2585665019075645
2018-01-21,-1.3628998730086814,-1.4387235802981941,-2.2211830443314575,0.16493848884661183,0.22489453113627306
2018-01-22,-1.3193258761134792,-1.3120037850048354,-1.7311223012631818,0.14358729437462942,0.2462121346646549
2018-01-23,-1.2256212582724593,-1.1775170655830385,-1.3501584053795896,0.12500000000000003,0.2679734248698898
2018-01-24,-1.0693983637620765,-1.111582725638899,-0.6922943396070464,0.10881882041201553,0.3006371739224749
2018-01-25,-0.9460234376306218,-0.8604093514731749,-0.5439874244447649,0.09473228540689989,0.32215830984278576
2018-01-26,-0.8742352442324394,-0.8179388168075115,-0.3398485986557612,0.0824692444233059,0.33367896639249495
2018-01-27,-1.0225146836291368,-1.0742799453357448,-1.3124574364076416,0.0717936471873147,0.279091155900244
2018-01-28,-0.958443832479289,-0.7991493044686304,-1.7724212911765496,0.0625,0.2781001471093028
2018-01-29,-0.8564033378722364,-0.8808691663382056,-0.6325479090941802,0.054409410206007765,0.3182800434388542
2018-01-30,-0.7310767635653846,-0.7114756044951153,0.12665574772496488,0.047366142703449944,0.35794351190469426
2018-01-31,-0.7650025690605329,-0.44932743952012627,0.14612137663740285,0.04123462221165295,0.3663337579689539
2018-02-01,-0.8472658257629546,-0.8152808113859616,-0.7663599143116542,0.03589682359365736,0.3143847708700481
2018-02-02,-0.2657744875873273,-0.36634621622859254,0.2442523052118037,0.03125,0.4048465186583803
2018-02-03,-0.33867160480973624,-0.5211399746171865,0.238912363264402,0.027204705103003893,0.39275217861123213
2018-02-04,-0.9082280776637419,-0.9264039071250152,-0.7407346442072864,0.02368307135172497,0.30471260458805743
2018-02-05,-0.7777805026117531,-0.4260945353303802,-0.05903322450150568,0.020617311105826482,0.3565188500362744
2018-02-06,-0.7922676007605872,-0.0809849960423554,-0.026816253961301637,0.017948411796828663,0.370606171751677
2018-02-07,-0.8478610674904431,0.7488663544983305,-0.30423071053497197,0.015625000000000007,0.3918814199202352
2018-02-08,-0.7532379864334818,0.1919380555533587,-0.06582332866609156,0.013602352551501933,0.38262779514634676
2018-02-09,-0.7635596264999706,-0.4567017648618632,-0.02199736863996822,0.01184153567586249,0.3561097694274714
2018-02-10,-0.8816511540376951,-0.3710125325136566,-1.0104699510363269,0.01030865555291324,0.31862836750781076
2018-02-11,-0.8700892507913732,-0.04412633289793944,-1.6364311022113809,0.008974205898414338,0.3119538802208771
2018-02-12,-0.7996448191023785,0.03479459677924773,-0.8430626884548907,0.007812500000000002,0.3462099056438137
2018-02-13,-0.7205190560538027,-0.36014046868495836,-0.37055663148926754,0.0068011762757509715,0.35062783212626025
2018-02-14,-0.8046602451024737,-0.4145119708810296,-0.6892689133632356,0.005920767837931244,0.33199713627004074
2018-02-15,-0.8290376748102711,0.2302699415608823,-1.379832451719305,0.00515432777645662,0.33410413668684363
2018-02-16,-0.7415015549703673,0.27931355914588923,-1.4936677432593948,0.004487102949207169,0.33808876863345544
2018-02-17,-0.7495880230843042,0.2615518599891967,-1.095946843569457,0.003906250000000001,0.34997983534161436
2018-02-18,-0.7772238289467053,1.2552362104921335,-1.1070539530279424,0.0034005881378754853,0.3890948766271418
2018-02-19,-0.7703201791353763,1.5554446932494752,-1.280101138226725,0.0029603839189656215,0.39622953658999044
2018-02-20,-0.7501307044122647,1.3067736536912755,-1.292218107312741,0.0025771638882283094,0.3867528262824617
2018-02-21,-0.665128450621833,1.5634523423615974,-1.4009312671031264,0.002243551474603584,0.3994407747080307
2018-02-22,-0.651730020675752,-0.22534727495048298,-1.179598450737863,0.001953125,0.3331348825574177
2018-02-23,-0.6859529982116148,-0.7542786806203933,-1.1495360779184483,0.0017002940689377426,0.30977869660643503
2018-02-24,-0.7085069653855056,0.3527428075707108,-1.4406847143863981,0.0014801919594828095,0.3446630242707884
2018-02-25,-0.6865483553244516,0.6612989910647488,-1.7917192197478697,0.0012885819441141558,0.3472535475727559
2018-02-26,-0.6399845459293804,1.4563263684473868,-1.2582289868184922,0.001121775737301792,0.4012419290899946
2018-02-27,-0.6286829010523476,0.7352509565536111,-0.757615645350994,0.0009765625,0.3886158926495441
2018-02-28,-0.6735411588627315,0.14556966291476986,-1.2486046416568193,0.000850147034468872,0.344670026030543
2018-03-01,-0.5846931288050136,0.8713523502923454,-1.1015908721426078,0.0007400959797414059,0.3857181246673878
2018-03-02,-0.5464877774541057,0.18494043775562963,-0.8788789645521482,0.0006442909720570772,0.3670740112369479
2018-03-03,-0.5945002038606328,2.6276401004119556,-0.9100444758312887,0.0005608878686508959,0.46460097457904403
2018-03-04,-0.5708372321795215,0.987089161781597,-1.3570152912381206,0.0004882812500000004,0.3829122987418278
2018-03-05,-0.5816198723059036,2.4416769808634085,-0.4439510336581738,0.0004882812500000004,0.473236757114476
2018-03-06,-0.5722409492433891,3.230501890570712,-0.5238717818210775,0.0005608878686508959,0.4944723438367025
2018-03-07,-0.4406695572465483,1.1939957249395148,-0.5297054375492812,0.0006442909720570772,0.42781164711687575
2018-03-08,-0.48408605675704225,1.7542667100485334,-0.2650051855395445,0.0007400959797414059,0.45709955068052915
2018-03-09,-0.5109525594071416,0.5143634699140742,-0.1315971948125336,0.000850147034468872,0.4081092561806962
2018-03-10,-0.5156449231881337,1.1243455673742047,-0.5485542671154491,0.0009765625,0.41933274589920133
2018-03-11,-0.4625696590305758,0.8380463922154262,-1.2448000572155058,0.001121775737301792,0.3877555535270161
2018-03-12,-0.3152941851985805,0.3585042107649026,-0.29499811919680896,0.0012885819441141558,0.4092780797536891
2018-03-13,-0.36386825032134573,1.021949631600127,-0.04635414878698272,0.0014801919594828095,0.44200024179627195
2018-03-14,-0.44638271263376983,1.1206422661192816,0.11416859999606177,0.0017002940689377426,0.44599524435626153
2018-03-15,-0.45547439842929943,0.31626477903508615,-0.03324822326413216,0.001953125,0.4069974338723709
2018-03-16,-0.4844141098755268,-0.15156757876792992,-0.22046336741517628,0.002243551474603584,0.37937816403365254
2018-03-17,-0.4985279893940044,-0.04104798166508563,-0.8407971202863558,0.0025771638882283094,0.3624144720447102
2018-03-18,-0.5349440236918327,1.0878522958185441,-1.4276978996771743,0.0029603839189656215,0.3875183716782562
2018-03-19,-0.5007974112172755,2.086539200311205,-0.5927870244169859,0.0034005881378754853,0.4593031600052636
2018-03-20,-0.2865749978322555,0.33158016029955356,-0.2470949304701372,0.003906250000000001,0.4120602799746598
2018-03-21,-0.2943588373301209,1.132237239711442,-0.0592675927832233,0.004487102949207169,0.45125010818224237
2018-03-22,-0.37968390577083116,3.461328543621918,-0.11110402677535414,0.00515432777645662,0.5217574212225681
2018-03-23,-0.44905452968263065,2.4017451913229917,-0.1817866520222681,0.005920767837931244,0.4899643077678967
2018-03-24,-0.5497904089095588,2.9223112009844767,-1.0635468933889058,0.0068011762757509715,0.47567888610878173
2018-03-25,-0.5662619935052907,1.4145427832046253,-1.3276116796679216,0.007812500000000002,0.40310663541090935
2018-03-26,-0.38889200051987083,2.67197815165386,-0.29505525985523945,0.008974205898414338,0.5019172451738403
2018-03-27,-0.4025729834248575,1.379420346693125,-0.6054144345277762,0.01030865555291324,0.4370034660659009
2018-03-28,-0.5022287459709232,0.6526946871304662,-0.8957216107694831,0.01184153567586249,0.3906325388914379
2018-03-29,-0.5372230664469981,1.1944519522261383,-1.3340906314749184,0.013602352551501933,0.3965246254131839
2018-03-30,-0.5929509671472202,1.145189439451662,-1.522197073390485,0.015625000000000007,0.38479000972098837
2018-03-31,-0.5845785110606863,0.22728039011156062,-1.7883966910724107,0.017948411796828663,0.33857715425104656
2018-04-01,-0.4626976616900137,-1.1559869814191674,-2.192414220923723,0.020617311105826482,0.2759994876299503
2018-04-02,-0.2774503378711372,-1.1639121392153717,-0.9395832624572964,0.02368307135172497,0.3302399902954659
2018-04-03,-0.2588789251730806,-1.1014781170244807,-0.8589907523633319,0.027204705103003893,0.3372941641324475
2018-04-04,-0.3093946325403927,-0.23065866291233422,-1.0020877687288592,0.03125,0.36604748791833125
2018-04-05,-0.23451838253055599,1.8156821785711466,-0.33519465782402047,0.03589682359365736,0.4792302335500086
2018-04-06,-0.27689894072116705,0.3667402678754834,-0.7394265027379763,0.04123462221165295,0.4033585583538828
2018-04-07,-0.15638368513170936,0.1743355103114805,-1.3283252479024703,0.047366142703449944,0.3846658137296329
2018-04-08,-0.07134437535026607,0.5840345998972561,-1.2387193771109302,0.054409410206007765,0.4114492489329048
2018-04-09,0.2708461251659553,-0.7059113835490956,-0.22077719694679723,0.0625,0.4156591941316249
2018-04-10,0.1298068991465832,-0.9174099462390201,-0.2934668489873369,0.0717936471873147,0.3964151976283324
2018-04-11,0.1867531829173563,-1.1122109229655532,-0.4448568848426124,0.0824692444233059,0.3886499142396679
2018-04-12,-0.04978962336307819,-1.0703577885033795,-1.1911102765424555,0.09473228540689989,0.3515886175144405
2018-04-13,-0.270007247904963,-0.8220335765922865,-1.5458412270465283,0.10881882041201553,0.33754289994190856
2018-04-14,-0.13153229455343832,-0.6354178140013623,-1.5259748021422312,0.12500000000000003,0.35763961137497297
2018-04-15,0.16120829911998458,-0.36091515580250594,-1.6351879952168715,0.14358729437462942,0.3877409160985266
2018-04-16,0.2709813710543955,-0.863013362367464,-0.6206044455205311,0.16493848884661183,0.41116049311462277
2018-04-17,1.0983898387957576,-0.9421269020081807,-0.32105855543917927,0.1894645708137998,0.47668843544347367
2018-04-18,1.5793180712387032,-0.9336052552753555,-0.3781971408035053,0.21763764082403103,0.5114267272095948
2018-04-19,0.7483510288732178,-1.0695109948287231,-0.984091823220991,0.25,0.43502404969965136
2018-04-20,1.8191740459613905,-1.1388766136122404,-0.41718190004046296,0.2871745887492588,0.5279952024746227
2018-04-21,0.6085144459644165,-0.6115236666271348,-1.71680465666518,0.3298769776932236,0.4323422017199747
2018-04-22,0.0019043828905590777,-0.2423739477050863,-2.272894610985724,0.37892914162759955,0.39610426191627446
2018-04-23,0.39488581821782887,0.009379894863245093,-1.6062798612286469,0.4352752816480621,0.4634651803734116
2018-04-24,0.5416016161800233,0.4122995968927128,-1.4185128220049659,0.5,0.5060021635490324
2018-04-25,-0.102348280050538,0.9358445133524536,-1.2854060410543855,0.5743491774985175,0.5004758113092812
2018-04-26,-0.1564421649864316,0.6758899532577927,-1.3912940786082462,0.6597539553864472,0.49531922774100484
2018-04-27,-0.09822074748237249,-0.23964140075512178,-1.4638802547318566,0.7578582832551991,0.4733496258002631
2018-04-28,-0.1510145193416225,0.282474908664713,-1.7554247186345109,0.8705505632961241,0.49877058044485645
2018-04-29,0.06546638089191006,0.20921107274154652,-2.065096480267326,1.0,0.5192450040814476
2018-04-30,0.23900614007054322,-0.7412535200864249,-1.8279563113312498,1.0,0.4991163022900602
2018-05-01,-0.43718974624913665,0.031610603743871576,-1.014321288535508,1.0,0.5133604157882019
2018-05-02,0.17081422336873658,1.4207536659873334,0.24558590855464013,1.0,0.6537718812592094
2018-05-03,2.551420433280901,0.7043034645593181,1.085438571567375,1.0,0.8106219589609442
2018-05-04,2.365584800689242,0.08045521502117715,0.8330952791672172,1.0,0.7638277966440724
2018-05-05,-0.10839182161202095,0.4840475663483573,0.02568872795686917,1.0,0.5887988180889425
2018-05-06,-0.47092666905829844,0.5359237970483818,-1.8142410709145405,1.0,0.505460344575978
2018-05-07,-0.7972605980390199,-0.2893401705237948,-0.8027742104287119,1.0,0.48303431267795016
2018-05-08,-0.1868921381325462,-0.2984700075919103,-0.3214458965407141,1.0,0.5393894105901436
2018-05-09,-0.47311752107926064,-0.36199352270929674,0.10644230215210745,1.0,0.5319238452202322
2018-05-10,-0.047334091465890085,0.11063127325003079,0.034065429059021435,1.0,0.5775895445896593
2018-05-11,-0.10094529429854258,0.9106616041407559,-0.09870056918324513,1.0,0.6029245282465205
2018-05-12,-0.8874763547039392,3.6377345215699033,-0.5019792465753438,1.0,0.6241022681338927
2018-05-13,-0.8289431483305991,2.1343366032260906,-0.9259971978737384,1.0,0.5778012419832559
2018-05-14,-0.06070414164110727,1.8244510221596515,0.923937814863559,1.0,0.6777697769760304
2018-05-15,1.3041538718566146,1.3159270896152522,2.254220702747371,1.0,0.7919145769493222
2018-05-16,-0.13311024351058742,0.8563208232717624,0.9349322636277004,1.0,0.632970426856541
2018-05-17,-0.09835859145190137,0.23522248579526475,0.22010885233858557,1.0,0.5855806592226288
2018-05-18,-0.041288893301848366,0.6947038480355858,-0.21620457301041573,1.0,0.5939865816810124
2018-05-19,-1.2647778322377792,2.007564109906063,-1.1337410566944683,1.0,0.5365386138737518
2018-05-20,-0.5880981131653737,1.1796621323792795,0.1531212041944294,1.0,0.5900500881112595
2018-05-21,0.12229869865279575,0.6428491860136103,1.144188315342368,1.0,0.6480782398388324
2018-05-22,-0.19114682204918693,2.565063396512831,0.6113377031515667,1.0,0.6895124434898078
2018-05-23,1.223658936810709,0.7401753232959557,1.3004396915703678,1.0,0.7307658906437244
2018-05-24,0.10167027284477514,1.617107158707059,1.910636676776233,1.0,0.7128453723616536
2018-05-25,1.7222541298554985,1.4843184008135482,2.6299837317748262,1.0,0.8393296664167587
2018-05-26,0.5276859874181113,0.9075856342417582,1.9380836022817771,1.0,0.7125979206640066
2018-05-27,-1.1941567712688204,3.8742911918151712,1.1440036357909973,1.0,0.6585230031084452
2018-05-28,-1.3213303525919973,2.4137288125785648,1.0508837772239366,1.0,0.6225128029254383
2018-05-29,3.833215169477301,1.8382368736817711,3.142503167684067,1.0,0.9515932030700739
2018-05-30,-1.0727182173001415,1.3700199805574103,2.2116035791935427,1.0,0.6342897373430009
2018-05-31,-1.8014015671058818,1.966109425541539,1.179226904791328,1.0,0.5761353517502164
2018-06-01,3.1172741858447535,-0.5112822529546361,2.259710791073316,1.0,0.8290202658293341
2018-06-02,-0.16988141680846638,-0.45911986966991875,1.150495617992873,1.0,0.5828944315762847
2018-06-03,-1.5775030510616532,-0.256433865588421,0.04353873033486941,1.0,0.46059967654086786
2018-06-04,-1.3714186143595848,-0.02984554317281533,0.18733845218972078,1.0,0.4885731431501511
2018-06-05,-1.2653317746952102,0.06111462159463586,0.0008915468292407018,1.0,0.4932207091477372
2018-06-06,-1.209990297119058,-0.28384512938319517,-0.2924090338286761,1.0,0.4727601320068071
2018-06-07,-1.0798950836319223,0.5623379166728038,0.8825487137976985,1.0,0.5558560314124953
2018-06-08,-0.0713733214344072,0.5806159710958244,1.39574229366166,1.0,0.6409588538220875
2018-06-09,-1.0994021866447747,1.0471505794407765,0.8773290701660635,1.0,0.5745820973725828
2018-06-10,-1.6195062851320308,0.513075238624655,0.051309414661461855,1.0,0.490121363089274
2018-06-11,-1.5520388847148403,0.748792045350081,-0.36123083749473556,1.0,0.49068938165877285
2018-06-12,-1.4175183755264156,0.16260402424696524,0.5141425508837547,1.0,0.504412027671321
2018-06-13,-0.4858548550622071,0.2392518903060843,1.8771548128479474,1.0,0.6151503321868713
2018-06-14,0.17969153632920948,-0.6479702387613954,1.9046487916064545,1.0,0.6234689688604377
2018-06-15,-1.0466944358413928,0.6917235122042316,1.720433170221809,1.0,0.5913899562931437
2018-06-16,-1.0592232751576551,0.7123311722727382,1.7831749858485637,1.0,0.5935047466958059
2018-06-17,0.3609585558978132,0.3485120402615237,2.720895811340671,1.0,0.7042817657821069
2018-06-18,5.0,-0.5670581234712893,4.05377159450346,1.0,0.8513725781886964
2018-06-19,0.6106212027737464,-0.8660827565676978,2.964791026930784,1.0,0.6784476662256218
2018-06-20,-0.4769172057017133,-0.12289910955528656,1.8254405686922563,1.0,0.5989327423448241
2018-06-21,-0.12109373428248962,-0.8460529288100533,1.1794794827877417,1.0,0.5709908617736733
2018-06-22,-0.8365836890339905,-1.0577389957323509,0.5636452607961255,1.0,0.49394347126875693
2018-06-23,-0.9624732258857913,-0.5971763451133402,-0.06985580460004183,1.0,0.48362424374122337
2018-06-24,-0.027059650003662252,-0.8294951130413396,1.0506378366387492,1.0,0.5736549881776584
2018-06-25,0.1093214962375923,-1.046782191203866,1.113825953247368,1.0,0.5757997068905907
2018-06-26,-0.5437288446477573,-0.6358967612657376,0.8519262003292833,1.0,0.5406532519817199
2018-06-27,-0.4097148183153482,-0.896371960341523,0.7682739228536785,1.0,0.5359459778598693
2018-06-28,0.7880707322837586,-1.1580979947815122,2.231504141864163,1.0,0.653667437098493
2018-06-29,2.281829726702871,-1.1913983208812646,2.731244470707574,1.0,0.7685218674337245
2018-06-30,0.013421073010725239,-1.3727107273605583,1.913541068620873,1.0,0.5824831601813876
2018-07-01,3.2991945575703845,-1.3626465141823598,2.56817559310544,1.0,0.8038289150125831
2018-07-02,4.4168053172835045,-1.1652276925300846,2.718507044108348,1.0,0.8170657476148581
2018-07-03,2.4706202849267225,-1.2189847101537985,2.611740497530543,1.0,0.7759750059897247
2018-07-04,0.07414900720939692,-0.8049527714497581,1.9184364984273012,1.0,0.6103514516177966
2018-07-05,0.7803274649066707,-1.0118874450465363,2.1924363536480085,1.0,0.657941065905106
2018-07-06,-0.18615936883216058,-1.0536967626202491,1.3798405759569392,1.0,0.5646800295005769
2018-07-07,-0.8317173502542474,-0.9411768067304741,0.08314838250487377,1.0,0.4831080891194429
2018-07-08,-0.4824535556312472,-0.7084387314212901,0.3505534418126626,1.0,0.5250032638757852
2018-07-09,0.19466034496387108,-0.5804921744829985,1.6362471417593025,1.0,0.6183317537861099
2018-07-10,1.1349821703911336,-1.0706299026503197,1.9598752613784773,1.0,0.6713850741282615
2018-07-11,0.4394691597065117,-0.981685071897742,1.579897804974388,1.0,0.6160576594838412
2018-07-12,0.05495543991803166,-0.865911809802187,1.2441700349299898,1.0,0.5840563717504441
2018-07-13,0.27942982987490894,-0.7006663880116599,1.4700483626144183,1.0,0.6134358345783221
2018-07-14,0.5390382170813977,-0.8627463497000635,1.05435533241359,1.0,0.6101332943150436
2018-07-15,0.9094950041329622,-1.133155538539551,0.9528413735751667,1.0,0.6201795652888884
2018-07-16,1.7754309691611516,-1.295020742790904,1.8978419691712716,1.0,0.7026642659668315
2018-07-17,0.29576518185619893,-1.2964849460135228,1.3922089367334238,1.0,0.5871044372642973
2018-07-18,0.41011744422803964,-1.2311469544870952,0.7960989398726354,1.0,0.5775800045073283
2018-07-19,0.26735096856937957,-0.8702921409609099,0.8876652459973824,1.0,0.5861500668978336
2018-07-20,-0.040009490319428534,-0.6738555111194348,0.4027282040092807,1.0,0.5576796611490377
2018-07-21,-0.656477270115634,-0.29715485198902164,-0.3323839133217848,1.0,0.5077739327153558
2018-07-22,-0.46265068266511866,-1.001947133803504,-0.3599705863072535,1.0,0.49040980437027104
2018-07-23,-0.28164776673418096,-0.728996811063846,0.6176149025399459,1.0,0.5464357785080592
2018-07-24,-0.21996057592178328,-0.6978255629064949,0.7155464972067206,1.0,0.5551114463910012
2018-07-25,-0.3266578465694977,-0.700400923233827,0.7962562976856489,1.0,0.5505813150168124
2018-07-26,0.6669744461000461,-1.0299034969899998,1.1730810618902816,1.0,0.6156550194284292
2018-07-27,0.2551055795172256,-1.2377733913100355,0.6637999864806574,0.8705505632961241,0.5431423980403374
2018-07-28,-0.11430390964106443,-1.2308104198519565,-0.04756794098050671,0.7578582832551991,0.47818911631902716
2018-07-29,-0.4369779520573863,-1.1321227742381736,-0.21337422354671545,0.6597539553864472,0.440546973459327
2018-07-30,0.09191874920883626,-1.1588369135394347,-0.19301868569333114,0.5743491774985175,0.46256146565144596
2018-07-31,-0.3464752350230479,-1.2097647573754375,-0.5725819425638358,0.5,0.4074087213556924
2018-08-01,0.4601087679080417,-1.0943324377940857,0.7409644818587188,0.4352752816480621,0.5000668412616158
2018-08-02,0.53008117806728,-1.1269900115706337,0.7211055962049511,0.37892914162759955,0.4942570525066806
2018-08-03,0.26697062149109324,-1.0997579934191477,0.6544788444884784,0.3298769776932236,0.46827229984387453
2018-08-04,0.3905107471952339,-0.8893810182034015,0.9546525721721967,0.2871745887492588,0.48887444810600256
2018-08-05,0.4302811627139735,-0.8851120001980163,1.1889460634284927,0.25,0.4939372796202973
2018-08-06,1.2081387322310475,-0.9350606347943278,1.548128444411102,0.21763764082403103,0.5508316499696142
2018-08-07,0.6124759177790339,-0.9278464136722937,1.3934328825727047,0.1894645708137998,0.5020389089900835
2018-08-08,0.4099096335960075,-0.8833442447890468,1.3247825313671047,0.16493848884661183,0.4844214897460855
2018-08-09,0.11595129404497677,-0.6632845245937461,1.4312433565037528,0.14358729437462942,0.4743394371179119
2018-08-10,0.33513169772238094,-0.7495520140316538,0.9654977423690269,0.12500000000000003,0.46704403734247407
2018-08-11,-0.4540715295165069,-0.7334420255271037,-0.03153411534418989,0.10881882041201553,0.37944016618559956
2018-08-12,-0.31657460447293406,-0.7966566427652705,-0.0914066641633022,0.09473228540689989,0.3818639535921764
2018-08-13,0.26563661019743684,-0.7304372728099977,0.4251977086014612,0.0824692444233059,0.4388178645962905
2018-08-14,-0.15414299776454318,-0.5261411731557502,0.5425023314684183,0.0717936471873147,0.42165370939458535
2018-08-15,0.555982865397776,-0.8591449188476011,0.9934613794550994,0.0625,0.46875819872303837
2018-08-16,0.581614684050489,-0.9196785342740627,0.9139808558910815,0.054409410206007765,0.4640818134025506
2018-08-17,0.7215433893320213,-0.8227597211227327,0.9664255577393462,0.047366142703449944,0.47814034423884993
2018-08-18,0.2647334316468229,-0.7819278734863009,-0.001541257315063967,0.04123462221165295,0.4162023854691049
2018-08-19,-0.5544136954557679,-0.5150920600184918,-0.8021241545646727,0.03589682359365736,0.3452239695224045
2018-08-20,-0.4275279658238609,-0.2815312094198898,-0.295372134599361,0.03125,0.3796094307326019
2018-08-21,-0.4865853252750366,-0.7737809934569132,-0.30025734549163424,0.027204705103003893,0.35439223117002233
2018-08-22,-0.20197315624912954,-0.8699684211212443,-0.4153883604125967,0.02368307135172497,0.3649926207256784
2018-08-23,-0.5924012562820563,-0.6012364935838036,-0.8342761256925503,0.020617311105826482,0.3357384548246601
2018-08-24,-0.46675411291977154,-0.7175277927481892,-0.8136218863891982,0.017948411796828663,0.3395575999973917
2018-08-25,-0.7944901829289991,-0.002726549833941553,-1.1675172131981255,0.015625000000000007,0.33534689112171495
2018-08-26,-0.039254333919762074,0.19592047641795837,0.31747829980649855,0.013602352551501933,0.4431693604657061
2018-08-27,1.0997129136614245,-0.5950965342333724,1.7764947095275538,0.01184153567586249,0.534511225986669
2018-08-28,2.119512655470431,-0.5846937132355927,2.0489116691780342,0.01030865555291324,0.6117819596187505
2018-08-29,2.100742693839163,-0.890836305442422,1.4972149055767283,0.008974205898414338,0.5791846279331629
2018-08-30,0.7489581700444253,-0.6960175456663436,0.7708392317354936,0.007812500000000002,0.4727963296580472
2018-08-31,-0.36908139610583834,-0.9093140003598362,-0.07161454155407847,0.0068011762757509715,0.3611395153008443
2018-09-01,-0.7057729844246239,0.19447748567018242,-0.7560635419907318,0.005920767837931244,0.361737693383948
2018-09-02,-0.5265955603022487,0.34496009979308023,0.1777579854608874,0.00515432777645662,0.41096538215305983
2018-09-03,0.08270855974299843,-0.2963096630192469,0.9012491786579149,0.004487102949207169,0.44888237275470955
2018-09-04,2.603169749313224,-0.7736206810774391,1.8348911169727806,0.003906250000000001,0.6280594296417478
2018-09-05,1.7209243981828446,-0.6389830643774789,1.738183279011592,0.0034005881378754853,0.5715535297175292
2018-09-06,0.48495990671078,-0.7944725249377529,1.000897241138338,0.0029603839189656215,0.45803493753410174
2018-09-07,-0.5943351716563129,-0.007496020336096806,0.0008988428994502705,0.0025771638882283094,0.3854818570554577
2018-09-08,-1.05271854861706,-0.42834785798624886,-1.2634493378610623,0.002243551474603584,0.2951924908019241
2018-09-09,-1.1137914057492977,-0.4959538733962039,-2.8935717145118582,0.001953125,0.23392307315814306
2018-09-10,-1.0023329251367898,2.2745614352646597,-2.216588303565484,0.0017002940689377426,0.37931996545173274
2018-09-11,-0.5490702104308636,1.446488476634109,-1.7541621498637314,0.0014801919594828095,0.390415629629495
2018-09-12,-0.5977582546558187,0.750484747811094,-0.9203911876140914,0.0012885819441141558,0.3859332285528884
2018-09-13,-0.697958460025926,1.6853886355796897,-0.6597954029333241,0.001121775737301792,0.42686904874357645
2018-09-14,-0.7655123353875202,3.8158381746879155,-0.6372720900511517,0.0009765625,0.4778699256807936
2018-09-15,-0.6362741508338718,1.983528709713226,-0.9727682954898192,0.000850147034468872,0.43293066505463595
2018-09-16,-0.707339060474114,2.1972563348420207,-0.738222782755691,0.0007400959797414059,0.4448999982252481
2018-09-17,-0.33602119254853674,1.4325984235378315,-0.5706955532611806,0.0006442909720570772,0.4433636466812765
2018-09-18,0.18452188238545725,1.9385139044941266,-0.2473196714648363,0.0005608878686508959,0.5099130156444223
2018-09-19,0.2556162764521184,2.066512775449533,-0.03031114426165435,0.0004882812500000004,0.5272086547859833
2018-09-20,-0.8064259415083807,5.0,-0.0791418515323619,0.00042507351723443593,0.4936639698759477
2018-09-21,0.06977434455556665,2.6995296850554005,-0.5806990149768401,0.00037004798987070263,0.5228308998802654
2018-09-22,-0.7156832991076328,0.6514308336602866,-1.5693819958707942,0.0003221454860285383,0.3521663200892142
2018-09-23,-1.013631024831419,-0.020527567024700873,-2.82949473472836,0.0002804439343254482,0.26229485848441303
2018-09-24,-0.5165612530750169,0.10969573048919908,-2.1416294959532602,0.00024414062500000016,0.32378220979402356
2018-09-25,-0.4134204641674541,1.2729931051586987,-1.4287091582541105,0.00021253675861721797,0.4028882570091045
2018-09-26,-0.23124733073798961,-0.3311486400751208,-1.0054308007238133,0.00018502399493535113,0.36229904485611714
2018-09-27,-0.6085546371822941,0.99773694875511,-1.4211578917242689,0.00016107274301426942,0.3786542949066198
2018-09-28,-1.0344779581652563,1.8186260935995324,-2.1951987140460636,0.0001402219671627241,0.3586586328491691
2018-09-29,-0.7822659147298238,1.77814799657941,-2.3285349075685167,0.00012207031250000008,0.3693389191700783
2018-09-30,-1.4027651877643779,2.0450334100593084,-2.512145385240489,0.00010626837930860897,0.33296980698372597
2018-10-01,0.5978706878287282,1.3687578377493779,-1.0298950592434997,9.251199746767573e-05,0.4875736639196428
2018-10-02,1.2903175239844105,0.26654633051469556,-0.9596956637012716,8.053637150713471e-05,0.4901494903694234
2018-10-03,1.1919309024011135,1.1830647091179576,-0.49775371795778517,7.011098358136205e-05,0.5371751490889334
2018-10-04,1.2054453532243161,-0.237083413529995,-0.7023361627594985,6.103515625000003e-05,0.4720824978326589
2018-10-05,-0.48907263416241314,0.6530148559447325,-1.0760636100938374,5.313418965430448e-05,0.3837432931788565
2018-10-06,-1.292845862230177,3.98841334658494,-1.6869604218901184,4.6255998733837856e-05,0.40758520018812766
2018-10-07,0.11676475012427766,2.1073395846128187,-0.9624018278349354,4.026818575356735e-05,0.4885161120005178
2018-10-08,-0.32278459597843034,3.7241240922026986,-0.22112408008131265,3.5055491790681016e-05,0.5211154825891628
2018-10-09,1.2285457012002516,0.6468266137776628,-0.10669776607325365,3.0517578125000014e-05,0.5303021410883632
2018-10-10,0.9047263918252129,-0.2220757038397173,-0.48557831999834705,2.656709482715224e-05,0.45987997952597176
2018-10-11,-0.050686195897748546,-0.6298064146993503,-0.785691539356544,2.3127999366918925e-05,0.3691927375490307
2018-10-12,-0.5267830882283537,-0.5583363817538533,-1.4134547891951372,2.0134092876783674e-05,0.3195049720191262
2018-10-13,-0.625431950473498,-0.6241822608038029,-2.189671525926683,1.7527745895340508e-05,0.2843105207326032
2018-10-14,-0.41025056277283145,-0.5134256075932099,-2.1773434609216915,1.5258789062500007e-05,0.30368140228639723
2018-10-15,0.0662799228126472,-0.6277154472008282,-1.5401070206544867,1.3283547413576118e-05,0.35192894306443784
2018-10-16,-0.5538693840690657,-0.5587056222595702,-1.5949353064439171,1.1563999683459462e-05,0.3116331978530688
2018-10-17,0.1771997512359675,-0.7848304965488639,-1.5822693788530091,1.0067046438391835e-05,0.3513712434880607
2018-10-18,0.4347111139528832,-0.602678290469901,-1.5207267026792992,8.763872947670252e-06,0.37817956998557856
2018-10-19,-0.27656046536905277,-0.659635387293059,-1.4376618085052424,7.629394531250002e-06,0.3311569119638573
2018-10-20,-0.7884979914101623,-0.6820016632616869,-1.807765597028684,6.641773706788058e-06,0.28375887430185215
2018-10-21,0.310701720165156,-0.7503489908878602,-1.6212719977037786,5.78199984172973e-06,0.36040737410053325
2018-10-22,0.823385643738752,-0.711692170984267,-1.0771414268428858,5.033523219195918e-06,0.4143345765919591
2018-10-23,0.4289740868307882,-0.6698989298680803,-1.329371166908521,4.381936473835126e-06,0.3813741021044029
2018-10-24,1.047261028763573,-0.6024998267318487,-1.222156196953809,3.814697265625001e-06,0.42897527477654074
2018-10-25,1.450376816306754,-0.6127813943238309,-0.9945369788461458,3.320886853394029e-06,0.4630084951617805
2018-10-26,0.4689153026058263,-0.6393989483119288,-1.1267165309608724,2.890999920864865e-06,0.39206261327868375
2018-10-27,0.10592501013928635,-0.8023818384136722,-1.3129357020787247,2.5167616095979584e-06,0.3548649448536667
2018-10-28,0.006880725438589638,-0.6334344639376888,-1.4649531501821296,2.5167616095979584e-06,0.3502342182066727
2018-10-29,0.5151685637096951,-0.7693730532104537,-1.092182654584999,2.890999920864865e-06,0.3908817055273656
2018-10-30,0.08680767597713736,-0.6224381787247665,-0.9483816252687136,3.320886853394029e-06,0.3732400315756814
2018-10-31,-0.6631905655015223,-0.8589936413225863,-1.1884461326910127,3.814697265625001e-06,0.3053815950263469
2018-11-01,-0.24319124700498504,0.5053216970017123,-1.1048044550935063,4.381936473835126e-06,0.39301616302875986
2018-11-02,-0.29688094878236093,-0.5184330852070811,-1.153378137607945,5.033523219195918e-06,0.3451613753057657
2018-11-03,-0.7504050220915764,-0.2595211519364727,-1.2379055706742161,5.78199984172973e-06,0.32289696547404434
2018-11-04,-0.6932813553222608,-0.6409681153041609,-1.3000023451767615,6.641773706788058e-06,0.3087418229343399
2018-11-05,0.8503857903652733,-0.6543382066406953,-0.8698404065012316,7.629394531250002e-06,0.4254347582734612
2018-11-06,-0.11834757148227451,-0.5128138503023438,-0.8618717727957558,8.763872947670252e-06,0.36701517362633435
2018-11-07,0.6562674688315229,-0.1608726462019652,-0.815740479843843,1.0067046438391835e-05,0.434858298392524
2018-11-08,-0.10578772437287663,1.50871352500714,-0.7142544079906448,1.1563999683459462e-05,0.4570038029173701
2018-11-09,0.14176860709726466,0.7693262100629009,-0.5813485926785528,1.3283547413576118e-05,0.44713020533526543
2018-11-10,-0.12678237616035634,0.11340689068545075,-0.6509784519062115,1.5258789062500007e-05,0.39957613578935575
2018-11-11,-0.7151634371731534,1.3091650500243899,-0.6665066455773123,1.7527745895340508e-05,0.4096567222487799
2018-11-12,-0.4379119418865448,1.0939965174951334,-0.24358650059619927,2.0134092876783674e-05,0.4332725288639191
2018-11-13,-0.5189999848658373,0.8563724383163065,-0.1895378757269772,2.3127999366918925e-05,0.4197677259477961
2018-11-14,0.5079001363032193,1.586701209804794,-0.06464705525953711,2.656709482715224e-05,0.5228216427176539
2018-11-15,2.0346553725384036,-0.11272595940009633,0.26421477611292493,3.0517578125000014e-05,0.5647585133680392
2018-11-16,0.42037103481539695,-0.705893383945372,0.11383149958365227,3.5055491790681016e-05,0.42741215296652624
2018-11-17,-0.24747327883083206,-0.5843660855859356,-0.33897408206528395,4.026818575356735e-05,0.37286009867088415
2018-11-18,-0.22088109723743615,-0.5785928355585668,-0.6899576526735854,4.6255998733837856e-05,0.36317490867992125
2018-11-19,0.3840793262978927,-0.3554713127890355,-0.3374420043830576,5.313418965430448e-05,0.42455388703599595
2018-11-20,0.6178176755208543,-0.5231533484970161,-0.15462938577715368,6.103515625000003e-05,0.439244631261547
2018-11-21,0.4139377955085541,-0.7394233601688446,-0.18001870448173954,7.011098358136205e-05,0.4157964395250143
2018-11-22,0.26494955392247804,-0.8561814093874247,-0.2855558624187291,8.053637150713471e-05,0.39748262991212435
2018-11-23,0.3158729482837967,-0.5021643536119431,-0.4032631079979837,9.251199746767573e-05,0.41170645501810954
2018-11-24,0.04101999334913033,-0.8587999088406714,-0.4556459532987314,0.00010626837930860897,0.3767790785018526
2018-11-25,-0.1424901440316045,-0.8220799729220948,-0.7949194108594718,0.00012207031250000008,0.3547683217110317
2018-11-26,0.57713062004751,-0.6666541578393007,0.0793929194549716,0.0001402219671627241,0.43836558203676995
2018-11-27,0.7548469369311017,0.0538250491791896,0.6953487901314539,0.00016107274301426942,0.5007682934270403
2018-11-28,1.0200839286588579,1.1154055407357468,0.8462294673759428,0.00018502399493535113,0.5677162286196851
2018-11-29,1.4571954702522394,-0.537323591318917,0.7990493502716965,0.00021253675861721797,0.5264247405680434
2018-11-30,0.2634294049238235,-0.42577371922736557,0.37105118640067275,0.00024414062500000016,0.4372263826675538
2018-12-01,-0.17645748402230996,-0.6363155572340553,-0.4191812795119351,0.0002804439343254482,0.37279237678684474
2018-12-02,-0.45310715116521466,-0.8274596593060166,-0.5744036995716466,0.0003221454860285383,0.3412169026217511
2018-12-03,0.19146120683066847,-0.39967809995961534,0.11809635541747758,0.00037004798987070263,0.4251028786694572
2018-12-04,1.394967013958315,0.49359218968919016,0.7865683582102766,0.00042507351723443593,0.564846848468865
2018-12-05,1.2335593323091936,-0.19964164175712468,1.2733339109336645,0.0004882812500000004,0.5414365929660215
2018-12-06,0.7036716829868015,0.35610735863580034,1.2510728515832261,0.0005608878686508959,0.5285358137086836
2018-12-07,1.7432282719820171,0.7358353003309454,0.9292509043819017,0.0006442909720570772,0.6029466961044625
2018-12-08,0.1842316909349179,-0.8310637695593527,0.7837107537517262,0.0007400959797414059,0.4288891618527069
2018-12-09,0.12955517849258982,-0.934148440490644,0.8390465210820447,0.000850147034468872,0.42280989963696763
2018-12-10,1.087993220050883,-0.6934667986906532,1.4451087187169953,0.0009765625,0.5169552063901816
2018-12-11,0.8028015454911472,-0.7893987702186412,1.5735829026192738,0.001121775737301792,0.4982495173882041
2018-12-12,-0.21547513036261257,-0.5046010806383944,1.128145285522476,0.0012885819441141558,0.42740807642492573
2018-12-13,-0.6589348658891064,-0.5853062743418732,0.7870723453674235,0.0014801919594828095,0.3831410211493181
2018-12-14,-0.6229465761152122,-0.77781589596766,0.4366468877571486,0.0017002940689377426,0.365871172962579
2018-12-15,-0.6671512590381404,-0.8199082873685056,-0.11132333317709524,0.001953125,0.34294259506786645
2018-12-16,-0.5154417981536052,-0.8391249835434024,-0.1681467227000321,0.002243551474603584,0.3504053144399741
2018-12-17,-0.25529012260620026,-0.12367518138046041,0.56632811507322,0.0025771638882283094,0.42209170435440907
2018-12-18,0.23500150555764146,-0.24998942198348492,0.883480225188388,0.0029603839189656215,0.4601439395486553
2018-12-19,0.18140872231229224,-0.6867237221996149,1.286608903581437,0.0034005881378754853,0.4518774780692314
2018-12-20,-0.7350581721827345,-0.6989099519581778,0.6334618088518097,0.003906250000000001,0.36857620498462074
2018-12-21,-1.4416391827544357,-0.6042133191473322,0.42647595892551743,0.004487102949207169,0.3186040969251304
2018-12-22,-1.2635332277760873,-0.7094433632954786,-0.31771057377829953,0.00515432777645662,0.3013871080514744
2018-12-23,-1.217936105622396,-0.8488043657815524,-0.3682722899940448,0.005920767837931244,0.29704978322683045
2018-12-24,-1.3215624807640807,-0.7991644373000096,-0.5676252622061101,0.0068011762757509715,0.2856966507627199
2018-12-25,-1.4194779341640296,-0.8187670641560234,-0.7847710545957681,0.007812500000000002,0.27126568322937145
2018-12-26,-0.9380162867336711,-0.8023856320061745,0.2973307885406,0.008974205898414338,0.3402900033869468
2018-12-27,-1.5676394745687918,-0.6617082692430679,0.4274394649057465,0.01030865555291324,0.30871380430674794
2018-12-28,-1.8810416047724736,-0.7385762613957636,0.04210472560732397,0.01184153567586249,0.27200293666196845
2018-12-29,-1.9721404719660642,-0.6128058829638184,-0.6892618415575804,0.013602352551501933,0.24705534824290923
2018-12-30,-2.017141461504452,-0.7248449407550336,-0.5968689837894259,0.015625000000000007,0.24277014724192927
2018-12-31,-2.1179646614164658,-0.735435588469549,-0.618222587324238,0.017948411796828663,0.23524404857805414
2019-01-01,-1.8739174233498745,-0.6602514909400735,-0.9892094979916459,0.020617311105826482,0.2426806397203244
2019-01-02,-0.712121283067926,-0.5353024458414677,0.5108016812343074,0.02368307135172497,0.3758001626293128
2019-01-03,-1.3605111578162423,-0.3111276254303129,0.5465546328954006,0.027204705103003893,0.3436347986146181
2019-01-04,-1.9321070517391188,-0.30007531231113077,0.4830467090804138,0.03125,0.30447878217377544
2019-01-05,-1.9524287764553996,-0.6839123451679079,-0.17507063623616084,0.03589682359365736,0.2658905695188205
2019-01-06,-1.7605531269394403,-0.7884265918994754,-0.5719242372233957,0.04123462221165295,0.2618997356325273
2019-01-07,-1.0204957303800801,-0.4759581199050007,0.7764848907720082,0.047366142703449944,0.37012311407653736
2019-01-08,-1.5594291315294653,-0.6779350609490117,0.6160599168918792,0.054409410206007765,0.32148750578579066
2019-01-09,-0.8330083279576905,-0.4124188546665302,1.4616355629386533,0.0625,0.410378177956337
2019-01-10,0.016378267540408036,0.07396246414193546,1.9469772338615288,0.0717936471873147,0.5048419420487561
2019-01-11,0.048418058786888166,-0.28020874922495265,1.831526602080896,0.0824692444233059,0.48997377943427856
2019-01-12,-0.992367850640471,-0.5034472576876085,1.1109187386223618,0.09473228540689989,0.38910564165209865
2019-01-13,-0.9840284706016108,-0.6633850529029472,0.9145711317648625,0.10881882041201553,0.3785655855429009
2019-01-14,-0.49356659654523166,-0.24931187478333425,1.653064599055474,0.12500000000000003,0.4555597187495281
2019-01-15,0.031616155265772675,-0.4091354907873704,1.7306184114606475,0.14358729437462942,0.4892858061064605
2019-01-16,-0.07284234864609683,-0.26266262633127435,1.4436508123671945,0.16493848884661183,0.48206203439902207
2019-01-17,-0.0474413501569728,-0.5035290841953891,1.1551060995105276,0.1894645708137998,0.46778008708714824
2019-01-18,-0.9908637078243523,-0.5310844339454077,1.0163088728832734,0.21763764082403103,0.40333650995036496
2019-01-19,-1.0490046597492668,-0.3638585542373659,0.23146182188192727,0.25,0.38512097698622283
2019-01-20,0.5979526530550135,-0.4671726376521879,1.6364155048218771,0.2871745887492588,0.5430213554412778
2019-01-21,4.670839474603838,-0.4637093623310989,3.275695349303148,0.3298769776932236,0.7551603232235211
2019-01-22,4.000650419505141,-0.10622950574448388,3.0414977411578863,0.37892914162759955,0.7774131418381198
2019-01-23,0.0005739989284506547,-0.14154970173017012,1.5328389693408058,0.4352752816480621,0.5355262869150426
2019-01-24,-1.1537965196218625,0.7332893735576765,0.6817519827595567,0.5,0.47635902201543096
2019-01-25,-0.5433859223570333,0.988066830336089,1.1544350352849668,0.5743491774985175,0.554577267574478
2019-01-26,-0.869020380749627,-0.39415803024439117,0.9672701044701745,0.6597539553864472,0.48184748681348155
2019-01-27,-1.101314815065141,-0.599069852584347,0.19816502033137223,0.7578582832551991,0.44690201163730175
2019-01-28,-0.4913389182247959,-0.7533390146447011,1.069404542821953,0.8705505632961241,0.5270843490966348
2019-01-29,-0.4897247538212143,-0.5777291267129859,1.6566385289668566,1.0,0.5735009204311066
2019-01-30,2.755822328575782,0.3352990189674589,3.120144701491173,1.0,0.8726922810286962
2019-01-31,2.625317996290512,0.09803820073483757,3.0069916417008806,1.0,0.8541061247833192
2019-02-01,2.7920331819812563,-0.6193776457855361,2.0877850480772286,1.0,0.8049209784935941
2019-02-02,-0.181432414360657,-0.5909658081783009,1.481940361348801,0.8705505632961241,0.5682615269079057
2019-02-03,-1.280622516883338,-0.37545443437898635,-0.3202619486722992,0.7578582832551991,0.4269845749745229
2019-02-04,-1.0029628456290698,-0.6103917611183548,-0.2764712617956317,0.6597539553864472,0.42245020482624324
2019-02-05,-1.1677207643801608,-0.2990277618261575,-0.9419869619412093,0.5743491774985175,0.38944527019197006
2019-02-06,-1.2270732690328352,-0.6336398078835594,-0.9007412698825841,0.5,0.36176874773990986
2019-02-07,-1.340449417941945,-0.6711648790571698,-0.9742946467871763,0.4352752816480621,0.3404863061974584
2019-02-08,-1.141786540016629,0.7402627892574491,-0.2378248916748592,0.37892914162759955,0.4286370550729297
2019-02-09,-1.0322648858241235,1.4047347095969036,-0.13764390276628644,0.3298769776932236,0.4596063704067034
2019-02-10,-0.8841189449895491,0.9848875112314381,-0.17604718322566434,0.2871745887492588,0.4443036655068733
2019-02-11,-0.807836750468732,0.34168238763031433,0.4227671111055007,0.25,0.436973219823531
2019-02-12,-1.0480402266897408,-0.4878506200020286,0.3091306322862163,0.21763764082403103,0.3777535429204113
2019-02-13,-0.8277461925886636,0.8725161294290505,0.14040184542186307,0.1894645708137998,0.43927150635643164
2019-02-14,-0.6635540229177261,-0.4649075406047407,0.16294862281049824,0.16493848884661183,0.3915643117009625
2019-02-15,-1.0512827119699844,0.7201730529176139,-0.6905262747820822,0.14358729437462942,0.3834422480703599
2019-02-16,-1.0088088676887854,1.100727521569629,-1.0021917012281496,0.12500000000000003,0.38895333217854394
2019-02-17,-0.9978140179759428,0.21699996595316617,-0.6846151426053398,0.10881882041201553,0.36102304902461
2019-02-18,-0.9002713494784729,0.7992420254259056,0.10380879572964133,0.09473228540689989,0.4159537970962042
2019-02-19,-0.28000861959325396,2.4277898264608497,0.5407951670598101,0.0824692444233059,0.5378875603618081
2019-02-20,-0.46462259198251876,-0.15124907413635225,0.3765093459405627,0.0717936471873147,0.41104247438826674
2019-02-21,-0.8048308881488084,0.27522556649172053,0.19314461548673642,0.0625,0.3986254932434591
2019-02-22,-0.8136427851481751,0.9810072168001538,-0.8230974732165737,0.054409410206007765,0.3923572774471435
2019-02-23,-0.9995482239373873,0.5803131135465279,-0.938223438220152,0.047366142703449944,0.3583739716001253
2019-02-24,-0.922451822425825,-0.3572261195145484,-1.3379607316938447,0.04123462221165295,0.3102052924671253
2019-02-25,-0.347984163952757,2.228109992386434,-0.05141054940432381,0.03589682359365736,0.49830981064482205
2019-02-26,-0.012320350443039791,0.6442838990201563,0.21911634668623026,0.03125,0.4630151839858449
2019-02-27,0.20078252704648453,-0.5593006852906847,0.09945646915844092,0.027204705103003893,0.42247722798671905
2019-02-28,-0.0016072458271693248,-0.6874433118050753,-0.32089381483038404,0.02368307135172497,0.3891053791613899
2019-03-01,-0.19360714606305585,0.532359532567452,-0.1550080785554868,0.020617311105826482,0.4322001648334645
2019-03-02,-0.23298295242336808,-0.434479919258805,-0.4176499989895737,0.017948411796828663,0.3801350683391971
2019-03-03,-0.173876230868143,-0.40270707050724647,-0.5292332277808499,0.015625000000000007,0.3813314324116268
2019-03-04,0.40416605228159674,1.3320283754261268,0.46981563415932354,0.013602352551501933,0.5251464598162312
2019-03-05,1.648814692242889,-0.04307873975887992,1.1881739179827748,0.01184153567586249,0.5745080596103779
2019-03-06,1.2427590114113372,0.8208827440778704,1.3761422047093006,0.01030865555291324,0.5894717535872475
2019-03-07,0.9154322901837906,-0.22700182372810496,1.0441643444359474,0.008974205898414338,0.5127220190562086
2019-03-08,0.4565247807726304,-0.2722153378819817,0.3278363983347133,0.007812500000000002,0.4561924345842499
2019-03-09,-0.29081208664973535,-0.15276300098190737,-0.13976982199079716,0.0068011762757509715,0.3956085848907743
2019-03-10,-0.41354841348171256,-0.07970127972575067,-1.3486691132508173,0.005920767837931244,0.3500416971799754
2019-03-11,-0.5019724093079477,3.9257221330624947,-1.016992362949893,0.00515432777645662,0.4834085764476089
2019-03-12,-0.23736787856351577,3.7957168790337286,-0.38347958560764,0.004487102949207169,0.5220658873512255
2019-03-13,-0.28624817496931027,2.4378677869848064,-0.19371887458514508,0.003906250000000001,0.5016232544735748
2019-03-14,-0.7973561428051663,0.6594778265973238,-1.396330097773909,0.0034005881378754853,0.3532869182160951
2019-03-15,-0.8555006703511233,0.6027565412782063,-1.8763818394382734,0.0029603839189656215,0.3309794741364194
2019-03-16,-0.7089041359323489,2.6814296858337467,-1.8495530197217767,0.0025771638882283094,0.4282007684400913
2019-03-17,-0.7297063069845504,3.8751563430790967,-1.862174395402233,0.002243551474603584,0.4396169657421461
2019-03-18,0.12247186469371074,3.5169679011000823,-0.45577357759845505,0.001953125,0.5432653071429655
2019-03-19,0.5452921308910219,2.614937777048602,0.08280290305929758,0.0017002940689377426,0.5733236903154104
2019-03-20,0.8778372558635066,0.5654560018082124,-0.23182520785006921,0.0014801919594828095,0.4995776723318294
2019-03-21,0.03708102362296465,0.03933685358346554,-0.9922377028177948,0.0012885819441141558,0.3962298010051994
2019-03-22,-0.052172060167639756,0.21292015067831724,-0.8471589611769359,0.001121775737301792,0.40232316992178463
2019-03-23,-0.2922310902474467,0.3828219006667117,-1.1872089536071122,0.0009765625,0.38204169243271285
2019-03-24,-0.4911984013491033,-0.36653810708333295,-2.050639780098452,0.001121775737301792,0.30879462580556777
2019-03-25,-0.29299956390413995,-0.06365900365920263,-1.3860083809729153,0.0012885819441141558,0.3568072451797772
2019-03-26,0.5746468862238456,0.04988929343456,-0.600566380381566,0.0014801919594828095,0.44559166242256665
2019-03-27,0.6917201258447639,-0.43361361625658745,-0.14818322327585512,0.0017002940689377426,0.44836304438010527
2019-03-28,-0.25571727622962276,-0.6525089785066797,-0.6549097252011005,0.001953125,0.3592269520568768
2019-03-29,-0.4261854675153528,-0.9605683719604219,-1.7423900904136262,0.002243551474603584,0.29882081637469526
2019-03-30,-0.7619012623067338,-0.8430770312391821,-2.1044006197753076,0.0025771638882283094,0.2693182601353092
2019-03-31,-0.9240896108970671,-0.8170581130241145,-2.375643542207875,0.0029603839189656215,0.2506058774117731
2019-04-01,0.691934989727585,-0.33231815991737784,-0.29416379292518524,0.0034005881378754853,0.44798703777512344
2019-04-02,0.6223187338262562,-0.719126634116995,-0.4802317608167879,0.003906250000000001,0.42110251797298276
2019-04-03,-0.07376497083359042,-0.14983701805208247,-0.7424500774127906,0.004487102949207169,0.3897638557208786
2019-04-04,-0.29866620511944053,-0.6524568242618928,-1.362454361824398,0.00515432777645662,0.33326122242011363
2019-04-05,-0.07869731792932078,-1.0535968144236108,-1.3352392887739217,0.005920767837931244,0.3322337837536205
2019-04-06,-0.10585633158633134,-0.8145415927908112,-1.6079779231330964,0.0068011762757509715,0.3314245905315535
2019-04-07,-0.6551447265862024,-0.3198587943521191,-2.368376670145135,0.007812500000000002,0.2902222211247437
2019-04-08,-0.22050756693855164,0.5870417371822672,-1.5851738254003598,0.008974205898414338,0.3832665712914412
2019-04-09,-0.1304719971504875,0.8992522743389467,-1.4549855038897854,0.01030865555291324,0.40681749315736787
2019-04-10,-0.34623114507902353,0.3369688949159409,-1.488638949265472,0.01184153567586249,0.3681132263254263
2019-04-11,-0.37999928334054994,-0.40043992742490675,-1.4193279924839255,0.013602352551501933,0.33771113726785335
2019-04-12,-0.6229369155723465,-0.8868693805828194,-1.3616062917789635,0.015625000000000007,0.3034748550449273
2019-04-13,-0.6918484162790021,-0.630480034115901,-1.706441068051612,0.017948411796828663,0.2984176636610413
2019-04-14,-0.6544825206249675,-0.47506102559622276,-1.7132108861547328,0.020617311105826482,0.3075591896858758
2019-04-15,-0.16372234278282935,-0.046061277026172374,-1.262619033335978,0.02368307135172497,0.3736311168632803
2019-04-16,-0.20622725109446408,-0.5156316662704873,-1.1068762256170463,0.027204705103003893,0.35695169541064786
2019-04-17,-0.3045206450613555,-0.8703497642338336,-1.3421986359081208,0.03125,0.3283815956225625
2019-04-18,-0.4243836010698796,-0.7185664824721075,-1.2622941837478892,0.03589682359365736,0.33007554057312255
2019-04-19,-0.5724796857342986,-0.9654644493124864,-1.1645921874921819,0.04123462221165295,0.31397245597836837
2019-04-20,-0.781829430227295,-1.1000558794495414,-1.4965743287714899,0.047366142703449944,0.28426148678758395
2019-04-21,-0.8785820329829995,-0.8433415580060439,-1.850105361074345,0.054409410206007765,0.27777986571263785
2019-04-22,-1.0293418546226092,0.3440664986909321,-1.3296542859864806,0.0625,0.3357665042710656
2019-04-23,-0.6951252137789002,1.3496890794465495,-1.0133449709657834,0.0717936471873147,0.411886245437584
2019-04-24,-0.19597793156398097,2.315038118433913,-0.9411601315300695,0.0824692444233059,0.48939310844297457
2019-04-25,-0.34485838057589724,1.3526816515639597,-1.060306125224068,0.09473228540689989,0.43723748208033797
2019-04-26,-0.5356875748309955,-0.7712364322346006,-1.0398306453624104,0.10881882041201553,0.33881444521788057
2019-04-27,-0.8947789577955148,-0.5898372151339788,-1.4458941725596395,0.12500000000000003,0.31132504643106196
2019-04-28,-0.7916468986157718,-0.21296156019656498,-1.6459787317263415,0.14358729437462942,0.3300222781827413
2019-04-29,-0.4927074426862126,-0.05850166618165741,-1.075679822938857,0.16493848884661183,0.37860004695904664
2019-04-30,0.023660442692143322,-0.27889007657603715,-1.0243279858014325,0.1894645708137998,0.40923236241749694
2019-05-01,-0.8975230312570416,2.0247453038625567,-0.7180050789581304,0.21763764082403103,0.45824166240213743
2019-05-02,-0.2734693296201233,2.4048630805059745,-0.2080006837594284,0.25,0.5375379835877597
2019-05-03,-0.7746955154763253,1.4970706217938974,-0.4128790012281146,0.2871745887492588,0.46504512981444235
2019-05-04,-1.1058572842420893,0.47520947136666164,-0.941857937895011,0.3298769776932236,0.3891628577482881
2019-05-05,-1.0971528400763249,0.1076338334072207,-1.4572373078905407,0.37892914162759955,0.36460601470133447
2019-05-06,-1.0733046835916142,0.49081655299516846,-0.807098541564368,0.4352752816480621,0.41228505166375484
2019-05-07,-0.8587477694548228,1.294167384004681,-0.44329626863784893,0.5,0.48189724741527856
2019-05-08,-1.2247456813906648,0.13130729913665912,-0.49151851296428944,0.5743491774985175,0.4185898515639512
2019-05-09,-1.225030336601839,0.01905683047922874,-0.4927248802283642,0.6597539553864472,0.42666427613020025
2019-05-10,-1.213016577999303,0.7442223836736134,-0.5622385858510054,0.7578582832551991,0.4700789504130268
2019-05-11,-1.061338221167704,0.4884722929324447,-0.8794697201803983,0.8705505632961241,0.4758640579494102
2019-05-12,-1.4373563882296079,-0.37508983048631683,-1.659480574385389,1.0,0.4082314787015833
2019-05-13,-1.1806917333810325,-0.2022552343905579,-0.7742399345421342,1.0,0.46205191852358685
2019-05-14,-0.9324952198500076,-0.3983810376706657,-0.824177689712092,1.0,0.46876185244998536
2019-05-15,-0.6615224435859355,0.21939396737464192,-0.9637685425144866,1.0,0.5079143009843982
2019-05-16,-0.8613456454482904,0.8213793456532781,-0.5272920060353385,1.0,0.534224696171156
2019-05-17,-0.6507526042810992,0.8333047182250672,-0.11869029616169637,1.0,0.5623811797685814
2019-05-18,-0.845020032811805,1.6299311347573324,-0.07392281552840563,1.0,0.5841150345764884
2019-05-19,-0.7873466750853986,0.668884166849471,0.5818457981829596,1.0,0.5697752552191334
2019-05-20,0.3341515620981974,0.5659039846360648,1.2708886303623776,1.0,0.6632190578451285
2019-05-21,-1.0497059081382645,1.4017087027890245,0.587501607800484,1.0,0.5830075223336745
2019-05-22,-0.5809133708911921,0.33176536288718783,0.09165210815118018,1.0,0.5531510689992594
2019-05-23,-0.760238880649806,1.781690899338295,0.7789347536245657,1.0,0.6245190205499274
2019-05-24,-0.5874416444029,1.9502760448653784,0.8643443875178074,1.0,0.645910205159791
2019-05-25,-1.5906250765090104,4.812703118076641,0.3116636438392746,1.0,0.6043471163607085
2019-05-26,-0.18912595820427847,0.8906144581951239,0.7690498687100615,1.0,0.6251355341681804
2019-05-27,-0.784289156615007,-0.12877214359375563,0.6395153412448852,1.0,0.5386657282840892
2019-05-28,-0.555680278654759,1.4726210320129953,2.214847805863823,1.0,0.6731421179523517
2019-05-29,-0.05161920373039257,1.2296562048342718,2.0867942861668958,1.0,0.6923542044916317
2019-05-30,0.19201094612883798,0.9368414480741679,1.4563907251655637,0.8705505632961241,0.6559647320782837
2019-05-31,-0.6846460415207039,0.4575818873581343,0.7323017737616017,0.7578582832551991,0.5365116441522086
2019-06-01,-0.1695956013441505,-0.14845179455104884,0.8386335594529954,0.6597539553864472,0.5344256804271632
2019-06-02,-1.1862207619457996,0.2794254487023522,0.30436342968355257,0.5743491774985175,0.45385916718044084
2019-06-03,-1.44860114595231,1.1443631632701978,-0.07886682431587794,0.5,0.44847949459557496
2019-06-04,-1.6830218650516269,0.3012623476022962,0.30460208881683554,0.4352752816480621,0.4007958353544244
2019-06-05,0.9962236282718666,-0.43130274520371437,1.833743910208346,0.37892914162759955,0.5914081290857212
2019-06-06,1.506117868237515,-1.0503410842138343,2.742187284132922,0.4352752816480621,0.638341181091898
2019-06-07,-0.46802989620508795,-1.0137411672710042,1.6968313816161742,0.5,0.4831198376705748
2019-06-08,-1.2049547976561827,-0.8407262335537309,0.4197407499144601,0.5743491774985175,0.4097831553801087
2019-06-09,-1.5380045609825883,-0.8438191983366725,-0.0037825819064399293,0.6597539553864472,0.3861442365815519
2019-06-10,-1.035486967497162,0.03746944396909002,0.8341860208958024,0.7578582832551991,0.4990137055170413
2019-06-11,-0.963447781483131,-0.3570001687091429,0.9581745061431419,0.8705505632961241,0.508416875570767
2019-06-12,-1.193126488797873,-0.5374613334132866,0.3831257334433256,1.0,0.4858348696360324
2019-06-13,-1.4562096424211939,-0.6797808958751891,-0.16183906014713162,1.0,0.44420051783888315
2019-06-14,-1.4477182449379622,-0.6276148644258892,-0.2977243947820219,1.0,0.4424106844936564
2019-06-15,-1.471682384609738,0.012714550105117479,-0.5045441828926567,1.0,0.46059947451730887
2019-06-16,-0.6306625637354524,0.9500935429932603,0.6816683685553854,1.0,0.5952653389942019
2019-06-17,0.22487215063764304,0.029983791720011685,2.2407383538166408,1.0,0.6659320798247313
2019-06-18,-0.7611382118514096,0.5925233549825388,2.234653917861012,1.0,0.6234343895962122
2019-06-19,-0.5590272376117128,0.23853337935377897,2.375198225836607,1.0,0.6268436824935135
2019-06-20,-0.6552841652075354,0.4713253170957788,2.019875957553617,1.0,0.6182821424502757
2019-06-21,-1.3198318085061478,1.1340090943190977,1.116015841219087,1.0,0.5714621197368555
2019-06-22,-1.7349256235742077,1.4086422826025442,0.3785098201973877,1.0,0.5306487142100718
2019-06-23,-1.2299640110613745,1.5125451783666721,1.1974203727633073,1.0,0.5959391274532966
2019-06-24,-0.5213718940532311,2.0233976274121184,2.6684427988941755,1.0,0.7134982015017621
2019-06-25,0.02165920570011375,1.165421907387749,2.99295830560592,1.0,0.7247684700413611
2019-06-26,1.1447937787664129,0.11674616409575166,3.5096018416273504,1.0,0.7561840087550838
2019-06-27,1.649433092890081,0.24762671141189496,3.364445145357842,1.0,0.7952799858348344
2019-06-28,2.610645127710594,0.023948343243212912,3.092089618113108,1.0,0.8500408561491736
2019-06-29,0.45655074383419414,-0.028455293436333868,2.4968587510675246,1.0,0.6874797040646832
2019-06-30,-1.0208725664124307,-0.15694159622487852,1.3600840775645873,1.0,0.545738731648621
2019-07-01,1.2995191160594315,0.7159005480746318,2.5021033014430367,1.0,0.7748672406218396
2019-07-02,2.4828077316925143,0.3781662464395096,2.882847188423125,1.0,0.852372348661918
2019-07-03,2.7194253694403603,-0.22947576855623056,2.417100295696896,1.0,0.827303544129411
2019-07-04,0.6823358364383935,-0.7407222263272876,1.7556043076646908,1.0,0.6481457732544124
2019-07-05,1.3389124613162517,-0.36697458227380597,2.199467845165975,1.0,0.7222858179985406
2019-07-06,1.328571355997678,-0.9600602800860378,1.7201742064266696,0.8705505632961241,0.6614906367715678
2019-07-07,-0.12561239125713694,-0.5359116116722126,1.2145410611757117,0.7578582832551991,0.5484596346239856
2019-07-08,0.1305707283615727,-0.21296550903232017,1.2824647381028504,0.6597539553864472,0.5665430702591536
2019-07-09,3.1298612338093434,-0.5231634010581571,2.0768314716818423,0.5743491774985175,0.7585816173034158
2019-07-10,2.9787592178690825,-0.19137967769479922,2.4498452290963293,0.5,0.7722713022571999
2019-07-11,1.2705126324720826,0.1915794757715454,1.8280655872802771,0.4352752816480621,0.6439101321451719
2019-07-12,1.7337544713134656,-0.7912751149484777,1.7435124139547222,0.37892914162759955,0.6225702866740085
2019-07-13,1.0519205259334934,0.26413983296470644,1.6104825161428766,0.3298769776932236,0.6092981586278418
2019-07-14,0.700496096134999,0.5484167955301942,1.663818018815258,0.2871745887492588,0.5930872284956554
2019-07-15,1.4814935843457644,0.24004916817422384,1.9845699921473232,0.25,0.6374206207018877
2019-07-16,2.2213673775011618,-0.6482300378818882,1.9706810846010783,0.21763764082403103,0.6444165891986394
2019-07-17,2.968325543525714,-0.8229798565510328,2.0746482107198094,0.1894645708137998,0.6861721681914849
2019-07-18,2.754993255097791,-0.27700817135746897,1.7329775222245687,0.16493848884661183,0.6796309006011023
2019-07-19,4.714466456711298,-0.22142825009993702,2.3558729448282034,0.14358729437462942,0.7158410152296372
2019-07-20,2.7443638370164507,-1.4417206243018492,2.188444388794576,0.12500000000000003,0.6395840427483389
2019-07-21,1.5722873111211224,-1.104434213450246,1.6560501420945852,0.10881882041201553,0.5553255563126032
2019-07-22,0.24957450888576643,-1.0045914671306277,1.1195945734143729,0.09473228540689989,0.4513099847201224
2019-07-23,-0.643948359917423,0.2987996275416213,0.23352627720037542,0.0824692444233059,0.4146746897232477
2019-07-24,-0.11513203792902209,-0.0676294553966975,0.4576716578107158,0.0717936471873147,0.4405314058349906
2019-07-25,0.6731024364085839,-0.4770020514573051,0.734857945648107,0.0824692444233059,0.48686406180161734
2019-07-26,1.2118812155574659,-0.8185610124013645,0.8899098444103697,0.09473228540689989,0.5155588764784882
2019-07-27,-0.264958513947141,0.11026205127204837,0.8295962280076183,0.10881882041201553,0.45590638186858234
2019-07-28,1.0644089646720996,-0.7758990359156496,1.1473951363131925,0.12500000000000003,0.5206279756920944
2019-07-29,2.462278349311526,-1.430328675514968,1.5111629798969335,0.14358729437462942,0.6014650552937371
2019-07-30,1.5232576011469816,-1.4497522202602062,1.3681991627364987,0.16493848884661183,0.5364915763171653
2019-07-31,-0.051424113017918494,-1.6797467051632176,0.627670577000966,0.1894645708137998,0.4009243179391069
2019-08-01,1.1519832925678404,-1.1171643071005048,0.9368330532928625,0.21763764082403103,0.5191237879420351
2019-08-02,0.03322308643066429,-0.010187877496758127,0.7359847505055641,0.25,0.48882320254986483
2019-08-03,-0.06893957372437114,-0.08834850746753274,0.5653299026847224,0.2871745887492588,0.47864335900910765
2019-08-04,0.6665962259451393,0.15916083823009355,0.6614231400169505,0.3298769776932236,0.5476004346438118
2019-08-05,0.5779514995071622,0.9320469656195876,1.0328287277716026,0.37892914162759955,0.593632385704487
2019-08-06,0.9302449959759079,-0.7197410699783048,0.8883204072641359,0.4352752816480621,0.5519290943053117
2019-08-07,0.7721749948508301,-1.3729011286290724,0.7778345683047927,0.5,0.5202019382406704
2019-08-08,0.7178921445124392,-1.298976966542895,0.9666327643027767,0.5743491774985175,0.5371089047964122
2019-08-09,-0.4170595510994997,-0.37580422540040564,0.5414803068284639,0.6597539553864472,0.4985499574039324
2019-08-10,-1.139265664313026,0.8022844159832806,-0.29298558318395435,0.7578582832551991,0.4863900294272497
2019-08-11,-1.1720571037987528,1.416286487128446,-0.2728001926942567,0.8705505632961241,0.5273640414483785
2019-08-12,0.8108454149722061,0.18967735823941106,0.6807235713685481,1.0,0.6596503699704076
2019-08-13,-0.018312038388435474,0.1433946473587233,0.33728143106067393,1.0,0.5909966887827403
2019-08-14,0.2047093068954551,-0.8842858715173391,0.6507868864759001,1.0,0.5734949386956713
2019-08-15,-0.10667562631937731,0.16164695132369208,0.4265613765139567,1.0,0.5888422937676606
2019-08-16,-0.23039361688706855,0.1305041497894844,0.5738723292624746,1.0,0.5842071760908398
2019-08-17,0.6107891930904336,-0.3837712362766705,0.27627216252028863,0.8705505632961241,0.5895204679395958
2019-08-18,0.3740391825194031,-0.7777443177021264,0.6872202010427562,0.8705505632961241,0.5710198567928821
2019-08-19,2.718327161094947,-1.1091170639237593,1.3699853151876114,1.0,0.7556747769157603
2019-08-20,1.7479765039389747,-1.175573216639982,1.0757241009534146,1.0,0.6784070196010462
2019-08-21,1.4379694040537405,-1.0972231773592793,1.0272601442984188,1.0,0.6593889993568933
2019-08-22,0.09303073320233876,-1.10668752125921,0.7303861790274675,0.8705505632961241,0.5400188592896897
2019-08-23,-0.7402291903193404,0.2558791872102653,-0.13605087431684307,0.7578582832551991,0.4954567334568568
2019-08-24,-1.432940479583028,0.34320840400468944,-1.7100052953558234,0.6597539553864472,0.3857339016574332
2019-08-25,-1.5919685604141913,0.49054824692548243,-1.706786628233958,0.5743491774985175,0.36856776194459473
2019-08-26,-1.2105855883209933,1.6700346934644763,-1.3577615954866862,0.5,0.4436203531567308
2019-08-27,-1.0919501268662861,0.6990373737831588,-0.9148403480708863,0.4352752816480621,0.41612649609472563
2019-08-28,-0.4845666814419496,-0.08101018379465176,-0.6515155357865241,0.37892914162759955,0.42444231696368195
2019-08-29,-0.3480412399910488,0.5358025495371175,-0.3802213166765419,0.3298769776932236,0.4609298596627421
2019-08-30,0.15287980322750483,0.2575259905940067,-0.205735012974787,0.2871745887492588,0.4821405910364798
2019-08-31,-0.9338683185296814,-0.4451581691249119,-1.0119896067051146,0.25,0.34796086816097943
2019-09-01,-1.2606938846064244,1.9825373302582256,-1.53980309082417,0.21763764082403103,0.4048783395497968
2019-09-02,-0.9606773983587354,1.6750220313090125,-0.7001551203677737,0.1894645708137998,0.4358286063571041
2019-09-03,-0.19795746055823826,0.9606532871001919,0.044610057133689415,0.16493848884661183,0.4780578314900735
2019-09-04,0.6084150150648606,-0.5025776294659134,0.326361304126529,0.16493848884661183,0.480239749907787
2019-09-05,-0.4297615227341237,0.4062718582264015,-0.36814962499996834,0.1894645708137998,0.42942525736589615
2019-09-06,-0.9880014103018984,1.2943019919970093,-1.429779040925702,0.21763764082403103,0.39804883373916344
2019-09-07,-0.870913037651563,0.664455796306774,-1.8134954717622649,0.25,0.3716749399439359
2019-09-08,-0.9371143409507152,0.4350295725303649,-1.795252268767766,0.2871745887492588,0.36388638881218077
2019-09-09,-0.3833924754105208,1.6477564808146683,-0.7625525320990578,0.3298769776932236,0.49216015059059137
2019-09-10,0.13651320945903986,3.3102696549558357,0.28020331887708855,0.37892914162759955,0.6252803625039789
2019-09-11,2.5800401612551993,0.5118683285790234,1.1280357472916305,0.4352752816480621,0.7212230082647362
2019-09-12,0.3077100159245764,2.6857867457968028,0.6521021092727208,0.5,0.6541585191122625
2019-09-13,-0.8376669375192283,3.23641500983161,-0.2695518782406136,0.5743491774985175,0.5713228515154753
2019-09-14,-0.7577815775022297,3.3783920657504374,-1.7486757416319134,0.6597539553864472,0.5401551300867546
2019-09-15,-0.6033754117699307,1.0485350961245647,-1.256040024194031,0.7578582832551991,0.5002746765690069
2019-09-16,1.241625832957229,1.970244148746083,-0.23955334451312896,0.8705505632961241,0.712466034738883
2019-09-17,-0.6155875191307368,0.9513648934368774,-0.8729352602908932,1.0,0.5445031939414576
2019-09-18,-0.8074991119248065,0.9708052479586681,-1.292819941743471,1.0,0.5185229464785084
2019-09-19,-1.0282657487625748,1.1124875985753993,-1.5769586524782486,1.0,0.500237311607195
2019-09-20,-0.9850114195057688,1.1133408568241978,-1.2443300634343155,1.0,0.5142441056194799
2019-09-21,-0.7049390693905097,0.9546679628422484,-1.2892616326604607,1.0,0.5248065060703777
2019-09-22,-0.25685321913309805,0.7788379818149124,-0.6539050248325192,1.0,0.5685312004723309
2019-09-23,2.449293649301713,0.11442896277638363,-0.33268720066255797,1.0,0.7319645433803783
2019-09-24,-0.024074651107184597,0.43501062264848245,-1.0294932091207176,1.0,0.5572040255658506
2019-09-25,0.30141764100366997,-0.609408700382221,-1.3331468001633895,1.0,0.5252642535455392
2019-09-26,-0.16979661039814392,1.29458525740209,-1.256522781347498,1.0,0.5757371856536276
2019-09-27,-0.6955451375222033,2.173931109773926,-1.5053363683862717,1.0,0.5690329081262243
2019-09-28,-0.15248896035543869,3.7186495797299406,-1.3081593179509132,1.0,0.6462287587112736
2019-09-29,-0.6346146902196603,3.191201465232159,-1.4350804392406107,1.0,0.6098563393440023
2019-09-30,-1.5009658038624862,3.2488634166516266,-1.7026662718554668,1.0,0.543180070680652
2019-10-01,0.41376046161414315,4.060184174608125,0.26899905684753483,1.0,0.7365506660025275
2019-10-02,5.0,-0.06213123203951044,0.3466585100439031,1.0,0.7839664823331506
2019-10-03,0.06412325016425797,2.742384030049666,-0.4055212309354233,1.0,0.6800235102318393
2019-10-04,-1.1735771392645693,0.7928743125464105,-1.354508872801695,1.0,0.48464765797840603
2019-10-05,-1.3776660250158617,0.8769299666560654,-2.500020439792294,1.0,0.43636033228320215
2019-10-06,-1.3371617893629981,2.1934406883757185,-2.392933875949724,1.0,0.4974847801931309
2019-10-07,-0.9310812095011637,1.4405740359232972,-1.7216639834684198,1.0,0.5155630380811125
2019-10-08,-0.8715096377255085,0.7059797756370856,-1.8263655105264596,1.0,0.48543633111896267
2019-10-09,-0.9754634170413804,1.00801279404922,-1.9602143637367722,1.0,0.4866291598247331
2019-10-10,-1.041217865530175,2.199651952805582,-1.7662013218566264,1.0,0.5383642629363333
2019-10-11,-0.9702823190009532,0.6527870236204352,-1.831173906702062,1.0,0.47647484116071925
2019-10-12,-1.0143417407587476,0.10657005392466129,-2.0518125243870426,1.0,0.4434238853833763
2019-10-13,-0.6932551251968367,-0.1383441228004999,-2.2163637085742294,1.0,0.4491398629177158
2019-10-14,-0.2898845849707363,0.08575532473078191,-1.6656067165491597,1.0,0.5037272756474281
2019-10-15,-0.4035760528992545,-0.2439627851659512,-1.6307788496632305,1.0,0.48357051876936075
2019-10-16,-0.16812605613382972,-0.611905856119605,-1.535316848318002,1.0,0.48711829064216106
2019-10-17,-0.1808813305976052,0.12601875665602824,-1.5364411851321664,1.0,0.5169773199830886
2019-10-18,-0.33516821142123815,-0.8151264955618653,-1.588693524949733,1.0,0.46573539775851536
2019-10-19,-0.19567425383936757,-0.3214625317548373,-1.82192021956025,1.0,0.4878301036022489
2019-10-20,0.14522634523855013,-0.23169669551245117,-1.8236770702867326,1.0,0.5142384916933268
2019-10-21,0.2707632066941562,-0.3477192404891118,-1.418520716803013,1.0,0.531278554865797
2019-10-22,0.2558284759436105,-0.7996261407101557,-1.3455789713191573,1.0,0.5138848434893457
2019-10-23,-0.2192100393183938,-0.5287015076902498,-1.4014106442191028,1.0,0.49164307975104327
2019-10-24,0.013168282634973669,0.3879949244147121,-1.3197232836987678,1.0,0.5480535645696524
2019-10-25,-0.3191102695403616,0.9679873916417295,-1.3861790234965043,1.0,0.5478528225658311
2019-10-26,-0.5904078525833653,-0.3973943853461558,-1.5713065250117444,1.0,0.466704492937961
2019-10-27,-0.5373787763851151,-0.5652104175468645,-1.5028259565681235,1.0,0.4655301156242688
2019-10-28,-0.3763966157290409,0.11484664545292926,-1.182933967191089,1.0,0.5152610369388997
2019-10-29,-0.4439767904025123,0.21258145201088613,-1.1045458408477296,1.0,0.5174409131120284
2019-10-30,-0.4561021185418382,0.4358275621753754,-1.0123976811561108,1.0,0.5290060844826477
2019-10-31,-0.7635236606601372,0.4796085814904724,-1.1031450850067248,1.0,0.5073106106845364
2019-11-01,-0.6274093045782677,2.6490602326720034,-0.9260961297718916,1.0,0.6126803517303859
2019-11-02,-0.4477362839366906,1.9935142888550024,-1.022477691446423,1.0,0.5941314200582983
2019-11-03,-0.12614472750712744,2.291559497425524,-1.1271286736239785,1.0,0.6245010414381225
2019-11-04,0.6353378978957762,1.471937724008052,-0.636422266830515,1.0,0.6574725227990368
2019-11-05,-0.13033785584594781,3.3181335147374695,-0.7351726203929353,1.0,0.6668050555971723
2019-11-06,0.09565919976740649,3.4679449966130256,-0.6781385280434533,1.0,0.6837726623830453
2019-11-07,-0.05710933879848852,1.7113085111453057,-0.4930445667930033,1.0,0.6260624131513884
2019-11-08,0.7337767282689913,1.3730972995781467,-0.21587727585606778,1.0,0.6739349268384867
2019-11-09,0.3359011862305535,-0.6318005183961533,-0.26119647272423857,1.0,0.5623618417247226
2019-11-10,-0.21413623985082159,-1.082669586879541,-0.7072336078165355,1.0,0.49203856429607984
2019-11-11,-0.047703829534998646,-1.0724548073735978,-0.5091923261646258,1.0,0.510161050184946
2019-11-12,1.542939274105474,-0.5516191107595224,0.49324066945389045,1.0,0.6713198443071812
2019-11-13,3.0763864981027065,-1.1875959342681688,0.6997532172987075,1.0,0.74884194331545
2019-11-14,3.2565470800748137,-1.21060358410237,0.5324820779364056,1.0,0.7423075865936148
2019-11-15,0.5290714943648646,-1.0292622864101038,0.11048098572269331,1.0,0.5710682038813264
2019-11-16,0.08916149120976587,-1.2632437999221238,-0.3190471753341384,1.0,0.5176740352394247
2019-11-17,-0.05746851801141792,-1.2564119651553,-0.4771135423306963,1.0,0.5029144821734115
2019-11-18,0.5664852870835704,-0.9048266013611117,-0.07713145517201858,1.0,0.5724935289097911
2019-11-19,0.17933488779970874,-0.500835305292457,-0.13930440560271345,1.0,0.5614440412793711
2019-11-20,0.4684762280977837,-0.38613741355051556,-0.15421069160732734,1.0,0.5850023332550032
2019-11-21,-0.2256359537849447,-0.8206132464857973,-0.09255042093504127,1.0,0.5226803704462608
2019-11-22,-0.33796549286330413,-0.5826880876845137,-0.34130597036983934,1.0,0.5168134311432637
2019-11-23,-0.6225546596457217,0.09158006211647032,-0.427299193194413,1.0,0.5230688855053244
2019-11-24,-0.6155760272594251,-0.5747834053241871,-0.4987672590608628,1.0,0.49338671432550174
2019-11-25,-0.4965603307641503,-0.2773759239957315,-0.04310858314491849,1.0,0.5289016950110705
2019-11-26,-0.5838396565810282,-0.3722342656172092,-0.14225477134710784,1.0,0.5158257694489775
2019-11-27,-0.7731441541577028,-1.0324313644208707,-0.4703158048442668,1.0,0.46476188937714125
2019-11-28,-0.8424564975198005,-0.8951728938422479,-0.5954249248318798,1.0,0.46168986542752366
2019-11-29,-0.6794967394982362,-1.0517410433581649,-0.686147690363633,1.0,0.46300608421473965
2019-11-30,-0.7800291330844783,-1.2014258360257815,-0.7559557278304398,1.0,0.4477401236989459
2019-12-01,-0.6179298669350954,-1.2193278195728703,-0.3196939977361611,1.0,0.47234288313091866
2019-12-02,0.208957816967314,-0.7419005480450578,0.6374627620028729,1.0,0.5792667570293727
2019-12-03,0.14749282457332324,-0.6894789995212994,0.6502795574114213,1.0,0.5777805485718814
2019-12-04,0.059037434762800774,-0.7486133893675825,0.6078808554827697,1.0,0.5680062996099632
2019-12-05,-0.354016291811049,-0.9931789126509697,0.4034771643169265,1.0,0.5234656979960373
2019-12-06,-0.5718682014012778,-0.6657395035597162,0.3760140734474165,1.0,0.5216701097065072
2019-12-07,-0.354310293921399,-0.38919589339575084,-0.09472875552352258,1.0,0.5320051929962997
2019-12-08,-0.6464850261736941,-0.7249479119956138,-0.061203189379340495,1.0,0.4996547289426251
2019-12-09,-0.5124461357349951,-0.1272104678651831,0.20256847948216225,1.0,0.5422887707726898
2019-12-10,-0.275841032911675,0.3981945550905103,0.5324871677127764,1.0,0.5909516098584188
2019-12-11,1.176178852040905,-0.17822567377679815,1.3672633227478626,1.0,0.6915612978202893
2019-12-12,1.2951744745896856,-1.0477637017502799,1.6013608984385634,1.0,0.6710668406810029
2019-12-13,-0.02561268192708489,-0.6496222578159744,1.1577726112235727,1.0,0.5848173141699812
2019-12-14,-0.8837687928641899,0.6178008927000355,0.27978321527466116,1.0,0.5511498915140443
2019-12-15,-0.866349220256893,1.0348115377286027,0.19599640433591936,1.0,0.5668937461994296
2019-12-16,-0.18121834531657055,1.1914767685938878,1.1977947554296922,1.0,0.6524901341846304
2019-12-17,-0.09002231171931022,-0.9040018789751607,1.1944765592875264,1.0,0.5711476529043319
2019-12-18,2.033962047327451,-0.8911897914871132,1.8539774345269042,1.0,0.7352638096607639
2019-12-19,3.379559445748007,0.8168389464728819,2.2110643541605994,1.0,0.8827371012417234
2019-12-20,2.784697518427246,0.21135301915137503,1.8240779907735123,1.0,0.8302554767189075
2019-12-21,0.17074131378910223,-1.09161688084447,0.9446411737265256,1.0,0.5723867566749714
2019-12-22,-0.22809229879776324,-1.0677394716555078,0.3073677714382352,1.0,0.5255502944757775
2019-12-23,-0.07571631791769638,-0.8933929561234618,0.34697454060789457,1.0,0.5442933569872725
2019-12-24,-0.3708229590694371,-1.141653002422432,-0.1474374251907258,1.0,0.4977950134547453
2019-12-25,-0.95797362581667,-1.1647991946709904,-0.8092694892858596,1.0,0.43562614219140217
2019-12-26,-0.6976079817595,-0.9885454273132773,-0.3588590577923189,1.0,0.4753414398182362
2019-12-27,-0.6908337368245318,-0.9881389039984123,-0.5285484911997369,1.0,0.47015368017177284
2019-12-28,-0.7618020681819901,-0.8805665011559188,-0.6504001518585247,1.0,0.4658429195110866
2019-12-29,-0.8646213167803334,-1.084343719129428,-0.821668774786575,1.0,0.44478863142469915
2019-12-30,-0.6878259374289092,-0.8684386923160213,-0.060893260360143954,1.0,0.4909302166462337
2019-12-31,-0.9384887331274006,-0.8831443545883814,-0.1715636646568941,1.0,0.46991761419509426
2020-01-01,-0.8521402559356689,-0.6786516958999852,-0.2334216576011089,1.0,0.4821327736884191
2020-01-02,0.018006520833801488,-0.6872112739885473,0.6220122947658362,1.0,0.5683003747982586
2020-01-03,-0.2730665501940613,-0.708851763694604,0.1051821206886782,0.8705505632961241,0.5113487283504953
2020-01-04,-0.8331896431197241,-0.575206863217438,-0.41637591941021307,1.0,0.4816078738442847
2020-01-05,-0.5423813212979515,-0.8215367165786067,0.28180292724255457,1.0,0.5140039796307798
2020-01-06,-0.3664512786824445,-0.1213317763917726,0.698820993947374,1.0,0.5688084572030923
2020-01-07,0.2593002715515911,-0.2920602690135004,1.100472173426039,1.0,0.6167999126754116
2020-01-08,-0.39899745661708363,-0.342226829659666,1.3370283571051624,1.0,0.5787083302265471
2020-01-09,1.3389990429285454,-0.7262792899951707,1.7524632669090778,1.0,0.6924204080090736
2020-01-10,-0.6281176168565493,-0.6370855243578104,0.9098560372622244,1.0,0.5369087966033954
2020-01-11,-1.0925227378178866,-0.7965732618343189,-0.5209833089730727,1.0,0.45160848793660857
2020-01-12,-0.7311288802509389,-0.18878681985463755,-0.9640969864034216,1.0,0.4862553909425468
2020-01-13,-0.5694580045888451,-0.31054044820579785,0.12493153226026082,1.0,0.5282613320941775
2020-01-14,-0.5046876885492358,-0.5221582276262021,0.08943391172878677,1.0,0.5225786916699188
2020-01-15,-0.4476740176915993,-0.5755755770524019,-0.04735581182447069,1.0,0.5195942227158943
2020-01-16,-0.2091050624671043,-0.3883386609986304,0.6963841426715173,1.0,0.5680916897163008
2020-01-17,0.9148386886647956,-0.12475899841273734,1.3652310749052174,1.0,0.6762986568072963
2020-01-18,0.17686685463066515,-0.1377788070245472,1.0977333246897012,1.0,0.6176414508390116
2020-01-19,-0.028258397528055833,-0.41385116079275647,0.9317118418779425,1.0,0.5869293698610295
2020-01-20,0.9694246626746329,-0.3995820400116948,1.9250502634190616,1.0,0.6871474012917903
2020-01-21,1.3565128740685162,-0.5031862937367141,2.310877537475189,1.0,0.7214973472813777
2020-01-22,0.2558709947478497,-0.6716619101345896,2.269716281917084,1.0,0.639729362791485
2020-01-23,-0.34153987961505733,-0.6995308467661593,1.4919230212469707,1.0,0.5728143234519719
2020-01-24,-0.4923648789531851,-0.8411484764042766,0.507873380485924,1.0,0.524056934235807
2020-01-25,-0.8843879015490029,-1.0035154258525343,-0.5665184284068839,1.0,0.45534371620598146
2020-01-26,-0.7028665422225461,-0.8662645890092495,-0.39954822060656775,1.0,0.47872959862289266
2020-01-27,-0.6248233200361192,0.6832152081859371,0.38968577668023907,1.0,0.5748019382280141
2020-01-28,-0.4918056552336905,0.25470735967033964,0.5771799987145679,1.0,0.5720650962611703
2020-01-29,-0.496129657746914,1.0009042579089245,0.5501157942176194,1.0,0.601966226703665
2020-01-30,0.2537264034557915,-0.18966069806476898,0.9855909572377338,1.0,0.6168655963856118
2020-01-31,-0.5261685543072876,-0.34282114211597486,0.540444357800395,1.0,0.5436526940513617
2020-02-01,-0.773512723167763,-0.49877623138030247,-0.9351436634552488,1.0,0.4714786866994616
2020-02-02,-0.9513963525441075,-0.8204828967074425,-1.0127729241272316,1.0,0.4436276916633417
2020-02-03,-0.9400044123389784,-0.30114686916985356,-0.6386538044608875,1.0,0.4784967928132946
2020-02-04,-0.8859329776503342,-0.7570101664704889,-0.7994347750056432,1.0,0.4577478853868525
2020-02-05,-0.7347095293241283,-0.3098267651197603,0.16869744023482527,1.0,0.5187331641728956
2020-02-06,-0.7751861046567076,0.4341320648259927,0.08211089377722317,1.0,0.5441467921832099
2020-02-07,-0.7366915383389441,1.3826112219856916,0.29535401756278357,1.0,0.5933411656122336
2020-02-08,-0.7909186380676101,0.933742954087363,0.18372629326670162,1.0,0.5673022569913562
2020-02-09,-0.8334593646615116,-0.7822686602370412,-0.5933426756285021,1.0,0.46706342565840575
2020-02-10,-0.7174450976655543,0.3607305359084565,-0.15170671166847538,1.0,0.5371438754295329
2020-02-11,-0.8651369319177319,0.43422002557461387,-0.26653344951533636,1.0,0.526532257287249
2020-02-12,-0.9168980808672502,0.48461976354764513,0.21961100387823815,1.0,0.5413863182192765
2020-02-13,-0.8479890629666812,0.16862966348597874,0.1786534812736624,1.0,0.5314487478232591
2020-02-14,0.2725135965257643,1.9801521812811018,1.0484768227516692,1.0,0.7106231414134859
2020-02-15,0.08331548220200997,-1.302810705033513,1.1177611828591567,1.0,0.5635292921990429
2020-02-16,-0.530211490566969,-1.285172518216044,-0.07522687260777834,1.0,0.48359614994960765
2020-02-17,-0.643493761876303,-1.2191583931634578,-0.29022990228374984,1.0,0.4716278194169774
2020-02-18,-0.42626048627254365,-1.3760040582243802,-0.5119527096681137,1.0,0.47218404150021076
2020-02-19,-0.07611771260198466,-0.8226646099538635,-0.22751556173588844,1.0,0.5280639416872605
2020-02-20,-0.323272787750586,-0.615713840248591,0.9180054798418263,1.0,0.5583939201343305
2020-02-21,0.4830301455034564,-0.5007899933460496,1.7294872299573993,1.0,0.6439853343093916
2020-02-22,-0.49091534642799345,-0.6458793064355639,0.358549776200447,1.0,0.5273123316766669
2020-02-23,-0.5122537533977197,-1.1941953451137552,-1.3077999980371353,1.0,0.4474982771258411
2020-02-24,-0.3183338587952421,-0.15304017919880977,-0.3438333837340892,1.0,0.5359399558225638
2020-02-25,-0.6663812003492159,-0.7789647445546755,-0.7351397751110853,1.0,0.47361306311657136
2020-02-26,-0.7777028407910849,-0.34791210616419294,-0.4320093125762632,1.0,0.4942564957712109
2020-02-27,-0.40585100632177634,1.1825549884374833,0.5728591571785523,1.0,0.6163116960027285
2020-02-28,-0.5050042215851219,0.09655369683251144,0.7027696455665656,1.0,0.5687817774478987
2020-02-29,-0.4429099961459031,-0.9002324721713313,-0.04195958413326984,1.0,0.5065643277786921
2020-03-01,-0.9527542355016223,0.09237979368885536,-0.9825268473919957,1.0,0.48258131412386096
2020-03-02,-0.6387902707961971,0.9128918646266548,-0.6417321442652467,1.0,0.5490600714975226
2020-03-03,-0.6013547645764071,1.2930254122929783,-1.1947176839112736,1.0,0.5489618184100712
2020-03-04,-0.5935574000764506,0.27720321234723116,-1.0716920515680592,1.0,0.5112565721237693
2020-03-05,-0.19377673578580526,0.0800214404589715,-0.7565891594943343,1.0,0.5401961389835923
2020-03-06,-0.39231602293159523,2.1612533417840507,-0.500008558737365,1.0,0.6222308690876502
2020-03-07,-0.7425709017455222,2.196067883208876,-0.4836174630000707,1.0,0.6008775195839994
2020-03-08,-0.763213121817414,-0.04897022391034489,-1.397432167925514,1.0,0.47549762695172426
2020-03-09,-0.524185176576853,0.4168755046055135,-0.9967665884395462,1.0,0.5241985813054546
2020-03-10,-0.3100667320139272,0.6396502255111871,-1.66532971681257,1.0,0.5254699867016187
2020-03-11,-0.5739609008848066,1.8286409174518863,-1.4790530302466407,1.0,0.5636275438266202
2020-03-12,-0.20908133176273974,-0.3252314676737265,-1.1608388192453913,1.0,0.508815306087899
2020-03-13,-0.40576677433691327,-0.8750286433331955,-1.6309465005364459,1.0,0.45712447155410785
2020-03-14,-0.4883822359286986,-0.39155011809352025,-1.849476073959497,1.0,0.46447739355220685
2020-03-15,-0.15636555773193472,-0.7837502059741654,-1.78185286553085,1.0,0.47252427538458586
2020-03-16,0.5655425438277797,-0.1728670813059815,-0.5530165356626225,1.0,0.587066156678682
2020-03-17,-0.3265661154082357,0.24432578979648034,-0.9411440673368019,1.0,0.5320376979697442
2020-03-18,-0.19975991587249065,-1.0032743408129456,-1.1936155830758692,1.0,0.4800923886387656
2020-03-19,-0.7742626691977691,-0.9847514277803803,-1.4414733185774764,1.0,0.4343020686100504
2020-03-20,-1.0736250308363557,-0.18832994017621937,-1.6806862618143654,1.0,0.439555041709755
2020-03-21,-0.7119329254191872,-0.23813100863726522,-1.8225229337257065,1.0,0.45686491515464456
2020-03-22,-0.8555984515029403,-1.10391010659364,-1.7355914493355507,1.0,0.4141108004805506
2020-03-23,-0.40566923575162733,-0.6491849724712397,-0.7194312016512429,1.0,0.4969249703752151
2020-03-24,-0.9323312667354618,0.39118456985672345,-1.156572294044876,1.0,0.4905915294935035
2020-03-25,-0.7402738894420446,0.26149763226210254,-1.243637697019567,1.0,0.49508955214746575
2020-03-26,-0.9780387175726198,0.03817645584618543,-1.5689504863685,1.0,0.4590897549431331
2020-03-27,-0.8848763321986487,-0.7729918908966019,-1.9671993332063564,1.0,0.4182269379591864
2020-03-28,-1.2060740841291218,-1.5582368179986403,-2.1903703262999095,1.0,0.35665618276478495
2020-03-29,-1.0364815559878569,-1.3103312153213404,-2.155518978469759,1.0,0.3794534630134284
2020-03-30,-0.8854973585277667,-0.6330926688359523,-1.8800698359193988,1.0,0.42691898703267095
2020-03-31,-0.732721515073231,-0.8356945399721311,-1.7490391654700363,1.0,0.43302998764727796
2020-04-01,-0.7697591243043594,-0.3432996330211346,-1.3198554167658323,1.0,0.46538339311163435
2020-04-02,-0.32405529138398304,-0.48369171643068587,-1.4646378975664656,1.0,0.4844212291375737
2020-04-03,-0.7116020761981064,-1.3677452985165919,-1.7138849442768211,1.0,0.4134409760060409
2020-04-04,-0.9271069894070778,-1.3166743707642352,-2.000190300799096,1.0,0.39165842523104843
2020-04-05,-0.8819485623522962,-1.51251338388585,-2.2032792617628525,1.0,0.37973939612250807
2020-04-06,-0.8235406531703782,1.6337802494046552,-1.9621914345776978,1.0,0.5227650856945788
2020-04-07,-1.0642030043412998,0.6511681264031911,-1.7604405797904952,1.0,0.4725037856510298
2020-04-08,-1.0757783166432975,2.1896322982020324,-1.6316454428941507,1.0,0.5401279432190598
2020-04-09,-0.9815006901347196,-0.9988858302276171,-1.605983036155865,1.0,0.41441360985967257
2020-04-10,-0.5715955313702574,-0.6974323931173453,-1.5164338214791777,0.8705505632961241,0.43786873864053955
2020-04-11,-0.39633568669031416,-1.3963944221728315,-1.3926977672244714,0.7578582832551991,0.4076500035442419
2020-04-12,-0.3006431370476768,-1.364846046056119,-1.948808708561828,0.6597539553864472,0.3820913419670561
2020-04-13,-0.35012631775803194,-0.23782374546194582,-1.3123570894409624,0.5743491774985175,0.4341560630652957
2020-04-14,-0.6100532049822018,2.472626533988496,-1.3237748289384161,0.5,0.5182300642860933
2020-04-15,-0.6330023320930699,2.0503837248018573,-0.8283165469744,0.4352752816480621,0.505913240408602
2020-04-16,-0.33351574309454485,0.5923252865815276,-0.9263550606283565,0.37892914162759955,0.45340670662445537
2020-04-17,0.12961776615337844,-0.1617684497558039,-0.9193610140388894,0.3298769776932236,0.4457370118564207
2020-04-18,-0.8223893409752753,-0.8418846600855144,-1.190469102820757,0.3298769776932236,0.3448947596580435
2020-04-19,-0.3997999726455882,-0.8193542720495488,-1.5459268226468423,0.37892914162759955,0.3695153843108081
2020-04-20,0.3568581601617618,-0.7720430964079483,-1.3186548315543947,0.4352752816480621,0.4379582128558491
2020-04-21,-0.6190135956782493,-0.6103738535765553,-1.3054030159990604,0.5,0.3897867491891249
2020-04-22,0.40361402533309965,-0.8860566646997147,-0.9225376324554531,0.5743491774985175,0.4703896962026478
2020-04-23,0.21206366022981804,-1.2848605289496802,-1.1890450147493705,0.6597539553864472,0.4449299814587393
2020-04-24,-0.1976138884925669,-0.9150591115101063,-1.2157507055573795,0.7578582832551991,0.446851996757275
2020-04-25,-0.4680819544136145,-1.2070052077641888,-1.5111141771525178,0.8705505632961241,0.42371476463825253
2020-04-26,0.0381210813983744,-1.154753844748981,-1.551310816166049,1.0,0.47771630135648246
2020-04-27,0.7604930715983232,-1.0195854402728053,-0.9477099826150981,1.0,0.5516264786746847
2020-04-28,0.39142633444717717,-0.4130677655616899,-1.1404974455064163,1.0,0.5458673505478608
2020-04-29,-0.09722092553328922,-0.5378914615094941,-1.2468383944168462,1.0,0.5045451809209903
2020-04-30,-0.8561591599125921,-0.4385756298597076,-1.1664311225586805,1.0,0.4607677006763834
2020-05-01,-0.6371797841596225,-0.8357236394224058,-1.2884356879761873,1.0,0.45475167314755205
2020-05-02,-0.816741891259145,0.40175268445292434,-1.481979066978314,1.0,0.4878909335356517
2020-05-03,-1.2135742279111006,1.5897827623321035,-1.4173818004892362,1.0,0.5130899398867897
2020-05-04,-1.1146875720149918,2.4796729745590054,-1.1702963622993425,1.0,0.564997323728981
2020-05-05,-0.5380841247661116,2.1232649953085363,-1.046602521624092,1.0,0.5927103490993119
2020-05-06,0.03970833972172099,1.7471248255621594,-0.8196275444365344,0.8705505632961241,0.6037057567264055
2020-05-07,0.22607064388612008,1.1792788032167856,-0.9500353724049884,0.7578582832551991,0.5712188898012209
2020-05-08,-0.4048890915679907,1.302402969808921,-0.8233394210514483,0.6597539553864472,0.5237926302437578
2020-05-09,-0.6684319064674967,0.12550561425656015,-0.8854906272987467,0.5743491774985175,0.44230329587767636
2020-05-10,-0.37100025240811374,-0.11512749626154772,-1.0063267904145972,0.5,0.4369254444814081
2020-05-11,-0.5784149188924224,1.38087545148144,-0.6096120410535494,0.4352752816480621,0.48894637343098957
2020-05-12,-0.267398865383663,1.3207860429278422,-0.6188568934762806,0.37892914162759955,0.49841696889134646
2020-05-13,-0.5891869518883448,0.16177725493042866,-0.8458657674118446,0.3298769776932236,0.4137476099031336
2020-05-14,-0.792476905491176,0.9997153644381271,-0.8540375179082403,0.2871745887492588,0.42843128420095766
2020-05-15,-0.9604964237858857,2.3340710819467407,-0.026520060334858927,0.25,0.49483586481755987
2020-05-16,-0.7573094341403397,0.7101888105546523,-0.25074150163383885,0.21763764082403103,0.4283915008995645
2020-05-17,-0.8491142613308638,-0.4501853197745931,-0.7680229930896445,0.1894645708137998,0.3524535801064162
2020-05-18,-1.3642989021502188,0.23732339538876301,-0.4487949527294979,0.16493848884661183,0.35371615623385905
2020-05-19,-1.8229331700186182,1.0125315844625007,-0.6513728909075465,0.14358729437462942,0.34548560247730586
2020-05-20,-1.3152259994959115,0.39980212584338864,-0.7978020999431749,0.12500000000000003,0.34613328527897463
2020-05-21,-1.1440651238125663,-0.004338498225427609,-0.8526740615287702,0.10881882041201553,0.33644857533061273
2020-05-22,-0.9261044447777612,0.6988963541470287,-0.4996137377718412,0.09473228540689989,0.38993643665624905
2020-05-23,-0.9772374020499491,0.9450635795266893,-0.163961550143295,0.0824692444233059,0.4061334906690015
2020-05-24,-1.4625913827804597,1.5699844947929256,-0.039177779235198204,0.0717936471873147,0.40237304953459857
2020-05-25,-0.3737240674427331,2.0893101942708805,0.9343338650951227,0.0625,0.5276591157682753
2020-05-26,-1.0150528423360894,4.360146304536246,3.1818367521814537,0.054409410206007765,0.5904912220418286
2020-05-27,0.35038604112427457,3.46604470854856,2.837775537697549,0.047366142703449944,0.6750565087370541
2020-05-28,-0.3276470027285956,2.635369638842306,2.7702818702934078,0.04123462221165295,0.6114918571113847
2020-05-29,2.49329335859439,0.19813879918465319,2.5771426255235523,0.03589682359365736,0.6907646182621536
2020-05-30,0.17010379457826952,-0.29892823967979576,1.0760477596933615,0.03125,0.4644406683083386
2020-05-31,-0.8690537140186836,-0.8002538534878078,-0.19555398739600854,0.027204705103003893,0.3312814146890128
2020-06-01,-1.2087203365642145,-0.20621618450605292,0.016113230971386762,0.02368307135172497,0.33991587160977177
2020-06-02,0.022875097759995862,1.638976932482319,2.3616707790532367,0.020617311105826482,0.5766306680050782
2020-06-03,3.517889413138457,1.2766516732019901,3.8118390666350916,0.017948411796828663,0.780886081486274
2020-06-04,3.436727243999329,0.9384502975951569,3.9597369659925796,0.015625000000000007,0.7664458457331315
2020-06-05,3.461597901981633,0.08951196030782628,3.478426183863328,0.013602352551501933,0.7307700178955514
2020-06-06,1.5337279869949347,-0.6283520380312191,2.872525126617341,0.01184153567586249,0.5985942654536524
2020-06-07,-0.6515745793831923,-0.5025748167069167,1.633221748690091,0.01030865555291324,0.4166081006342724
2020-06-08,1.4466162687380308,0.19350931460716383,2.5725030273696814,0.008974205898414338,0.616600204488252
2020-06-09,4.636273929375261,0.8025190687592649,3.727523561602942,0.007812500000000002,0.7596101695316362
2020-06-10,4.937112928483622,-0.6452321483818173,3.6957267333415236,0.0068011762757509715,0.6991355035921203
2020-06-11,2.0272223547453163,-0.7940713981790193,2.277609923395041,0.005920767837931244,0.6038702946810863
2020-06-12,2.3279920694042113,-0.7283686242622025,1.7418110593226657,0.00515432777645662,0.6086842964265798
2020-06-13,-0.10339975825449388,-1.044289995583715,0.7616681119734503,0.004487102949207169,0.400656602141875
2020-06-14,-0.4820066034063638,-0.9452090010133355,-0.3620890184955121,0.003906250000000001,0.3419988216141697
2020-06-15,0.3256100542617903,-0.569771794662829,0.4602500318147591,0.0034005881378754853,0.4388186014543415
2020-06-16,0.14459208478890503,-0.3848853713947971,0.962972335631677,0.0029603839189656215,0.45114571728671116
2020-06-17,0.14391051344537997,0.26395809341904936,1.0776242448383937,0.0034005881378754853,0.4820231845041135
2020-06-18,0.15136396683228603,0.45810410066873075,1.657012186545438,0.003906250000000001,0.5099982790348642
2020-06-19,0.5687936481434205,0.2378361550262226,1.9838540370608642,0.004487102949207169,0.539630949680064
2020-06-20,0.9583327433014629,-0.5713759409820542,1.5480330693303734,0.00515432777645662,0.5174557701566597
2020-06-21,0.1542433023109172,-0.662164087142772,1.7295498358160124,0.005920767837931244,0.4662324928926691
2020-06-22,3.5685728879418823,-0.9608883976737447,2.5097097892829328,0.0068011762757509715,0.6696401528477212
2020-06-23,3.609003251106044,-0.4192247520145474,2.1757474565490296,0.007812500000000002,0.6812290922176949
2020-06-24,1.2913316027763322,-0.8586140880171986,1.5996989812792717,0.008974205898414338,0.5299826167784434
2020-06-25,0.8715308601105354,-1.0982734962207439,1.545439045641775,0.01030865555291324,0.4904015948525009
2020-06-26,1.6290504529956802,-0.6415610159566605,1.6775075610815866,0.01184153567586249,0.5645648035889502
2020-06-27,0.6863856802092904,-0.45902153527871997,1.4815607776585942,0.013602352551501933,0.5030588601820178
2020-06-28,0.9543434253079793,-0.6813432180881963,1.8102336978630635,0.015625000000000007,0.5229184675289592
2020-06-29,2.1626695198716472,-0.03493938144223187,2.4192232054717366,0.017948411796828663,0.651055195716599
2020-06-30,-0.27387752609450994,-0.1572826183419998,1.5944340254716318,0.020617311105826482,0.4564284533443777
2020-07-01,0.7910072248559262,0.6157118171446782,1.9876664625951321,0.02368307135172497,0.5731964834940199
2020-07-02,3.174861448132437,-0.1877264023026674,2.2983107572102592,0.027204705103003893,0.6978691309098481
2020-07-03,2.0998205163190264,-0.5120969647148415,2.286681165776337,0.03125,0.6245608664173613
2020-07-04,0.533915910813476,0.06594001609785285,1.7406418102942596,0.03589682359365736,0.5267478119404996
2020-07-05,1.7422304224342406,0.32054091938134815,1.983314880216469,0.04123462221165295,0.6268002558088024
2020-07-06,3.0988024611604574,-0.30705815541421716,2.4467793699438762,0.047366142703449944,0.7008701439280542
2020-07-07,1.6321117436574768,0.18462543469589485,2.0708447846887763,0.054409410206007765,0.6186897470433546
2020-07-08,2.8485001932115814,0.37369144324243736,2.1429959815801194,0.0625,0.7112786890685444
2020-07-09,3.1519309810020313,0.10584292967206917,2.2803693743758275,0.0717936471873147,0.716191481626961
2020-07-10,0.3287341745209311,0.7714250615823374,1.6377892670220031,0.0824692444233059,0.5460216847648888
2020-07-11,1.1467784367480816,-0.5994954489644243,1.1834839812329645,0.09473228540689989,0.5301322275951549
2020-07-12,1.4429991273298188,-0.9570815544889297,0.8839364650039929,0.10881882041201553,0.5271089156135513
2020-07-13,0.9280784201731719,-0.8508671624886956,1.3924282760071545,0.12500000000000003,0.5165833721080877
2020-07-14,1.6040612748164549,-0.6804348986041227,1.472328664488994,0.14358729437462942,0.5742016805184195
2020-07-15,2.1470254208840576,-0.17632558354039296,1.5393260677875809,0.16493848884661183,0.6368397709979986
2020-07-16,0.15809610218393205,1.304227514839453,1.2900555972266743,0.1894645708137998,0.5613040921268652
2020-07-17,1.9881456747212136,0.5866854142677582,1.680363847408216,0.21763764082403103,0.6706460449464493
2020-07-18,1.6090644474469527,0.38108771141292397,1.667720383050814,0.25,0.6412402972403625
2020-07-19,3.430745422699631,-0.6588005087344974,1.5163642468568896,0.2871745887492588,0.6911716420103478
2020-07-20,5.0,-0.8311928261946686,1.858689594532108,0.3298769776932236,0.7018048320469426
2020-07-21,2.352144123108341,-0.6990335959812651,1.6535449130492434,0.37892914162759955,0.6646407433871181
2020-07-22,1.021682682899114,-0.6227375319691479,1.4346770276116074,0.4352752816480621,0.5802786415288227
2020-07-23,0.7244732615125011,-0.9981085146021688,1.2720302325021886,0.5,0.5491113704091494
2020-07-24,1.0315812972564933,-0.9616665517453148,0.9814892882757834,0.5743491774985175,0.5725713330616818
2020-07-25,0.9614995183427407,-0.6972451574378592,1.1678277038711402,0.6597539553864472,0.5979387697666103
2020-07-26,1.6035772948813085,-0.4304609256755027,1.4346910168414269,0.7578582832551991,0.6754710574719354
2020-07-27,3.0587672119052938,-1.0099185889813667,1.585335282390502,0.8705505632961241,0.7663471526998784
2020-07-28,1.5785626023711663,-1.055796125503433,1.3965580980952668,1.0,0.6827979381986103
2020-07-29,1.8677127159781777,-0.8589558885847333,1.4037150134355678,1.0,0.7105148528220336
2020-07-30,1.7968324840492875,-1.141625432301834,1.0796125290438088,1.0,0.6832081902255032
2020-07-31,-0.2590045735360591,-1.2795720480992006,0.38453705059575843,1.0,0.5172354281133213
2020-08-01,0.15759237223342934,-0.5922954686151973,0.29628253789422426,1.0,0.5707032648864029
2020-08-02,0.4766525629914924,-1.013534384564545,0.4526925400338505,1.0,0.5796359895103718
2020-08-03,0.9839311763666371,-0.9253565690410902,0.5070899415677053,1.0,0.6189418860999872
2020-08-04,-0.4959800274478842,-0.4563325784391394,-0.15012994298499024,1.0,0.5179164759690106
2020-08-05,1.1391545096202265,-0.5113242182233786,0.20719789612824507,1.0,0.6365450547529825
2020-08-06,-0.053781645594492826,0.1478007265788232,0.12364564613570309,1.0,0.5816944421056748
2020-08-07,-0.7594860675030007,1.310096331538737,0.22698839755920497,1.0,0.5865212225658875
2020-08-08,-0.4191571916247441,0.9646256230461226,0.241845843564067,1.0,0.5953104496374078
2020-08-09,0.37993535355552127,0.5930804962212327,0.7793810377812858,1.0,0.6510200788389623
2020-08-10,2.1580164174531906,-0.7426306969229168,1.311057366713497,1.0,0.7316267276822078
2020-08-11,2.236667151435466,-0.7893053879001581,1.1619826078265203,1.0,0.7299561725274085
2020-08-12,1.296421813563004,-1.031347844713285,0.9175257509566688,1.0,0.6490394857397024
2020-08-13,-0.21553001800697955,-0.28139829017519874,0.6503188439801875,1.0,0.5705836981749076
2020-08-14,0.423977480819275,-0.6289548099155583,0.655316429742565,0.8705505632961241,0.5794851804606409
2020-08-15,-0.23753950546440442,0.04570974448977606,-0.16804687186147796,0.7578582832551991,0.5191457857490109
2020-08-16,-0.7817696945479077,0.8009285747228556,-0.8726759907875068,0.6597539553864472,0.4761279379253087
2020-08-17,0.34945644445773183,-0.08355608293212705,0.01434374700442234,0.5743491774985175,0.5314460943666018
2020-08-18,-0.09616783566656835,-0.1510868709406621,-0.141233334864293,0.5,0.4825857468375581
2020-08-19,-0.4783071137509525,-0.14119221840525326,-0.34432188642395356,0.4352752816480621,0.4410437460161285
2020-08-20,0.5310974552261349,-0.42612335340515667,-0.12431791115033328,0.37892914162759955,0.49534679816232297
2020-08-21,0.9308834720049726,-0.3705970050315405,0.15855883582930372,0.3298769776932236,0.5263841974389777
2020-08-22,0.6150828340340891,-0.21014967626724826,0.042322620645070176,0.2871745887492588,0.501736228091695
2020-08-23,0.8233799639791068,0.22506728182386582,0.3010910831793279,0.25,0.5368061704472458
2020-08-24,2.0635573241570024,-0.15854781117452527,1.3384710558839892,0.21763764082403103,0.6332256774645992
2020-08-25,3.1549814645401404,-0.8301697172065432,1.2052752836362965,0.1894645708137998,0.6590051235263406
2020-08-26,0.09498535317568572,1.8270048297036032,0.5892123633942332,0.16493848884661183,0.5518387435561621
2020-08-27,2.4272531383788665,-0.2949928404685165,1.3027373484602944,0.14358729437462942,0.6394881799772738
2020-08-28,0.9231110115395829,-0.9444218313044722,0.7611203043783668,0.12500000000000003,0.49131050127756476
2020-08-29,-0.7804335532584373,1.68089519547572,-0.49853514137552174,0.10881882041201553,0.4427133812768774
2020-08-30,-1.6057303518308967,5.0,-1.3514446066244123,0.09473228540689989,0.41211299913482813
2020-08-31,-1.7738583160691506,3.9514385310643383,-2.041966393237367,0.0824692444233059,0.3760476191509736
2020-09-01,-1.1070581740589314,3.4386220257739826,-0.8181726853217656,0.0824692444233059,0.4612940855488416
2020-09-02,-0.5145288049375427,2.2084627250401696,0.11027112037669018,0.09473228540689989,0.5006029067044289
2020-09-03,0.38871160999936727,-0.010935251612984583,0.28132437017312933,0.10881882041201553,0.47615877391699013
2020-09-04,-0.590555808283343,-0.06513958609619824,-0.44816936088903464,0.12500000000000003,0.3867264846641344
2020-09-05,-1.2729396737707488,1.077579718699458,-1.5506903410262585,0.14358729437462942,0.35488492614974665
2020-09-06,-1.102411453814167,0.9568471563573335,-1.849520852856138,0.16493848884661183,0.3544646128257316
2020-09-07,-0.5607156264950649,0.2251894812808589,-1.3889563800249798,0.1894645708137998,0.3791229929082688
2020-09-08,0.4223771570943756,0.6702798913675607,-0.18613203224630256,0.21763764082403103,0.5075280509953346
2020-09-09,0.40700594982626437,0.18302979683080564,-0.508621394015277,0.25,0.4803059250558587
2020-09-10,-0.2124463915807107,0.20737926343878427,-0.48572244689892075,0.2871745887492588,0.4463631499536601
2020-09-11,-0.9137207424346399,1.2404316079802624,-1.0208145142215652,0.3298769776932236,0.43122433035013297
2020-09-12,-1.4610658042178017,4.260213492403068,-2.137665721299427,0.37892914162759955,0.4381794602529723
2020-09-13,-1.4195523706074777,5.0,-1.958541026156846,0.4352752816480621,0.4553697666681492
2020-09-14,-0.9308602527741761,2.0391124736811057,-1.8850491073295872,0.5,0.46007069930744815
2020-09-15,-1.4392262277750063,3.3706377004361654,-2.437494662380375,0.5743491774985175,0.4589541393604314
2020-09-16,-1.4193977179405666,2.231069073924964,-2.302469848096257,0.6597539553864472,0.44554879525559427
2020-09-17,-1.257562492358878,0.833409005404549,-2.305811620627123,0.7578582832551991,0.4127062308686401
2020-09-18,-1.4647359041410153,0.9651201024044198,-2.376869578317951,0.8705505632961241,0.4189178758746034
2020-09-19,-1.7009168740318095,4.007752084583788,-2.7753568702052513,1.0,0.49409364605770434
2020-09-20,-1.6386100692273162,2.9129628768314197,-2.926524643079436,1.0,0.4895819604835069
2020-09-21,-1.1694252112763368,0.13019069708583392,-2.3558061566099675,1.0,0.42393605973982174
2020-09-22,-1.2492306870023624,0.6055313029253153,-2.1788332786702953,1.0,0.4443206491993874
2020-09-23,-0.8732586504646038,1.4678629649133526,-1.8074880604081918,1.0,0.5176941114934764
2020-09-24,-0.8108450283672254,-0.2616442426575524,-1.8223406231756218,1.0,0.4492971338922662
2020-09-25,-0.9027160780365291,-0.3703874469019405,-1.685461760419637,1.0,0.4432040591626627
2020-09-26,-1.2029155465251418,0.7186098777663565,-1.849285401711816,1.0,0.4631048617481949
2020-09-27,-0.833156797316385,0.6730668599975699,-1.6420337191781547,1.0,0.49276620870620125
2020-09-28,-0.8792333288588404,0.22634378871956692,-1.117858017138404,1.0,0.4885535020347792
2020-09-29,-0.9470671812477751,-0.006964296206325687,-1.3617232660350942,0.8705505632961241,0.4467638178681336
2020-09-30,-1.0623072603965407,-0.49944554428425614,-1.6167510078456642,1.0,0.4294775847001978
2020-10-01,-0.9390079375890513,0.589486057204947,-1.7489456159849477,1.0,0.47866320267810436
2020-10-02,-1.263921974509154,1.7457282762911024,-1.779866406731952,1.0,0.5041483329871206
2020-10-03,-1.207307989027111,1.2274790933550581,-1.9202470295086627,1.0,0.48164952863769783
2020-10-04,-0.9925229535207004,0.40739426755733615,-1.9455331320320113,1.0,0.46095545984577535
2020-10-05,-0.8950041435687784,1.3665842295256463,-1.5697822599120486,1.0,0.5199479913285818
2020-10-06,-0.9268583194804118,2.0856056509927443,-1.4890071812547179,1.0,0.550476108117513
2020-10-07,-0.7176634683744829,2.6006113662673647,-1.2909489701686043,1.0,0.5924829433638878
2020-10-08,-0.967048880805581,3.1445036167364697,-1.3558171389866158,1.0,0.5903361699800741
2020-10-09,-1.3311982919947294,2.824175653961994,-1.497083790808082,1.0,0.5540246397551651
2020-10-10,-0.867411553530989,3.195352800684971,-1.5552938846621405,1.0,0.5903294336091961
2020-10-11,-1.0333597718476524,3.114941076915905,-1.5492057098101293,1.0,0.5794691582164856
2020-10-12,-0.4438645500302506,0.9715384095631246,-1.1660919563987402,1.0,0.5470200651831555
2020-10-13,-0.30201932471250953,0.1503889723699852,-1.24445377798518,1.0,0.5196497929350761
2020-10-14,-0.8927143414558206,0.44871776020751203,-1.1988122557381262,1.0,0.49422187538698736
2020-10-15,-0.5276379094088343,0.46281012684244055,-1.1481753305439357,1.0,0.5208353836397149
2020-10-16,-0.803572965181736,0.80179648440117,-1.2185813823348177,1.0,0.5142172764267724
2020-10-17,-0.8152551208146622,0.3975491119912864,-1.3514733397282142,1.0,0.4921650936210523
2020-10-18,-0.4930636382373239,0.12762283289630477,-1.4008517149496567,1.0,0.5007516516565359
2020-10-19,-0.453374988580272,0.811339730835229,-1.0249149709416638,0.8705505632961241,0.5249995750091463
2020-10-20,-0.6957633854094829,1.2613909160039234,-0.9460619048257729,1.0,0.5496383323120055
2020-10-21,-0.5874138225357385,1.280545446561947,-0.8513622993474523,1.0,0.5608163954594502
2020-10-22,-0.6415550405438903,1.4575773420462002,-0.7324323282907391,1.0,0.568547642272641
2020-10-23,-0.9487396364876806,1.7976368382251289,-0.8349977543761871,1.0,0.5588189673476621
2020-10-24,-0.6702060636915543,0.9620470602743074,-1.055176156507865,1.0,0.5352323513817303
2020-10-25,-0.2919833937949416,-0.20320176036155588,-1.1508889256555863,1.0,0.5087047362100862
2020-10-26,0.15316449492491996,0.061875622502200585,-0.7931055351063521,1.0,0.561352266095708
2020-10-27,0.07235139833272097,0.5309984670468159,-0.8128898597895878,1.0,0.5748520340228125
2020-10-28,0.16787515755610163,-0.18805683732777795,-0.7974855747385475,1.0,0.5517731231237978
2020-10-29,0.6568769928894246,-0.9790634583695113,-0.6743307295761592,1.0,0.5555197977746934
2020-10-30,1.0520890784481078,-1.2440878783829348,-0.7543524708481608,0.8705505632961241,0.5487397790967314
2020-10-31,0.502854327650247,-1.2780064866297933,-0.819851629974914,0.7578582832551991,0.4916237063895578
2020-11-01,0.6795249104736087,-1.1769522532710643,-0.8168901718521071,0.6597539553864472,0.49299540439150974
2020-11-02,2.5509687227065254,-1.115580485248815,-0.22080492454109518,0.5743491774985175,0.6273742737684755
2020-11-03,1.1324389953607865,-1.2127868791313854,-0.29008695452577504,0.5743491774985175,0.5264459578674965
2020-11-04,1.0430115665402397,-1.1368144821226616,-0.6213467936096552,0.6597539553864472,0.5254183678685503
2020-11-05,0.7847020696107717,-1.1614923585356534,-0.7349612388926822,0.7578582832551991,0.5180979908935897
2020-11-06,0.4538278101578393,-1.1538016476987618,-0.8195513345836805,0.8705505632961241,0.5104443253647035
2020-11-07,0.06414756239662461,-1.1065573939746325,-0.9490161645950642,1.0,0.5015360739243299
2020-11-08,-0.04775626947860657,-1.0876846899217396,-0.997427768694868,1.0,0.49324846099819153
2020-11-09,0.4133531999878483,-1.1336486647504251,-0.49734675143187385,1.0,0.538743293920193
2020-11-10,0.4988284711210206,-1.103489887943318,-0.4316650461480558,1.0,0.5478876512054947
2020-11-11,1.7669188168896062,-1.0491660115108883,-0.42262934909705296,1.0,0.6349916923431184
2020-11-12,0.993769962227372,-1.0155410366438746,-0.4564570046259881,1.0,0.5837218874674638
2020-11-13,1.2684314396469571,-0.8572151090550983,-0.526067990637568,1.0,0.6063092000779158
2020-11-14,0.28892420377671335,-1.033505396416496,-0.6080575301455279,1.0,0.5309303043962427
2020-11-15,0.3534483344510233,-0.9150826372019047,-0.7171165671519224,1.0,0.5365308935082581
2020-11-16,1.3104084805744776,-0.9475805396801746,-0.1859349599502659,1.0,0.6166802108866157
2020-11-17,1.2577007674415392,-0.9607262833489495,0.2341761836581576,1.0,0.626622328811835
2020-11-18,1.5706720421442266,-0.927734091071897,0.33702998395886863,1.0,0.6522902151469151
2020-11-19,1.295052539685863,-0.8365339295582661,0.33958965112077616,1.0,0.6378009106181557
2020-11-20,-0.011221702815964447,-0.5723657842037034,-0.11678777450248064,1.0,0.5465103863203654
2020-11-21,-0.23250654168402504,-0.3037604526153709,-0.6347912406245727,1.0,0.5256831703412721
2020-11-22,-0.24886542130077638,-0.8469038171572553,-0.5463431312009634,1.0,0.5049098751583638
2020-11-23,0.9265420385023965,-0.011255115060064665,0.1492691004030475,1.0,0.641276142786092
2020-11-24,0.2523447512030909,-0.39797506175316133,0.22521540544211807,1.0,0.5827478693552283
2020-11-25,-0.3177557292887221,-0.7863529634699867,0.15946024544837076,1.0,0.5263669194177815
2020-11-26,-0.7415900475980841,-0.7559354345940575,-0.3397713583324003,1.0,0.48273764177429535
2020-11-27,-0.48063661063329566,-0.5141032213837273,-0.8770202172166033,1.0,0.49230258449290487
2020-11-28,-0.9983880178681999,-0.07324037756414627,-0.6642388869275956,1.0,0.48324782017936074
2020-11-29,-0.614522075634125,0.07158018549792552,-0.3986795588989199,1.0,0.523725050723508
2020-11-30,-1.1194670429058302,-0.6016856735501671,-0.4479332356271872,1.0,0.4603675195541148
2020-12-01,0.751462508321555,0.7752030013938366,1.6309582852783056,1.0,0.7117629017887904
2020-12-02,0.7015937120856255,0.14765336954380406,1.6047889829567645,1.0,0.6814181039685924
2020-12-03,-0.14063914574940786,0.7651258773858648,1.597962869577459,1.0,0.6507697308270325
2020-12-04,0.34026918253724076,-0.5241215556812663,1.0812556282519945,1.0,0.6118880682908299
2020-12-05,-0.3366685537199569,-0.12042072093130506,0.6716838941973342,1.0,0.5699273628531096
2020-12-06,0.6509100530860731,-0.2883579157088963,0.9895665362844308,1.0,0.6393646415940153
2020-12-07,2.3633108335134603,-0.42859381243899636,2.4937667567837303,1.0,0.7978215386087303
2020-12-08,0.9968315268261164,-0.7854091495546482,2.4946519564031595,1.0,0.6918851191037362
2020-12-09,0.5148447786308739,-0.7340107952672774,2.450123121151524,1.0,0.6604099728109726
2020-12-10,0.39449164060782915,-0.18704600124250562,1.8420098075402076,1.0,0.6549061862400912
2020-12-11,0.13172531166253693,-0.8805924213780749,1.1983374760608478,1.0,0.5870349190887777
2020-12-12,-0.18247220958310456,-0.9232134496979875,0.3489665902612702,1.0,0.5360001786324192
2020-12-13,0.43028524639511556,-0.28676094608231917,0.20433902901964648,1.0,0.5985486113068993
2020-12-14,0.7182921574399258,-0.2815546060154599,2.4625604202668727,1.0,0.6932400492542468
2020-12-15,1.2534819866822913,-0.5018255479965236,2.55703722350837,1.0,0.7228906420625767
2020-12-16,1.8924351802083148,-1.0163810551512014,3.0126578339253283,1.0,0.7588131347159209
2020-12-17,2.472265607846712,-0.9075541776813502,2.472763282232695,1.0,0.7844283925274811
2020-12-18,3.714107918289197,-0.6521160399251844,2.2186090831493197,1.0,0.821782134441428
2020-12-19,2.5569000285660803,-0.49266781735395204,1.9828505743397298,1.0,0.7910271953259816
2020-12-20,0.6347006473360174,-0.818184408982709,1.2889269291373713,1.0,0.6261865904193673
2020-12-21,1.6133609697019178,-0.6577437739607875,1.4193379128269874,1.0,0.702462671159328
2020-12-22,0.5703756920620368,-0.8948664883280992,1.2847566742019207,1.0,0.618564164930529
2020-12-23,0.6371813459602411,-0.9096690191169798,1.2349890963861248,1.0,0.6207421838136794
2020-12-24,-0.36509594055958594,-0.9831943856709628,0.62424155119957,1.0,0.5305018895997232
2020-12-25,0.21267993093194953,-0.6011743532580329,1.2201846197270771,1.0,0.6048025513339479
2020-12-26,1.183676972233416,-0.5257398589437579,1.4738490024457487,1.0,0.6811342707744295
2020-12-27,0.9215385186152887,-0.7429869220981642,1.3793638047999208,1.0,0.6514569063135931
2020-12-28,1.1891379424698933,-0.7664748388686815,0.9785489291025093,0.8705505632961241,0.6355402933429668
2020-12-29,0.9263588652859308,-0.8313470219795562,1.570795678405252,0.7578582832551991,0.6181563968717021
2020-12-30,-0.12137907981659443,-0.8697892800420088,1.4466118481348562,0.6597539553864472,0.5278503295896055
2020-12-31,-0.628921261488448,-0.871006753382733,0.6497464967877524,0.5743491774985175,0.45459056102752565
2021-01-01,-0.6948239575266534,-0.5224015654067623,0.49116167402990996,0.5,0.448283726740605
2021-01-02,-0.7680546551496074,-0.552296903471334,0.19788094454543556,0.4352752816480621,0.42267130907744443
2021-01-03,-0.7076022567138478,-0.6222169913387623,0.42187090833418517,0.37892914162759955,0.4228025431019079
2021-01-04,-0.5910656165498127,0.4771687669943504,1.1209321921643804,0.3298769776932236,0.49232361058090657
2021-01-05,0.20511838540051175,0.3543369359237881,1.2433487816292172,0.2871745887492588,0.5379597457235546
2021-01-06,0.12965435665958355,0.38418686741284486,1.3065130067289217,0.25,0.5307018434771382
2021-01-07,-0.3635007395053517,0.1461810310406251,1.18731132764835,0.21763764082403103,0.47908018403821895
2021-01-08,0.6743472076060935,-0.05478712719811281,1.2664215679280826,0.25,0.5473877358047542
2021-01-09,0.06855310251818364,-0.5483663474191643,1.0688009449363098,0.2871745887492588,0.48542449550234623
2021-01-10,-0.006943188848722246,-0.3489376850149339,0.4261621082799301,0.3298769776932236,0.4736850007977775
2021-01-11,1.099965441646354,-0.5368815980394888,1.522203408961093,0.37892914162759955,0.583540447734288
2021-01-12,-0.046560117482265365,-0.4530496843347904,1.4962149153748203,0.4352752816480621,0.518184044746936
2021-01-13,0.8709300691513302,-0.4766650305029904,1.345492944538237,0.5,0.5830507264904053
2021-01-14,0.3766479566489109,-0.7279431330821964,0.847761282983582,0.5743491774985175,0.5341899859557329
2021-01-15,-0.48848989463139303,-0.5476050173437604,0.5747775849049818,0.6597539553864472,0.48773947744005025
2021-01-16,-0.8799590302201233,0.38319348275412807,0.17421970844282578,0.7578582832551991,0.5017885258697878
2021-01-17,-0.3464056933562935,-0.6696070176309088,0.050743204970553964,0.8705505632961241,0.5062800193683963
2021-01-18,-0.015178528789521653,-0.6243684226520171,1.051422522830359,1.0,0.5830201645645432
2021-01-19,-0.09670761251729802,-0.5148334052407286,1.016664557763861,1.0,0.5809902525392785
2021-01-20,0.19619359176165505,-0.5569940816471989,1.2254544446532611,1.0,0.6057199675372524
2021-01-21,0.912136214361707,-0.6835925590159261,1.145656107365285,1.0,0.6455145945772931
2021-01-22,-0.5815730229957189,-0.7037784780853713,0.6209085223106177,1.0,0.527601312623749
2021-01-23,0.2392708387888177,-0.01691915192385287,0.7964427773253475,1.0,0.6167945171666056
2021-01-24,-0.3389655128426837,0.11264735563871257,0.7630615683473407,1.0,0.5825313245736788
2021-01-25,0.09574660065103319,-0.6541778761475254,1.216876583686366,1.0,0.5946882479934675
2021-01-26,-0.41439749270777626,-0.87052829664292,0.9722079765001268,1.0,0.5435084206760309
2021-01-27,-0.8351958238825687,0.37375577142398725,1.0491853670496603,1.0,0.5698662811188169
2021-01-28,1.728772734315857,-0.2689027386596595,1.963623801662839,1.0,0.744501361565666
2021-01-29,4.025380661661442,0.0392471849035865,2.041415475241387,1.0,0.8446824818790292
2021-01-30,1.7721611814368199,-0.2594072621239592,1.5250435112291763,1.0,0.7331702265482624
2021-01-31,-0.08642241468618195,-0.6874076178555344,0.4996081020111004,1.0,0.557250125010644
2021-02-01,0.12538191612581887,-0.441238466817582,1.5417049060428143,0.8705505632961241,0.5969466063201678
2021-02-02,0.6795597346813841,-0.8568250686063967,1.414626531996767,0.7578582832551991,0.5954358980083312
2021-02-03,1.8492729218921042,-1.0235475935584508,1.2557763154220494,0.6597539553864472,0.6464593488832403
2021-02-04,2.11814747591786,-0.77207450660211,1.3550525390804617,0.5743491774985175,0.6653608552135625
2021-02-05,0.24779907925388145,-0.8127873061437707,0.5188951298945443,0.5,0.4999503051907531
2021-02-06,0.05063958829658683,-0.9984353589361509,0.12816283964464337,0.5743491774985175,0.47719897054369864
2021-02-07,0.3934945790641111,-1.0449669530268637,0.6266355792384135,0.6597539553864472,0.5275436281774023
2021-02-08,3.0334358401290924,-0.9253100439717291,1.7829075769715528,0.7578582832551991,0.7595544098885096
2021-02-09,0.6812605283292488,-0.8943281834098352,1.151883535240472,0.8705505632961241,0.6021323965823079
2021-02-10,1.146241108515245,-0.5507912255709693,1.1308918266502852,1.0,0.6661628337239022
2021-02-11,0.4354161205390019,-0.8900901424525813,1.4448083883583733,1.0,0.615100931712355
2021-02-12,2.1663257698650216,-0.9061919738615334,1.3796979976585133,1.0,0.727653652335388
2021-02-13,1.7800181139341145,-1.0015059587838226,1.0422077216238375,1.0,0.6866787167004097
2021-02-14,2.3248036137488532,0.01294108319806923,0.6173256497632587,1.0,0.7511036410419518
2021-02-15,3.4096366827342894,0.16778356785972232,1.2647270424956298,1.0,0.8241485500773428
2021-02-16,3.090822547518178,1.5574695151682694,1.0321873970239839,1.0,0.8743008096994774
2021-02-17,5.0,0.8868245037533818,1.502980666288016,1.0,0.8620503765326581
2021-02-18,4.9370059333887975,-0.4236440701273098,1.3347825464550773,1.0,0.8018409152931981
2021-02-19,3.479983023039569,-0.6172111641166093,1.1556601541933065,1.0,0.7878048733015849
2021-02-20,0.9227811657226397,-0.8619169921990293,0.7751777796564921,1.0,0.6264447956950996
2021-02-21,0.2908150097856068,-1.0097349145468595,0.5052196256737831,0.8705505632961241,0.549738617896466
2021-02-22,-0.07194481955103729,-0.9155166151043456,0.6100484916606029,0.7578582832551991,0.5160708452775498
2021-02-23,-0.17257285953922422,-0.8448495239565892,0.2829405416399038,0.6597539553864472,0.48668752389515774
2021-02-24,-0.5491434454336087,-0.8729720022280095,-0.6884985179014935,0.5743491774985175,0.41521902957298695
2021-02-25,-0.4770583557576242,-0.5876005706912162,-1.5194834326918363,0.5,0.39306330474762985
2021-02-26,-0.26034144739090126,-0.7417283009060845,-0.933894171970377,0.4352752816480621,0.41090004415104986
2021-02-27,-0.682276936125091,-1.017229152044576,-1.372152863272866,0.37892914162759955,0.3482312653915144
2021-02-28,-0.8683308216198924,-1.0009754768242507,-3.0049855393127882,0.37892914162759955,0.28224333826847003
2021-03-01,-0.4517795730692122,0.1391988469722461,-0.98852746346003,0.4352752816480621,0.43302169055110445
2021-03-02,0.46524241004710426,0.3870024819867828,0.1543530075515058,0.5,0.5522863643376398
2021-03-03,-0.3887727886172254,-0.2389073586332726,-0.18953561635555072,0.5743491774985175,0.46896186356205793
2021-03-04,-0.4724214650023819,0.11488882368292123,-1.1965341736990294,0.6597539553864472,0.4573708908379624
2021-03-05,0.19975659863534698,0.5546893331330992,0.08397582975022719,0.7578582832551991,0.5779070989361896
2021-03-06,-0.4606707981620581,0.3957382055309917,-0.924174982568841,0.8705505632961241,0.5105544570951114
2021-03-07,-0.24721474805047244,0.1905269230280523,-1.847769031831275,1.0,0.5048653375284282
2021-03-08,0.59119484859511,-0.8255714095813478,0.06262047630966276,1.0,0.5821015303841066
2021-03-09,-0.5650030050772085,-0.2825807885607532,-1.6077227115965824,1.0,0.4719681764182687
2021-03-10,-0.7473300414284265,-0.5053577000459816,-2.4043346200094473,1.0,0.4239769390692074
2021-03-11,-0.8401338320682907,0.48438261653294296,-2.6764119104033814,1.0,0.4499599565375405
2021-03-12,-0.7735590634079257,1.4369527608869694,-2.738807077431732,1.0,0.4920088582287043
2021-03-13,-0.7653825711821033,0.6389804972588149,-3.003856183837268,1.0,0.45059868264031044
2021-03-14,-0.7336197099115737,0.5574228741173604,-2.866246156851996,1.0,0.45377643386571864
2021-03-15,0.13099844996523927,1.8137884173264591,-0.5623995037969559,1.0,0.6405610972597199
2021-03-16,-0.3261269177532876,2.4156292762530374,-0.8406836591906134,1.0,0.6258866366873036
2021-03-17,-0.6947208643128382,1.1316597803753454,-1.224460348258096,1.0,0.5350224216195136
2021-03-18,-0.7154345313641239,-0.34445395317523136,-1.3803468266488383,1.0,0.4669405556384625
2021-03-19,-0.5832197056253859,2.194429538141465,-0.8613425365732033,0.8705505632961241,0.5794244169895137
2021-03-20,-0.7030995356291244,3.1250519816008273,-1.6595664792586804,1.0,0.597807814982769
2021-03-21,-0.6982899240765018,0.754611772725593,-2.558299421136711,1.0,0.4746128482205758
2021-03-22,-0.12279751675119667,0.44100023766910185,-1.3848633671161394,1.0,0.5390263965489281
2021-03-23,-0.36774469050114783,0.20226840605025181,-1.8510647382011682,1.0,0.4972093796119783
2021-03-24,-0.6450195667016076,0.4476872275349385,-2.14603789844236,1.0,0.47911773341910324
2021-03-25,-0.7309802519666199,1.7207130246237898,-2.145827439895921,1.0,0.5264367778983525
2021-03-26,-0.9218337941985721,3.3319637540337004,-2.133934967779608,1.0,0.5674132481274415
2021-03-27,-0.6446910017579659,1.2210360773632187,-2.255712450417295,1.0,0.5077066880923599
2021-03-28,-0.6307186574125437,0.4326073095468264,-2.3829758258652864,1.0,0.4715448665414387
2021-03-29,-0.2947229428602653,1.7907894337683232,-1.2542089587335663,1.0,0.5881610649252103
2021-03-30,-0.4248780007253934,0.67014022623149,-1.2675493670295328,1.0,0.5323456638103015
2021-03-31,-0.6839335046498035,1.1533059177011162,-1.890922209940044,1.0,0.5144281059295581
2021-04-01,-0.5836256382708,1.0502246077080668,-0.9278442605108519,1.0,0.5489228407527543
2021-04-02,-0.2822748894882342,0.9640249762244363,-0.5482868851642242,1.0,0.5780731518713285
2021-04-03,-0.6344611988979545,-0.10922605502082647,-1.2853825870608921,1.0,0.48530541487890555
2021-04-04,-0.7198907160626596,0.874248020126972,-2.198011780792956,0.8705505632961241,0.4707498115690999
2021-04-05,-0.6331879214712736,0.6633758861636249,-1.83611712970383,0.7578582832551991,0.46290297199021835
2021-04-06,-0.6249556028952737,2.5521848590137326,-1.6543679243842493,0.6597539553864472,0.533494824761046
2021-04-07,-0.6483088509134909,1.8364913857017628,-1.4244463218761414,0.5743491774985175,0.4969707169055803
2021-04-08,-0.6692731275972864,1.8869983978787985,-1.3142164592442631,0.5,0.4901995094303221
2021-04-09,-0.6723600800976419,0.7527620142990243,-1.5670029382644488,0.4352752816480621,0.4245989395610109
2021-04-10,-0.7111314384614869,2.4254180271466983,-1.7473854153531312,0.37892914162759955,0.4772435126327156
2021-04-11,-0.7381134887029994,2.2028585301683536,-1.9136846458521442,0.3298769776932236,0.45327026463572684
2021-04-12,-0.2445488979691935,1.044422367443597,-1.3945448376192757,0.3298769776932236,0.4552110575122113
2021-04-13,-0.2071614913907093,0.4152351046513023,-1.3765961680777477,0.37892914162759955,0.4394435289093054
2021-04-14,-0.24756830774776672,2.02917168872526,-1.435227056819465,0.4352752816480621,0.5104946568669285
2021-04-15,-0.38854828659434826,0.9056975316995852,-1.2659396823144986,0.5,0.4696361886373763
2021-04-16,-0.1595654562094654,1.9251074739271712,-1.0914783582865986,0.5743491774985175,0.544344879014892
2021-04-17,-0.2987802612736216,-0.10558952755131433,-1.3994534572769755,0.6597539553864472,0.45299639699918837
2021-04-18,-0.01384693350369311,-0.5017810959677133,-1.7815698698600648,0.7578582832551991,0.45746240559404344
2021-04-19,-0.15331124705636984,-0.3052848144452915,-1.2406415719189037,0.8705505632961241,0.49128691502481003
2021-04-20,-0.1087533089083648,1.788784835388489,-1.144246947218337,1.0,0.6041409159733515
2021-04-21,-0.030327232347008515,1.5541832524627837,-0.9404119816640807,1.0,0.6063887539740127
2021-04-22,0.34199018179152607,1.8042319270755298,-0.3797688858902619,1.0,0.6603167128845735
2021-04-23,0.17878058245915632,1.4519031109042329,-0.5082940578469859,1.0,0.6304715331900539
2021-04-24,-0.43605594444716145,0.4749483080777006,-1.361745413520763,1.0,0.520327602756068
2021-04-25,-0.5307665689050909,-0.19157845243241933,-1.5574191447678885,1.0,0.47971915506271356
2021-04-26,-0.2925516801844356,-0.14073474400936706,-0.9550791644382995,1.0,0.5177966348393708
2021-04-27,-0.13288602690628837,1.6635198177089328,-0.5468125488400485,1.0,0.617227172316118
2021-04-28,0.4931451396367764,0.20398321704269268,-0.07919328266224433,1.0,0.6137358672638226
2021-04-29,1.1889152973787587,-0.3536007650266393,-0.12127848239089245,1.0,0.6354850385361109
2021-04-30,1.5022896976790212,-0.19507946533498222,-0.463095209616406,1.0,0.651587828469097
2021-05-01,-0.7156522639043453,-0.7574507596655918,-1.755718583011908,1.0,0.43720544798658045
2021-05-02,-0.08126254297241037,-0.5673192524684916,-0.8825517072910984,1.0,0.5165258047059489
2021-05-03,0.21994557457344274,-0.08337627499377923,-0.5180273217704944,1.0,0.5689214494544722
2021-05-04,0.6671512391828643,1.5370875450707389,-0.049634861736379425,1.0,0.6818675682655925
2021-05-05,0.39864906683873585,0.1690671580410876,-0.37297033396221096,1.0,0.5961887249088874
2021-05-06,-0.059465357285772125,-0.8546908362554267,-0.8344856003362053,1.0,0.5076073379924322
2021-05-07,-0.06141817469787871,-1.0979304611072154,-1.040585250835786,1.0,0.490472177446148
2021-05-08,-0.19054174851993147,-1.1729076440080923,-1.2056850871134865,1.0,0.47323656202788456
2021-05-09,-0.1378539991072077,-1.1479990892384473,-1.4486301787775988,1.0,0.46968876538199755
2021-05-10,-0.13376194716597814,-0.36162539785938425,-0.7583969381582308,1.0,0.5257349140061861
2021-05-11,-0.43664576409622924,-0.4941987152218929,-0.9069699675175426,1.0,0.49506633700875446
2021-05-12,-0.49735510742935374,0.47526436548287593,-0.893571232705602,1.0,0.5318599669763096
2021-05-13,-0.3187303967610001,-0.21535530101935657,-0.9169676427086311,0.8705505632961241,0.49479516574425775
2021-05-14,-0.4546151240354747,-0.19506616578264643,-0.9287548984208227,0.7578582832551991,0.46928481403094385
2021-05-15,-0.5788491380047003,-0.8604086273415605,-1.1319664715650966,0.6597539553864472,0.41179057558291887
2021-05-16,-0.5255642846638736,-0.5942737916527447,-1.4212337043386005,0.5743491774985175,0.4039788928503684
2021-05-17,-0.41115196202152265,-0.06654316658586247,-0.4139763151179493,0.5,0.4560180267535559
2021-05-18,-0.12751567317069595,-0.17596185949379192,0.37479767605899816,0.4352752816480621,0.48695175909222155
2021-05-19,1.2677254887240863,-1.1897433569659077,1.7114237800076022,0.37892914162759955,0.573829223285753
2021-05-20,2.249990784385088,-0.8749026003270285,2.284116148903964,0.3298769776932236,0.6641638622294954
2021-05-21,1.6689627223133006,0.3809792283448903,2.275309353626831,0.2871745887492588,0.671058149435207
2021-05-22,1.1660864912263105,-0.044819285054468,1.9491068787579902,0.25,0.6033418584964175
2021-05-23,1.5924776632715993,-0.5773306032038013,2.825941698799334,0.21763764082403103,0.6339534385015306
2021-05-24,-0.43173172404082616,1.1899292337429395,2.110401632992121,0.1894645708137998,0.5445646765250414
2021-05-25,-0.37105956752737607,2.057586263919766,2.3643322842393664,0.16493848884661183,0.5895473059631359
2021-05-26,3.777812138272967,-0.5986130654382463,3.0042433206430736,0.14358729437462942,0.7215958830962677
2021-05-27,1.4354998950310545,-1.3561294536404678,1.7604341498685432,0.12500000000000003,0.5416257374293357
2021-05-28,-0.3202753164501916,1.1129513156000916,0.8535490408134331,0.10881882041201553,0.49479574147557454
2021-05-29,-0.9946036783798698,-1.2287275459188929,-0.5872641879877142,0.09473228540689989,0.302130476906166
2021-05-30,-0.9289313597092881,-1.1975320031730623,-1.5272532395737786,0.0824692444233059,0.2746360212315398
2021-05-31,-1.0455043997833853,-1.3965368249863428,-1.6086446948721962,0.0717936471873147,0.25425822955570077
2021-06-01,-0.3071768802341295,-1.0956492292009186,0.3028125333371794,0.0625,0.3783382412122591
2021-06-02,-0.7413518257363491,-0.6342922847336931,0.5856087365047636,0.054409410206007765,0.3768294025013995
2021-06-03,-0.518825665035817,-0.3134958060226752,1.2435388882093976,0.047366142703449944,0.42590551475916477
2021-06-04,0.023423839636367145,-0.4420519085002607,2.180126591578377,0.04123462221165295,0.4869988395059408
2021-06-05,1.3383585720359261,-1.0176733636864654,2.934636883768471,0.03589682359365736,0.5750266009801234
2021-06-06,2.749156843085076,-1.1337058287789528,3.212401347322614,0.03125,0.6657268800065488
2021-06-07,3.0098321333681093,-1.2087506373520571,3.4673947705520978,0.027204705103003893,0.6787160958757816
2021-06-08,1.5472669469290765,-1.0601698407647302,3.189463329164399,0.02368307135172497,0.5875298471328334
2021-06-09,1.3855141104732647,-1.0032570200016229,2.7812658224552456,0.020617311105826482,0.5713666889458656
2021-06-10,-0.03876423807424344,0.24558491260011273,2.4680150772407137,0.017948411796828663,0.5176078531642699
2021-06-11,-0.5785384112129659,2.2121088481347213,1.4447716775969,0.015625000000000007,0.5291047805113123
2021-06-12,-0.6324946429709805,1.9811132152308435,0.8813996066551071,0.013602352551501933,0.496800414207782
2021-06-13,-0.3923759027785246,0.6121706957428497,1.1198908955987756,0.01184153567586249,0.46345464567538897
2021-06-14,-0.5947818550014327,1.0321578776355866,1.9265570831166778,0.01030865555291324,0.4941193223382136
2021-06-15,-0.11296644473829437,-0.4564378712802982,1.1421826757180453,0.008974205898414338,0.43786954578946496
2021-06-16,-0.3774848140203464,-1.0593147664084748,0.823731748998518,0.007812500000000002,0.3843258304315744
2021-06-17,-0.621653646095597,-0.1861541421849508,1.1432255630606047,0.0068011762757509715,0.41492769621263675
2021-06-18,-0.408555212041962,0.8138429938979874,1.5824775957938935,0.005920767837931244,0.4853104789784382
2021-06-19,0.08066645879480262,0.3224337207601242,1.2780870292477886,0.00515432777645662,0.4871885524260534
2021-06-20,1.5097541271906103,-1.3060719261479516,1.8326113184438164,0.004487102949207169,0.532990720947051
2021-06-21,1.9646833534619543,-1.3593599563447698,2.1562312529545156,0.003906250000000001,0.5717992046482488
2021-06-22,-0.09754142799533924,-1.3602303827467133,1.038936453461596,0.0034005881378754853,0.3969622755219322
2021-06-23,-0.603660236372816,-1.401047997512902,0.20765560749034315,0.0029603839189656215,0.3337448955162976
2021-06-24,-0.1593825459983733,-0.8028137222708561,0.7273708355413055,0.0025771638882283094,0.4055561942734339
2021-06-25,0.11320796118049122,-0.6437987278228383,0.9697424198715596,0.002243551474603584,0.438383530469657
2021-06-26,0.35626528938262997,-0.6018072631967519,1.407986346002197,0.001953125,0.4709015636090506
2021-06-27,1.6794070702784845,-1.2039385254187729,2.0052864694000365,0.0017002940689377426,0.5538942925497921
2021-06-28,3.8798212500530767,-1.4603285350262762,2.6310769990045,0.0014801919594828095,0.6520775731346443
2021-06-29,4.588631703487837,-1.4504862556062252,2.810875384690398,0.0012885819441141558,0.6584522061310377
2021-06-30,0.9136842942210521,-1.4467602815647185,2.062681517189288,0.001121775737301792,0.49455492481644503
2021-07-01,0.3709167554922735,-0.24381058632964783,1.133274143647821,0.0009765625,0.4774912984323436
2021-07-02,-0.3634299292689966,-1.3939225836087576,0.4240727266475724,0.000850147034468872,0.35695451000845807
2021-07-03,-0.75803522121851,0.5731314263192085,-0.14641029782256956,0.0007400959797414059,0.39357546581827524
2021-07-04,-0.2064405638480036,0.6074337110889209,0.623184502748398,0.0006442909720570772,0.45741649410959334
2021-07-05,1.348560258304566,-0.3774335609837769,1.7356299680210974,0.0005608878686508959,0.5571160842936479
2021-07-06,3.5243965851260906,-1.119802510456446,2.4439681085508647,0.0005608878686508959,0.6598912988629746
2021-07-07,2.9725287407878316,-1.0784815541985655,2.182024947668875,0.0006442909720570772,0.6510626598623529
2021-07-08,0.34719695996570543,-1.348583979872111,1.3398858754734828,0.0007400959797414059,0.4367293417491197
2021-07-09,0.38753524606555634,-1.3432227893082713,0.9785491881169273,0.000850147034468872,0.4276138951755937
2021-07-10,-0.018388261005684487,-1.2354480251891444,0.29235776311334233,0.0009765625,0.3821888580288514
2021-07-11,-0.2061505968152692,-0.062044280003225816,0.5196046256959124,0.001121775737301792,0.4261598690959733
2021-07-12,0.6024926891519525,-0.7797006862420384,1.5237373422038074,0.0012885819441141558,0.4836631827151226
2021-07-13,0.1673375054551798,0.12321351701236904,1.3283714524055859,0.0014801919594828095,0.48579080744663605
2021-07-14,0.6198084005496302,-0.3378446610233112,1.6430290168656991,0.0017002940689377426,0.5072663771665347
2021-07-15,1.3773634499435625,-0.9232798779622875,1.700004766039041,0.001953125,0.5353140293657768
2021-07-16,1.0577839228122436,-1.197414684442034,1.4720028980967736,0.002243551474603584,0.49502994566014774
2021-07-17,0.39246266520972967,-1.3032484847081955,0.8640600944004109,0.0025771638882283094,0.42605073521438847
2021-07-18,-0.15605333913051753,-0.5675777591467851,0.3747094169353989,0.0029603839189656215,0.40388174224587425
2021-07-19,0.6707004134721674,-0.08585829167763076,1.1408984424493482,0.0034005881378754853,0.5046759683805695
2021-07-20,1.0210882441833469,-0.5273951898215925,1.4680651623822334,0.003906250000000001,0.5206191929490646
2021-07-21,0.09884426500757927,-0.42093535983460617,0.7803906917214114,0.004487102949207169,0.4407367328404915
2021-07-22,0.15319367824107344,0.0747535905259017,0.5731424296995336,0.00515432777645662,0.4582055416444371
2021-07-23,0.10375208041689638,-0.3201991001863095,0.6844879637614619,0.005920767837931244,0.44227955682110204
2021-07-24,0.26631180933173126,-0.4456227448074812,0.6189854396555386,0.0068011762757509715,0.4458395306850176
2021-07-25,0.6397661824793108,-0.43678538396933514,1.0535321148529118,0.007812500000000002,0.48574129999499543
2021-07-26,1.597702487845846,-1.0851303396350778,1.5497341778737714,0.008974205898414338,0.5393036718521493
2021-07-27,2.133109806005253,-1.1468499308418858,1.5461047634998544,0.01030865555291324,0.5725050303982037
2021-07-28,0.8668939100434674,-0.47903566185190843,1.3536738370991024,0.01184153567586249,0.5097317996804178
2021-07-29,-0.2569029002195284,0.7004020901020371,0.9583642350360855,0.013602352551501933,0.4710423877902111
2021-07-30,-0.39343508260927457,0.022149007746177937,0.5769330794297473,0.015625000000000007,0.4212687224631307
2021-07-31,-0.7953123929910254,0.049501721942047355,-0.2298460759000216,0.017948411796828663,0.3690724714543739
2021-08-01,-0.61346956939884,-0.6822412692622276,-0.5873789806033356,0.020617311105826482,0.33918860646658067
2021-08-02,0.6981011502943044,-0.9308246769659883,-0.07202902840650749,0.02368307135172497,0.4339072082352459
2021-08-03,0.5703725094750784,-1.0319068663070436,-0.12453260455899277,0.027204705103003893,0.4199583334823626
2021-08-04,0.7920179864491682,-0.9279471810136312,0.017059653633166715,0.03125,0.4443928883421488
2021-08-05,1.2921868365125022,-0.9473682425434367,0.6131366905135096,0.03589682359365736,0.4974945255510226
2021-08-06,1.617620931803776,-1.0989599783473063,0.9476246274935458,0.04123462221165295,0.5248240772706468
2021-08-07,0.7493737376262354,-1.2044710207511886,0.1432146995171839,0.047366142703449944,0.4366507013665399
2021-08-08,0.6219809566114893,-0.7187653891565582,0.47445512939763707,0.054409410206007765,0.4604934217367318
2021-08-09,2.5386171379722797,0.022589472685996738,1.0498953010736776,0.0625,0.6395538805958578
2021-08-10,2.5446056687126344,-0.3640499110812621,1.4337838901704076,0.0717936471873147,0.6380334750362339
2021-08-11,1.8289274351047804,-1.0814339000875373,1.4684116574370203,0.0824692444233059,0.5631861917480679
2021-08-12,4.025042387882446,-0.5790755954052237,1.8495534596583407,0.09473228540689989,0.6767334749910955
2021-08-13,1.4039320366741985,-0.9146927644944091,1.4590423084511472,0.10881882041201553,0.5454408372678535
2021-08-14,0.1133640438904664,-1.02841906967938,0.39787052342989154,0.12500000000000003,0.4217191591370533
2021-08-15,-0.6002788894225978,-1.0565010216764705,-0.48188496796505054,0.14358729437462942,0.3464357933593333
2021-08-16,-0.1545284163259412,-0.974890632696075,-0.1022854919515409,0.16493848884661183,0.39540891947787454
2021-08-17,0.3163277353450965,-0.8586350282453611,0.39402433570228274,0.1894645708137998,0.45186588632492913
2021-08-18,0.5068281746685833,-1.0079893851091273,0.8551556732116325,0.21763764082403103,0.47793982249568434
2021-08-19,1.0064629618419378,-0.9797723621969894,1.0145518370646651,0.25,0.5225920769334101
2021-08-20,0.2367010216270284,-0.6828659554026657,0.614334879457244,0.2871745887492588,0.4758813375943211
2021-08-21,0.11971939604654082,-0.46293908762743574,0.19067945208306866,0.3298769776932236,0.4695296928087121
2021-08-22,-0.028308931162049404,0.23836984559225036,-0.024524994165410777,0.37892914162759955,0.4890666862608334
2021-08-23,1.3767741876994128,-0.4238621344596449,1.3165591996558272,0.4352752816480621,0.6083006224798791
2021-08-24,2.3825625981764196,-0.5300923142483626,1.784349300332981,0.5,0.6962286367958455
2021-08-25,3.432766763679572,-0.027148528472335037,1.4401230544094177,0.5743491774985175,0.7580252897520776
2021-08-26,2.207058812003802,-0.35381188624174803,1.5241739507426804,0.6597539553864472,0.7071639838729037
2021-08-27,1.0129802944328636,-0.5031023699326994,1.4812129689345575,0.7578582832551991,0.6346219290010935
2021-08-28,-0.3719183539613218,1.1988841505216907,0.43785614687378904,0.8705505632961241,0.595336738731194
2021-08-29,0.18601402204582249,-0.18592910348485706,-0.1294183049595828,1.0,0.5753399453258664
2021-08-30,0.6526666673838706,0.7133999150084073,0.9297153332818233,1.0,0.6792266187270025
2021-08-31,-0.5978601946977203,1.5962578769805815,-0.14055122724992214,1.0,0.5969683576526789
2021-09-01,-0.782954229434874,-0.44681623902706086,-0.9492626790240175,1.0,0.4725436187774137
2021-09-02,-0.7317952905785338,-0.04962195669035552,-1.4364566778897878,1.0,0.4762641765030067
2021-09-03,-0.912278048303529,1.1770317160888746,-1.9520311930129195,1.0,0.4981567451830372
2021-09-04,-0.7070619406106672,0.25508818333551153,-2.0359135323669713,1.0,0.4706274271860361
2021-09-05,-0.8181439017637888,0.18141347225893034,-2.0175176886286152,1.0,0.46076537827224895
2021-09-06,-0.416218706991816,-0.2599864593033543,-1.1433740339915672,0.8705505632961241,0.47888943375760556
2021-09-07,-0.1297937085677107,0.023516069495661228,-0.30273567131911266,0.7578582832551991,0.5209144757687814
2021-09-08,0.09591192956590568,-0.6189296908131751,-0.2660094351064996,0.6597539553864472,0.49570150365826193
2021-09-09,-0.30270143859763143,-0.7288278269549132,-0.9600662510298201,0.5743491774985175,0.4286022462274868
2021-09-10,-0.5754264080495542,-0.21819602121634155,-1.683461901881499,0.5,0.3964313418499656
2021-09-11,-0.7455124068543443,1.98174378399694,-1.6799828913142403,0.4352752816480621,0.4671636930796509
2021-09-12,0.5268586522363341,0.8378730990636337,-0.549040277096456,0.37892914162759955,0.5335733179509985
2021-09-13,1.9485357544356885,0.4806370393015891,0.6043123767411299,0.3298769776932236,0.6445542194786333
2021-09-14,1.668283640333424,0.704414240603717,0.6734867505443161,0.2871745887492588,0.6310952493779158
2021-09-15,2.8032573886107954,0.4884802982880746,-0.13939106190661002,0.25,0.6650908029391691
2021-09-16,0.8775895717728779,-0.5821619348779418,-0.6611938090685449,0.21763764082403103,0.4698550766529308
2021-09-17,0.8152640140582524,0.7084764781414028,-0.3078095202544616,0.1894645708137998,0.5270301558066965
2021-09-18,0.5739932971377594,0.25173174326293984,-0.41699353336647865,0.16493848884661183,0.48459603132658224
2021-09-19,0.35868634666060245,0.2852757291114302,-0.7967340867521255,0.14358729437462942,0.45577920308814
2021-09-20,0.3504354192992187,-0.5077618777885838,-0.8714857710326425,0.12500000000000003,0.4169060906776688
2021-09-21,-0.29480079161954886,0.01176310577207729,-1.3457217885308501,0.10881882041201553,0.37730217340997396
2021-09-22,-0.22542825175185097,-0.6044896191692054,-1.4182691475586748,0.09473228540689989,0.35171858697690556
2021-09-23,-0.05273497308233364,1.1008813870898657,-1.731559652869146,0.0824692444233059,0.42200612449111324
2021-09-24,-0.4379485405617176,-0.2644093048208439,-2.248029111435849,0.0717936471873147,0.32062111962525264
2021-09-25,-0.9094811588681484,0.3882011802760328,-2.466709655168285,0.0625,0.30769431674801534
2021-09-26,-0.8826079697451633,1.060322559989355,-2.4263456184411383,0.054409410206007765,0.33762279959940883
2021-09-27,-0.34165355123283675,2.0915265668355243,-1.2283292768242318,0.047366142703449944,0.45553064904733415
2021-09-28,-0.5346913820503006,4.265126252366542,-1.273860812506453,0.04123462221165295,0.4780770741115128
2021-09-29,-0.389279509096368,2.9976297542886026,-1.5610909151395878,0.03589682359365736,0.4772974321899963
2021-09-30,-0.6737686258404382,2.3862192720860818,-1.8495716580101367,0.03125,0.42254300601388634
2021-10-01,-0.18746853369299976,-0.29715026041386844,-1.8004763984884817,0.027204705103003893,0.3441856627190567
2021-10-02,0.0878107223135478,-0.22540852359327462,-2.0391436706098207,0.02368307135172497,0.3570430313536148
2021-10-03,0.3577613377816364,1.7078031489201533,-1.5400340865540072,0.020617311105826482,0.4717673475045226
2021-10-04,1.730550970272978,-0.29115546703919465,-0.9605543417943433,0.017948411796828663,0.4989123706012783
2021-10-05,1.376584837554321,-0.26039931655840476,-1.1719915105500853,0.020617311105826482,0.4699485639612257
2021-10-06,1.5311006123509527,-0.46492090616279474,-1.2753395614991418,0.02368307135172497,0.4687428117194011
2021-10-07,1.1030736333005329,0.04744594773349221,-1.1903782764727167,0.027204705103003893,0.46491658659195784
2021-10-08,1.018784602816383,0.6368099334126435,-1.2179226145822553,0.03125,0.4835428002605439
2021-10-09,-0.34490988755756313,3.1279146959117567,-1.5588174504813015,0.03589682359365736,0.48042994935250105
2021-10-10,0.045430282922309065,0.9430212781939292,-1.564698719702172,0.04123462221165295,0.4213498081279099
2021-10-11,0.45121946155983694,0.3939921536099236,-1.182453059791547,0.047366142703449944,0.43918745658353525
2021-10-12,0.8039165961520671,-0.163296411484794,-1.3172712825809496,0.054409410206007765,0.4360427913764743
2021-10-13,0.6887141047222807,-0.7541826683354899,-1.2638049331868237,0.0625,0.40673816469461255
2021-10-14,1.016212806675662,-0.611984415457904,-0.9259289369255771,0.0717936471873147,0.4471529189815428
2021-10-15,1.210839424669151,-0.723566830641758,-0.9234558488198151,0.0824692444233059,0.4571625354040389
2021-10-16,0.00568214687519886,-0.9249697278908504,-1.3272502237057935,0.09473228540689989,0.35680657315040304
2021-10-17,-0.3235160139597209,-0.48682963760240633,-2.0124109987475625,0.10881882041201553,0.3323901539394686
2021-10-18,0.14540139239511393,0.6249661586341072,-1.5529015669140946,0.12500000000000003,0.4277202972056256
2021-10-19,-0.1836798960217456,-0.01580321090831042,-1.4926076900322083,0.14358729437462942,0.3838807109658249
2021-10-20,-0.26986346342768075,-0.12698779289071258,-1.406164254869164,0.16493848884661183,0.37958657589906125
2021-10-21,-0.16912018479197835,-0.16340428373698584,-1.386037112050201,0.1894645708137998,0.3891352577452236
2021-10-22,-0.22132672755282637,0.5675618481156272,-1.4731254892715173,0.21763764082403103,0.41743475831585014
2021-10-23,-0.103378442846352,0.34467419089119694,-1.6257612321021016,0.25,0.4157774873606397
2021-10-24,-0.18748592287533253,-0.057327333915378045,-1.5744497136428324,0.2871745887492588,0.40070683075279817
2021-10-25,0.33633584660596916,-0.40299485577043836,-1.1431947230907953,0.3298769776932236,0.4420059933342534
2021-10-26,0.30671717317972547,-0.222589763738112,-1.2089610846547354,0.37892914162759955,0.4527139064785425
2021-10-27,0.03816003620034413,0.0912368099086878,-1.1933179248658168,0.4352752816480621,0.4568595642445671
2021-10-28,0.24047143845747437,-0.14188624269514036,-1.2101196103431806,0.5,0.4697821821067614
2021-10-29,0.22078989161291018,-0.32682907555582696,-1.239218773984348,0.5743491774985175,0.47094653211800064
2021-10-30,0.3813890449056608,-0.49068191537477474,-1.3715913637463064,0.6597539553864472,0.48322423770285206
2021-10-31,-0.3701039943012308,0.17837469276661586,-1.625852918014797,0.7578582832551991,0.4672423244663136
2021-11-01,1.1478127921578172,0.417185341529677,-1.046655969164903,0.8705505632961241,0.6145976275631796
2021-11-02,1.6335446589524045,-0.3436786204511455,-0.8064164950128588,1.0,0.642702484910934
2021-11-03,2.768470783003445,-0.7884351732459877,-0.5827913135992021,1.0,0.7072868761950069
2021-11-04,3.3526452821725443,-0.05908637495338737,-0.46101999565198987,1.0,0.7571707345218759
2021-11-05,3.949658608908365,-0.10437165837599531,-0.3531745615687302,1.0,0.7588786955153758
2021-11-06,0.6340667041599638,-0.11855824978748156,-0.8129250289172248,1.0,0.5852336855722784
2021-11-07,-0.11949021444859612,0.2450148281906244,-1.0735594543982159,1.0,0.5414576217314291
2021-11-08,0.955992572671463,-0.6494707767082909,-0.7186251465754274,1.0,0.5877173842627379
2021-11-09,0.3634644152849177,0.2533875178027627,-0.8607647870551263,1.0,0.581096614692272
2021-11-10,1.6794550538555193,0.4915053805446018,-0.8726557208635786,1.0,0.6783545370842737
2021-11-11,0.9136744726726168,1.6910475200411588,-0.8112400843420302,1.0,0.6793306087018217
2021-11-12,0.47452476415282396,0.5116540666363381,-0.8503721361866564,1.0,0.5996081658471472
2021-11-13,0.08281150615672646,0.35586577264873637,-0.7886364792829332,1.0,0.5690606249613813
2021-11-14,0.1733956141268882,2.4109412619943544,-0.5822731598752241,1.0,0.6676064881957166
2021-11-15,0.5118874730419263,1.0233592024172375,-0.12265527903679432,1.0,0.6476772890022868
2021-11-16,0.2922425394515025,2.292610743146431,-0.1720316893866866,1.0,0.684273893948312
2021-11-17,0.3028758282593679,-0.4291808195335846,-0.37853146499178053,1.0,0.5646914722369992
2021-11-18,-0.23415153566416716,1.8205539955127945,-0.45222690804766247,1.0,0.6201720838338333
2021-11-19,0.49649221514542397,3.4473917765873368,-0.1845772447267835,1.0,0.7269469061854689
2021-11-20,-0.3751780037128753,3.1949113220610577,-0.2193056959025625,1.0,0.6676779432223896
2021-11-21,-0.7284871286158123,4.183272870233389,-0.6359179172368812,1.0,0.6302369275177165
2021-11-22,-0.49159650970501856,4.8931412774497804,0.07756260753599897,0.8705505632961241,0.6503949040986173
2021-11-23,0.5025841118182951,2.9746877099586495,0.389069349816959,0.7578582832551991,0.709098649518342
2021-11-24,-0.1825066919301492,2.6067408284829776,0.4347382664608607,0.6597539553864472,0.63490145724811
2021-11-25,-0.9801553503575693,1.1757342549806948,-0.15185813947103788,0.5743491774985175,0.489735675909434
2021-11-26,-0.158554358055203,0.17737281348601708,-0.1386783047496262,0.5,0.4921976331999164
2021-11-27,-0.20047938183619418,0.36671576374078846,-0.19711113377218178,0.4352752816480621,0.4856354524882565
2021-11-28,-0.25704851538982804,-0.8765257788282341,-0.2815844091009533,0.37892914162759955,0.4187947491302766
2021-11-29,0.5149316271162717,-0.2625644630722606,0.740580119119168,0.3298769776932236,0.5225561398043631
2021-11-30,-0.3612448077176762,-0.43386496228968796,0.6779373268830868,0.2871745887492588,0.44851340526524297
2021-12-01,0.11754763153451586,0.07697569801455338,0.41155707202527714,0.3298769776932236,0.49924394524106686
2021-12-02,-0.574923827228092,-0.8182421186849698,0.04066753209654971,0.37892914162759955,0.41077327888694504
2021-12-03,-0.5799894006383233,-0.5200306604365286,-0.27368666066779945,0.4352752816480621,0.4208344993308724
2021-12-04,-0.8223383611813246,-0.3255600984027436,-0.38149403538037124,0.5,0.4188959706417851
2021-12-05,-1.2708443916942218,-0.8817249121481932,-0.3879718697025096,0.5743491774985175,0.3767584835155712
2021-12-06,-1.052694140241972,-0.4052359782344708,0.32693302004856223,0.6597539553864472,0.4477964188670181
2021-12-07,-0.6299492837783542,0.7713956028427191,1.2093835181164307,0.7578582832551991,0.5691363909587173
2021-12-08,0.8641909185839242,0.313927718120481,1.1469731504787206,0.8705505632961241,0.6645080723376576
2021-12-09,-0.274524155550372,0.054729646503954385,1.2359932806949543,1.0,0.6001785675908051
2021-12-10,0.11166325243977039,-0.6919127300413862,0.7906646455073405,1.0,0.5799700079278383
2021-12-11,-1.6453362030169831,-0.5292024071674375,-0.22415745141224888,1.0,0.43578890445314955
2021-12-12,-1.400510799757847,0.7571768712470496,0.022180282320252126,1.0,0.5139209923954458
2021-12-13,-0.6198920093335653,0.8064673010454262,1.1134340327534227,1.0,0.6043911380131025
2021-12-14,-0.7846493739323831,-0.26489314218041016,0.9979437999285721,1.0,0.5449176208112765
2021-12-15,-1.1620586248493725,-0.8727687133671574,0.421342485693923,1.0,0.47520881147620764
2021-12-16,-1.2309402315172098,-0.6002382899412382,0.014349829067862667,1.0,0.4684057167868966
2021-12-17,-1.1185685773406775,0.5336612925606377,-0.055908337562042415,1.0,0.5208010374485801
2021-12-18,-1.1204733228380168,-0.9369856919664828,-0.286194838183086,1.0,0.4517208800394259
2021-12-19,0.20828730565498457,-0.8979097417646178,0.8341309227465799,0.8705505632961241,0.5598598630561111
2021-12-20,3.6006909432214953,1.246891725983852,2.098381406893878,0.7578582832551991,0.8605786113007363
2021-12-21,1.4748386075177324,-0.08672934079770998,1.9705512657552953,0.6597539553864472,0.6843569868010878
2021-12-22,-0.022100565636400137,-0.43335768221606197,1.5492520447748288,0.5743491774985175,0.5432641703158426
2021-12-23,0.12048790299151524,-0.9625862606790745,1.5009492300681815,0.5,0.5179564070067456
2021-12-24,-1.1495701243671113,-1.0540504584830568,0.8850333573979585,0.4352752816480621,0.3992356267658731
2021-12-25,-1.705381248573854,-1.1726004011786548,-1.4345344420271156,0.37892914162759955,0.2714711232225352
2021-12-26,-1.6704706355536774,-0.9634482781861159,-1.0992846221109012,0.3298769776932236,0.28633033862228685
2021-12-27,-1.481368846837741,-0.8314855005413672,0.3570265426936497,0.2871745887492588,0.3465739207571041
2021-12-28,-1.5222570468722425,-0.6781630537123625,0.29562789250764315,0.25,0.34261366605409016
2021-12-29,-1.454471657368017,-0.6357673874987638,-0.009879802973038622,0.21763764082403103,0.33386123438752047
2021-12-30,-1.3843950414042074,-0.5969559809342796,-0.3401321635564563,0.1894645708137998,0.3249157782043126
2021-12-31,-1.6202222974995915,-0.43423598207599373,-0.6599151641344531,0.16493848884661183,0.3016356154360375
2022-01-01,-1.6054383775666676,-0.9230144612950807,-1.4122745724932881,0.14358729437462942,0.25397411401467856
2022-01-02,-1.304285997039194,-0.7527999268629922,-0.37866053270143196,0.12500000000000003,0.31280891882138134
2022-01-03,-0.1018022840974784,-0.3172689367410627,2.327413295313813,0.10881882041201553,0.49889690826821986
2022-01-04,0.8015022628557626,-0.14263213227707322,2.3549534644013557,0.09473228540689989,0.565198770303253
2022-01-05,0.11854825416606982,0.23401250919166247,1.8377054078603436,0.0824692444233059,0.516280971752898
2022-01-06,0.27057950377238577,-0.7380649708390921,2.076703461195398,0.0717936471873147,0.4922784222511407
2022-01-07,2.6354618828926317,-0.5505035365675963,2.7305797867730472,0.0625,0.6781541377282939
2022-01-08,1.4980198290850704,-0.10182730199375777,2.4625207386310337,0.054409410206007765,0.6108706205078671
2022-01-09,-0.5042417521502506,-0.5379625087443604,1.2703532634176475,0.047366142703449944,0.41841880884507404
2022-01-10,0.5887518381859222,-0.8157929358714908,2.2449820888676117,0.04123462221165295,0.5112766798450844
2022-01-11,2.427093471884353,0.03557206432316969,2.6615310908626575,0.03589682359365736,0.6823906273735595
2022-01-12,1.1264361670576821,-0.4551830684765485,2.329254604077195,0.03125,0.5634591034198958
2022-01-13,-0.4061901551499271,-0.5891851915486906,1.0835566209700382,0.027204705103003893,0.413570533139928
2022-01-14,0.09348113418635767,-0.6856710084961971,0.9310649127218243,0.02368307135172497,0.43725040805190185
2022-01-15,1.5649730330193292,-0.670939213049685,1.5478183258995135,0.020617311105826482,0.5560622758534096
2022-01-16,0.5680047928650873,-0.5167792662121342,1.625761247563346,0.017948411796828663,0.4982188201204695
2022-01-17,1.6766367714608559,0.09146932582867867,1.6549922517048332,0.015625000000000007,0.5980971650637464
2022-01-18,1.091682212300392,0.36649917197696064,1.4403381129370445,0.013602352551501933,0.563101236299693
2022-01-19,0.7046006902515011,0.14950199344301018,1.272833464441184,0.01184153567586249,0.5224066415763111
2022-01-20,1.7425796420028878,-0.44109428869533884,1.7640994674796204,0.01030865555291324,0.5831426613534777
2022-01-21,3.736440022329141,1.1886741958749056,2.398693018146611,0.008974205898414338,0.7558306563177702
2022-01-22,2.9687783935709877,1.6162123349670188,2.0127423264602635,0.007812500000000002,0.7585240260770338
2022-01-23,0.6604478173409984,-0.4869316411488209,1.1426185764324353,0.0068011762757509715,0.48784849843064293
2022-01-24,0.7550808600642788,-0.5455801695059558,1.452808817319122,0.0068011762757509715,0.5020533539602039
2022-01-25,-0.06874889883306187,-0.7394550585359606,1.1630723884724683,0.007812500000000002,0.42954706725454644
2022-01-26,1.23834388979646,-0.6251617942621684,2.0091805750037,0.008974205898414338,0.5498266679437258
2022-01-27,1.6143221895521154,-0.5279561757093948,2.521609642800879,0.01030865555291324,0.5962232584085493
2022-01-28,-0.081425755395009,-0.6196728092003521,1.20305121111146,0.01184153567586249,0.43562985331207943
2022-01-29,1.1540756355301043,-0.7627661393186588,1.6119407453497603,0.013602352551501933,0.5259281642914468
2022-01-30,1.7891875028161597,-0.6888947778597334,1.5401707261747164,0.015625000000000007,0.5692579919827456
2022-01-31,0.8470321566493775,-0.8850122781083415,0.8673054893793065,0.017948411796828663,0.47619574360427874
2022-02-01,1.3870065541736993,-0.22374364388146,1.3595468974075742,0.020617311105826482,0.5565552783626456
2022-02-02,0.4589548840753076,-0.5357680707654456,0.7406589653606792,0.02368307135172497,0.4615144155379083
2022-02-03,-0.23688102609257972,-0.824963736559701,0.13437061724548544,0.027204705103003893,0.3833941689108073
2022-02-04,-0.019038507198606197,-0.5966460870936354,0.3996270426077251,0.03125,0.41687891397811566
2022-02-05,1.1123089265075656,-0.5992102416287831,0.6679904913058754,0.03589682359365736,0.5018377082818828
2022-02-06,0.5984192740716511,-0.5212766188557848,0.7020938692741719,0.04123462221165295,0.47276308146000606
2022-02-07,0.9808403676500937,-0.6522863811545994,0.8203394743597323,0.047366142703449944,0.49766032917940656
2022-02-08,0.14524252253629322,-0.8406972328074858,0.8144125552243554,0.054409410206007765,0.4349622801738206
2022-02-09,-0.5833462979915428,-0.5174210239687401,0.6886715060626655,0.0625,0.39688175433728856
2022-02-10,-0.9484014939127087,-0.18762630069933162,-0.14543865593580602,0.0717936471873147,0.35987656309025096
2022-02-11,-1.052734398476496,-0.6833627144257806,0.025765564244646235,0.0824692444233059,0.3395734991388102
2022-02-12,-0.9272165946432752,-0.743448362424217,-1.1810947583484965,0.09473228540689989,0.3070485627888577
2022-02-13,-0.6109226590590264,-0.6154872410608927,0.059891223326000206,0.10881882041201553,0.3769457181911967
2022-02-14,1.2876690789420493,-0.05846454095920935,1.2389979426383513,0.12500000000000003,0.5684585141441146
2022-02-15,1.4424029771514062,-0.15710850415896135,1.7737904418000816,0.14358729437462942,0.5952784530196675
2022-02-16,-0.5289980123481816,-0.6188901024923834,0.45199070653300194,0.16493848884661183,0.4037535084510304
2022-02-17,-1.087430729450099,-0.02830421331559194,-0.8190771483264219,0.1894645708137998,0.35244238982636633
2022-02-18,-0.7748963564461419,0.29356553948207736,-0.30316278789435175,0.21763764082403103,0.40811236024247
2022-02-19,-0.44550877658388144,0.00621689954161682,-0.2648235000968503,0.25,0.4242310023720803
2022-02-20,-0.038868624586525735,-0.5811575166991843,-0.1099845555924142,0.2871745887492588,0.437603898291074
2022-02-21,-0.7653595692680389,0.3980295358270207,-0.48197291070520687,0.3298769776932236,0.4239763756720666
2022-02-22,-0.9681258177303325,0.03125578477653552,-1.1769891289884107,0.37892914162759955,0.3793670034615264
2022-02-23,-0.7644307260023279,2.222501241050036,-0.8869222560932888,0.4352752816480621,0.5023693870210293
2022-02-24,-0.58377982793013,3.3054708313931,0.19229687405039372,0.5,0.5924912406063377
2022-02-25,-0.6599671397568695,2.341116871703082,0.08245366242890378,0.5743491774985175,0.5674495590429115
2022-02-26,-0.6835331809154607,-0.19734373268338704,-0.5264694071436515,0.6597539553864472,0.45262257881367357
2022-02-27,-0.7109985952418919,-0.6194031694242027,-0.8156839381343773,0.7578582832551991,0.4382809061416661
2022-02-28,-0.9124706162017528,-0.4624219374773698,-1.2045522575673537,0.8705505632961241,0.43533188743383294
2022-03-01,-0.038637030759297135,-0.04236322486817844,-0.35610850378799774,1.0,0.5587887801202729
2022-03-02,-0.8631377459941723,0.4572455333243632,-0.9690623610267288,1.0,0.504207302121346
2022-03-03,-0.33851398513396813,-0.19637789623239355,-0.9221658354778152,1.0,0.5135111274654586
2022-03-04,0.8360815620085446,-0.6185288492721487,-0.058086754082256165,1.0,0.6030305102781549
2022-03-05,-0.8560215308901635,-0.9377125785598363,-1.0085822355516367,1.0,0.4452411326489414
2022-03-06,-0.8757710791855147,-0.4696101631041465,-2.305061694981795,1.0,0.4202127814255664
2022-03-07,-0.7513555549051295,1.4151344236046337,-1.271679799615567,1.0,0.5414842373359989
2022-03-08,-0.3956601210315671,2.0524928187727283,-1.1482635562270629,1.0,0.5958677408391905
2022-03-09,-0.4238990185144964,0.647830478772413,-0.7140491895779076,1.0,0.5499313623952872
2022-03-10,-0.4734212276105042,0.5479629921331027,-0.3938904177940841,1.0,0.5531406955717095
2022-03-11,-0.4965909921524392,0.007799443607069714,-0.5862718220212302,1.0,0.5226765166060909
2022-03-12,0.02038593529123566,-0.3670223102339323,0.2607637059697699,1.0,0.5697585896253275
2022-03-13,-0.06542594608639464,1.3095686254482914,0.418141310949052,1.0,0.6391416733528875
2022-03-14,0.5227181039839973,-0.8968806070504268,-0.07873843156902527,1.0,0.5698532339195311
2022-03-15,-0.3489077592649206,-0.5417726844247297,-0.9916399919880897,1.0,0.4961109544650386
2022-03-16,-0.7981561949595225,-0.8950295093160571,-1.4531860384834026,1.0,0.43605715616508267
2022-03-17,-0.8312054878401446,-0.8962263805753216,-1.848152049422861,1.0,0.42063846663925664
2022-03-18,-0.9297285542519786,0.4670300672252913,-1.8940570515597925,1.0,0.4693424474655955
2022-03-19,-1.0420058674812072,-0.13843450695569226,-2.148205260780763,1.0,0.4281579956854069
2022-03-20,-1.0108929233782553,4.230461243901013,-2.205249431321944,1.0,0.5590988240640515
2022-03-21,-0.7972941641207544,1.5009429801869663,-1.2407323617056794,1.0,0.5430286011762173
2022-03-22,-0.7845915099829935,-0.03426626577328189,-1.6124303913029132,1.0,0.46751845855048324
2022-03-23,-0.8638995629209276,-0.17875962650289054,-1.426141905809574,1.0,0.462420314507332
2022-03-24,-0.8685555224415339,0.258442406830434,-1.3431215655970106,1.0,0.4830940132685988
2022-03-25,-0.8273337160737626,0.3425824647980728,-1.316725869773408,1.0,0.490227825969222
2022-03-26,-0.5651593983540688,-0.6449853128296058,-1.4960860406701493,1.0,0.4605787840528235
2022-03-27,-0.2755034187585959,-0.5004937890835051,-1.022926260104704,1.0,0.5016816555341241
2022-03-28,1.01695465131964,-0.4533950195393677,0.26999548437391957,1.0,0.6329053670862997
2022-03-29,1.3291684472517173,-1.1181270588953138,0.47103268849073054,1.0,0.6327236919791674
2022-03-30,0.26316382849570524,-0.9597533336508443,-0.46898314310277933,1.0,0.5369217615608358
2022-03-31,-0.8164428698512689,-1.0554452365471505,-1.3888560142793578,1.0,0.4302983900111389
2022-04-01,-0.5160772593687365,-0.16900234153625324,-1.4713238057352194,1.0,0.48450895828689977
2022-04-02,-0.11854989952131659,-1.1227478788762002,-1.4652917626732722,0.8705505632961241,0.45205503748404674
2022-04-03,-0.4951299476163715,-1.0020311625820242,-1.8863324835580517,0.7578582832551991,0.4010410314210024
2022-04-04,0.14511665549611,-0.10207736641251575,-0.8797606276759358,0.6597539553864472,0.5000589591513217
2022-04-05,-0.09893098550871209,-0.4342135528063123,-1.2234392355467048,0.5743491774985175,0.445683438372377
2022-04-06,-0.089445424201508,-0.5347768741484642,-1.395373976419304,0.5,0.42524213608307
2022-04-07,-0.19370939402698206,-0.5256275976494879,-1.2080261542125137,0.4352752816480621,0.4152086442695981
2022-04-08,-0.061719797954705904,0.9819031645397598,-1.1500804151274773,0.37892914162759955,0.48030133606540026
2022-04-09,-0.035645059903551435,-0.21171748778436159,-1.4573467588816928,0.3298769776932236,0.4147054220400086
2022-04-10,0.14179718842504452,-0.42856734334409236,-1.5609004358666136,0.37892914162759955,0.4214055299709186
2022-04-11,0.5361931853582891,-0.48235159890432533,-0.9369665432996138,0.4352752816480621,0.47470730320676124
2022-04-12,0.26842382027084694,-1.1018671098295478,-1.4167953891962068,0.5,0.4247572788019518
2022-04-13,0.1334085540482434,-0.7698666641484891,-1.1959865847311624,0.5743491774985175,0.44810228306410144
2022-04-14,0.11706122539923813,-0.9952160463447348,-1.0981403261078837,0.6597539553864472,0.45369516219995626
2022-04-15,0.22499390266294486,-0.24527278279352938,-1.3905349390529878,0.7578582832551991,0.4971074720809795
2022-04-16,-0.26411020649866507,-0.36277814842306455,-1.8642524578397583,0.8705505632961241,0.46071773261555465
2022-04-17,0.09023449772187506,-0.37475120868193645,-1.858336942603749,1.0,0.5034564347329193
2022-04-18,0.31377605667858494,-0.023171286804279774,-0.4153118754552708,1.0,0.5811092043132182
2022-04-19,0.5928683398247622,0.8678997249932836,-0.39991261201481143,1.0,0.6373566241292106
2022-04-20,0.978186690766817,-0.2750766345368719,-0.4256065891217781,1.0,0.6145640333080256
2022-04-21,0.08594115269331701,0.3635219141687636,-1.1687514377924606,1.0,0.5569177753435043
2022-04-22,0.2399353182187752,0.11725347847894792,-1.2945518907276692,1.0,0.5527295197936188
2022-04-23,-0.6302841262935007,0.534275018220952,-1.3810494020318713,1.0,0.5092075372719106
2022-04-24,-0.313818565436786,1.828262943491679,-1.0812963816564096,1.0,0.5942131722278207
2022-04-25,-0.1252486597918616,1.66004785984893,-0.8201911229534424,1.0,0.6084790460758
2022-04-26,-0.33980782927977166,2.6167599985650405,-0.8755379833162411,1.0,0.6321932118776838
2022-04-27,0.40492578452463185,0.01066211848271452,-1.1208157417427747,1.0,0.5650787825136627
2022-04-28,0.40740412147959154,-0.261995252413728,-0.6438836556323129,1.0,0.5697810173936569
2022-04-29,0.7680879658032271,-0.5137592060059534,-0.8757296057902456,1.0,0.5756082439436255
2022-04-30,0.013671222424525394,-0.3257867410415283,-1.486392721417441,1.0,0.5127905432376566
2022-05-01,-0.22619415126257522,-0.2649162106453322,-1.656513217268751,1.0,0.49366510722998114
2022-05-02,0.44088573160207345,1.2801265368615151,-1.0995410111814519,1.0,0.6210796207699862
2022-05-03,1.4953874616724607,0.4897357554050232,-0.8238176753063841,1.0,0.6676375647431606
2022-05-04,1.5387602947460355,1.7152729066506907,-0.8216163820621768,1.0,0.7216665113581087
2022-05-05,0.816903258496231,0.6108709842570577,-0.8180271601638215,1.0,0.6276456029049987
2022-05-06,0.33991102262994605,-0.5079769517572811,-0.8882295099334068,0.8705505632961241,0.5274699626820815
2022-05-07,0.03282010150759859,-1.1536712270459246,-1.176213032034281,0.7578582832551991,0.4535900137273969
2022-05-08,0.19229980829035484,-1.0402988308168213,-1.5039284832322863,0.6597539553864472,0.4433063464688803
2022-05-09,0.4409590323059226,-0.7058397229860994,-0.8381453635258118,0.5743491774985175,0.4832014782032247
2022-05-10,0.7078367597317218,0.29863197668392133,0.08582808494233657,0.6597539553864472,0.5864561458166565
2022-05-11,0.5819658365951123,0.7942778696305574,0.6876998644686316,0.7578582832551991,0.6334947049781816
2022-05-12,0.6825795763640523,1.060299671225825,0.9178657764068252,0.8705505632961241,0.6758625684333256
2022-05-13,0.4987057419681402,2.184007475610226,0.8041372741439525,1.0,0.7260519367531005
2022-05-14,0.5700922119408629,1.6027169349916237,0.24675036157580854,1.0,0.6880110318065689
2022-05-15,0.8857715369465613,1.3865748858176126,0.37429207894391303,1.0,0.7043017920036351
2022-05-16,1.9608646113085,-0.24480640943872767,0.5919382055736742,0.8705505632961241,0.6958378983741608
2022-05-17,1.571146036429514,0.4018253619048852,0.15011062640924608,0.7578582832551991,0.6651682225432594
2022-05-18,1.2100959292186535,-0.7769931794605529,-0.28024783350934424,0.6597539553864472,0.5629198449947095
2022-05-19,3.830593332930282,-0.2027032567831468,1.1144049524049928,0.5743491774985175,0.7398532393389795
2022-05-20,4.657736461163352,0.719756843600863,2.4432830355525152,0.5,0.8114326363351198
2022-05-21,3.5184959694003477,1.58731616978054,2.416168165492367,0.4352752816480621,0.8369684048378108
2022-05-22,2.0631762072804847,0.9051160739606996,1.382197642836987,0.37892914162759955,0.703170876239101
2022-05-23,0.14164800630340751,-0.08174820290888539,0.40701094850511665,0.3298769776932236,0.4940856035698444
2022-05-24,-0.039437511583481126,-0.845224682140287,-0.6429971331656055,0.2871745887492588,0.4087960880121246
2022-05-25,0.03147951398270953,-0.252246654665926,0.1406968213671188,0.25,0.4587782510333377
2022-05-26,0.2820232463892367,0.7852452983648115,0.23225354296967918,0.21763764082403103,0.516907534747077
2022-05-27,0.2375464599472389,0.9041230785540322,0.02988381584252066,0.1894645708137998,0.5079240384197213
2022-05-28,0.06893877889003919,0.9286762269675053,-0.5966954338881141,0.16493848884661183,0.47314168691370334
2022-05-29,0.1389884637505612,1.1360863828388794,0.7889337143186813,0.14358729437462942,0.5294387148351413
2022-05-30,1.5497824840311472,0.5463730294738977,3.138956226461312,0.12500000000000003,0.669834375163489
2022-05-31,0.3143444091729401,-0.9580076329590738,2.2762267780884216,0.14358729437462942,0.5034516293307099
2022-06-01,2.171212090210109,-0.5940260002789786,3.571138470241629,0.16493848884661183,0.6697371626627082
2022-06-02,0.3596046518526638,0.2980079132648516,2.1955378656711746,0.1894645708137998,0.5629949209873223
2022-06-03,0.42240358189763827,-0.6829225667679332,1.1969002450905444,0.21763764082403103,0.49724745280446814
2022-06-04,0.07532666179851027,-1.0300731569005706,0.3956847461530552,0.25,0.43779155412081205
2022-06-05,0.11785448679315573,-0.765193210671988,0.4166224398470528,0.2871745887492588,0.45793751831550145
2022-06-06,1.024528752499013,-0.6185008894766364,1.4312865366581722,0.3298769776932236,0.5647221443143302
2022-06-07,0.4352823819965864,0.4088394257077747,0.995686425928848,0.37892914162759955,0.5610827203126979
2022-06-08,2.505974315509431,0.3404289304949477,2.1059963195396842,0.4352752816480621,0.7417406627031171
2022-06-09,0.42776128979628486,-0.10114020209300745,1.1996954321167106,0.5,0.5642930919697674
2022-06-10,1.1496326328741202,-0.6608891268262933,0.699267646296609,0.5743491774985175,0.5835664267418437
2022-06-11,0.2653860495503384,-1.2587324110933622,-0.12879487656091268,0.6597539553864472,0.4849151502637359
2022-06-12,1.037672064318498,-0.8985515099786491,0.8251641044155702,0.7578582832551991,0.5979227040075883
2022-06-13,2.1264763799164736,0.19154401392958387,3.878303103167043,0.8705505632961241,0.8053286770692496
2022-06-14,2.5937228976473654,2.480860625240115,3.1561061666797916,1.0,0.951284052561496
2022-06-15,2.771431300803584,4.377524385874239,3.6151840504065587,1.0,0.984762086720239
2022-06-16,2.1036266466343285,2.710459328278794,2.760441767240021,1.0,0.9201923073619057
2022-06-17,1.9735858435136158,0.4036524396598666,2.7677409222049625,0.8705505632961241,0.7962318564546529
2022-06-18,-0.03791999907977231,-0.5175739603243618,1.5911987548405246,0.7578582832551991,0.5676251193641308
2022-06-19,-1.1026798776367357,-0.2689825280007639,-0.42816611492091766,0.6597539553864472,0.42497129230145564
2022-06-20,0.027750920226261154,0.4199089011357724,0.9333132668268835,0.5743491774985175,0.5616090844147484
2022-06-21,0.6417232524976553,2.029613038183812,2.276060782196749,0.5,0.7032174528307276
2022-06-22,0.027954798112810035,3.058129786298765,2.128246356657149,0.4352752816480621,0.6880964906766349
2022-06-23,-0.6748725468440392,2.066063702027523,1.0686610164504886,0.37892914162759955,0.5585558895873671
2022-06-24,0.5440728304472766,0.23688645561930174,1.7356646961390483,0.3298769776932236,0.5784788275392412
2022-06-25,1.0338228141219947,0.11647199157419418,1.4909153211151975,0.2871745887492588,0.5915478862732865
2022-06-26,1.4896592765528411,-0.47181798601725333,1.4780364860748525,0.25,0.5914194185552989
2022-06-27,-0.04557607091820133,-0.36622786343149694,1.020983149656907,0.21763764082403103,0.47338051874130915
2022-06-28,-0.35737537119357066,-0.11653854338447206,0.9816347945488265,0.1894645708137998,0.45746004805310647
2022-06-29,0.8154130683570017,-0.21382383195581642,1.7314998029783015,0.1894645708137998,0.5565878906136545
2022-06-30,-0.37564219362842455,-0.053395192711968395,1.0854175604732905,0.21763764082403103,0.4665586188678207
2022-07-01,3.3337117747186524,-0.7596244083638005,2.1182134371610815,0.25,0.7014560975568777
2022-07-02,0.4785194456432006,-0.7382556068139978,1.4745922521933001,0.2871745887492588,0.5183699094777956
2022-07-03,1.2291584014786858,-0.6644403083621248,1.1454784050554756,0.3298769776932236,0.5669230407393233
2022-07-04,0.7382218762708865,-0.730238870357733,1.132059476395334,0.37892914162759955,0.538362859277138
2022-07-05,1.1373357219151448,0.23656332927057586,1.7233151138746132,0.4352752816480621,0.6334143162236467
2022-07-06,1.5949187257814559,-0.12228275339449181,1.6089713857856411,0.5,0.6548651798535147
2022-07-07,0.09375698548797373,1.1837746604149384,1.5048879347499793,0.5743491774985175,0.6168897176662643
2022-07-08,0.2536078020295296,0.16463782360198012,1.120351793918647,0.6597539553864472,0.5850752492239731
2022-07-09,-0.8835605943506213,-0.3565728881836705,0.46097128884577915,0.7578582832551991,0.4802832088187782
2022-07-10,-0.7995849824137468,-0.4824112986767061,0.4869891412141018,0.8705505632961241,0.49840941959577617
2022-07-11,0.43093932619759107,-0.17841603115531846,1.5255985410776651,1.0,0.6471485718176233
2022-07-12,0.6035801613855414,-0.40577003241801524,1.9345091362788003,1.0,0.6628152306175789
2022-07-13,0.7326200234157061,-0.46116619906324235,1.6352328675951813,1.0,0.6591338388532514
2022-07-14,0.7358636467267716,-1.1172106810526108,1.4514391378987896,1.0,0.625888436001219
2022-07-15,0.52978163845743,-1.148615596585775,0.9703421220292672,0.8705505632961241,0.5753871146014822
2022-07-16,-0.38222697497191965,-0.6350294690888122,0.46358048907516686,0.7578582832551991,0.5021900659139569
2022-07-17,0.15124977626873953,-0.6840990626908289,0.362942278697383,0.8705505632961241,0.5492598512567961
2022-07-18,0.21458758947074602,-0.5653539511456973,1.5144817790190357,1.0,0.6162321506342803
2022-07-19,2.7400643398632774,-1.2624958116745817,2.007371270395962,1.0,0.7719793395176431
2022-07-20,3.2227132206228637,-1.0304877044946532,2.2648667781020415,1.0,0.8075585715827909
2022-07-21,3.916921027112007,-0.9328525854175304,2.072938805322091,1.0,0.8052291024516726
2022-07-22,3.4149597258740165,-1.0343623411007725,1.9649516989727842,1.0,0.7973999590865607
2022-07-23,2.4082838726077735,-0.9212852918525353,1.3442275161798962,1.0,0.7419729548859926
2022-07-24,2.644074153282113,-0.7411296154326934,1.6101190639540843,1.0,0.7740618450409148
2022-07-25,1.3317931105150667,-0.712776199147075,1.2009011170500747,1.0,0.6741172363048789
2022-07-26,0.20317555482959493,-1.091974395819125,0.5044525352241205,0.8705505632961241,0.5404437728313988
2022-07-27,0.7712760769825122,-1.0642039806568826,0.9275580252818764,0.7578582832551991,0.5766739159358064
2022-07-28,1.8869658445923276,-0.6405738252655434,1.4261346577948695,0.6597539553864472,0.6706080621545536
2022-07-29,0.4820635907606048,-1.028277948303096,0.6818945478782058,0.5743491774985175,0.5231748530921292
2022-07-30,0.3561522375641712,-1.1484317913041386,0.3761570809645523,0.6597539553864472,0.5123938205400578
2022-07-31,-0.6854640701838159,-1.28916190258746,-0.2352401423277024,0.7578582832551991,0.4314247204572912
2022-08-01,1.7633806460636177,0.09431559322751258,0.7360809634328744,0.8705505632961241,0.7016071427309019
2022-08-02,2.845892908577552,0.7764311980853164,1.5567959576761015,1.0,0.8489706924145951
2022-08-03,2.263003378297414,-0.5174241897385905,1.618401614590177,1.0,0.7582542711337257
2022-08-04,3.492220101730179,0.03356606799767887,1.5662206684716646,1.0,0.8286059417822922
2022-08-05,2.0581834381988657,0.41763444923803417,1.2386945887091372,1.0,0.7709034842218138
2022-08-06,1.7477224014252506,-0.5070121478883468,1.0021314253713125,0.8705505632961241,0.6843762859397979
2022-08-07,1.8030208454925098,-0.6415780781020627,1.0423466600308495,1.0,0.7032138584462764
2022-08-08,3.440857856448809,-0.28773528330774606,1.5798885982109938,1.0,0.8156739831358771
2022-08-09,2.5980955773457826,-0.47077136824979116,1.3770108330219197,1.0,0.7744912592467083
2022-08-10,1.4942375643169685,-0.7035663547785534,0.7728208366355885,1.0,0.6710612673932111
2022-08-11,0.2151506497519991,-0.9163394706055105,0.49632928523720177,0.8705505632961241,0.5482894593772291
2022-08-12,-0.3430637872500482,-0.8112879188172426,-0.2754835770265249,0.7578582832551991,0.47282137415334075
2022-08-13,-0.8266963235436348,-0.8530873590435039,-1.077489339997558,0.6597539553864472,0.3973883871116602
2022-08-14,-0.6246900019907414,-0.797833566875605,-1.2735436731435537,0.5743491774985175,0.3938118554341262
2022-08-15,-0.43590691251237373,-0.8418796872638695,-0.6077354123995575,0.5,0.4156033717831953
2022-08-16,-0.16514753173715072,-0.3076564006779252,-0.38404958032947356,0.4352752816480621,0.45366078742550325
2022-08-17,-0.11847248139324516,-0.9333548714152465,-0.40733068217615653,0.37892914162759955,0.4214737301030831
2022-08-18,0.5978571041812442,-0.7519791164906557,0.07867169253886329,0.4352752816480621,0.5014383590901437
2022-08-19,0.8860556181553723,-0.6042503021064942,0.44342702328698375,0.5,0.5486741793988203
2022-08-20,0.24374815420667006,-0.5585391493392793,-0.08242570764902124,0.5743491774985175,0.501382265427785
2022-08-21,-0.2622776398103561,-0.7702404923691387,-0.7415591892549275,0.6597539553864472,0.44966592383006504
2022-08-22,-0.256410016896662,-1.1074540411159624,0.09394559706611144,0.7578582832551991,0.47857234288420764
2022-08-23,0.8569968827010458,-0.3195859999108178,0.3960713394780757,0.8705505632961241,0.6126020046608067
2022-08-24,0.8199572991280507,-0.8063376603795837,0.6385146859890388,1.0,0.6173502402923553
2022-08-25,1.180830112885655,-0.6269349095083844,0.5351747293079846,1.0,0.6454388772731271
2022-08-26,0.5200455812475343,-0.8885645942934999,0.5415074578241574,1.0,0.5906964292484117
2022-08-27,-0.1995168096535272,-0.8202286036315571,-0.04451587962673658,0.8705505632961241,0.5066214093786441
2022-08-28,-0.057298176096293466,-0.7236145170411421,0.5004872227161525,0.7578582832551991,0.5213911666290179
2022-08-29,1.7912241149542703,-0.7523184128072588,1.1066566253583814,0.6597539553864472,0.6489199879498952
2022-08-30,1.022594193961183,-0.3802037226454344,0.5863276348203763,0.5743491774985175,0.583027755605976
2022-08-31,-0.5018707016607545,-0.9793685947958798,-0.5041719538864349,0.5,0.40892919664324023
2022-09-01,-0.21404713994745797,-0.5397804829660006,0.3096505597007878,0.5743491774985175,0.48471339916139006
2022-09-02,-0.31184845457720883,-0.12111280110309325,-0.07027948722460899,0.6597539553864472,0.4957841800493707
2022-09-03,-0.20609466961182635,-0.10996284433604439,-0.764180170031077,0.7578582832551991,0.49488464033245366
2022-09-04,-0.139153285807047,-0.5305800010279512,-1.0642584705945723,0.8705505632961241,0.4887229163779651
2022-09-05,-0.49083863408305994,-0.7911129681891256,-1.2557750777727779,1.0,0.4674552147941565
2022-09-06,-0.7259736253045984,0.06765766037207752,-0.8853211476894685,1.0,0.49991012257221445
2022-09-07,-0.9667073951556859,0.4288416968443621,-1.3276851156941547,1.0,0.4841650738349975
2022-09-08,-0.7781902864380447,1.17273373383276,-1.0137631068944992,1.0,0.538192449584012
2022-09-09,-0.8361620234310032,2.212764345918605,-0.7444248893985715,1.0,0.5866402165379225
2022-09-10,-1.0859446729100946,1.9165963982015952,-1.7101482962845989,0.8705505632961241,0.5060395130159921
2022-09-11,-1.226111804901881,0.2186495424691592,-2.157972894878663,0.7578582832551991,0.39411592326841394
2022-09-12,-0.45096879964127423,-0.3098984952478836,-1.0943809575500223,0.6597539553864472,0.44450670411155296
2022-09-13,-0.19891975185583174,-0.03230768907375878,-1.3990326984385555,0.5743491774985175,0.4499104828416971
2022-09-14,-0.2454122305939505,-0.21091680001812052,-1.356181513864526,0.5,0.4296449341641641
2022-09-15,-0.6173543877078322,1.373820535059398,-1.3407682799800802,0.5743491774985175,0.4825456637390611
2022-09-16,-0.5696735753170215,1.5131904799297886,-1.3645386815173104,0.6597539553864472,0.5035498355666631
2022-09-17,-0.726842366863966,1.170513616490461,-1.6749201952915762,0.7578582832551991,0.48316331220806547
2022-09-18,-0.22964801386655087,0.3262030066739674,-1.0064192412537671,0.8705505632961241,0.5203172008062718
2022-09-19,0.5635131932961064,-0.45705677439423986,-0.5158654260091154,1.0,0.57632799975301
2022-09-20,0.6937737505703889,-0.5667218261350948,-0.3696427194441366,1.0,0.5853167499675924
2022-09-21,-0.43057827740538784,3.0336502457868746,-0.02259823217526829,1.0,0.6705415071004652
2022-09-22,-1.3067717460486072,4.289034175940446,-0.9899869115951484,0.8705505632961241,0.5604649043713399
2022-09-23,-1.591992201313514,0.4585994012184986,-2.666024874028573,0.7578582832551991,0.3627867416505306
2022-09-24,-1.6550795737913961,-0.36108648276267497,-3.0718381840165283,0.6597539553864472,0.2985791849400959
2022-09-25,-1.798623351845018,1.0500591689369432,-2.7234706584132016,0.5743491774985175,0.3442142632603757
2022-09-26,-1.7271293655925524,2.75578439544405,-2.2585011545479543,0.5,0.4243990202857335
2022-09-27,-1.587745908421351,1.8516730601615452,-2.2809221188160143,0.4352752816480621,0.3855638718986498
2022-09-28,-1.304828628213226,1.3076276008072163,-2.2515785389684955,0.37892914162759955,0.37428266143127575
2022-09-29,-1.3601563667311587,-0.5505620114964643,-2.2153444591031177,0.3298769776932236,0.28701955642278304
2022-09-30,-1.5141044904607823,-0.8991649775385541,-2.2007605389968785,0.2871745887492588,0.25631199691766765
2022-10-01,-1.5097622724699258,-1.0391092016120105,-2.402085765420741,0.25,0.23848343958747983
2022-10-02,-1.4100604622206567,-0.5618581598204897,-2.231738541087141,0.21763764082403103,0.26583957394680247
2022-10-03,-1.267758998594381,1.104712258722344,-1.7475030780736098,0.1894645708137998,0.3566819938934219
2022-10-04,-1.2390105240436695,0.9648676463216623,-1.6592781069395124,0.16493848884661183,0.35203362008949934
2022-10-05,-1.134999274643223,0.5484254320395399,-1.675980582238711,0.14358729437462942,0.33785651610700335
2022-10-06,-0.8859378928780437,0.12901090480906638,-1.6094645685276698,0.12500000000000003,0.33641410922425247
2022-10-07,-1.0110020565920785,-0.22282963461853483,-1.659362302368214,0.10881882041201553,0.309326041100951
2022-10-08,-1.2259973046548447,-0.030205511671005582,-1.7949219470447475,0.09473228540689989,0.2963873946129285
2022-10-09,-1.0088253947221244,0.014628925136223502,-1.9139904264669334,0.0824692444233059,0.30692521801379913
2022-10-10,-0.9000638970785991,1.838494111530809,-1.5082989447547657,0.0717936471873147,0.4020920770948155
2022-10-11,-0.9763227967382424,0.5729231323619938,-1.4443418760965194,0.0625,0.3450138815293163
2022-10-12,-0.9408984551295231,0.2179905225034545,-1.3767016921475013,0.054409410206007765,0.3336277298883269
2022-10-13,-0.813276951421991,-0.08525770354892036,-1.3374792860324156,0.047366142703449944,0.32975141079509923
2022-10-14,-0.8911205232434715,0.4280880514264572,-1.3927337843805379,0.04123462221165295,0.3431897011122676
2022-10-15,-0.9685899121973066,1.176170038323734,-1.6116267607679922,0.03589682359365736,0.3610980556304507
2022-10-16,-1.000046043622633,0.993795013901941,-1.543684346408477,0.03125,0.3529697444574561
2022-10-17,-0.6450664546384017,0.7314974901449014,-1.1023510253961066,0.027204705103003893,0.3798103033657245
2022-10-18,-0.5593384016580232,0.9346491412764766,-0.9391055092092524,0.02368307135172497,0.3989034311717687
2022-10-19,-0.39619465042725605,2.206011386559093,-0.8685291696046519,0.020617311105826482,0.4646457887571974
2022-10-20,-0.2392447995308208,1.3397152654431914,-0.7171680763230522,0.017948411796828663,0.44365847531683417
2022-10-21,-0.4780321926606956,0.17312201701856567,-0.8598750760404924,0.015625000000000007,0.3740258519970441
2022-10-22,-1.1865789617324958,-0.26517337150623327,-1.3726229899919844,0.013602352551501933,0.29113209862139977
2022-10-23,-1.0739145593331068,-0.640110863343167,-1.345641014898723,0.01184153567586249,0.28365593992658283
2022-10-24,-0.9130563063315413,-0.11211331885083933,-1.007859209927587,0.01030865555291324,0.32740918262779634
2022-10-25,-0.7539886043943519,-0.361309752222234,-0.9917314345928018,0.008974205898414338,0.3279679364294522
2022-10-26,-0.7139123741366418,-0.8249148170664763,-1.0030308387625446,0.01030865555291324,0.31114632805397285
2022-10-27,-0.8231450445014171,0.891574880126927,-1.0542539911561186,0.01184153567586249,0.3739070476847029
2022-10-28,-0.7188114266024519,-0.14145388549972676,-0.8681275801166799,0.013602352551501933,0.34428809320951725
2022-10-29,-1.0925921253566218,-0.9010426835110905,-1.1732634715229384,0.015625000000000007,0.2778520474458318
2022-10-30,-0.8773965476790369,-1.1574007310428536,-1.2307400628651162,0.017948411796828663,0.27994945936863247
2022-10-31,-1.1421775562468202,-1.1203400914527804,-1.2769916894255482,0.020617311105826482,0.2627001994580352
2022-11-01,-0.8242475203511588,-1.1694854155555292,-0.8759661259128023,0.02368307135172497,0.295675196167441
2022-11-02,-0.8915453820399692,0.7880551378568232,-0.90339188402231,0.027204705103003893,0.37236691490607665
2022-11-03,-1.0522247081334446,0.44275963921862727,-0.9018070883617665,0.03125,0.34792726814648767
2022-11-04,-1.2447724936527995,0.31080423109640026,-0.9699972082275797,0.03589682359365736,0.32801662665029263
2022-11-05,-1.4697017201135412,2.782756205024895,-1.0886717169416191,0.04123462221165295,0.4128641966354952
2022-11-06,-0.9868101832676277,3.613687385070933,-0.9215092012885919,0.047366142703449944,0.4606006024780559
2022-11-07,-0.8251925763306494,5.0,-0.6237888170318612,0.054409410206007765,0.4823556125411292
2022-11-08,-0.45215848226917515,1.2781319850472541,-0.6785319259741088,0.0625,0.4348688696932203
2022-11-09,-0.4312781101653365,-0.5153784332546054,-0.6201069844961591,0.0717936471873147,0.36487283886492755
2022-11-10,-1.073589071191601,-0.5544038341001195,-0.6811475668076298,0.0824692444233059,0.3199927032696298
2022-11-11,-1.0890448117624434,0.21056508268992183,-0.6109862220919093,0.09473228540689989,0.3550141930692219
2022-11-12,-1.1504702975740393,1.9193642971954905,-0.7630505156624748,0.10881882041201553,0.4191632984179293
2022-11-13,-0.4331729648564315,2.491798958582302,-0.44916636202231625,0.12500000000000003,0.50372454688309
2022-11-14,0.23554301740797431,3.667329498067175,0.026098617132616263,0.14358729437462942,0.5881109158878133
2022-11-15,0.30061515255148297,3.4675527591103537,0.27117960731162294,0.16493848884661183,0.6038211037408114
2022-11-16,-0.29775158375000443,0.41793443761781557,0.16942375855994268,0.1894645708137998,0.4566309735581434
2022-11-17,0.4712263502782371,-0.22107685147900719,0.49687248684097063,0.21763764082403103,0.4964116168918942
2022-11-18,0.33889816211950163,-0.5841387543724186,0.4781279295064453,0.25,0.4766916936926642
2022-11-19,-0.33398625554596495,-0.7045693984021959,0.30529009644480976,0.2871745887492588,0.42662971622405993
2022-11-20,-0.12475863665489316,-0.7962774453574042,0.4675620534606954,0.3298769776932236,0.4485714791024553
2022-11-21,0.4784516963685883,-0.6227036647850764,1.0193992391921562,0.37892914162759955,0.5217701396090728
2022-11-22,0.24924697942617074,-0.6561819513276493,0.605939941879111,0.4352752816480621,0.49976484096627233
2022-11-23,-0.3388454208563854,-0.820408949360327,0.2626482400014571,0.5,0.45198154038627597
2022-11-24,-0.9544484607538033,-0.7614836861053512,-0.33816153958903095,0.5743491774985175,0.4045219410005001
2022-11-25,-0.9561967477841891,-0.8727631635251539,-0.8015568073487916,0.6597539553864472,0.39713295139718
2022-11-26,-1.0283170428893054,-0.8593386245544149,-0.8075956973461479,0.7578582832551991,0.40739864036102064
2022-11-27,-1.011432327880188,-0.9017414385779196,-0.5848801782992559,0.8705505632961241,0.4310851967516842
2022-11-28,-0.22209582235936862,-0.39098515297702385,0.19891293496191886,1.0,0.5505329949673968
2022-11-29,-0.24539829168908384,-0.7198519647763048,0.255879914192699,1.0,0.537175612494805
2022-11-30,-1.110643561702052,-0.6460464614258217,0.19791813349167608,1.0,0.48063576444350986
2022-12-01,0.5894333568074374,-0.42921248597300465,1.1204364749996085,1.0,0.6337595860382743
2022-12-02,0.8396849167455397,-0.32140852838625056,1.3423894951469926,1.0,0.6623332889385086
2022-12-03,-0.8011753393829206,-0.31277236449814433,0.25542212126913844,1.0,0.5170701995626872
2022-12-04,-0.11694996682602593,-0.4409959279876685,0.5514649426899939,1.0,0.5672106699684453
2022-12-05,0.21948856979547088,-0.3646279234348766,1.5582460140560166,1.0,0.6263812749784454
2022-12-06,-0.6479429603709438,0.9901143914680866,0.8639244107455559,1.0,0.6018560493112926
2022-12-07,-0.9185299337808162,0.12399444168392622,0.3546112715214091,1.0,0.5307514818688228
2022-12-08,-0.4527920797186556,-0.09441745972669385,0.4827506173034035,1.0,0.5569714877735908
2022-12-09,-0.37961445461676085,-0.3441137812552826,0.540760748005538,0.8705505632961241,0.5339622382345157
2022-12-10,-0.39382275523588733,-0.5851380102598055,0.42454943635626957,0.7578582832551991,0.5021947895902712
2022-12-11,-0.3505270558342327,-0.8105632751128192,0.3229707725261298,0.6597539553864472,0.47758684554018843
2022-12-12,0.34109005553893,-0.6548777388878688,1.401782070705905,0.5743491774985175,0.5533312102305753
2022-12-13,1.3666312563694536,-0.6118990716511583,1.530053792509176,0.5,0.6166147488561379
2022-12-14,2.1472195200483837,-0.08406650688041602,1.6360545333474128,0.4352752816480621,0.684471640241998
2022-12-15,0.9016321985758228,-0.5502736497133036,1.3414644435137735,0.37892914162759955,0.5637355971949329
2022-12-16,0.5783065294242666,-0.5216119858610601,1.1056450695471332,0.4352752816480621,0.5439660637828541
2022-12-17,0.6964034103741658,-0.6325297834756857,0.9009797987353076,0.5,0.5501041463379677
2022-12-18,2.0311320458774214,-0.29114146918737394,1.421639513002056,0.5743491774985175,0.6818182689005337
2022-12-19,2.9254166175465426,-0.49390282072606295,2.1954280769432106,0.6597539553864472,0.7715925195122576
2022-12-20,1.8395733515943375,-0.44503279839463733,2.183942708928809,0.7578582832551991,0.7155720229590861
2022-12-21,0.6758436571240494,-0.510750536370987,2.3625243704088863,0.8705505632961241,0.6581083683008604
2022-12-22,-0.4353362631907867,-0.5474750214633506,1.5449914331011307,1.0,0.5746658376630124
2022-12-23,5.0,-0.06436627865918819,3.7943874429669275,1.0,0.872318071722534
2022-12-24,5.0,0.3440844459605369,3.430561556205382,1.0,0.8893368519150223
2022-12-25,5.0,-0.4648252120751234,2.480813933185923,1.0,0.8383260806030673
2022-12-26,5.0,-0.41421639271695765,1.6236347487816152,1.0,0.811862141929514
2022-12-27,3.189306872346032,-0.5386617392507695,1.5099860459216374,1.0,0.8028886290619393
2022-12-28,1.6400554984196374,-0.5147426099246158,1.296915121533502,1.0,0.7061199285322336
2022-12-29,-0.293466647566596,-0.5010511735261273,0.6676494827902995,0.8705505632961241,0.5373959918527336
2022-12-30,-0.664146121011959,-0.5429721627432562,-0.01531925452718237,0.8705505632961241,0.4881716944950796
2022-12-31,-0.761521754856373,-0.420800387888396,-0.651844452675961,1.0,0.4849703850916932
2023-01-01,-0.9183214757065143,-0.6198383572427039,-0.9698791782498593,1.0,0.4556226641261244
2023-01-02,-0.9339997356219754,-0.34408418236056043,-0.5225964732525202,1.0,0.4809766275850943
2023-01-03,-0.8874656637335409,-0.45084598129140324,-0.25070486866660274,1.0,0.4886935442417354
2023-01-04,-0.8053864777428916,0.17554724361971538,-0.27895274677952087,1.0,0.519323611741978
2023-01-05,-0.656614340618492,0.4002851604515948,-0.04475473910606684,1.0,0.5464124343407147
2023-01-06,-0.6529847549821314,0.04250681233431088,0.2947475352171879,1.0,0.5430637180223604
2023-01-07,-0.6357062377725335,0.05516564146965766,0.1822145379214287,1.0,0.5409919704737811
2023-01-08,-0.5441621101592258,0.02876668043929861,0.24703317728683788,1.0,0.5481555769172504
2023-01-09,-0.5416069191888998,-0.2858964295939978,0.6410948917559472,1.0,0.5483503505461883
2023-01-10,-0.23388227689153746,-0.323320837021866,0.9506792816274691,1.0,0.5776254560522354
2023-01-11,-0.2957010260969522,-0.5373448721695322,0.8578802289341577,1.0,0.5614932362176113
2023-01-12,-0.6784516234380527,-0.566227982536491,0.25176568482724704,1.0,0.5145692486593509
2023-01-13,-0.5625799736197971,-0.2422723185326332,0.41104803329673534,1.0,0.5411015895963783
2023-01-14,-0.409354115227181,-0.04579536156530463,0.6690068594079451,1.0,0.5681018142332317
2023-01-15,-0.5251047134175244,-0.24163375913208648,0.6021086513245941,1.0,0.5499952341858146
2023-01-16,-0.42174217537581177,0.1263597306867892,0.6666579904103714,1.0,0.5743707767672411
2023-01-17,-0.5281368191280928,-0.08434264618719102,0.2408024193705408,1.0,0.5443033491126789
2023-01-18,-0.5768558058051241,0.7805764709830706,-0.04318800798783484,1.0,0.5676273656376919
2023-01-19,-0.7678708184325418,0.28296709098867584,-0.03536387249821709,1.0,0.5344201118124182
2023-01-20,-0.6319569112871374,0.52474900821535,0.1681679649428219,1.0,0.5603396800879245
2023-01-21,-0.6593832035260764,0.5235135576813467,0.021615899279104775,1.0,0.5535747146442879
2023-01-22,-0.6912645646414625,0.9697964236540766,0.13700424367204717,1.0,0.5738906881318907
2023-01-23,-0.6007423055611656,0.1679503278390223,0.8352652339886655,1.0,0.5697906177555038
2023-01-24,-0.5111630941645307,0.19105645435608748,0.874629573333583,1.0,0.5780374650983211
2023-01-25,-0.6008399392483526,-0.2238635356648308,0.5428250889143627,1.0,0.5437105263612206
2023-01-26,-0.5950446077369089,0.12739839365030078,0.65576862083408,1.0,0.5624975799141047
2023-01-27,-0.6327425303833066,-0.16467481584138302,0.7912619166530821,1.0,0.5523311112028247
2023-01-28,-0.7828895221930192,0.03413915168316201,0.2946209026596455,1.0,0.5340505265959187
2023-01-29,-0.748971967154531,-0.1147395297256409,-0.5247597231732811,1.0,0.5027957310120202
2023-01-30,-0.7144757556562195,1.512977446427476,0.020590523961686848,1.0,0.5910953606894531
2023-01-31,-0.8062365507453109,3.277253294491606,-0.04597360911902736,1.0,0.6447184429796784
2023-02-01,-0.6050086807566031,-0.010370260178614225,1.130750942060467,1.0,0.5719256918441331
2023-02-02,-0.46847738348399404,-0.27189415793311605,1.1241837793351004,1.0,0.5699120438316906
2023-02-03,1.45190379344872,0.6379927908094443,1.9263100021117558,1.0,0.7625869525840333
2023-02-04,1.4211740074303276,-0.1470729368023409,1.9012418179764896,1.0,0.7269916220611407
2023-02-05,-0.4584947592537007,-0.5990944223268488,0.5471148785563843,1.0,0.5377085777380141
2023-02-06,-0.5949307359775137,-0.6013486655465292,-0.06702057646287901,1.0,0.5080477373216311
2023-02-07,-0.650755258142952,-0.568943075874993,0.5665172660403571,1.0,0.5267942634970237
2023-02-08,-0.731038646401197,0.3305927881625873,-0.4869512393956673,1.0,0.5238070817668392
2023-02-09,-0.7618605668830504,-0.4853687515839365,-0.8880894999032247,1.0,0.4743826142283585
2023-02-10,-0.7701005215940255,0.6285222076945869,-1.1769143686053014,1.0,0.5106179115941627
2023-02-11,-0.713749559344044,0.5051029962363573,-1.2212020799927708,1.0,0.5077559182204863
2023-02-12,-0.7199521966561491,-0.025643573980005167,-1.0819167911385859,1.0,0.48987081160247026
2023-02-13,-0.5921246238780379,-0.30177644684617394,-0.2614497425804357,1.0,0.514236015036859
2023-02-14,-0.6204255997627811,-0.5358512443538471,-0.2545821390046315,1.0,0.5028250868675833
2023-02-15,-0.6527976901887571,-0.6367377647360062,-1.1506981229966946,1.0,0.4665928096901928
2023-02-16,-0.7177441475266331,-0.08309628393449306,-1.1020672574946535,1.0,0.48695246975113216
2023-02-17,-0.5684273223069176,0.5159038498614169,-0.2861862419249616,1.0,0.5490612975262659
2023-02-18,-0.6333432958340098,0.26624868662426177,-0.2984709506062829,1.0,0.5339217772002008
2023-02-19,-0.6719963627735073,-0.31948032342987054,-0.9935198495189556,1.0,0.4837712340215564
2023-02-20,-0.6265638620984136,0.8476760602160209,-1.0910942486126967,1.0,0.5321791034153501
2023-02-21,-0.5545775801077418,0.27061537123738927,-0.9573786078171375,1.0,0.5173911815338038
2023-02-22,-0.62912888215606,-0.6220458769538718,-0.5781093229860135,1.0,0.48786918555031766
2023-02-23,-0.6489356347814393,1.7804768664374704,-0.7144649326771999,1.0,0.5821086626935587
2023-02-24,-0.6026566548646272,0.7863721952444633,-0.9657511585529346,1.0,0.5353966925257797
2023-02-25,-0.5718462438142303,-0.5372521357818794,-0.9131315925813195,1.0,0.48405369166876233
2023-02-26,-0.5916360431526118,-0.4411531285688176,-0.9489538660807733,1.0,0.48554442123009933
2023-02-27,-0.5549304253856668,-0.916305505359366,-0.5460155797856585,1.0,0.4816247229247934
2023-02-28,-0.5973352433582454,-0.9498713289996729,-0.6609122960758469,1.0,0.4735692685319357
2023-03-01,-0.49093350659566315,-1.099653471784238,-0.5588947245831398,1.0,0.4778223807498412
2023-03-02,-0.5079492541689855,-0.57892432453272,-1.2254687498460173,1.0,0.47616591120500373
2023-03-03,-0.4953740367588385,-0.8188923527547333,-0.5648790086591573,1.0,0.489025249229325
2023-03-04,-0.4972525442965428,-0.3049364645629294,-0.7360798123056721,1.0,0.5046081506132527
2023-03-05,-0.48967148561565016,-0.5679912100731556,-1.7330382295823972,1.0,0.46092099288649524
2023-03-06,-0.39961094009560966,-0.40403921152934813,-0.7721201220162649,1.0,0.5057869661126944
2023-03-07,-0.4128700694319044,-0.5140492035187142,-0.7319411030198203,1.0,0.5016585751239326
2023-03-08,-0.23881056251879926,-0.4608943449986945,-0.13908754842790988,1.0,0.5352391131762042
2023-03-09,-0.3592640910265605,-0.024224537869775235,-0.27159687910852975,1.0,0.5409864755500376
2023-03-10,-0.46323192712940237,-0.11847853737019352,-0.4653820844232814,1.0,0.5236685296535057
2023-03-11,-0.47628485334202936,-0.5428274581002291,-0.5533966696338759,1.0,0.502183310035226
2023-03-12,-0.482840819225886,-0.45805779166766686,-0.6727485247912128,1.0,0.5012999199057477
2023-03-13,-0.40691105409021144,-0.7042993971825141,-0.03233898508105284,1.0,0.5174488220086794
2023-03-14,-0.3262453082811666,0.3720911047258503,0.5689214214670834,1.0,0.5877181561937355
2023-03-15,-0.28921403475177865,0.4119555839529829,0.9709196655997294,1.0,0.6052478692012467
2023-03-16,-0.07060516548918083,-0.8959937040232089,0.3019474452291158,1.0,0.5430248328073914
2023-03-17,-0.4688098644743346,-0.7795536641866756,-1.0482021772071826,1.0,0.47632453378702677
2023-03-18,-0.3944497199303212,-0.347522225718565,-1.2532434792289797,1.0,0.4924484766254057
2023-03-19,-0.31357458578524916,0.20447792914705334,-0.7216871244981755,1.0,0.5385587038455049
2023-03-20,0.16202868076349003,-0.09376717815804601,1.0129340053038531,1.0,0.6156594131377758
2023-03-21,-0.12553180410901843,0.6821867623055097,0.5008213441565121,1.0,0.6117497062940122
2023-03-22,-0.4444790367125088,-0.3545212396115736,-0.8645245073211469,1.0,0.5017788623246456
2023-03-23,-0.44068812935761315,-0.7397518074725932,-1.4086845105296941,1.0,0.46784164904714465
2023-03-24,-0.4473274705207171,0.19193784475761738,-1.4778238078276447,1.0,0.5039147852359315
2023-03-25,-0.47383913561778923,-0.9448399805052714,-1.6806868231584855,1.0,0.4480194976658116
2023-03-26,-0.4340599052762445,0.3157066140675277,-2.3168567981064263,1.0,0.4819885552975165
2023-03-27,-0.2481771329550864,0.31083193246630036,-1.3603940448903158,1.0,0.5260597201594129
2023-03-28,-0.420945609358433,0.8956848834186403,-0.9931189092763721,1.0,0.5511531992093354
2023-03-29,-0.5597006955685022,0.33909923039740764,-0.42925569178472145,1.0,0.5375072318358345
2023-03-30,-0.0957764719497663,-0.6488002057433282,-0.1262371086223094,1.0,0.5373736563432999
2023-03-31,-0.4141504782358141,-0.08658421703587718,-1.2801754229560756,1.0,0.5011097783092483
2023-04-01,-0.6040199621406045,-0.14420912196659544,-2.595180523062902,1.0,0.44221727167325486
2023-04-02,-0.4132732424830078,-0.6911261265583839,-2.4393211629818374,1.0,0.4373408231284722
2023-04-03,0.16931998531817313,-0.39268366628497436,-0.895192372951017,1.0,0.5400864338276371
2023-04-04,-0.2690270414261501,-0.791475088774135,-1.526222581866166,1.0,0.47321264914379557
2023-04-05,-0.09716780934608003,1.7981155543508796,-1.0769103947149348,1.0,0.6075466143177167
2023-04-06,-0.215294489981748,1.3710321369335794,-1.0698819466194154,1.0,0.5821106414861354
2023-04-07,-0.48437982465526985,0.3590456765163961,-1.353579634420505,1.0,0.5125489270638149
2023-04-08,-0.4942834740766,-0.5502872139259518,-1.9925981176060379,1.0,0.4526991972277774
2023-04-09,-0.3435117532966543,-0.464418390300167,-2.042969268227385,1.0,0.4646494745768033
2023-04-10,0.5526726881532149,0.7646282897160784,-1.0747611176962415,1.0,0.6078789873585095
2023-04-11,-0.049681651226251955,0.34123179571528645,-1.295555994801489,1.0,0.5427206815796705
2023-04-12,0.02740190540750249,0.7643146200569352,-0.8140950468147803,1.0,0.5815367346357132
2023-04-13,0.6403213352512952,1.1749117400463316,0.09511796168167898,1.0,0.6698133435747394
2023-04-14,0.015174060694680906,1.5402268885432122,-0.2296178889308814,1.0,0.6325337947712498
2023-04-15,-0.6432786660985446,2.7185750619222513,-0.9012983361887721,1.0,0.6153454386338985
2023-04-16,-0.40398894454773865,1.90348514067162,-1.5006378404037384,1.0,0.5773580232113437
2023-04-17,-0.27974804567465755,0.9120800021117117,-1.1959176143813366,1.0,0.5544895432302995
2023-04-18,0.044289313691019135,1.1954584952775205,-1.0975290378735407,1.0,0.5911790902868466
2023-04-19,0.2763678467793487,0.40883258012587137,-1.2748034367852838,1.0,0.5679657660643584
2023-04-20,-0.09077014211579895,4.7455156822251565,-0.5945916899012206,1.0,0.6741289341955727
2023-04-21,-0.19383835551009032,4.991827492056112,-0.6836511529151432,1.0,0.664289071202156
2023-04-22,-0.29544107227122024,0.5127119096214477,-1.103036589393858,1.0,0.5398990384363505
2023-04-23,-0.2435315927807026,0.9716571375825234,-1.9081462819638415,1.0,0.5356453984817636
2023-04-24,-0.02555831018282673,1.4233783954318608,-1.0978215230726003,1.0,0.5960094950283858
2023-04-25,0.5251876616442357,1.8056375032102565,-0.7676104507365675,1.0,0.6596603917188242
2023-04-26,-0.2010541684537364,2.531542798987706,-0.9586954026160445,1.0,0.6351208253070372
2023-04-27,-0.31406318213120543,1.7703485390428115,-1.1319681745830148,1.0,0.590094704498603
2023-04-28,-0.44062906826537357,1.8105489859354251,-1.178266108813766,1.0,0.5817887329024922
2023-04-29,-0.582008896182338,1.5273305931815242,-1.4042148791786069,1.0,0.5530310189977874
2023-04-30,-0.648073229958995,2.2359975188671264,-1.90001739958028,1.0,0.5616277679695213
2023-05-01,-0.3808904349666138,-0.36491419989469437,-0.8545270612217255,1.0,0.505918310632556
2023-05-02,-0.20411779653889334,-0.2668145471510225,-0.6923833721319319,1.0,0.5271954283617168
2023-05-03,-0.19315853812862305,0.7781417596551619,-0.6409561840801833,1.0,0.5731801313077174
2023-05-04,-0.24875191709877312,0.9203940737041624,-0.7936713784805309,1.0,0.5703105793150709
2023-05-05,-0.7320130632419793,0.08878606604348141,-1.2358465468760162,1.0,0.48870366363981255
2023-05-06,-1.0466002861016164,-0.08906271095169474,-1.719633668248501,1.0,0.4441945790286216
2023-05-07,-0.6957382950098414,2.127906417713275,-1.294821297777402,1.0,0.5741195044781503
2023-05-08,0.27214635809788706,3.2372145152804097,0.10054950370364328,1.0,0.721494740663314
2023-05-09,-0.8304578089173097,2.399831398393367,-0.11999386230819485,1.0,0.6156293255949632
2023-05-10,-0.6030635030939174,1.4256983077770544,-0.5852101893000543,1.0,0.574692856307781
2023-05-11,0.22929205362315389,1.265661536798674,0.5241063587393995,1.0,0.6604922462328018
2023-05-12,1.801285950297972,1.8891291582191947,1.0113390856098805,1.0,0.8075107477993273
2023-05-13,-0.372315197222489,0.6120056139380438,0.30257147224595976,1.0,0.5857649365074512
2023-05-14,-0.8939701436912114,0.4622190492425137,-1.198999697427222,1.0,0.49469446089144997
2023-05-15,-0.0900919267902071,0.49381356055215236,-0.3373450248252388,1.0,0.5783246024094846
2023-05-16,0.1774231735447678,-0.09992347150992799,0.11154055493616488,0.8705505632961241,0.5669653365823617
2023-05-17,-0.07720110643114071,-0.3262559075795428,-0.2278277266403201,0.7578582832551991,0.5123437483557123
2023-05-18,-0.3607490722037432,-0.3886354175617682,-0.9625666304610433,0.6597539553864472,0.45163445841394245
2023-05-19,0.0056569450545448045,-0.43062293470161866,-0.556826922918911,0.7578582832551991,0.5025523524487184
2023-05-20,-0.6583564283179184,-0.7036138019353018,-0.9522022746212467,0.8705505632961241,0.45063483837187823
2023-05-21,0.09324561537212495,-0.5552047193412233,-0.9071071359034594,1.0,0.5278459398554753
2023-05-22,1.2457373919668386,-0.4256700583773467,0.6738298475494587,1.0,0.6627739019503818
2023-05-23,0.4220125391323571,0.2040953841046133,0.6638265244008522,1.0,0.6337656944265444
2023-05-24,-0.4159502577402052,-0.08473393138010192,0.7682998532847429,1.0,0.5693493974526401
2023-05-25,-1.0654740038929642,-0.38069905906635004,-0.015038657371355147,1.0,0.48760465036699263
2023-05-26,-0.884645393249353,-0.6467906812757208,-0.7811902986501976,1.0,0.46303435210854815
2023-05-27,-1.534008456481163,-0.14714998688091277,-1.213381614551395,1.0,0.4261554662961713
2023-05-28,-1.3797623940906898,-0.4158360585185949,-1.3512613607964943,1.0,0.42064729259579614
2023-05-29,-0.2693548029440284,-0.24251009287105704,0.1872520703580583,1.0,0.553180161612706
2023-05-30,-0.5820008478245723,2.0443782219580444,1.886259517172211,1.0,0.6842576866323541
2023-05-31,-1.8735237134592848,2.659831703259201,1.102975605106577,0.8705505632961241,0.5782731780698189
2023-06-01,1.940488223497747,0.6282948169766481,3.24270240353433,0.7578582832551991,0.7942235747621567
2023-06-02,2.930765176890319,0.13218466740065932,3.888743530933621,0.6597539553864472,0.8248551329090157
2023-06-03,-0.6765048666837855,0.6825389618621787,2.3186403379727656,0.5743491774985175,0.5717791868558749
2023-06-04,-1.1043242588373148,0.9755262875145341,0.45145614042781723,0.5,0.4820738494048785
2023-06-05,-0.33558546965413927,0.44254607180188654,0.9681912279524859,0.4352752816480621,0.5186313881937614
2023-06-06,0.088309908263587,0.5112405930072483,0.9351145900704754,0.37892914162759955,0.540198876172697
2023-06-07,-0.41878675944879484,-0.05042970638268317,0.43800036085537236,0.3298769776932236,0.45906120361996455
2023-06-08,-0.8298080476716393,-0.2722258988513795,0.03693812529240382,0.37892914162759955,0.4164073597903033
2023-06-09,-1.0683692357104815,-0.4693489883419726,0.18773180835945252,0.4352752816480621,0.4057681956309101
2023-06-10,-0.9827302024305864,0.026739587917623632,0.7686283052100553,0.5,0.4612197461748638
2023-06-11,0.0014076065867296684,-0.9272413993885673,0.5835778440190185,0.5743491774985175,0.49206375355667
2023-06-12,-1.2020023520925622,-0.9112487206942449,0.6903796502868074,0.6597539553864472,0.42887356148242967
2023-06-13,-0.9387184927572364,-0.8111991179854198,0.5577081032599892,0.7578582832551991,0.4608878164970713
2023-06-14,-1.0762168184594525,-0.01197947731203686,0.5713244541046728,0.8705505632961241,0.5023798001792761
2023-06-15,-0.34812940880385634,-0.029948627133622736,1.418346352314033,1.0,0.5978217250263098
2023-06-16,-1.081682479499779,0.010618332620577658,0.5305284161512013,1.0,0.5210145457642454
2023-06-17,-1.211552877795013,1.6673897890048515,0.18646113647579482,1.0,0.5699197539047277
2023-06-18,-0.18836768814393465,1.0348630768897178,1.2140773151761683,1.0,0.6460306928333481
2023-06-19,0.9395400082442694,0.523841918187967,2.767555682714926,1.0,0.7517146032312808
2023-06-20,-0.029844141782277192,0.22986338473791218,2.046583191913812,1.0,0.6508074713090549
2023-06-21,-0.4571001227554793,0.007943822102859188,1.511683990190705,1.0,0.5952471174102774
2023-06-22,-1.209551509774809,0.4644878792013656,0.7157808278065123,1.0,0.5375762552419534
2023-06-23,-0.2760399607636046,-0.25850942549830147,1.1628493206671777,1.0,0.584587753908903
2023-06-24,-0.9589387495651591,0.7516356645946587,2.038650844745693,1.0,0.6103439308786233
2023-06-25,0.29115734987134434,0.8858472902016208,2.3224101782499895,1.0,0.7087344663581568
2023-06-26,0.5524953874386592,1.0082659063244006,2.615016587912784,1.0,0.7410113248565201
2023-06-27,0.09309206449989613,0.03241275930000658,1.5558395420838742,1.0,0.6344179873402892
2023-06-28,-0.3296263196716433,0.4095199817521571,2.0274142174620664,1.0,0.6376687185102993
2023-06-29,1.3325821563029348,1.0301040041659462,2.7119080694550983,0.8705505632961241,0.7777393307366987
2023-06-30,-1.151969039225637,1.651542959938226,1.6712606688674203,0.7578582832551991,0.5864037854995774
2023-07-01,-0.6282395951782198,0.9980324963491605,1.7799530426135495,0.6597539553864472,0.582996909064419
2023-07-02,-1.2882594262373361,1.9521708924080954,2.0755992800311107,0.5743491774985175,0.5757955113936628
2023-07-03,1.7206461040139744,0.004926377831867262,2.791022698948459,0.5,0.7079490959755415
2023-07-04,0.7126055522865735,0.4760020805893179,2.6074037672528108,0.4352752816480621,0.6445452079992962
2023-07-05,3.220865824326518,-0.21297074268065438,3.555257279078777,0.37892914162759955,0.7729655902991128
2023-07-06,2.238699734102038,-1.0523750518669355,3.0730591110905237,0.3298769776932236,0.6798792350996639
2023-07-07,1.7149137167656354,-0.6760797851542408,2.5387081052195457,0.2871745887492588,0.6388573818893227
2023-07-08,1.2210305206367371,-0.801673984656304,1.5455905264003178,0.25,0.562018636228447
2023-07-09,-0.6389758484792313,-0.3290933525057532,0.8308200677836882,0.21763764082403103,0.42902903546337245
2023-07-10,1.2353755733083227,0.08545536527412013,2.2083489167733745,0.21763764082403103,0.6171762884563603
2023-07-11,3.154721396343982,-0.12868226641488834,2.3524192096141214,0.25,0.7355522125531837
2023-07-12,3.9936526869101754,-1.0294605003626984,2.287389772121053,0.2871745887492588,0.7014283265346448
2023-07-13,4.044175998039141,-1.4296429074065815,2.5118162896557172,0.3298769776932236,0.6986403018338999
2023-07-14,1.1824192928850785,-0.2627309492653195,2.4335112934055654,0.37892914162759955,0.6308372443306091
2023-07-15,1.2107930205317872,-0.15263626141756867,1.5484966456849687,0.4352752816480621,0.616267537579762
2023-07-16,0.283877038074535,-0.29346574420916205,1.108835013325994,0.5,0.5436585636404536
2023-07-17,2.64560388455712,-0.7391112914126147,1.9221205533173458,0.5743491774985175,0.7208003502303049
2023-07-18,1.491172608182079,-0.9529302907361279,1.7563413938965111,0.6597539553864472,0.6422138848693174
2023-07-19,0.6236135596084829,-0.1978376016343132,1.5974937347622986,0.7578582832551991,0.6252595375528256
2023-07-20,0.1510896119383554,0.750642961922123,1.951835201951006,0.8705505632961241,0.6619931887687643
2023-07-21,-0.6413196409561837,1.2744486277579228,1.3015973346691327,1.0,0.6287339612484724
2023-07-22,-0.08016178467468,2.222588670946173,0.641771710293605,1.0,0.6836561326542321
2023-07-23,0.3056662904478385,1.3342415872957643,1.026203056288101,1.0,0.6851779207101162
2023-07-24,1.4162504839723415,0.22103010808992002,1.6855949846941911,1.0,0.7348127862583758
2023-07-25,1.0508479188818058,0.8649166624224869,1.5425774378281942,1.0,0.7325139701206639
2023-07-26,2.2199177862427315,0.031193342040202472,1.9227358608837675,1.0,0.7883854370306496
2023-07-27,5.0,-0.19230808944533612,2.369565167469078,1.0,0.8459726685220803
2023-07-28,5.0,-0.8770458015703745,2.1578929683666326,1.0,0.8103861905467888
2023-07-29,0.73735148325452,0.861262798060572,1.4405840075401628,1.0,0.7080621823874974
2023-07-30,-0.4256789020933071,3.8455968549589814,0.5007958352703933,0.8705505632961241,0.6688971855305447
2023-07-31,-0.6955035845302314,2.866681760934565,-0.04656762313148545,0.7578582832551991,0.6102046561208219
2023-08-01,-0.11935997236411577,1.3589592563507826,0.5178753130052608,0.6597539553864472,0.5898915745984841
2023-08-02,-0.19706884475333594,2.1293664330714934,0.6464332026475553,0.6597539553864472,0.6210965451239754
2023-08-03,-0.13712087678505544,1.3038982462428608,0.6069193966189281,0.7578582832551991,0.6040970908500263
2023-08-04,-0.3900650052246362,1.9296793281328748,0.6928767708585506,0.8705505632961241,0.6330774485135977
2023-08-05,-0.18009827582163213,1.330137829993812,0.3148511145619309,1.0,0.6289108950136977
2023-08-06,-0.23686729728598022,2.74741002662871,0.4997836330362808,1.0,0.6903437190583404
2023-08-07,-0.23682067136895518,1.5388936266947728,0.7957430217652092,1.0,0.6498572904131922
2023-08-08,-0.3899460617454007,1.0456139834216975,0.5176466690230555,0.8705505632961241,0.5904083186547311
2023-08-09,-0.12615544384661476,0.3280657433072278,0.795149751682841,0.8705505632961241,0.5873466192652068
2023-08-10,-0.35958651017170123,0.8972676247483515,0.34224564529734147,1.0,0.5998219051963126
2023-08-11,-0.21394696410513672,1.8181880839646984,0.8988706866648118,1.0,0.6664570621136804
2023-08-12,0.02084179609742418,2.1722606826977158,0.7947825315325533,1.0,0.6933930659033183
2023-08-13,0.1238827973562815,0.756390088010327,0.7837297024279375,0.8705505632961241,0.6214820147328656
2023-08-14,-0.1419934072094667,1.0976392006232134,0.6913689726362435,1.0,0.6343143719665443
2023-08-15,0.19890962180076924,-0.2814319992573732,0.6339965033127625,1.0,0.5976675249280862
2023-08-16,-0.1256871978380787,-0.23425747547040293,0.5554979219121143,1.0,0.5753767227299318
2023-08-17,-0.1903712314408259,-0.03465684298813132,0.7220289979051825,1.0,0.5849321827096122
2023-08-18,-0.39020703843901783,-0.33659491428305804,0.046571473750593444,1.0,0.5365137918006245
2023-08-19,-0.6875512608949069,2.2335372097817316,-0.532233485753316,1.0,0.6044861834894678
2023-08-20,-0.27292720820320826,1.8784738409914548,0.7430798564104062,0.8705505632961241,0.640426509202529
2023-08-21,0.2757503225203985,2.288544919730893,1.5476888758289717,0.7578582832551991,0.7040077648393928
2023-08-22,-0.4415601112903616,2.680402150695974,0.8692368978721642,0.7578582832551991,0.6498993879436601
2023-08-23,-0.4827804402689045,2.188726864540464,0.6800951166662714,0.8705505632961241,0.63726401172122
2023-08-24,-0.41311434356432863,2.359406424913922,0.7588621827212656,1.0,0.6710630508911671
2023-08-25,-0.28907421247727166,2.245292323654074,0.914346841404659,1.0,0.6797604607005903
2023-08-26,-0.4225924127600483,1.7392600774608338,0.3662511235706171,1.0,0.6315047131625521
2023-08-27,-0.5472737807767407,3.2500637627514672,-0.25350195675322934,1.0,0.655065016056443
2023-08-28,-0.4797746677231775,1.719352072260999,-0.31146083800063273,1.0,0.6042726638959753
2023-08-29,-0.4034627440298383,0.8055579422685152,-0.0024862529483872416,1.0,0.5815845228942527
2023-08-30,-0.145063774669069,-0.4174992025626768,-0.367242252473882,1.0,0.5356918731661545
2023-08-31,-0.6162027809083731,-0.08539158914420432,-1.033282758709917,1.0,0.4959190731014361
2023-09-01,-0.34264502578735156,-0.9897288070189559,-0.6635718480568101,1.0,0.48879923638649303
2023-09-02,-0.4909854959265113,0.2376388852873499,-0.3796436471502565,1.0,0.5395144655868637
2023-09-03,0.10081454542551505,0.05872128919219784,0.8505921481292119,1.0,0.6125207616823497
2023-09-04,0.2656789536024365,0.8969103388501731,1.5968846859480712,1.0,0.683312683890522
2023-09-05,0.6599630492553197,-0.34958750697037533,2.1245555705954966,1.0,0.6752499095131056
2023-09-06,1.6021530325134894,-1.248679044291468,1.7186223212320166,1.0,0.6870693193631554
2023-09-07,0.9313669028556735,-1.3963529856404744,0.8709080447586864,1.0,0.6079400206139813
2023-09-08,-0.05716078611273749,-1.0027382393038227,0.18767261413591818,1.0,0.5356642747593555
2023-09-09,-0.2939749274655456,-0.011773668738388605,-0.9811084019179418,1.0,0.522207488574266
2023-09-10,-0.35415833759684234,-0.1999011438208468,-1.3068213075223585,0.8705505632961241,0.4800821040780152
2023-09-11,-0.21716658049919502,0.5476763908659611,-0.4018783568269236,0.7578582832551991,0.5336248748468512
2023-09-12,-0.35818344955678116,1.448857980850169,-0.6089051979003415,0.7578582832551991,0.5548720884565734
2023-09-13,-0.4050188827170137,0.2229074122734954,-1.0565530132042387,0.8705505632961241,0.502650700717872
2023-09-14,-0.5649299690827664,0.38978439173688445,-1.654957885188287,1.0,0.49841375554390954
2023-09-15,-0.4927720587286753,0.8283075706625348,-2.2542224168674125,1.0,0.5015205976334469
2023-09-16,-0.6921278160145888,2.840665254695435,-2.6836094775124533,1.0,0.5577655486275888
2023-09-17,-0.6766612626209729,1.8927345979467565,-2.6938845241861262,1.0,0.5189570399335125
2023-09-18,-0.5233469844716858,1.0820375962086373,-2.114556369343179,1.0,0.5147098885658082
2023-09-19,-0.6362424273435487,2.0229885141701436,-2.100194925262572,1.0,0.546868528758767
2023-09-20,-0.4816587778973176,2.0614242927859157,-1.6573027463316958,1.0,0.5735386687952021
2023-09-21,-0.5955388505746078,2.1635249835278154,-1.6311852249994088,1.0,0.5710714434420382
2023-09-22,-0.558392114862068,1.7989372158105774,-1.9395381870983766,1.0,0.548078303431357
2023-09-23,-0.7114455470050536,1.2280175601502283,-2.3365510518180215,1.0,0.5008526601453219
2023-09-24,-0.6110149224919628,1.1251001271771315,-2.354344691755043,1.0,0.5026666874077482
2023-09-25,-0.5047021792157746,1.217378040963787,-1.9159588147021258,1.0,0.5282119792690353
2023-09-26,-0.39965460758710736,1.0086765032925329,-1.923413385162996,1.0,0.5262707676259485
2023-09-27,-0.5458528302171308,2.481573262889767,-1.9673694357790634,1.0,0.5764297160799627
2023-09-28,-0.3215863209832352,3.641195408555087,-1.9331119166880557,1.0,0.6141238480448491
2023-09-29,-0.5641244719905532,2.1348607095376058,-1.8286663364434514,1.0,0.5653886868832483
2023-09-30,-0.7961402537761881,3.261609595566373,-1.9732085097167136,1.0,0.5811503660910303
2023-10-01,-0.41025322715140816,2.396976530739269,-1.3737995960476215,1.0,0.6017304871024549
2023-10-02,0.4427157029586243,-0.15904863019509438,-0.5818159859781277,1.0,0.5784934877398418
2023-10-03,0.6072607058425706,-0.3486233373286206,-0.31907790687676163,1.0,0.5903221444382535
2023-10-04,0.46426451477351294,-0.3141815460992198,-0.4196994975351885,1.0,0.5788700866462605
2023-10-05,-0.039070900181766274,-0.2228937643382757,-0.999068924095952,1.0,0.5298057356705891
2023-10-06,-0.24826888343585338,-1.3705048842034846,-1.3226339767511772,1.0,0.45725657170409206
2023-10-07,-0.3686873719935635,-0.563448307501913,-1.6546341077471958,1.0,0.47178935879627626
2023-10-08,0.05066208499603107,0.4603881329764237,-2.170556461043603,1.0,0.5252084291722997
2023-10-09,0.02815349799685157,0.06971607233344738,-1.7056287074931693,1.0,0.5229274459639114
2023-10-10,-0.037702331451208326,-0.21779382555548066,-1.669578874843784,1.0,0.5077591393436482
2023-10-11,-0.05557543542918058,0.3339936289901363,-1.6098938853886036,1.0,0.5315482426663568
2023-10-12,0.07041120458442145,-1.3111943986654866,-1.540189643593261,1.0,0.47372132557479085
2023-10-13,-0.14636819099988313,-0.9381361637534469,-1.608386980057979,1.0,0.4725402144416816
2023-10-14,-0.1847929424072379,-1.1908015990417582,-1.748290128049022,1.0,0.45478739961114356
2023-10-15,0.10471226699380849,-0.7731580310820214,-1.7412936968022419,1.0,0.491722776611095
2023-10-16,0.5473586534116915,-0.9992418535946308,-1.3144962876297839,1.0,0.5260389567400103
2023-10-17,0.438161777666056,-1.0460930499635324,-1.3255450844894585,1.0,0.5164387386129413
2023-10-18,0.2326784655193894,-1.4891978146867761,-1.323989621637491,1.0,0.48432900136809387
2023-10-19,0.5303647549828395,-1.358198710381718,-1.305661134530796,1.0,0.5102439995819246
2023-10-20,-0.026279780945660806,-0.7960767683634781,-1.3638969398467153,1.0,0.49461491792692047
2023-10-21,-0.16333620119900857,-1.3890109888919673,-1.4724516826463283,1.0,0.45715373929468983
2023-10-22,0.6773709429332953,-1.6229887366549642,-1.4731720904094816,1.0,0.5034277958212802
2023-10-23,1.7406056648014716,-1.5934350646610438,-1.0156892390196925,1.0,0.5907909419918982
2023-10-24,0.6111466719404862,-1.5989341208376597,-0.9979276736701799,1.0,0.5158566006387907
2023-10-25,0.2229138525103648,-1.5864394167372726,-1.0723619118655154,1.0,0.4880138840744541
2023-10-26,0.8346509348679638,-1.2747247756332714,-0.9892113243843846,1.0,0.5445561525269984
2023-10-27,2.0046179053026116,-1.3017255691350362,-1.0301472925120554,1.0,0.6200643852224791
2023-10-28,2.315950528162871,-1.2939190966154868,-1.1971160340871527,1.0,0.6355795383823076
2023-10-29,0.8601703158481239,-1.1182821212539449,-1.1674418913495044,1.0,0.5468348696259772
2023-10-30,1.3264958276712377,-1.1339041082736467,-0.7838514630251825,1.0,0.5900586685658412
2023-10-31,-0.30955866158747836,-0.9172455706493342,-0.8998459480925508,1.0,0.48614932551402756
2023-11-01,2.3326863376768188,-1.2782056335123462,-0.3904716089520728,1.0,0.6642381341503711
2023-11-02,2.90267487886229,-1.309590231484359,-0.038690238235461256,1.0,0.712655724337789
2023-11-03,2.79331274081221,-0.7571350108112807,-0.21014604445446355,1.0,0.7226686891218619
2023-11-04,-0.3339200750466438,-0.4301260196829046,-0.9590492342858653,1.0,0.5028484363672406
2023-11-05,-0.1456954187357735,-1.102126781656381,-1.1764621811855065,1.0,0.4801496168090824
2023-11-06,1.1781487808506166,-1.216242951732908,-0.7535708868703548,1.0,0.5777474328388248
2023-11-07,-0.024802607156471042,-0.9246848509523043,-0.7322120602480251,1.0,0.5104108887249551
2023-11-08,0.7893388077852095,-1.096916565102119,-0.6673958270144063,1.0,0.5596712027392787
2023-11-09,0.42263660651491614,-0.9629366677027893,-0.7240790078651407,1.0,0.5389174456845401
2023-11-10,0.7195286620076576,-1.200012366790503,-0.6486183276321776,1.0,0.551347451263167
2023-11-11,0.3033645549149892,-1.2119320218873701,-0.7052371382385307,1.0,0.5212192314744079
2023-11-12,0.5658557831021498,-1.1489749874350823,-0.7108881014050964,1.0,0.5411534910168451
2023-11-13,2.2570877831417175,-1.0365382633714637,-0.04481659602367598,1.0,0.6807895380348477
2023-11-14,1.0228421379211796,-1.11968748241096,-0.21487277841767205,1.0,0.5893734048136996
2023-11-15,1.4787021167041525,-0.9655690772259449,-0.10884347010587063,1.0,0.629719980559
2023-11-16,0.47824325564448256,-1.095226334552053,-0.2875813838908986,1.0,0.5516624069736
2023-11-17,-0.24393110534063034,-0.7394451786979647,-0.6470949975019263,1.0,0.5063578772814786
2023-11-18,-0.5012872728344572,-0.8537393142664295,-0.8229115576530416,1.0,0.4785779917948336
2023-11-19,-0.4558180227493635,-1.1092062704538659,-0.6903139364114321,1.0,0.47538473933408365
2023-11-20,0.6001654021453834,-0.8851783291237374,-0.0018229516654905491,1.0,0.5780678313740202
2023-11-21,-0.29349736409003263,-0.9464560912755874,0.07359872114478556,1.0,0.5184511292956745
2023-11-22,-0.6435331096426773,-0.8977879546377286,-0.10822330923642617,1.0,0.4910825176060353
2023-11-23,-0.8510381289825083,-0.7323413095258887,-0.36335518202846956,1.0,0.4756380641033051
2023-11-24,-0.46233399614082216,-0.9326545562142514,-0.4374827438212015,1.0,0.49073436895431133
2023-11-25,-0.4953583387959441,-0.8683910625133595,-0.24453314963463488,0.8705505632961241,0.4782246293154779
2023-11-26,-0.516025876257443,-0.9192748954334831,-0.13629663137506298,1.0,0.4977519332272733
2023-11-27,0.1288621119911155,-0.6260395680275669,0.8146259622461868,1.0,0.5846600242064653
2023-11-28,1.2614978051145793,-0.1930550244865596,1.4815267265562475,1.0,0.7004401185392403
2023-11-29,1.315816138903941,-0.20220327259216445,1.5449048077786738,1.0,0.7057927664948784
2023-11-30,-0.561567734103717,-0.5059426585797181,1.0050027288400047,1.0,0.5499812979135975
2023-12-01,-0.629700107912241,-0.6148074210125294,0.22391675987800846,1.0,0.5148669089262622
2023-12-02,-0.9417384417091051,-0.5130859692761486,-0.04016122408612598,1.0,0.4895001476966826
2023-12-03,-0.9190154801455019,-0.540755391322133,-0.357880307900639,1.0,0.4792714830885231
2023-12-04,-0.5477679768111333,-0.40926185258479764,0.5189788099526508,1.0,0.5387288513533128
2023-12-05,-0.23233939107509818,-0.31709433107906054,0.9054774695772836,1.0,0.5764810257859421
2023-12-06,0.5926791341119938,-0.42781344134460797,1.4770042881841803,1.0,0.6459198584909136
2023-12-07,0.27077089700829116,-0.49965083364411284,1.5436126489013073,1.0,0.6236863633620917
2023-12-08,-0.5653868723170531,-0.6688591425218725,1.013374136003958,1.0,0.543217548773917
2023-12-09,-0.7355317693317881,-0.8071894058162621,0.028267497329796665,1.0,0.4932739067131965
2023-12-10,-0.8745011979203827,-0.4564583227118788,0.08464755909436515,1.0,0.500502408662125
2023-12-11,0.7518549764550113,0.020700254991080663,1.828701384549537,1.0,0.6869428885399471
2023-12-12,0.09707487551724782,-0.21266093392249882,2.2198607015050924,1.0,0.6466061428378822
2023-12-13,-0.2867919873512036,-0.19320543400436385,1.7580183106868905,1.0,0.6064309181159676
2023-12-14,-0.2691916448405037,-0.23865333637528205,2.1492444739360037,1.0,0.6187514837928632
2023-12-15,-0.4779068204065307,-0.37950447907747026,1.6936829125585389,1.0,0.583782955763288
2023-12-16,-1.101525280193074,-0.6393073954295523,0.31671779408361894,1.0,0.48548443298035104
2023-12-17,-0.9952495938009025,-0.6867164775789674,-0.07881239372729204,1.0,0.4774097607232398
2023-12-18,-0.5954075943678047,-0.5749387941248305,1.412243310520303,1.0,0.5584251543042885
2023-12-19,0.239340539049598,-0.07324117883092383,2.0181559875451067,1.0,0.6551761864035217
2023-12-20,0.18532887409829246,-0.08388260537238827,2.0960860720578167,1.0,0.6537296854512973
2023-12-21,-0.1770553345194931,0.13502960378322598,1.4018612154288126,1.0,0.615551251703962
2023-12-22,-0.4670320329916031,-0.5341477984423096,0.9278068566944487,1.0,0.5525352680886119
2023-12-23,-1.0006101819757949,-0.31263828008255584,0.3873977980809971,1.0,0.5081793194675405
2023-12-24,-1.19339355988851,-0.6414051634144015,-0.35937564037425923,1.0,0.45673602618602394
2023-12-25,-1.316134809062542,-0.7880962675519945,-1.1983001804926792,1.0,0.4144769955647415
2023-12-26,-0.7558905616529059,-0.5567213955810636,-0.29379021018034995,0.8705505632961241,0.47220014856233555
2023-12-27,-1.07114433274725,-0.5769471191143298,-0.06835260748717246,0.7578582832551991,0.440951236759127
2023-12-28,-1.1575240694069857,-0.4396143729265213,-0.01562775319072232,0.6597539553864472,0.4279566313692056
2023-12-29,-1.050901571044259,-0.22792034810361017,0.07463738032895346,0.5743491774985175,0.43408350339514173
2023-12-30,-1.1594964153246974,-0.2625095133667904,0.04480472200888419,0.5,0.4132558333217001
2023-12-31,-1.4330920649141268,-0.5454899789959262,0.0032715693177886164,0.4352752816480621,0.3721321244386969
2024-01-01,-0.9291023386287591,-0.34009934778810863,0.3936261797684793,0.5,0.43700991059252753
2024-01-02,0.14752613103514528,-0.6410428040016164,1.3607045941063827,0.5743491774985175,0.5396341549972661
2024-01-03,0.04657873828077203,-0.46239126776397377,1.5409557111766443,0.6597539553864472,0.5591672300757411
2024-01-04,0.2898952016362499,-0.883784430056145,1.5970780350944604,0.7578582832551991,0.5744166725148392
2024-01-05,0.853560417510383,-0.659942665458767,2.1005173631366345,0.8705505632961241,0.65500624670555
2024-01-06,-0.43262431096040194,-0.8854291904261224,1.2034165509035517,1.0,0.5493793813650032
2024-01-07,-0.8073564446829595,-0.779068217670092,0.6064716617918764,1.0,0.5089307833446114
2024-01-08,-0.15139994841151813,-0.5280623654891589,1.0799872984933951,1.0,0.578903648160297
2024-01-09,-0.7953659075764856,-1.094872584485982,1.0730462353021033,1.0,0.5121241229847219
2024-01-10,0.005977535700923213,-0.9562818305420118,1.0056718647125245,1.0,0.5690758215978952
2024-01-11,0.2676064320014341,-1.1542822246724347,1.026376213289606,1.0,0.5789578765483977
2024-01-12,-0.42853729649794403,-0.9740737195070764,1.0521029848297943,1.0,0.5409145414150021
2024-01-13,1.4305525951819364,-0.5011423529896132,0.7232873503873883,1.0,0.6735988199838082
2024-01-14,2.6223457810232587,-0.9371476092373012,1.6329924020699065,1.0,0.76520831508566
2024-01-15,4.38325336008458,-0.41834234115467717,2.5864280891820925,1.0,0.8437833387579583
2024-01-16,4.618559120819709,0.09701862794620185,2.9321213409884117,1.0,0.8767798208640388
2024-01-17,5.0,0.10542176430275411,3.23420394425689,1.0,0.8793925735126148
2024-01-18,2.305197615171545,-1.026739524545836,2.472896406991496,1.0,0.7683289077217431
2024-01-19,0.4659868163844898,-0.6857549913596725,1.9354319502378228,1.0,0.6420070614602404
2024-01-20,1.5133674447580763,-0.23449734852178541,2.142305214153317,1.0,0.737530613933908
2024-01-21,0.8444209379138756,-1.3212124964041663,2.0354447096178485,1.0,0.6440923654980131
2024-01-22,2.856010996774698,-0.9863081022724329,2.369934845904601,1.0,0.8033023903871153
2024-01-23,0.2900726599997057,1.176680107288173,1.0783545178362532,1.0,0.6793116657315295
2024-01-24,-0.6432178452648168,0.015405724425790175,0.42136321110217095,1.0,0.5468061558701592
2024-01-25,-0.8225516025153672,1.3408938156381864,-0.22797092002825856,1.0,0.5684347714829581
2024-01-26,-0.7494530826629578,0.4594966361079642,-0.707449113483034,0.8705505632961241,0.5011831017052855
2024-01-27,-0.7537939351864019,-0.2519747759258376,-0.99550898004281,0.7578582832551991,0.44474323181084946
2024-01-28,-0.6535661630438427,-0.6681706949778299,-0.33014215109126244,0.7578582832551991,0.4562624809582387
2024-01-29,-0.4940609788260145,-0.28915868474727957,0.4186083903300156,0.8705505632961241,0.5245505203858816
2024-01-30,-0.443243822161754,-0.86005644468278,0.44054426812674885,1.0,0.5242995355983255
2024-01-31,-0.6340237522438211,-0.5797405494093854,0.3332587205278033,1.0,0.5196845176426144
2024-02-01,-0.38839059884743,-1.0937064060359682,0.3759979691734462,1.0,0.5160694587977875
2024-02-02,-0.7030511012084849,-0.42337869035522013,-0.3355096176677385,1.0,0.4993054938990422
2024-02-03,-0.7528452163057516,-0.22813802846278483,-0.41708390798368966,1.0,0.5014017707942109
2024-02-04,-0.7479683295933314,0.17469370417222385,-0.7238041384405753,1.0,0.5082875444196014
2024-02-05,-0.2445129310890376,0.539508692783555,0.5198804549461127,1.0,0.5985080152915827
2024-02-06,-0.18550754331165495,0.19078005369858916,0.5063028587141537,1.0,0.587458761307136
2024-02-07,-0.2384414780100855,0.03131144811631399,0.7450235116930572,1.0,0.5852426621939426
2024-02-08,-0.27105779692791054,-1.02067352607998,0.26385203468873863,1.0,0.523196484441098
2024-02-09,-0.6662629489295369,-0.7165355608081899,-0.7360927925740052,1.0,0.4761903952852228
2024-02-10,-0.8123942225502223,-0.051327350154270285,-1.4589264391665764,1.0,0.4700708642680047
2024-02-11,-0.6860111416803126,0.7235533978194407,-1.3462216764918005,1.0,0.5145399262473959
2024-02-12,-0.6311790395590936,1.115828520633124,-0.5243569357288964,1.0,0.5619356878648107
2024-02-13,-0.5339154784759408,1.372473100185589,-0.1841111581662271,1.0,0.5904549753371292
2024-02-14,-0.44557225967876934,0.6344709492416049,0.13889331964914095,1.0,0.5763612495614536
2024-02-15,-0.1926478752390092,-1.0097837155234837,0.5719126981268265,1.0,0.5391462434414818
2024-02-16,-0.5492443851833309,0.6166233282612795,-0.1877606411979864,1.0,0.5578176582920651
2024-02-17,-0.6216807928905678,-0.5808580041548644,0.048718374285635344,1.0,0.5109761427770306
2024-02-18,-0.538143401519455,-0.3300906589251332,0.11405808440395751,1.0,0.5291719319236211
2024-02-19,-0.4483430392636572,0.6395917849248544,0.25723097872588124,1.0,0.5803344877118212
2024-02-20,-0.17353858775157951,-0.47834777489237157,0.7277695216651883,1.0,0.5677585875848855
2024-02-21,-0.28349930358175157,-0.3922418835936255,0.4210393534636165,1.0,0.5537912797269361
2024-02-22,-0.49112421092796554,0.2706171065962647,-0.3453729568634318,1.0,0.5420216668175323
2024-02-23,-0.6149497047712007,-0.7707585534402798,-0.8629187234960711,1.0,0.473124455838706
2024-02-24,-0.439062180538269,0.7943947456586614,-0.99150742887563,1.0,0.5457787214040387
2024-02-25,-0.37103064029098193,-0.6498077780249895,-0.8082612140024723,1.0,0.49624725942947756
2024-02-26,-0.23362251454220587,0.48686901514881475,-0.46690583760506454,1.0,0.5641478467415514
2024-02-27,-0.6344586029180834,0.6085377018678463,-1.3497024168559502,1.0,0.513068416821423
2024-02-28,-0.4763668726936269,1.484752563675877,-0.8434688682084224,1.0,0.5769912696999724
2024-02-29,-0.6433034888156401,4.504641294183303,-0.7914531278500476,1.0,0.6307313298172891
2024-03-01,-0.12178807086030162,1.8800935131017849,0.13519527076002294,1.0,0.6497245340138884
2024-03-02,-0.6109793702836628,0.29531362661512744,-0.9094965091614838,1.0,0.5162562261180034
2024-03-03,-0.7007164531444274,-0.30837153112757143,-1.8412549089560464,1.0,0.4540615923615211
2024-03-04,-0.43513861223174566,1.1869598383009115,-1.5203237165200418,1.0,0.5447699618964202
2024-03-05,-0.6378282422909902,0.2684815977817211,-1.337712498516749,1.0,0.49907443380428074
2024-03-06,-0.6310371262576155,1.2464963964648834,-1.077522198685897,1.0,0.5489508014793325
2024-03-07,-0.4508200760297896,1.0422238669368638,-1.0619834947269802,1.0,0.5529718728961506
2024-03-08,-0.5579919629811039,0.47452785127529146,-1.2475444834512877,1.0,0.5159877134893539
2024-03-09,-0.5891923683653459,-1.321079529303144,-1.4045075949804877,1.0,0.43385860855532965
2024-03-10,-0.339962271389327,-0.30894310153126375,-0.8643640884957653,1.0,0.5106510830603834
2024-03-11,0.2935924972736883,-0.444307499392883,0.03138912436993741,1.0,0.5771063248225403
2024-03-12,-0.21804796123691303,-0.3630352196819329,-0.596843140552292,1.0,0.5254422304123821
2024-03-13,-0.31976019128684574,1.6530398844553387,-1.2390815399787847,1.0,0.5812565977672233
2024-03-14,-0.4738798934402152,-0.17196660897481686,-1.41109102910783,1.0,0.48920636409310725
2024-03-15,-0.5803003146473831,0.8754354966553244,-1.5283851327828961,1.0,0.5218436202913831
2024-03-16,-0.6312623516512865,-0.19825035900280935,-1.7709274288392498,1.0,0.46562449730348887
2024-03-17,-0.39496618476225287,1.7265827208469884,-1.7541290063354158,1.0,0.5621389008399605
2024-03-18,-0.22465881422015788,5.0,-0.3983439776610409,1.0,0.6717446131299548
2024-03-19,-0.3146669923274746,4.769154904952425,0.1467890841922359,1.0,0.6839151699845762
2024-03-20,-0.28430831497982456,2.925880101540193,-0.4659396776997899,1.0,0.6624264606421933
2024-03-21,0.31086942386000077,3.7424144219594093,0.15338003165335728,1.0,0.7258372959791121
2024-03-22,-0.06690118858029284,0.2514426502739114,0.0728665940714185,1.0,0.5834455843251074
2024-03-23,-0.4715188186505978,-0.7286369675241107,-0.9521168137292696,1.0,0.4814683113188133
2024-03-24,-0.3308301574677793,-0.5079506353046626,-1.0270018874348237,1.0,0.49754665011662635
2024-03-25,-0.054268337263972004,-0.8685366188030657,-0.23933721025250743,1.0,0.5272151780571905
2024-03-26,-0.4023899968473089,-0.43935382960911074,-0.8020496592012619,1.0,0.5031326020030911
2024-03-27,-0.42849744829782394,0.7486974839711155,-0.9075211865831838,1.0,0.5473785257261687
2024-03-28,-0.3804684183612562,0.3941907099157568,-0.756614693801598,1.0,0.5408395618956863
2024-03-29,-0.280105029817525,-0.7735744249839024,-1.121361251451655,1.0,0.48671535525611387
2024-03-30,-0.4887306105713759,-0.8797652454644915,-1.7610631035951894,1.0,0.4470589706143815
2024-03-31,-0.4553391529559377,-1.1636828860866497,-1.9808309192008555,1.0,0.43012957224263193
2024-04-01,-0.4461473242563332,-0.5095664885473665,-1.1874372253783907,1.0,0.48444366718082454
2024-04-02,-0.3514750558132876,-0.8426643170072211,-0.9784438836789716,1.0,0.4838425202811809
2024-04-03,-0.3807989276042234,-0.7278545669339762,-0.6948075784243012,1.0,0.4961258785899928
2024-04-04,-0.11867656864440779,-0.6165684867591171,-0.5267908104598343,1.0,0.5238381814600818
2024-04-05,0.05105442728486561,-0.649836045483646,-0.5997090989888945,1.0,0.5313368232908761
2024-04-06,-0.06936185606181933,-0.7668124300032744,-0.8111363788545087,1.0,0.511387479050592
2024-04-07,-0.14658909356653285,-0.6571172722101016,-1.4786584552449487,1.0,0.488558892245312
2024-04-08,-0.04347154056955432,-0.6782617235698003,-1.0660261176022887,1.0,0.5083067882265451
2024-04-09,-0.04504603396560315,-0.31369806717106585,-1.2321987377396144,1.0,0.5178528870121782
2024-04-10,-0.1760587669830431,0.20660505955359396,-1.1418718366635718,1.0,0.5338088984604112
2024-04-11,-0.21425836962443934,-0.6878615268185531,-1.0560875078147796,1.0,0.4968522948137717
2024-04-12,-0.12785209621619295,-0.5925984945841637,-1.046647644911064,1.0,0.5068966681475449
2024-04-13,-0.13840087461143746,-0.7987530092739211,-1.301619294714386,1.0,0.48910458981567795
2024-04-14,-0.059226727567577304,-0.0347287048567294,-1.433261743040801,1.0,0.5218291306917711
2024-04-15,0.2833255831376878,1.4678134833862417,-0.44906298897843144,1.0,0.6400785010509916
2024-04-16,0.6530904951980407,-0.19809155480408433,-0.4716920239681466,1.0,0.5945624840974276
2024-04-17,-0.041078569938685625,-0.7473533512219432,-0.6818092469918549,1.0,0.5183947308034448
2024-04-18,0.7324750648990561,-0.3227330646758963,-0.8027566960876732,1.0,0.5836259034288523
2024-04-19,0.44410067588140023,-0.6749216650204772,-0.8043270809555628,1.0,0.5496740729843881
2024-04-20,0.007227441713896324,-1.0279681459703098,-1.5643854429058317,1.0,0.4805036419353025
2024-04-21,0.09064381585129339,-0.8430913814790755,-1.8709202604536899,1.0,0.48355010481333505
2024-04-22,2.0928820259445344,-0.7925330352405338,-0.6349071415065644,1.0,0.6603396872110613
2024-04-23,1.544040391096902,-0.7637107793581301,-0.9667513038220229,1.0,0.6138897001391374
2024-04-24,0.485074651124596,-0.638894816609206,-1.1836858499815968,1.0,0.5412614977168696
2024-04-25,0.7883800083512542,-0.7416707928063546,-1.1293390180840277,1.0,0.5590110835870179
2024-04-26,1.3113650094530527,-0.5110870744851707,-1.156477734541228,1.0,0.6025797813752805
2024-04-27,-1.0250993941700592,-0.3702492969188395,-1.5315759260147213,1.0,0.4401804554832204
2024-04-28,-0.5484128892699821,1.0807476937186162,-0.49540947978927774,1.0,0.5669566452939676
2024-04-29,1.9076749182934531,1.795245240294593,1.4311386959156158,1.0,0.8246848360956921
2024-04-30,1.251545718694748,1.3294989163466004,0.9766440188029307,1.0,0.7463869700541893
2024-05-01,-0.4355464077869774,0.9011731433774954,0.9030161994178033,1.0,0.6136129937688573
2024-05-02,1.1863536207331151,1.5164569852994954,1.7983241988741665,1.0,0.7772200890654922
2024-05-03,-0.15559664237338464,1.451849725235702,1.0631264471799209,1.0,0.6605581772992594
2024-05-04,-0.16438242744979453,-0.6477968264266989,-0.9651965614161235,1.0,0.5048764183550305
2024-05-05,-0.3196123927255346,-0.3068412713591697,-1.1176077383870293,1.0,0.5036538628987647
2024-05-06,0.5282035611963458,-0.2565002692055628,-0.2309902426184324,1.0,0.5918263847755768
2024-05-07,0.9198028319911411,-0.17422382267902295,0.7408929573433695,1.0,0.6537572947658957
2024-05-08,2.7336503426385663,0.8601387091883455,1.9126700680582922,1.0,0.8568381379940285
2024-05-09,0.6874918864184821,0.5749566330629553,1.0940301735209768,1.0,0.6812569912562212
2024-05-10,-0.4890545879141195,-0.5431811010640422,-0.5715875860481962,1.0,0.5007108953931171
2024-05-11,-0.46568427311151517,-0.7256827894788983,-1.4778089719277963,1.0,0.4644572998333517
2024-05-12,-0.43697323566900886,-0.31584177047432926,-1.6791221677056734,1.0,0.47673763826211324
2024-05-13,0.06689731486708421,1.2097493573902698,-0.22251482453153032,1.0,0.6224488833980159
2024-05-14,0.2666286930638423,3.414741981541179,-0.31836569047658164,1.0,0.7071630565217034
2024-05-15,-0.7650615691309366,2.8867798973331733,-0.5292875518489671,1.0,0.6266354727185209
2024-05-16,-0.27938807299220353,4.954127434703883,0.25211225717122937,1.0,0.6897778703728942
2024-05-17,0.05666638471913178,2.4911931172614032,-0.0015861940491848315,1.0,0.6825245990655278
2024-05-18,-1.086307013711405,5.0,-0.3927574393959994,1.0,0.6144876177727064
2024-05-19,-0.8987361829423827,4.315722910203428,0.5577869364851381,1.0,0.6586771523533458
2024-05-20,1.8045845299504677,2.156341169594966,2.4394554140891485,1.0,0.8664683645327932
2024-05-21,2.4918043922103132,0.8425572886976077,3.666313588639578,1.0,0.8762268465097546
2024-05-22,3.748184109042609,0.4615494362303382,3.3225065880116165,1.0,0.8942312265095974
2024-05-23,2.7989731674483926,0.751192711811457,2.434369707393596,1.0,0.8740435644018235
2024-05-24,2.717014588529676,0.42107603316714703,2.3298322474646422,1.0,0.8513402155327643
2024-05-25,-0.26154531341817133,2.633981434748517,1.4909188027203044,1.0,0.717010165643987
2024-05-26,0.18729750565520742,2.4908412411865015,1.0595202991002868,1.0,0.726588895396461
2024-05-27,-1.2609075752154495,2.8430372447855152,0.4530582884159362,1.0,0.6245013231322311
2024-05-28,0.045665721231363546,1.6013165001428693,1.152365392086277,1.0,0.6831780819909197
2024-05-29,-1.1858892854847822,0.28795073257526843,0.3964899167990089,1.0,0.5211549920516176
2024-05-30,-1.3810837800090323,-0.09635601161494485,-0.14712095746680404,1.0,0.47400888226654836
2024-05-31,-1.5117641659978736,-0.11261502094743672,-0.44498520633933103,1.0,0.4546905895160209
2024-06-01,-1.5117641659978736,-0.11261502094743672,-0.44498520633933103,1.0,0.4546905895160209
2024-06-02,-1.5117641659978736,-0.11261502094743672,-0.44498520633933103,1.0,0.4546905895160209
2024-06-03,-1.5117641659978736,-0.11261502094743672,-0.44498520633933103,1.0,0.4546905895160209
2024-06-04,-1.5117641659978736,-0.11261502094743672,-0.44498520633933103,1.0,0.4546905895160209
2024-06-05,-1.5117641659978736,-0.11261502094743672,-0.44498520633933103,1.0,0.4546905895160209
2024-06-06,-1.5117641659978736,-0.11261502094743672,-0.44498520633933103,1.0,0.4546905895160209
2024-06-07,-1.5117641659978736,-0.11261502094743672,-0.44498520633933103,1.0,0.4546905895160209
2024-06-08,-1.5117641659978736,-0.11261502094743672,-0.44498520633933103,1.0,0.4546905895160209
2024-06-09,-1.5117641659978736,-0.11261502094743672,-0.44498520633933103,1.0,0.4546905895160209
2024-06-10,-1.5117641659978736,-0.11261502094743672,-0.44498520633933103,1.0,0.4546905895160209
2024-06-11,,,,,
2024-06-12,,,,,
2024-06-13,,,,,
2024-06-14,,,,,
2024-06-15,,,,,
2024-06-16,,,,,
2024-06-17,,,,,
2024-06-18,,,,,
2024-06-19,,,,,
2024-06-20,,,,,
2024-06-21,,,,,
2024-06-22,,,,,
2024-06-23,,,,,
2024-06-24,,,,,
2024-06-25,,,,,
2024-06-26,,,,,
2024-06-27,,,,,
2024-06-28,,,,,
2024-06-29,,,,,
2024-06-30,,,,,
2024-07-01,-0.05287360784764076,-0.7315586626861117,1.6073132473791427,0.37892914162759955,0.501409961355014
2024-07-02,1.0862296624307572,-0.5762699019609079,2.810157186513614,0.4352752816480621,0.6323672633780091
2024-07-03,1.5152021749059088,-0.3712429016994199,3.5948530430108887,0.5,0.6855450240895847
2024-07-04,1.278986654038832,-0.1895273280860458,2.7161054094211954,0.5743491774985175,0.6790580285378209
2024-07-05,3.01010887129735,-0.5440246634645012,3.455564332839857,0.6597539553864472,0.8012953989969462
2024-07-06,1.7580397514653738,-0.3367702398096627,3.062055902877787,0.7578582832551991,0.741849299260569
2024-07-07,2.7079520481075074,-0.41910306897908106,2.8716470398522964,0.8705505632961241,0.8143716611558673
2024-07-08,5.0,-0.5180810871030874,3.619988149042792,1.0,0.8534132880373714
2024-07-09,5.0,-0.46300682620794453,3.2257767414558978,1.0,0.8557080489080023
2024-07-10,4.284005172549163,-0.5845874091966152,2.7395151882912274,1.0,0.8419593642265154
2024-07-11,1.9939067008659026,-0.43015585052705513,2.220157683341017,1.0,0.7640092090638002
2024-07-12,0.7773985631551145,-0.3491466134146465,1.8032915449406468,0.8705505632961241,0.6529710979771709
2024-07-13,0.9540630500935353,-0.1389072501042494,2.3422012453040075,0.7578582832551991,0.6745685185836388
2024-07-14,1.7096415017537325,-0.4753857527100798,2.0320196670236714,0.8705505632961241,0.7174849338158699
2024-07-15,5.0,-0.34667014941803775,2.931193088813937,1.0,0.8582618467347131
2024-07-16,5.0,-0.3616557474655116,2.8165738870832953,1.0,0.8538168067583803
2024-07-17,0.9632199742860211,-0.1348291666544306,2.179251186307364,1.0,0.7062384892187124
2024-07-18,-0.08738288147071208,-0.04368113250055849,1.2630345538952046,1.0,0.6094555791776027
2024-07-19,-0.21449325971155836,-0.20204737192809466,1.0838262614569127,1.0,0.5884093509041226
2024-07-20,-0.3713218786534221,-0.2403821062357218,0.5512465980199718,1.0,0.5586041735972825
2024-07-21,0.06918764236984344,-0.25766814738704247,1.1305071712244064,1.0,0.6065599090576763
2024-07-22,0.3000525595424634,-0.4067550556871264,0.9941498972977697,1.0,0.6111937065591263
2024-07-23,0.9431496351976884,-0.40472313742623156,1.5053428559638051,1.0,0.6711912734858798
2024-07-24,0.2782104887080668,-0.2143529071497261,1.1756155476473797,1.0,0.6238031797042118
2024-07-25,-0.279737798471463,0.027713529590878586,1.0210425699429213,1.0,0.5915402961662865
2024-07-26,-0.1858068212718669,-0.3311946962479333,0.8225548885463254,1.0,0.5762315958564226
2024-07-27,-0.40393251211233666,-0.3318029931609727,0.8345939112223407,1.0,0.5620658381848818
2024-07-28,-0.17446211501509523,-0.41351877744643384,1.004352221688509,1.0,0.5796176506616759
2024-07-29,-0.03299274407088625,-0.1681871840915465,1.4738787949826027,1.0,0.6149219775575465
2024-07-30,0.3670032101943932,-0.25852653713443263,1.5485804468265516,1.0,0.6403142898599099
2024-07-31,-0.4283959229914965,0.10764932777149991,0.9944521252990115,1.0,0.5840740646343465
2024-08-01,2.4152519873805534,-0.19199204038607393,2.0196305817752367,1.0,0.7953381502017918
2024-08-02,1.1778605160610773,0.08264794852665182,1.6719849770542459,0.8705505632961241,0.6932831159889091
2024-08-03,0.018506136119169642,-0.05754233919988366,1.1368420463935531,1.0,0.611730879821068
2024-08-04,-0.1755278522710185,-0.1816594562283719,0.9796791013242717,1.0,0.588384969216559
2024-08-05,1.4746873490978023,-0.4943066131408755,1.735635007073313,1.0,0.7105708812947608
2024-08-06,0.6401366142224763,-0.4873135675513885,1.4213212667210127,1.0,0.6447484178575577
2024-08-07,-0.4922109037107569,-0.02351770618585805,0.5422765833926261,1.0,0.559281921441293
2024-08-08,-0.4528889701767783,-0.2702262936397117,0.41444003876373176,1.0,0.5473626410453512
2024-08-09,-0.4796768210192483,-0.5705315166032223,0.4694615847543774,1.0,0.5348981182320618
2024-08-10,-0.3579542708471563,-0.667587763201219,0.14513793826927818,1.0,0.5281581564191148
2024-08-11,-0.484333985801789,-0.6227615570479609,-0.17855037099939994,1.0,0.5108109903695691
2024-08-12,-0.5011040680624432,-0.07021127829152825,0.23800999366593142,1.0,0.5466012586558878
2024-08-13,-0.29280229248025114,-0.536414807717238,0.4433288970147084,1.0,0.5479068600802552
2024-08-14,-0.07187944441239082,-0.49290055138962086,0.704575921778658,1.0,0.5731563781238951
2024-08-15,0.25631858502200855,-0.5095672874141935,0.5434971273911349,1.0,0.5889725062722471
2024-08-16,0.08482427065633258,-0.5538814492081795,0.7478514954615733,0.8705505632961241,0.5630875253365525
2024-08-17,-0.560595373303927,-0.2609361521208514,0.16716132900728511,1.0,0.5323266797416123
2024-08-18,-0.5261026891848062,-0.33450638486840983,0.1608172576661558,1.0,0.5313492966070344
2024-08-19,-0.5262372169557735,-0.46463039628666347,0.06304710769868091,1.0,0.5226594892809602
2024-08-20,-0.6358301063728379,-0.6679864551239013,-0.484441391562248,1.0,0.48863051089290666
2024-08-21,-0.684610449021238,-0.4187684060939278,-0.9721357928509687,1.0,0.47950609338297145
2024-08-22,-0.6776956377330629,-0.3472391417428242,-0.6814938191518141,1.0,0.4926355326067844
2024-08-23,-0.4418117258036081,-0.3778048929286137,-0.22536771986528112,1.0,0.5222917570788912
2024-08-24,-0.3169645846122166,-0.5286502810155794,0.010562760485990566,1.0,0.5321940246664028
2024-08-25,0.028617743694150752,-0.5746101728378697,0.5762656376639561,1.0,0.5721746136334973
2024-08-26,0.34521172079859613,-0.3132168086937836,1.3226225992395932,1.0,0.6290508343323186
2024-08-27,0.5048502263407965,0.661349839859989,1.5920987652203622,1.0,0.6892828839242314
2024-08-28,3.1407089946971114,-0.2028588170396676,1.6399746048856485,1.0,0.8212133694528688
2024-08-29,-0.3040315477467729,0.678211246692365,1.1468857068393992,1.0,0.6212195556570436
2024-08-30,-0.6937027340752727,1.2558926163544022,0.36465877440424904,1.0,0.5932373025565569
2024-08-31,-0.7981917109479854,0.811215771840442,-0.3226884598221173,1.0,0.5448315944360822
2024-09-01,-0.4965974783748798,-0.8676239686646223,-0.22201926617674672,1.0,0.4983418605414238
2024-09-02,-0.6062915847380721,-0.9117799675605122,-0.7946457364428849,1.0,0.47010153782101105
2024-09-03,-0.5312321577783489,-0.8506614597108346,-1.0952427782783147,1.0,0.46763220271754813
2024-09-04,-0.49427864497327567,-0.5216544128158183,-0.7916911399393491,1.0,0.4939227851364776
2024-09-05,-0.2980174267652202,-0.652335794128927,-0.34645363113759803,1.0,0.5164030590890267
2024-09-06,-0.5259331167914874,-0.7374619301133741,-0.7575036611052988,1.0,0.48396008975566696
2024-09-07,-0.748933360263758,-0.7506725880378394,-1.2960270979109625,1.0,0.4505921815504741
2024-09-08,-0.626474298655891,-0.7296858182928602,-2.0778428169788508,1.0,0.43357004376144304
2024-09-09,-0.5114968413217822,-0.6029313845268229,-1.3598600078503178,1.0,0.47044940262825297
2024-09-10,-0.3131227119575723,-0.3906469804743539,-0.7249282603660027,1.0,0.5136839196708637
2024-09-11,-0.22047827459629651,0.08285311055312507,-0.3313748225654744,1.0,0.5527078338811113
2024-09-12,0.1359582942672934,-0.39370593168404217,-0.3234736344928454,1.0,0.556877017981223
2024-09-13,-0.2872517364881104,-0.6669598422210998,-0.38131069010048235,1.0,0.5153495344715641
2024-09-14,-0.32231993410387133,-0.6327689995916641,-0.4585962607924466,1.0,0.5118600873836743
2024-09-15,-0.17607806728332828,-0.49903097553611625,-0.6255077423524218,1.0,0.5216182467886926
2024-09-16,-0.1732898364310356,-0.08954167061279844,-0.7764575417683421,1.0,0.5338345232367864
2024-09-17,-0.2869434878234255,-0.5114459726378565,-0.9133786418592961,1.0,0.504114230556551
2024-09-18,-0.5212507229632515,-0.23318333402097224,-0.6770707139881063,1.0,0.5079649557519725
2024-09-19,-0.3010348798038246,-0.12996884869757844,-0.07937518857351197,1.0,0.5468697996982289
2024-09-20,-0.25696028270226995,0.5931758254211051,-0.06672002613188056,1.0,0.5803609730079987
2024-09-21,-0.21507820231333225,-0.046317329583581014,-0.5613587431118359,1.0,0.5400196063427342
2024-09-22,-0.22293286591995165,-0.3723531503270731,-1.2335409546307916,1.0,0.5035050625206822
2024-09-23,-0.6133375707392088,1.3554187382071252,-1.5459083907877833,1.0,0.5390563296830903
2024-09-24,-0.5218578789896088,1.6746978959504217,-1.6774327096408703,1.0,0.5540741300772647
2024-09-25,-0.38069706777379664,2.304103643676732,-1.475519090217584,1.0,0.5964405442943579
2024-09-26,-0.5345324463645643,2.3980425245923764,-1.2232196355350986,1.0,0.5985089542492081
2024-09-27,-0.7405905098981429,3.882583446635498,-1.3404087183879076,1.0,0.6059470087271935
2024-09-28,-0.7668322084210905,3.6270714802899198,-1.7925469740329951,1.0,0.5891262869708275
2024-09-29,-0.7311313536150296,2.5157448561919518,-1.8751134449169982,1.0,0.568576830603096
2024-09-30,-0.8410997622446679,2.590917152931184,-1.8875070731161634,1.0,0.5639646614519492
2024-10-01,-0.634187049179873,3.5659066354698408,-1.5937274502904428,1.0,0.6045966150449937
2024-10-02,-0.6908056272898958,2.5490119666387137,-1.643709750549475,1.0,0.5803647984389709
2024-10-03,-0.5017790953622769,1.6661286030247606,-1.3654115305401193,1.0,0.5654563677505426
2024-10-04,-0.5303781167636226,2.2469569938717115,-1.400356118265206,1.0,0.5865861296849063
2024-10-05,-0.48363430809490005,0.29981297958622244,-1.599988889688595,1.0,0.5019169572868127
2024-10-06,-0.34532300520680037,-0.12105018563998354,-1.4891040627077998,1.0,0.4972979064942873
2024-10-07,-0.07392067796585995,-0.2157091698538902,-1.5812629042671988,1.0,0.5083753092494573
2024-10-08,-0.32094742582119,0.5993270937896327,-1.6782489392141886,1.0,0.5226338358793491
2024-10-09,-0.10468044573482646,0.3108691883381029,-1.6698272683046114,1.0,0.5253132775216122
2024-10-10,-0.22150029676121363,-0.315835485066073,-1.6518337557198095,1.0,0.49201237648083906
2024-10-11,-0.1979079803289669,0.5536713681900401,-1.688866729623576,1.0,0.528580217331868
2024-10-12,-0.3401674094952813,0.5317131028325361,-1.7552631887565238,1.0,0.5159681123597861
2024-10-13,-0.09379564756663153,0.4402510206535018,-1.6060434598180053,1.0,0.533555967362187
2024-10-14,-0.03620360382202442,0.30428495701510544,-1.4807750684289038,1.0,0.5359057973398643
2024-10-15,-0.02121144173518298,0.8916077535622918,-1.2994569978782984,1.0,0.5674209936868068
2024-10-16,0.3245712157641334,1.2597397048867733,-1.2727597553843362,1.0,0.6067019102417466
2024-10-17,0.6366401874038712,1.2088392740075986,-1.1499557984685675,1.0,0.6294791222949557
2024-10-18,0.3807042742316582,1.5794364840631914,-1.2260920243984206,1.0,0.6253204043047963
2024-10-19,-0.34389999313617015,1.1611323497508852,-1.5769558760498916,1.0,0.5478886524955459
2024-10-20,-0.23639573389256308,0.40260488665435934,-1.554158147556877,1.0,0.5242102164325316
2024-10-21,0.33130369222603206,0.5847530232406827,-1.076490045688826,1.0,0.5855686205938031
2024-10-22,0.18993167062725078,0.10205576071461567,-1.0084958310610752,1.0,0.5582979070362232
2024-10-23,-0.2710056353591873,1.0599263110105372,-1.065232694539095,1.0,0.5655887974501902
2024-10-24,-0.14809601863286626,0.9124127871907199,-1.1828190486712227,1.0,0.5637168299350482
2024-10-25,-0.056093981666704984,0.24056885049368393,-1.1882000507528934,1.0,0.5416774349676934
2024-10-26,-0.1930566031980116,-1.2498409786226243,-1.4153782151042076,1.0,0.462873578507383
2024-10-27,-0.05247996331046464,-1.3891919689228023,-1.338643772221029,1.0,0.46899687800015133
2024-10-28,0.9757129740224557,-0.8288911852664489,-0.8024005111841568,1.0,0.5787637151759231
2024-10-29,0.02690544423115307,-0.6851310894332807,-0.8721930988696571,1.0,0.519173464260035
2024-10-30,-0.2612407677778889,-0.4404954595913699,-0.7877895659478342,1.0,0.5129703191335726
2024-10-31,-1.00159971957161,-0.573859821480708,-0.8937709768364783,1.0,0.4545234935723139
2024-11-01,0.03386596612953058,-0.5242469877011208,-1.0558077110780448,1.0,0.5202205162184872
2024-11-02,-0.2806457227352638,-0.9806707197901953,-1.2054167218648855,1.0,0.47524844776422814
2024-11-03,-0.22882904637586923,-1.1479051946230778,-1.2102539066083258,1.0,0.4715735502453696
2024-11-04,0.2094954136886319,-0.8858128543075986,-0.7969683167024433,1.0,0.5254918814263441
2024-11-05,0.6020036949321543,-1.2033713953254026,-0.6521613616816938,1.0,0.5432543928008621
2024-11-06,1.31547704721589,-1.0347241757783083,-0.5230439353906092,1.0,0.6021501646439429
2024-11-07,0.6508433837305134,-0.7416883010455029,-0.6617342303779941,1.0,0.5654280720258718
2024-11-08,0.14867399304397977,-0.6464871802283909,-0.8374164464326175,1.0,0.5300607521456618
2024-11-09,-0.22737485374236602,-1.3194524198334079,-1.1213095897246084,1.0,0.4674875059332967
2024-11-10,-0.2604587093258609,-1.302336943404194,-1.0454794263899896,1.0,0.4685227325234349
2024-11-11,0.49294244799657627,-1.1627665266382194,-0.7206511312216056,1.0,0.5353925202157924
2024-11-12,0.6971966994489157,-0.7642558274403953,-0.5207494842573526,1.0,0.5722774710113328
2024-11-13,1.1453741277292224,-0.43274370306798726,-0.31519601251103807,1.0,0.6228207538037475
2024-11-14,0.19943575809431782,-0.7899286302514213,-0.24249620138368388,1.0,0.5472988175663558
2024-11-15,-0.1564888920398938,-0.7100722639687481,-0.38461955113921364,1.0,0.5221604111606688
2024-11-16,-0.6896493147811011,-1.2189385673614996,-0.7219488581834004,1.0,0.45416931010175077
2024-11-17,-0.43896143170162866,-0.5890844130076198,-0.862223271431149,1.0,0.49244994496353567
2024-11-18,-0.24039402295718462,-0.8104191984133582,-0.5797180157118625,1.0,0.5058823313452357
2024-11-19,0.10081117934807225,-0.8913001282776212,-0.5134589116498147,1.0,0.5274679428899768
2024-11-20,-0.5589429845658652,-0.9400780990979529,-0.4029073281156743,1.0,0.48513696929600514
2024-11-21,-0.25309362372515715,0.04011063732869002,0.27084092977773927,1.0,0.5688263992996097
2024-11-22,0.2320058878460164,-0.051171810378426524,0.342563154607862,1.0,0.5997536722442287
2024-11-23,0.12389380854039636,-1.1426360520801893,0.11473430166778986,1.0,0.5394742284549449
2024-11-24,-0.11342799496129329,-1.0404761873578185,-0.5191980159121232,1.0,0.5067783586656006
2024-11-25,0.11596463548937401,-0.9504272605241854,-0.09814715094684705,1.0,0.539858268145889
2024-11-26,0.5136687041611854,-0.90086758976513,-0.12260924867102897,1.0,0.5676214557481644
2024-11-27,0.05285374870829141,-0.6926380230012963,-0.033927396137552954,1.0,0.5485327524175803
2024-11-28,-0.6231511599022705,-0.5744794603402434,-0.20898289150438373,1.0,0.5025538487755257
2024-11-29,-0.40309934265310304,-0.8252456945920896,0.5325515222466951,1.0,0.5314931906233459
2024-11-30,-1.0209666926545693,-0.8875222054019133,0.5090086603137767,1.0,0.4869224172750749
2024-12-01,0.1671451897925228,-0.14550887041048016,1.135522052850669,0.8705505632961241,0.5985134626418391
2024-12-02,2.263413680112324,2.1074443304906403,2.0622670298688837,1.0,0.8824466601068944
2024-12-03,1.7633125596048687,1.8439701300681224,2.094391971808709,1.0,0.8391993251201201
2024-12-04,1.8562315867944648,1.2159456145177714,2.3958571308024212,1.0,0.8292750774179521
2024-12-05,1.1695663864617512,0.41363196926538803,2.412291567763935,1.0,0.7506154767423058
2024-12-06,1.0770073029081473,1.6657699286824024,2.292258050308136,1.0,0.7926161688992478
2024-12-07,0.16827607017401644,-0.03563080450693983,1.769942742455703,1.0,0.6437318792390021
2024-12-08,-0.9407032124643699,-0.8751440061478191,0.7159661031579201,1.0,0.49968765568481355
2024-12-09,-0.8385405658900362,-0.7595297879876824,0.3262253592139248,1.0,0.49832439974830833
2024-12-10,-1.0417413420084627,-0.5180091274291097,0.39083851319458707,1.0,0.4969948139963758
2024-12-11,0.0747526717775653,-0.24856009431608217,1.0418672014117745,1.0,0.6043557475690601
2024-12-12,1.7913018902254332,-0.06495302916100387,1.9142422321637484,1.0,0.7555218242054454
2024-12-13,2.603915477002541,-0.06260057903284325,2.013025875970175,1.0,0.8130868702061401
2024-12-14,-0.49402789604957076,-0.735793836870872,1.477202561483099,1.0,0.5606468157765123
2024-12-15,-0.3419488646210862,-0.6682512936916503,0.8084271862582845,1.0,0.5513071779967184
2024-12-16,-0.20889699640509,-0.7640390360908812,0.7654081843009612,1.0,0.5547521798792393
2024-12-17,0.05269538418694665,0.3521039709779305,0.5876214803092583,1.0,0.6127714070801854
2024-12-18,-0.9245783285004007,-0.36697466265598594,0.7577842856709113,1.0,0.523330310011671
2024-12-19,-0.7857623490752722,0.40549709708932785,1.2491525910808097,1.0,0.5811499754763975
2024-12-20,-0.9226045999193612,0.1585389727481447,1.4962620379380724,1.0,0.5699742184678177
2024-12-21,1.2188987394380144,0.05243581820128039,1.676875876048886,1.0,0.7143406042558839
2024-12-22,3.8051157475727506,-0.7375695399808735,1.973267254901393,1.0,0.8100435109975102
2024-12-23,5.0,-0.3985813417639961,2.4657760015688166,1.0,0.8405849774787941
2024-12-24,1.2940602862021513,-0.8366877651424112,1.5417902949105409,1.0,0.6778017053628944
2024-12-25,-0.8138351776698225,-0.9955211208503914,-0.02838679923962914,1.0,0.4783180481452579
2024-12-26,-0.5042047971296698,-1.1676976432346151,0.6894330520957324,1.0,0.5157133801264374
2024-12-27,-0.6470304789292424,-1.2275978636927063,0.6129694441671015,1.0,0.5011470385564245
2024-12-28,-0.7860048374762739,-1.154372758910782,0.14756206632678645,1.0,0.479419548091192
2024-12-29,-1.137321113384873,-1.0697419722199528,-0.7157553156308782,1.0,0.43074749974414783
2024-12-30,-0.5011494684810168,-1.0866469390557285,-0.19448000120910816,1.0,0.48983041293363994
2024-12-31,-1.1718406803318437,-1.2302686331580288,-0.2577677749428114,1.0,0.4370238357648655
2025-01-01,-1.0612687005770831,-1.0588394617727532,0.3168066245609108,0.8705505632961241,0.45127324770077876
2025-01-02,0.25634594186326315,-0.8552847188311921,1.411303573142183,1.0,0.6034963186109906
2025-01-03,-0.2761620456010291,-1.1271962706923309,1.701343489670468,1.0,0.5663341353367666
2025-01-04,0.4770294614073612,-0.9303539456614914,1.7978036768764578,1.0,0.6279640055871438
2025-01-05,-0.04595551163726554,-0.8806244293040519,1.7157034464959882,1.0,0.5924337295530464
2025-01-06,1.1057420070737718,-0.9024721930096888,2.1700934431778274,1.0,0.6834495738687755
2025-01-07,2.8429976673553203,-0.8491565014977617,2.2100293789233474,1.0,0.8028193028920595
2025-01-08,4.478971112324059,-0.5785289272845902,2.2935694613226825,1.0,0.8273469434072316
2025-01-09,3.7030194790772955,-0.8769848074467581,2.3572473847369606,1.0,0.8170338791809505
2025-01-10,2.352164823116597,-0.8256583597177998,2.1073367596031165,1.0,0.7676531152063021
2025-01-11,0.08241051254731874,-1.0171014153221016,1.424580632078372,1.0,0.5856008296006795
2025-01-12,0.13711354729852568,-0.8900242379715887,0.9453763510246939,1.0,0.5785691049385754
2025-01-13,1.215174263362683,-0.8945130719494198,1.3081559368270972,1.0,0.6623454374538563
2025-01-14,1.7243316842573049,-0.4693505021951213,1.841956539885946,1.0,0.7317977260218885
2025-01-15,1.8839685656343121,-0.31760020574959746,2.2788470996460712,1.0,0.7633261324575901
2025-01-16,1.8617586861187823,-0.611788836528459,1.9530694668191315,1.0,0.7387283597798708
2025-01-17,1.0645991306382054,-0.7775878689855591,1.2596503738199942,1.0,0.6555621266288153
2025-01-18,0.08705428224709309,-0.8876595036571048,0.47244672055175635,1.0,0.5595660301824854
2025-01-19,5.0,-0.6089910487151723,1.0560242975483523,1.0,0.7848261828884796
2025-01-20,5.0,-0.42357383369332396,2.2865619414352434,1.0,0.8335698216439531
2025-01-21,5.0,-0.10552407247024655,2.640070062910532,1.0,0.8586054990774241
2025-01-22,4.717622042078514,-0.47225123005586267,2.813953773635581,1.0,0.8491213245355252
2025-01-23,2.642858368697587,-0.5841436679155894,2.3662834659326735,1.0,0.8057273539477787
2025-01-24,1.31890816188003,-0.5039554802442602,1.6649615381600207,1.0,0.6974277837204919
2025-01-25,0.6240147152026069,-0.8216641363307267,1.060611803389574,1.0,0.6177187021127127
2025-01-26,-0.35065298808255674,-0.942292832723391,0.3238218611378497,1.0,0.5231549948022833
2025-01-27,0.08358078494064697,-0.8195390522099825,0.843753056777899,1.0,0.5745496937132238
2025-01-28,0.26615231794902944,-0.7412121169329101,0.3453713381739285,1.0,0.5733720275968617
2025-01-29,-0.24768549633923526,-0.74101674235597,0.04550839551597751,1.0,0.5291288824964182
2025-01-30,-0.14850297955144243,-0.7157739377309468,0.3532414064901642,1.0,0.5470506008407866
2025-01-31,-0.6079597334132033,-0.7473931459626099,-0.21702418097649007,1.0,0.49609383065812807
2025-02-01,-0.5519878592949471,-0.04331699925539233,-0.4115948296635641,1.0,0.52267610675591
2025-02-02,-0.3928616373253347,-0.38815811807604045,-0.18774947065538913,1.0,0.526377653569963
2025-02-03,-0.22690700825793503,-0.1719294713489698,-0.01639369309174826,1.0,0.5521626817068723
2025-02-04,-0.36675988908196167,1.0531925297027784,-0.28731919903996445,1.0,0.5848550561641528
2025-02-05,-0.2868706768099588,-0.3542898913136748,0.30466030199300415,1.0,0.5512685528076997
2025-02-06,-0.41922277600255264,-0.34316804550479174,0.21213268840053393,1.0,0.5398242359838147
2025-02-07,-0.1350414239772398,-0.12030471013396873,-0.21187117099838954,1.0,0.5539221697793223
2025-02-08,-0.3311084486303656,-0.4601825302312525,-0.17510909917831374,1.0,0.5279148613590631
2025-02-09,-0.35834170274127425,-0.5458651871746675,-0.2925069924729677,1.0,0.518615937269205
2025-02-10,0.2283022365436491,-0.24377817806289806,0.08743947195667531,1.0,0.5829773740821784
2025-02-11,-0.11999275703718375,-0.7111102149999291,0.7077168357660081,1.0,0.5609614517647243
2025-02-12,-0.2021268852404429,-0.6001171316021624,0.6027998465467869,1.0,0.5566133220521066
2025-02-13,-0.3114666740948966,-0.02298609078006538,0.33959864257577216,1.0,0.5645977560303633
2025-02-14,0.06815404406564328,0.21540540767672953,0.6130172949505882,1.0,0.6089527380892595
2025-02-15,-0.39657719584588924,-0.45083272150198017,-0.04753285237455575,1.0,0.5281923951352063
2025-02-16,-0.46567836721918565,-0.7470557078403226,-0.5740605084097148,1.0,0.4936921040783837
2025-02-17,0.16190415585408083,-0.14430793241631798,0.6543254669511266,1.0,0.6015916287712965
2025-02-18,0.7330720838664736,-0.5013740778473516,1.1656552326720828,1.0,0.6418360601031947
2025-02-19,1.2997183912510328,-0.531188347475958,1.526342126306917,1.0,0.6903931158154678
2025-02-20,1.4695099433929095,-0.410890367476221,1.4242604192698147,1.0,0.7033222448903452
2025-02-21,1.3253751552702768,0.6041968043105876,1.411109693653554,1.0,0.7355702003194114
2025-02-22,0.06089190561902331,-0.5767078438939721,0.3640018469038984,1.0,0.5671633617758159
2025-02-23,-0.41346290220255083,-0.5107733875429241,-0.6755672300441214,1.0,0.5036346743707374
2025-02-24,-0.009279985073936778,-0.5028343958576101,-0.2135994628486836,1.0,0.5463099190727143
2025-02-25,-0.17805520793104812,0.21566274709994812,-1.086046748160906,1.0,0.5359140423283978
2025-02-26,-0.38054242882070743,0.2069299203718827,-1.0215435324558242,1.0,0.5242011336789205
2025-02-27,-0.5080703167135743,-0.2536433194792393,-1.5612830645762563,1.0,0.4785174050882516
2025-02-28,-0.5604810467892304,-0.09322878907158737,-1.4729544819882598,1.0,0.48465158126979313
2025-03-01,-0.4945639449624112,0.27537612226730684,-1.559468888574774,1.0,0.5015207791444846
2025-03-02,0.07393166558172723,1.0224918800033462,-0.8774571712883009,1.0,0.5932840336626446
2025-03-03,0.5577021143519232,0.04776763727876606,0.2218473275970943,1.0,0.6215653700966467
2025-03-04,-0.13492378063466257,-0.6173502626246637,-0.5771461290932624,1.0,0.5210439493785528
2025-03-05,-0.5768960540214405,-0.31109789297953827,-1.349259218939754,1.0,0.4786025435597647
2025-03-06,-0.3739287346666661,0.8620901137721113,-0.6102624996258618,1.0,0.5656497557751982
2025-03-07,0.01125767321976932,1.9731310943745037,-0.4745078680894699,1.0,0.6421473782106065
2025-03-08,-0.3220451368936814,0.1826837060436172,-1.2179881794944172,1.0,0.5205425393090913
2025-03-09,-0.3767375287364304,0.15237265414865797,-1.6079149779638666,1.0,0.5026358594083031
2025-03-10,0.41747002440824527,0.6574523587088956,-0.9921679086785868,1.0,0.5971529196174675
2025-03-11,-0.20225149571067358,-0.2889911570276526,-1.2306241096495574,1.0,0.508454465088151
2025-03-12,0.11863123694966651,1.039906150518715,-1.6049267806651029,1.0,0.5727406127127542
2025-03-13,-0.027812907745017365,0.27071944440083334,-1.399559026868819,1.0,0.5377738154380729
2025-03-14,-0.1145005599281549,-0.2880169164626742,-1.4792771262716111,1.0,0.5060566869431246
2025-03-15,-0.6554921561262654,-0.5052674402053533,-1.900750286563054,1.0,0.4468893700309241
2025-03-16,-0.47279639695223014,0.438571152614223,-2.0654731185973016,1.0,0.49290493427553395
2025-03-17,-0.2419552321778161,1.0812231036728814,-1.4869699225411972,1.0,0.5543549497564758
2025-03-18,0.4362531182887587,-0.23999430647828604,-0.7171532226218889,1.0,0.5701786710285924
2025-03-19,-0.13609271953845153,-0.2019108844134442,-1.3454677253276308,1.0,0.5126652743359553
2025-03-20,-0.3167882319236517,0.6825153465285132,-1.468342352834459,1.0,0.5333741788826293
2025-03-21,0.0360380600569899,1.919476143142236,-0.9504738844776263,1.0,0.6256982471521383
2025-03-22,-0.5333580313496288,0.6233351969343666,-1.620378195945683,1.0,0.5114024912507673
2025-03-23,-0.6323601328240432,0.41263857262709924,-1.6200972752907077,1.0,0.49603268916150267
2025-03-24,-0.3890820128381555,-0.22120544242278767,-1.1304566322478313,1.0,0.5021624179682458
2025-03-25,-0.03156789039239815,2.574633739385551,-1.1629922880857229,1.0,0.641405470178714
2025-03-26,-0.18921665635850113,3.3752828807069153,-0.9375046592614777,1.0,0.6561354009340508
2025-03-27,-0.15337239437586483,4.201693910459202,-0.5718499806583572,1.0,0.6707135076863304
2025-03-28,-0.5499469099850868,0.6956502735338482,-1.3572377836968499,1.0,0.5220810412750095
2025-03-29,-0.30234056941312104,-0.20277567340844357,-1.7643842237789045,1.0,0.48758216818781
2025-03-30,-0.4457207974544742,-0.5551296789736994,-1.8298816804119002,1.0,0.46115882086540094
2025-03-31,-0.6780181587371487,-0.3604396548231688,-1.7321388262207331,1.0,0.4570425095925337
2025-04-01,-0.13975859046640832,-0.4253404328946621,-1.4583814948471256,1.0,0.49934752610339106
2025-04-02,-0.14133081008126633,0.1370813299103343,-1.1212231961649526,1.0,0.5339155615353478
2025-04-03,-0.30978131966815425,0.9680798419254683,-1.199310950351198,1.0,0.5547075404239776
2025-04-04,-0.4575094571314508,0.3363572701970973,-1.2320101313119716,1.0,0.5174472514057167
2025-04-05,-0.58094636082967,-0.2634432746141298,-1.4439286000674065,1.0,0.477162486166853
2025-04-06,-0.2875335385137114,0.12817394069041282,-1.4756125241788636,1.0,0.5119845941552243
2025-04-07,-0.08296995626161713,-0.1755897492214687,-0.9035257932734271,1.0,0.5320349035892168
2025-04-08,0.16515278054527846,1.3848660365579897,-0.5783940254187033,1.0,0.6244331360456448
2025-04-09,0.5153151027492628,1.2615624829865923,-0.23682897461423308,1.0,0.654025144487251
2025-04-10,-0.0451408493927975,0.1494467872120878,-0.819771844690303,1.0,0.5508918313513071
2025-04-11,-0.13246275488652695,-0.6220488542139044,-0.7699900156717734,1.0,0.5145841135595931
2025-04-12,-0.30565238474376466,0.06974204563953583,-0.9493985753149012,1.0,0.5258824737415663
2025-04-13,-0.2735591318549017,0.027596751211107353,-1.3403961255268009,1.0,0.5132327183259094
2025-04-14,-0.19342163330389134,2.034762106978906,-1.211646569312472,1.0,0.6064987599267793
2025-04-15,-0.2949868841509215,1.5093053069043696,-1.1495294107388072,1.0,0.5799042818196604
2025-04-16,-0.22799522350904428,2.5298615363271675,-1.0291435556083866,1.0,0.6309064305927495
2025-04-17,-0.31962092352571175,0.16320602722473732,-0.8165676839785874,1.0,0.5332732667666971
2025-04-18,-0.7871714775912911,2.003521777549675,-1.300521940747739,1.0,0.5626512442002257
2025-04-19,-0.8811958719099313,5.0,-1.2971307612101697,1.0,0.5980159164989989
2025-04-20,-0.8419036775299061,5.0,-1.2219099614323485,1.0,0.603142756116928
2025-04-21,-0.7245746522163627,1.7521846460692982,-0.9711134496153109,1.0,0.5673322684512861
2025-04-22,-0.45189490182330955,1.6589561068142014,-0.8886257197640801,1.0,0.5843759870035684
2025-04-23,-0.08011048776766626,1.5731427730000844,-0.7295124743566839,1.0,0.610889833878603
2025-04-24,-0.4553425623161407,1.2781421440894425,-0.5811787845253463,1.0,0.5785271256984725
2025-04-25,-0.6419879325538967,3.4908832891108785,-0.7006944842519548,1.0,0.6338443216880084
2025-04-26,-1.0528633722333856,1.2958398545759313,-0.9916954131687477,1.0,0.5257459220194798
2025-04-27,-0.9699894133660651,-0.43452977421104505,-1.61765098145246,1.0,0.4383069324683868
2025-04-28,-0.3201801117809731,-0.4870972328034784,-0.7439706516306371,1.0,0.5085599194601023
2025-04-29,-0.5376390198577738,0.8044866864952496,-0.4077522242842419,1.0,0.5590859364706425
2025-04-30,0.26277212823888385,1.9521603440712687,-0.4781650847674273,1.0,0.6579193200599809
2025-05-01,-0.9861247628285985,3.855241046124196,-0.14831851803077511,1.0,0.6293143985437343
2025-05-02,0.41714847036732394,2.0191224218240533,0.06871925845581471,1.0,0.6892306408823511
2025-05-03,-0.27688420643320255,0.5790043683322318,-0.3385653288311873,1.0,0.5693807239572566
2025-05-04,-1.0774621154664479,0.31535407020773354,-0.8998953076514495,1.0,0.48631243497251075
2025-05-05,-1.0541796694830414,2.234163686037117,-0.776289797900803,1.0,0.5719351823559837
2025-05-06,-0.6940842449001009,0.7315415709304862,-0.8016544308052936,1.0,0.5324868014352538
2025-05-07,-0.5489296680431824,1.1626125092285564,-0.603018553709384,1.0,0.566746258224665
2025-05-08,-0.6480546607755697,-0.2756464008884359,-0.386930946531265,1.0,0.5074133910269018
2025-05-09,-0.6982925473648193,-0.8048671326029888,-0.5417138583779727,1.0,0.4768539043712885
2025-05-10,-1.060242762946738,-0.9637497395057785,-1.2907900244939563,1.0,0.42113457584101155
2025-05-11,-0.9962340273288861,-0.822198867334455,-0.9334358827566344,1.0,0.4432115826139176
2025-05-12,-0.7373663328142401,-0.23023942485934953,-0.06746051933948553,1.0,0.5140002511319283
2025-05-13,-0.5696464128801891,0.14896107221308508,-0.1694179803832452,1.0,0.537583017804091
2025-05-14,-0.6896883334932286,0.5584303429124042,0.14204120378246712,1.0,0.5570234155145506
2025-05-15,-0.07292006847813168,0.1934103688859966,1.4226867371730185,1.0,0.6256203187108084
2025-05-16,1.0202952588510823,1.9117389331898795,1.4070193784138836,1.0,0.7695761187534467
2025-05-17,-0.6336150180075522,1.335438823707743,0.47532121818504897,1.0,0.6042463237268207
2025-05-18,-0.9953435551454992,-0.21228786600656624,-0.3666717833839574,1.0,0.4875760424605612
2025-05-19,-0.9105892351314367,-0.15646131536028945,-0.14635353335281845,1.0,0.5028963784061316
2025-05-20,-1.1684008614020336,0.27746803820567223,-0.38389741356393176,1.0,0.4958711970463031
2025-05-21,-1.0586531153032737,0.24020038652402753,-0.6958123739275598,1.0,0.4912377292873643
2025-05-22,-1.2856092657926752,-0.7956949526090356,-0.930168328974204,1.0,0.42513314828930504
2025-05-23,-0.8921546687893411,-0.9072414409221174,-1.0530995010535131,1.0,0.4426179786738387
2025-05-24,-1.04194391412598,-0.8718608566168292,-1.7115840716328365,1.0,0.41215673431147226
2025-05-25,-1.7410836769636968,-0.8863842639603768,-2.265970304762928,1.0,0.34646273371197356
2025-05-26,-1.186383127193848,-0.671803079490679,-1.6231295104574763,1.0,0.41381167952638265
2025-05-27,-1.407967935055819,0.3216025363618436,-0.6763004204496715,1.0,0.47199222932969986
2025-05-28,-1.1460617129519177,0.5693188097921129,-0.7227548254940821,1.0,0.4982256753614075
2025-05-29,-1.1801648369778568,0.7099008716628228,-0.2319630598045923,1.0,0.5181694451939407
2025-05-30,-0.9521257253296166,-0.17471188256479336,0.17785129691866533,1.0,0.5101736664351146
2025-05-31,-1.617778808174677,-0.7529053530048763,-0.44046084236839134,1.0,0.421094995000872
2025-06-01,-2.1420104964409017,0.12381756400242794,-1.6966183830082315,0.8705505632961241,0.3613870037981853
2025-06-02,-0.8748277001527575,0.9707042674443489,0.42796571240375325,1.0,0.5713896882134558
2025-06-03,-0.8958003516587347,1.8268370260924813,2.534708645591738,1.0,0.6758884741629957
2025-06-04,0.846686582199606,-0.15106391288559087,3.786450507898158,1.0,0.7251514424430742
2025-06-05,0.3058070093872042,-0.409121548724706,3.551684334503608,1.0,0.6783404027622842
2025-06-06,-0.550668878341025,-0.2714140277683255,3.0288376092771103,1.0,0.6269798236202515
2025-06-07,-0.8796562925607931,1.6273390034877626,1.656308482974072,1.0,0.6393723217404064
2025-06-08,-1.7653766947833451,1.7336812021368961,0.896633110111931,1.0,0.5594327074405454
2025-06-09,-1.6480186911068315,2.0747172136262697,1.725975111775515,1.0,0.6091111415531564
2025-06-10,-1.3576498289956325,2.156525047827141,2.213358240868425,1.0,0.6481238297553696
2025-06-11,-0.3823811032872957,1.1301583921663672,3.3820305882785773,1.0,0.6965978594544456
2025-06-12,2.747333870026565,0.8977004228697302,3.8954391768091914,1.0,0.895559775621343
2025-06-13,-0.8525350087861086,1.4231066478831729,2.614934552033967,1.0,0.6646249281438572
2025-06-14,-1.1340373593123216,1.1616846944619914,1.2149817036720505,1.0,0.5883004284374965
2025-06-15,-1.4350691759501655,1.2077918945254438,0.3168499224503506,1.0,0.5402150479568941
2025-06-16,-1.017350115453937,1.0866001171547621,1.404154062523827,1.0,0.5992567992686468
2025-06-17,-1.026302288291918,1.4685226546247603,2.317768124026081,1.0,0.6450272288574399
2025-06-18,0.18515820081975806,0.48253673900871097,3.0616453101745273,1.0,0.7074495775133468
2025-06-19,0.8280958720189487,-0.5140165233764782,2.7442488797353914,1.0,0.7002639989850897
2025-06-20,-0.2887084285150554,-0.6910068568434816,2.3648561343243357,1.0,0.6057893568746625
2025-06-21,-0.537158656573859,-0.571845304590929,3.1571676553370076,1.0,0.6153625352037874
2025-06-22,3.4998381041552777,-0.33707253546997584,3.524507809879393,1.0,0.8609553110220843
2025-06-23,5.0,-0.20848600067313972,4.252243868027055,1.0,0.866313083305286
2025-06-24,5.0,0.1081176339109006,3.731212809375222,1.0,0.8795049014129542
2025-06-25,4.174977132064751,-0.7263977929042666,3.164648898926204,1.0,0.8447334252956556
2025-06-26,1.6574484908670675,3.103970848568256,2.5970195469258726,1.0,0.897063884288667
2025-06-27,-0.45091732843030374,2.586338197278037,1.7151959245363075,1.0,0.7098761338091083
2025-06-28,-0.22204316794529821,0.608192574713375,1.6457851092144795,1.0,0.6403979830571868
2025-06-29,0.21049579315973413,0.025266942168102845,2.0588515208041636,1.0,0.6587142261611254
2025-06-30,-0.2976804579583208,0.40441280993534334,1.5001293215137137,1.0,0.6220094806005417
2025-07-01,0.29900819668496487,-1.0631970123085406,1.7270123595721016,1.0,0.6082010829185452
2025-07-02,0.14508708720157715,-0.5618803999592251,1.684413485670235,1.0,0.6174079053374786
2025-07-03,0.4277733892393167,-0.49138002571544,1.8386967602232491,1.0,0.6443339502185861
2025-07-04,-0.19694842005938776,-0.4978192114932333,1.0879185019654767,1.0,0.5773915882493387
2025-07-05,0.09700771331257099,-0.5852486144230142,1.4178782649293362,1.0,0.6043444307841903
2025-07-06,0.49923356956415615,-0.8695290951096659,1.5258527064655392,1.0,0.6229136158902256
2025-07-07,0.4173418399135119,-0.6509315738877862,1.7258132182177932,1.0,0.6332277476895029
2025-07-08,1.1366457896426552,-0.515252004135221,1.8339974250848814,1.0,0.6904407999733722
2025-07-09,0.6579565811303939,-0.32008943789896,1.5408422117063132,1.0,0.6568881192197801
2025-07-10,0.024892345498175303,-0.058189463270562986,1.3259707690455778,1.0,0.6184339543651242
2025-07-11,0.41444288861127987,-0.5958089276182875,1.7473976803964517,1.0,0.6360507432698718
2025-07-12,0.2538317361526174,-0.6527921351287557,1.2537091056139422,1.0,0.6065127469669411
2025-07-13,-0.14777089901927903,-0.4385819544921875,1.1472524012292609,1.0,0.585116105335849
2025-07-14,0.3969295829507587,-0.19845518945522606,1.4573745857214861,1.0,0.641772158826799
2025-07-15,1.139287590603919,-0.5505682292762425,1.5594559850463319,1.0,0.6799940293219623
2025-07-16,1.6537831919549923,-0.7113890101674748,1.5448522195850107,1.0,0.7071060780261884
2025-07-17,3.353455937795618,-1.161532959317676,1.434584349309848,1.0,0.7744222716720918
2025-07-18,0.511607444609355,-0.2603015582831589,0.997657229920545,1.0,0.6315165057095102
2025-07-19,-0.10950022336941824,0.21926370385427743,0.531667358211731,1.0,0.5945582180430247
2025-07-20,0.9731886657545472,-0.6725589605254662,0.7274913690424727,1.0,0.6361056666631578
2025-07-21,-0.3340719262670408,0.6265444904691552,0.9315025749463804,1.0,0.6098846445166248
2025-07-22,-0.19238365098105764,-0.36196564063297093,0.8541512783318079,1.0,0.575564230852616
2025-07-23,0.028021601305169754,-0.4258031819515124,1.2146366046543762,1.0,0.599614194327511
2025-07-24,1.5850912605231777,-0.7294311752488296,1.397119264225759,1.0,0.6968504272070359
2025-07-25,3.365917541987855,-0.8618119366722985,1.5133846372985205,1.0,0.7895373238819383
2025-07-26,0.3614074170203805,-0.2164332786526437,0.8631031877616833,1.0,0.618845880782888
2025-07-27,-0.1300314489467833,0.4783775784762615,0.8739859050604676,1.0,0.6153964993420743
2025-07-28,3.687539484005415,-0.7298380043824491,1.5767411371830817,1.0,0.7971481210568341
2025-07-29,5.0,-0.9573238537837132,1.6249528808555243,1.0,0.7892766021208628
2025-07-30,2.5123172808222383,-0.858672069661079,1.4465059041961257,1.0,0.7549266792921417
2025-07-31,0.38349931312779495,-1.2986124244689758,1.0080159630841357,1.0,0.5800583019584502
2025-08-01,-0.4941130207109286,-0.6757760056470743,-0.5517855759713278,1.0,0.4955089458515991
2025-08-02,-0.5557627040095667,-1.1192069651004863,-0.6516672284214432,1.0,0.4695932885727938
2025-08-03,-0.5128682413649263,-1.228358981182211,-0.3860289688149433,1.0,0.476759527399248
2025-08-04,-0.14411915081098337,-0.9461911077362322,0.2790864032105578,1.0,0.5352703072306101
2025-08-05,-0.2645647034901186,-0.24038922025195952,0.24609378663528048,1.0,0.5555492618113365
2025-08-06,-0.4889348904227192,0.10749280577006,0.06413509030885403,1.0,0.5490210438891998
2025-08-07,-0.3850551477685455,0.30315639517673654,0.38241446262659085,1.0,0.5747083220353474
2025-08-08,-0.437050191120508,0.05885483097984413,0.4542522921666622,1.0,0.5634573482883484
2025-08-09,-0.3276348176781928,-0.13586855759805855,0.27558358439691827,1.0,0.556682608401432
2025-08-10,-0.28683939934036806,-0.680662973102292,0.4418000424127924,1.0,0.5422430842451397
2025-08-11,-0.07720492066341812,0.15582781920709685,1.0177521938501557,1.0,0.6102709042177397
2025-08-12,0.41604708617728126,-0.5214726588123932,1.1354783275763942,1.0,0.6188577225471822
2025-08-13,0.04312725671613627,-0.6157109379019529,0.8377822785355015,1.0,0.5801466039863445
2025-08-14,0.1090122119868187,-0.6222537031924434,0.8261596657925412,1.0,0.5838788986925209
2025-08-15,0.33433939500433457,-0.6822317395329834,1.0421376275753298,1.0,0.6036008914389257
2025-08-16,-0.24346428823874178,-0.2107250011723134,0.7480682139139323,1.0,0.5749244461990353
2025-08-17,0.15149761793414582,-0.6692419290846057,0.6540163915588459,1.0,0.5790153072023794
2025-08-18,-0.45951861664966287,0.6717098579865509,0.03996619094032321,1.0,0.5736855426708062
2025-08-19,-0.5397867549255159,0.9008890237460366,-0.19028789932289983,1.0,0.5702083290169538
2025-08-20,-0.6248412441182973,0.5168651632472163,-0.5278739507515244,1.0,0.5372841671690302
2025-08-21,-0.6514086285930458,0.507657947201049,-0.8252204629114978,1.0,0.5252178237967907
2025-08-22,-0.5846861664431126,0.18024269302321688,-0.4267129689829147,1.0,0.5293072688136627
2025-08-23,-0.643342436441895,0.011811508503413013,-0.6601381087836199,1.0,0.5105980467987286
2025-08-24,-0.6005905837658427,-0.8008291374088065,-0.8788300638346009,1.0,0.47229841156242347
2025-08-25,-0.5463642343400832,-1.0533490622662098,-0.86586286709967,1.0,0.46582407787958
2025-08-26,-0.6245548606084398,-0.9182048337286886,-1.3707661677600398,1.0,0.4494122689620741
2025-08-27,-0.678154173435956,-0.6176375115161399,-1.6240081622661235,1.0,0.449921220048893
2025-08-28,-0.690614932275731,-0.6864768194251749,-1.6095255090118252,1.0,0.4467049534051748
2025-08-29,-0.6921431390820725,-0.7635326843918852,-1.628106739430708,1.0,0.442773037563843
2025-08-30,-0.6769015825646376,-0.2727422253975607,-2.1206210851053093,1.0,0.4478215989339488
2025-08-31,-0.758676729778399,-0.2011040712399205,-2.510621618833388,1.0,0.4323548277519971
2025-09-01,-0.6563887559531404,-0.7660191719773439,-1.7855262792409887,1.0,0.4398057414627017
2025-09-02,-0.5603109176196722,0.2805302314190914,-1.2510730431741561,1.0,0.5076322636953455
2025-09-03,-0.5763093612396374,-0.6373723266952294,-1.109399146277278,1.0,0.47304222409581365
2025-09-04,-0.44973575319534437,-0.5916791582750484,-1.359324769193836,1.0,0.4750534925523888
2025-09-05,-0.2422919357263231,-0.522161502767914,-0.8589844188818268,1.0,0.5084576610401879
2025-09-06,-0.509783324822982,0.41338753804696227,-1.3467642790686862,1.0,0.5133467831281351
2025-09-07,-0.6659581630601354,0.01838524883200814,-1.9605199376171247,1.0,0.4660181765767538
2025-09-08,-0.5881215871473187,0.16355909892174872,-1.8709910124767681,1.0,0.4802404895626927
2025-09-09,-0.558752139304364,-0.26954990600616824,-1.7574311767297728,1.0,0.467937572071793
2025-09-10,-0.5415130355571057,1.3606788575491815,-1.531471837188044,1.0,0.5445450221211408
2025-09-11,-0.5651437939501146,1.2461936991303213,-1.0338646736621946,1.0,0.554786328745016
2025-09-12,-0.47982144603874266,0.9176729468832999,-0.9620520340183061,1.0,0.5491798752502778
2025-09-13,-0.5135124236128985,-0.26097124720244713,-1.3415739112074576,1.0,0.48517290608545627
2025-09-14,-0.37142927298128575,0.3576270968074684,-0.8576012919459534,1.0,0.5365524677700271
2025-09-15,-0.29979505435537246,1.9435819819134081,-0.6561608427265718,1.0,0.6141242175318148
2025-09-16,-0.506053870979008,2.574009423368177,-1.0688639337761872,1.0,0.6128846701158673
2025-09-17,-0.5031341848396383,2.240142078768311,-1.0626927305710439,1.0,0.599373883273669
2025-09-18,-0.4136094563018107,4.274914745731006,-0.3802922641265384,1.0,0.659749627442328
2025-09-19,-0.49118632562067566,4.8313995964751655,-0.21305487002142623,1.0,0.6601524159579074
2025-09-20,-0.6478722208643142,4.542753882524342,-0.9718260605030185,1.0,0.6244143165922785
2025-09-21,-0.5623502793485088,4.392628572263929,-1.3441906168173026,1.0,0.617703627482856
2025-09-22,0.030660628043439397,4.641174722273456,-0.9522265745823505,1.0,0.670303156050151
2025-09-23,0.39245588602772935,1.6956448202471788,-0.5458984133033805,1.0,0.6536189794687017
2025-09-24,0.010452504145666869,1.2354516179448591,-0.9036905657428959,1.0,0.597050965499317
2025-09-25,-0.18622914369188412,2.531152403393998,-0.7335183245731752,1.0,0.6435987964095184
2025-09-26,-0.34138967759430744,3.213430088493374,-0.5166322272505781,1.0,0.6600196139186937
2025-09-27,-0.5238917105439865,2.403060679774895,-1.1639220067373013,1.0,0.6014040140631115
2025-09-28,-0.2928078435555134,1.303742072077274,-0.5885337056478298,1.0,0.5901842732445912
2025-09-29,-0.3137515958965426,2.2507733097846776,-0.6230365916344481,1.0,0.6270975617934438
2025-09-30,-0.6575705536181267,3.499885604642988,-0.9518632299424117,1.0,0.6244331887607112
2025-10-01,-0.64644725077936,1.9563418420579035,-1.2299648911925807,1.0,0.5724189303273693
2025-10-02,-0.5820305266865493,2.3716888473147746,-1.375938198790711,1.0,0.589153726899322
2025-10-03,-0.44989361932179134,2.5832230865725676,-1.1096505147059943,1.0,0.6156530368288712
2025-10-04,-0.30187553221020375,2.1657502954620664,-1.0875979074782938,1.0,0.6088612965809627
2025-10-05,-0.09250595176357052,1.483352399735536,-0.9116504052901949,1.0,0.6002509396950695
2025-10-06,0.7025183730724504,1.8753666141563308,-0.5357795411230576,1.0,0.6821155157572419
2025-10-07,0.04372707605531141,1.700468051989197,-0.926182764375881,1.0,0.617895215090708
2025-10-08,-0.3055676814240272,1.6559679799185494,-1.1664526066607874,1.0,0.5847457335129781
2025-10-09,-0.14428883806195325,0.6207582034377258,-1.667052677321804,1.0,0.5356772466950482
2025-10-10,-0.3335935171180101,0.3382787690400449,-1.7582926915317916,1.0,0.5082456245177415
2025-10-11,-0.3334887909217347,0.5322266187788579,-1.8437929994517088,1.0,0.5134837564059465
2025-10-12,-0.47235695357001756,2.6663138578970873,-1.788492790477338,1.0,0.5949895208251329
2025-10-13,0.38081634190810904,0.3442238791879004,-1.3813310236690632,1.0,0.568686050304401
2025-10-14,-0.17501200490564156,-0.0042759121461280565,-1.317314554482954,1.0,0.5192438848507701
2025-10-15,-0.22147383032298532,0.2632324355074931,-1.4024605515919115,1.0,0.5244544110715494
2025-10-16,-0.037663414519869196,-0.41607082805092166,-1.3892313268497731,1.0,0.5088451103015612
2025-10-17,0.13491294380992913,-0.7101550762645354,-1.4345680125513551,1.0,0.5065854676579278
2025-10-18,-0.19430536927464584,-0.5944012862773971,-1.5441793734398839,1.0,0.485806942672136
2025-10-19,-0.21538267010504536,-0.6579283394863928,-1.474280507781507,1.0,0.48408479092168033
2025-10-20,-0.024782047728715745,-0.5946313000808905,-1.220328037422106,1.0,0.5078939580673116
2025-10-21,0.04242825854452579,-0.7408235303903533,-1.1498877048535963,1.0,0.5086313133082505
2025-10-22,-0.034974012742689374,-0.6803388667514161,-1.1033918471174644,1.0,0.5075412181319295
2025-10-23,0.23570295601863533,-0.27302443716953406,-1.101455904884088,1.0,0.5426223153563755
2025-10-24,0.4013978794251851,-0.10096145892645932,-0.9774773205827727,1.0,0.5649705538203175
2025-10-25,-0.13100549044538473,-0.19856313846421744,-1.253201535033517,1.0,0.5162194520331814
2025-10-26,0.08442970408235421,-0.6784660427212916,-1.3197534777552458,1.0,0.5083674459002616
2025-10-27,0.6563187985115961,-0.4225942568129,-0.9047040692876701,1.0,0.5709896902239799
2025-10-28,1.5128961009104058,-0.5667325210586815,-0.8892153703959229,1.0,0.6226053726700512
2025-10-29,0.8075474028878776,-0.551319581771664,-0.857422215147973,1.0,0.57728410378044
2025-10-30,0.41361946562362567,-0.4523078269640537,-0.9528353481439668,1.0,0.5519672933132739
2025-10-31,-0.44460952471312704,-0.500171157835296,-1.0349366924398595,1.0,0.4900210103613256
2025-11-01,1.0658169131720876,-0.9991818754195463,-1.3964038699475847,1.0,0.5578750870707385
2025-11-02,0.8072548937785524,-1.028270847137198,-1.1916364708861251,1.0,0.5462511585916494
2025-11-03,1.3031373461136964,-0.9526079763217912,-0.7742286045176416,1.0,0.5963762039102505
2025-11-04,0.7624326118710153,-0.35270874421038906,-0.7509381311821546,1.0,0.586101372076563
2025-11-05,0.43589779584006577,-0.7444368494877817,-0.7767151748042389,1.0,0.5471511451672055
2025-11-06,0.8226118163361916,-0.24398061496550943,-0.7015174404166415,1.0,0.5962910141182952
2025-11-07,0.006437663892786996,0.01373482268976945,-0.6085218977517965,1.0,0.5557173986131997
2025-11-08,-0.06277597660362699,0.5767285732743955,-0.996023090965738,1.0,0.5616445224140001
2025-11-09,-0.6753281468010058,0.4964422425142956,-0.7875734114165386,1.0,0.5244107699374774
2025-11-10,0.5737940071823391,2.847788226081423,0.27295150497746046,1.0,0.7410091600647973
2025-11-11,1.2930902800462314,2.390762410842013,0.4794902210289051,1.0,0.7768041264891296
2025-11-12,1.2982172199579993,-0.23572482595753735,0.43756330914067754,1.0,0.6663113905536585
2025-11-13,1.0042222594042896,-0.7143076184580022,-0.2850496068031779,1.0,0.6026836796310966
2025-11-14,1.1862929491010905,-0.5959983478817075,-0.07615837398802656,1.0,0.6267143196454008
2025-11-15,-0.19176477323203375,-1.0286212949645346,-0.8255315191221856,1.0,0.49183874385693593
2025-11-16,-0.09326605463440066,-1.1016342047107017,-0.8488549397531059,1.0,0.4945856731696572
2025-11-17,1.0392921930297154,-0.8143089812672587,0.24077534059852684,1.0,0.6183824500024628
2025-11-18,1.2490930062460943,-0.5610051074235674,0.4365899818859951,1.0,0.6494506536699575
2025-11-19,0.7906234228100468,-0.41760336731170716,0.13922520247599998,1.0,0.6149489279652153
2025-11-20,1.1921873050239122,-0.2959341731946165,0.07694367236445303,1.0,0.6447133521973002
2025-11-21,0.4074919484516476,-0.6769032456456237,-0.08712561780834734,1.0,0.5710576407345973
2025-11-22,-0.20813337614096708,-0.9324465265562686,-0.72409185688628,1.0,0.4981361077545483
2025-11-23,-0.05578132413577958,-1.076148073383763,-0.7642170301699384,0.8705505632961241,0.4815504254887119
2025-11-24,0.08268839204042895,-0.8385701966365087,0.15370703413879785,1.0,0.550695702414134
2025-11-25,-0.34874811864119837,-0.9280101803605233,-0.1774570071588593,1.0,0.507167801003603
2025-11-26,-0.7678568652020157,-1.0898474888919736,-0.11395950816408582,1.0,0.4746005800105638
2025-11-27,-0.9299641975340893,-0.7442247971226916,-0.3214083142112016,1.0,0.47127940981057515
2025-11-28,-0.3922871407485552,-0.6207887764195121,0.5671361407166063,1.0,0.5418858629565035
2025-11-29,-0.6674335696939089,-0.036125891361726656,0.4949243919822742,1.0,0.54549666294641
2025-11-30,-0.8973023885092919,-1.0681438376821226,0.36451476294355,1.0,0.48282433962741045
2025-12-01,0.3609421584670852,-0.0408490973600494,1.424833942039513,1.0,0.6448552295757874
2025-12-02,1.1311140098794947,-0.6442931507839786,1.7695652027491957,1.0,0.682547559467607
2025-12-03,0.7146155737600812,-0.5781789936082553,1.6447096927939517,1.0,0.6533739032767932
2025-12-04,1.4949600028357082,-0.5278726020992395,1.816871145947575,1.0,0.7132316799664982
2025-12-05,1.249210780024001,-0.5170023915994446,2.146254903972951,1.0,0.7082807824840549
2025-12-06,-0.08656503237794881,-0.7970218931527211,1.7356248313816465,1.0,0.5938739133394949
2025-12-07,0.13185955119173975,-0.7449400248326021,0.814880361543688,1.0,0.5799141477628805
2025-12-08,4.280545221623005,-0.8957089883611377,2.4964887788055954,1.0,0.8208950847784725
2025-12-09,3.9119943466547067,-0.826930049690789,2.5047970475927235,1.0,0.8240378161826413
2025-12-10,0.9152348844681255,-0.8909707753336551,1.8780621883037611,1.0,0.6614939496024315
2025-12-11,1.3591381047789948,-0.8292048871053114,1.7287049872425313,1.0,0.6886825029306295
2025-12-12,0.8135231543881942,-0.6332732920046101,1.6261695554212503,1.0,0.6570541416397292
2025-12-13,0.2818569828717138,-0.9016024413322448,1.3733478315878564,1.0,0.6020019581888659
2025-12-14,3.4394252736244364,-0.7922901527715284,2.724021953477174,1.0,0.8327886420837588
2025-12-15,3.109478970310825,-0.32893725752304653,2.880493421746234,1.0,0.8573107283280809
2025-12-16,4.682669373819263,-0.9160562016151061,2.328991177186693,1.0,0.814464030838927
2025-12-17,0.7825577404780301,-0.6784477402561073,1.4913479049744505,1.0,0.6486134570203459
2025-12-18,-0.2075932591683859,-0.7311588862870213,0.849539812797232,1.0,0.5590134895533895
2025-12-19,-0.5623730740740309,-0.6952285650808903,0.8207666838423222,1.0,0.5358994943114382
2025-12-20,-0.7896318486269072,-0.6408411323473698,0.7871054657086101,1.0,0.5218930117673528
2025-12-21,-1.0571137235993167,-0.5516946408946964,0.39832790025458903,1.0,0.49481607173125286
2025-12-22,0.022957191338728235,-0.793348447238968,1.2370068059075607,1.0,0.5847078543178769
2025-12-23,-0.823734140464204,-0.8334259635873689,0.6760154416918074,1.0,0.507892156875973
2025-12-24,-0.9733399427676456,-0.7800676095572381,-0.04656513056865869,1.0,0.47605568239831675
2025-12-25,-1.197905665941409,-0.7937647205891122,-0.852712718660056,1.0,0.4336423349573578
2025-12-26,-0.4317182399782522,-0.7482577432605597,0.28349862376196555,1.0,0.5244913321576588
2025-12-27,-0.9037977117354808,-0.8956573204964823,0.0461652417616191,1.0,0.47896660558900184
2025-12-28,-0.9401252366580765,-0.7912662764891317,-0.11001536717270245,1.0,0.475688377129991
2025-12-29,-0.6732644322827879,-0.8978226566026277,1.1291877833852673,1.0,0.5303460199355469
2025-12-30,0.11736676471060067,-0.7355562842633103,1.6134091973801372,1.0,0.6059565790490734
2025-12-31,-0.33788078966252055,-0.627909196476107,1.5136748994923879,0.8705505632961241,0.5573501453134924
