date,lmp_zscore,congestion_frac_z,reserve_tightness_z,event_flag,gsi
2018-01-01,,,,0.8705505632961241,
2018-01-02,,,,1.0,
2018-01-03,,,,1.0,
2018-01-04,,,,1.0,
2018-01-05,,,,1.0,
2018-01-06,,,,1.0,
2018-01-07,,,,1.0,
2018-01-08,,,,1.0,
2018-01-09,,,,0.8705505632961241,
2018-01-10,,,,0.7578582832551991,
2018-01-11,,,,0.6597539553864472,
2018-01-12,,,,0.5743491774985175,
2018-01-13,,,,0.5,
2018-01-14,,,,0.4352752816480621,
2018-01-15,,,,0.37892914162759955,
2018-01-16,,,,0.3298769776932236,
2018-01-17,,,,0.2871745887492588,
2018-01-18,,,,0.25,
2018-01-19,,,,0.21763764082403103,
2018-01-20,-1.3195842410052014,-0.28347403139094696,-1.4322068675192692,0.1894645708137998,0.30589575599645813
2018-01-21,-1.2954071260817226,-0.2884237509606226,-2.2211830443314575,0.16493848884661183,0.2773232071538024
2018-01-22,-1.2540234061583215,-0.2783753029318527,-1.7311223012631818,0.14358729437462942,0.2936334860813731
2018-01-23,-1.1720425437993711,-0.27721559074648855,-1.3501584053795896,0.12500000000000003,0.3090579006196186
2018-01-24,-0.9974791168562929,-0.26714676216330235,-0.6922943396070464,0.10881882041201553,0.34061662219434363
2018-01-25,-0.7312995874194144,-0.2501432683941196,-0.5439874244447649,0.09473228540689989,0.3619009866518269
2018-01-26,-0.35473969239893666,-0.2310812621435551,-0.3398485986557612,0.0824692444233059,0.39276440129239326
2018-01-27,-1.0361208833361835,-0.2542360098602831,-1.3124574364076416,0.0717936471873147,0.3123525732312518
2018-01-28,-0.9279730829580385,-0.24918790312902772,-1.7724212911765496,0.0625,0.3030465887998697
2018-01-29,-0.8435008464987644,-0.24462945315828885,-0.6325479090941802,0.054409410206007765,0.3456501975795822
2018-01-30,-0.7186644965228889,-0.22317902983095905,0.12665574772496488,0.047366142703449944,0.37911668698520046
2018-01-31,-0.727706798386621,-0.16642708335416706,0.14612137663740285,0.04123462221165295,0.38060765752079634
2018-02-01,-0.8257424550493202,-0.21448227683374704,-0.7663599143116542,0.03589682359365736,0.34085293452396603
2018-02-02,-0.26267519982784276,-0.2073835433184498,0.2442523052118037,0.03125,0.41167658254693523
2018-02-03,-0.3331652901838779,-0.15228901905826125,0.238912363264402,0.027204705103003893,0.4084880560679113
2018-02-04,-0.894965136511922,-0.21146250370336536,-0.7407346442072864,0.02368307135172497,0.33538602580741417
2018-02-05,-0.7397214875974323,-0.21740368515420516,-0.05903322450150568,0.020617311105826482,0.36775156979456974
2018-02-06,-0.7517393862762395,-0.21363239021920563,-0.026816253961301637,0.017948411796828663,0.36778107795993137
2018-02-07,-0.7420235927114122,-0.2058621057907116,-0.30423071053497197,0.015625000000000007,0.35915689906012715
2018-02-08,-0.6547494695048843,-0.20493565201493344,-0.06582332866609156,0.013602352551501933,0.37265729179290774
2018-02-09,-0.6800424976131946,-0.2027996932323722,-0.02199736863996822,0.01184153567586249,0.3722568310044853
2018-02-10,-0.8781529000220345,-0.21163319926261204,-1.0104699510363269,0.01030865555291324,0.32550238999431497
2018-02-11,-0.874006133987081,-0.20495037474636998,-1.6364311022113809,0.008974205898414338,0.304991752930812
2018-02-12,-0.8253892442748568,-0.20182018260882192,-0.8430626884548907,0.007812500000000002,0.3346346614911456
2018-02-13,-0.6441722014578357,-0.19791932262224882,-0.37055663148926754,0.0068011762757509715,0.36247683685193766
2018-02-14,-0.7764366319212584,-0.19827334790378975,-0.6892689133632356,0.005920767837931244,0.3428886531061734
2018-02-15,-0.8374056753804123,-0.19203185612525908,-1.379832451719305,0.00515432777645662,0.315950361745245
2018-02-16,-0.7338994159197314,-0.18947860582500842,-1.4936677432593948,0.004487102949207169,0.3190625710297104
2018-02-17,-0.7211175302649518,-0.18348029701411273,-1.095946843569457,0.003906250000000001,0.3333348616544334
2018-02-18,-0.7557023827422046,-0.16161868757772455,-1.1070539530279424,0.0034005881378754853,0.3314940189545311
2018-02-19,-0.7104735026211013,-0.1600006675258155,-1.280101138226725,0.0029603839189656215,0.3287424249919716
2018-02-20,-0.72876514360043,-0.16153472927337165,-1.292218107312741,0.0025771638882283094,0.32699768104639043
2018-02-21,-0.624772274472778,-0.16852920049290562,-1.4009312671031264,0.002243551474603584,0.32996528883236337
2018-02-22,-0.6687726614738523,-0.16554636375749957,-1.179598450737863,0.001953125,0.3344904111372519
2018-02-23,-0.6957193556364957,-0.18620112883674414,-1.1495360779184483,0.0017002940689377426,0.33279750410242837
2018-02-24,-0.7205280654143434,-0.1722677010126829,-1.4406847143863981,0.0014801919594828095,0.3219861797445578
2018-02-25,-0.6807473691846757,-0.15880403485066003,-1.7917192197478697,0.0012885819441141558,0.31346932056893223
2018-02-26,-0.561471385100425,-0.1611831948829597,-1.2582289868184922,0.001121775737301792,0.33907990800649385
2018-02-27,-0.48823636704528633,-0.14369489404246646,-0.757615645350994,0.0009765625,0.361356251141845
2018-02-28,-0.6396148162739144,-0.14629607298885183,-1.2486046416568193,0.000850147034468872,0.33477070987381324
2018-03-01,-0.5810860601746555,-0.14894573005653028,-1.1015908721426078,0.0007400959797414059,0.3434461758948752
2018-03-02,-0.5172369084294586,-0.15669869143012424,-0.8788789645521482,0.0006442909720570772,0.3547891054558513
2018-03-03,-0.4973316088794602,-0.1160541748334422,-0.9100444758312887,0.0005608878686508959,0.3567582861092306
2018-03-04,-0.520956586332358,-0.1161047216964138,-1.3570152912381206,0.0004882812500000004,0.3402712633200549
2018-03-05,-0.3140584505851468,-0.04344128020686904,-0.4439510336581738,0.0004882812500000004,0.38752759101793155
2018-03-06,-0.30042213388579253,-0.11983983678278287,-0.5238717818210775,0.0005608878686508959,0.38260027166125965
2018-03-07,-0.4409058526071587,-0.14371083051510236,-0.5297054375492812,0.0006442909720570772,0.3720581209488927
2018-03-08,-0.18591217497752488,-0.12969393064629148,-0.2650051855395445,0.0007400959797414059,0.39847944943687924
2018-03-09,-0.06097463660676664,-0.14228824845037566,-0.1315971948125336,0.000850147034468872,0.41074729610220245
2018-03-10,-0.44285976531620597,-0.1278722251185649,-0.5485542671154491,0.0009765625,0.37200934840346445
2018-03-11,-0.42862028609662445,-0.12023468244468043,-1.2448000572155058,0.001121775737301792,0.35009046694510837
2018-03-12,0.1925791181325588,-0.09500164375868594,-0.29499811919680896,0.0012885819441141558,0.42424022270394884
2018-03-13,0.8735253893150992,-0.027603678409011793,-0.04635414878698272,0.0014801919594828095,0.48076176318832076
2018-03-14,0.693898326844305,-0.05816606582921019,0.11416859999606177,0.0017002940689377426,0.4728969664902793
2018-03-15,0.15566992132605914,-0.10673442907133898,-0.03324822326413216,0.001953125,0.4301154215182938
2018-03-16,0.16119511667348882,-0.08070464758664576,-0.22046336741517628,0.002243551474603584,0.4253714012694737
2018-03-17,-0.4349102310107769,-0.07386849133426701,-0.8407971202863558,0.0025771638882283094,0.3652881347007095
2018-03-18,-0.517123549555814,-0.1019657552561535,-1.4276978996771743,0.0029603839189656215,0.3391306511592117
2018-03-19,-0.0118114456090851,-0.09060382619793385,-0.5927870244169859,0.0034005881378754853,0.40118793160792887
2018-03-20,-0.09908141406930368,-0.0677201891487027,-0.2470949304701372,0.003906250000000001,0.4079223376651793
2018-03-21,0.03794132565933621,-0.07983663526427105,-0.0592675927832233,0.004487102949207169,0.42290037425755145
2018-03-22,0.46781888600416044,-0.07141010794156884,-0.11110402677535414,0.00515432777645662,0.45028218617666865
2018-03-23,0.13729902441894098,-0.09363726811949186,-0.1817866520222681,0.005920767837931244,0.4250802755645647
2018-03-24,-0.3282896896476455,-0.05955557094924338,-1.0635468933889058,0.0068011762757509715,0.366201151895671
2018-03-25,-0.5054330573664644,-0.10927581892146312,-1.3276116796679216,0.007812500000000002,0.34366945606491067
2018-03-26,-0.000640141651758277,-0.07821903610179413,-0.29505525985523945,0.008974205898414338,0.41320915294189553
2018-03-27,-0.10324802328985286,4.717116848837403,-0.6054144345277762,0.01030865555291324,0.5244826156293543
2018-03-28,-0.4072357591665541,-0.15583263627210514,-0.8957216107694831,0.01184153567586249,0.36327676620328864
2018-03-29,-0.5551606630484188,-0.14645637721336346,-1.3340906314749184,0.013602352551501933,0.3394576052464433
2018-03-30,-0.5624319075992732,-0.15973427786565034,-1.522197073390485,0.015625000000000007,0.3324527921359635
2018-03-31,-0.6502656662316164,-0.17491741327948282,-1.7883966910724107,0.017948411796828663,0.3174397687650244
2018-04-01,-0.68592190480711,-0.19395650826055907,-2.192414220923723,0.020617311105826482,0.3012024744704192
2018-04-02,-0.44316046320793884,-0.18524670888624925,-0.9395832624572964,0.02368307135172497,0.35997037487005923
2018-04-03,-0.4731783352814357,-0.1745771106150295,-0.8589907523633319,0.027204705103003893,0.36162841205895097
2018-04-04,-0.4553951454820622,-0.17811411437869792,-1.0020877687288592,0.03125,0.3585034765777882
2018-04-05,-0.053364744583114514,-0.16407336939521383,-0.33519465782402047,0.03589682359365736,0.4088173282479064
2018-04-06,-0.292839755087013,-0.11487899965726678,-0.7394265027379763,0.04123462221165295,0.3822283679156284
2018-04-07,-0.23277888553710022,-0.10988228010824688,-1.3283252479024703,0.047366142703449944,0.3677303924351182
2018-04-08,-0.0690141413114205,-0.07098484221524873,-1.2387193771109302,0.054409410206007765,0.38431212111414015
2018-04-09,0.3793172563669705,-0.11076190624871618,-0.22077719694679723,0.0625,0.44768849776587505
2018-04-10,-0.14796606630256165,-0.1640291474887519,-0.2934668489873369,0.0717936471873147,0.40928786654631727
2018-04-11,-0.07346311847735408,-0.1372313252164157,-0.4448568848426124,0.0824692444233059,0.4119263107195679
2018-04-12,-0.4694627274234578,0.1556340805796828,-1.1911102765424555,0.09473228540689989,0.37469340512220944
2018-04-13,-0.5465446755977176,-0.09307805794527561,-1.5458412270465283,0.10881882041201553,0.34948021803935037
2018-04-14,-0.3007675248790699,-0.12959405413160538,-1.5259748021422312,0.12500000000000003,0.3674332526811707
2018-04-15,-0.08075782890927968,-0.1524690618824352,-1.6351879952168715,0.14358729437462942,0.38029509480991197
2018-04-16,-0.2007492494652043,-0.16290175624718664,-0.6206044455205311,0.16493848884661183,0.408883102001661
2018-04-17,0.6063581936561484,-0.15600354918264758,-0.32105855543917927,0.1894645708137998,0.47664146546856356
2018-04-18,0.658931249052676,-0.15747868298673984,-0.3781971408035053,0.21763764082403103,0.48240621290921876
2018-04-19,-0.19257464533215465,-0.16871372057525066,-0.984091823220991,0.25,0.40982889117985455
2018-04-20,0.44288189257988453,-0.17574041697017284,-0.41718190004046296,0.2871745887492588,0.47637306710927513
2018-04-21,-0.35083685642991147,-0.15408978091338119,-1.71680465666518,0.3298769776932236,0.38744519346509254
2018-04-22,-0.6259658443590855,-0.13548038444263769,-2.272894610985724,0.37892914162759955,0.3587001452355668
2018-04-23,-0.284410315909515,-0.10050622475408073,-1.6062798612286469,0.4352752816480621,0.41360018311420005
2018-04-24,-0.16730630714262917,-0.11937993490073191,-1.4185128220049659,0.5,0.4365883215027954
2018-04-25,-0.2856767563602509,-0.09553580185116084,-1.2854060410543855,0.5743491774985175,0.44527973308848307
2018-04-26,-0.3509840105052865,-0.10140021923426576,-1.3912940786082462,0.6597539553864472,0.44996268085257873
2018-04-27,-0.24230393287492896,-0.11391169335053619,-1.4638802547318566,0.7578582832551991,0.4689828179159504
2018-04-28,-0.38490332808103256,-0.016299206390923984,-1.7554247186345109,0.8705505632961241,0.4707290717349109
2018-04-29,-0.3540115267490391,-0.0381079669048747,-2.065096480267326,1.0,0.4809748502534501
2018-04-30,-0.16732838559466293,5.0,-1.8279563113312498,1.0,0.6279128972493142
2018-05-01,-0.05527181666678881,1.0081357578024535,-1.014321288535508,1.0,0.579510159179466
2018-05-02,0.9837425387807119,-0.07864764164632719,0.24558590855464013,1.0,0.6454920478019386
2018-05-03,1.5367304700109845,-0.12263436085302595,1.085438571567375,1.0,0.7085202186841021
2018-05-04,1.7315312296683716,-0.11314690435218448,0.8330952791672172,1.0,0.7134908036021244
2018-05-05,-0.08133075953598053,0.49655517083618966,0.02568872795686917,1.0,0.5911240390810049
2018-05-06,-0.6063875507690648,4.131376493162907,-1.8142410709145405,1.0,0.5990994609182444
2018-05-07,-0.6208994029927077,0.24451993172005249,-0.8027742104287119,1.0,0.5170358966078646
2018-05-08,-0.5523438914192194,0.06204608282261126,-0.3214458965407141,1.0,0.5300474641383037
2018-05-09,-0.3127245077797178,0.1990473463527754,0.10644230215210745,1.0,0.5659934156511215
2018-05-10,0.17609340564302922,-0.10491290120945183,0.034065429059021435,1.0,0.5835037037944422
2018-05-11,0.15952386057258217,0.1775161135108172,-0.09870056918324513,1.0,0.5897414097950148
2018-05-12,1.80076417755504,0.4502967144223709,-0.5019792465753438,1.0,0.6970806667187567
2018-05-13,0.23587219598906736,-0.06810757640383872,-0.9259971978737384,1.0,0.5570204241199866
2018-05-14,2.3169993422512714,-0.0966824696918721,0.923937814863559,1.0,0.7562361137417087
2018-05-15,2.7816971799336305,0.1099500503107432,2.254220702747371,1.0,0.840168420850102
2018-05-16,0.1318819219794068,-0.14741573076141112,0.9349322636277004,1.0,0.6088142148044917
2018-05-17,-0.3137944074930258,-0.17003248883937358,0.22010885233858557,1.0,0.5543326475434439
2018-05-18,-0.48111069316762395,0.08238849448367372,-0.21620457301041573,1.0,0.5391519886252977
2018-05-19,-0.375546928943638,-0.07445270834846027,-1.1337410566944683,1.0,0.509069973332756
2018-05-20,0.6762341647459861,0.48633724760588515,0.1531212041944294,1.0,0.6454503697731253
2018-05-21,1.0598246157355395,0.09909777482017526,1.144188315342368,1.0,0.6879236588446224
2018-05-22,0.9834996049801139,-0.17015393399332648,0.6113377031515667,1.0,0.6538548165206712
2018-05-23,1.258203623252006,-0.2135381218014957,1.3004396915703678,1.0,0.6933308095274171
2018-05-24,1.1101726524082662,-0.2238627901507578,1.910636676776233,1.0,0.7033717831301439
2018-05-25,1.8643695669572762,-0.21624294498834234,2.6299837317748262,1.0,0.7779473061484651
2018-05-26,0.393345758617781,-0.2583290990293334,1.9380836022817771,1.0,0.6550621248576891
2018-05-27,-0.31042286116068074,-0.2476901908788821,1.1440036357909973,1.0,0.5821181724957012
2018-05-28,-0.618849354470579,-0.24222818492952813,1.0508837772239366,1.0,0.5586799945706956
2018-05-29,0.9281891111913256,-0.25989694815459113,3.142503167684067,1.0,0.7260502345729805
2018-05-30,-0.42432694319542236,-0.2515819135897074,2.2116035791935427,1.0,0.6099490766938522
2018-05-31,-0.9089118163806743,-0.2616937764692631,1.179226904791328,1.0,0.5428095350481134
2018-06-01,0.8814724492410707,-0.23502139575184486,2.259710791073316,1.0,0.699295964828855
2018-06-02,-0.6922884407158628,-0.2684568897511414,1.150495617992873,1.0,0.5560115874790741
2018-06-03,-1.0920422985446325,-0.2868631982035027,0.04353873033486941,1.0,0.4916958378497075
2018-06-04,-0.5688454623365835,-0.2497150200190182,0.18733845218972078,1.0,0.5329167917497594
2018-06-05,-0.9238729536566288,-0.2804590367589722,0.0008915468292407018,1.0,0.5017523947855755
2018-06-06,-0.8837878024984813,-0.275086493183668,-0.2924090338286761,1.0,0.4948719081564925
2018-06-07,-0.6111062480832239,-0.27565997076772075,0.8825487137976985,1.0,0.55219204180572
2018-06-08,-0.2790853295270599,-0.2909525950815413,1.39574229366166,1.0,0.5907960296918537
2018-06-09,0.05253300499211623,-0.26494359558970454,0.8773290701660635,1.0,0.5967071861887722
2018-06-10,-0.8807994391259296,-0.2713259223893189,0.051309414661461855,1.0,0.5066851044474319
2018-06-11,-1.1421666916723525,-0.2732703730527701,-0.36123083749473556,1.0,0.4754282604281532
2018-06-12,-1.1226856548867545,-0.2963545626297722,0.5141425508837547,1.0,0.5049442679274343
2018-06-13,-0.1614956580199773,-0.2803508547227717,1.8771548128479474,1.0,0.6151241642801509
2018-06-14,-0.3897380271104709,-0.29376772528462997,1.9046487916064545,1.0,0.6002654360259909
2018-06-15,-0.19634799421700222,-0.2764526674834169,1.720433170221809,1.0,0.6077390449144512
2018-06-16,-0.4045110852465468,-0.2698202878002004,1.7831749858485637,1.0,0.596229248520174
2018-06-17,0.30679349048843746,-0.2816644236833251,2.720895811340671,1.0,0.6744134087571131
2018-06-18,4.1861887822737565,-0.27403803184239606,4.05377159450346,1.0,0.8635817486732335
2018-06-19,-0.01678745136835823,-0.2486510083692503,2.964791026930784,1.0,0.6623467454577502
2018-06-20,-0.6552159264570212,-0.28154036648904546,1.8254405686922563,1.0,0.5804361085888969
2018-06-21,-0.7419620790420283,-0.2803758602376273,1.1794794827877417,1.0,0.5531695166468884
2018-06-22,-1.0332013222214809,-0.2847677054512651,0.5636452607961255,1.0,0.5130427661513027
2018-06-23,-0.09555041900073624,-0.2734850329329035,-0.06985580460004183,1.0,0.5549062355410785
2018-06-24,0.3849118753460599,-0.2679255301798662,1.0506378366387492,1.0,0.6245184891535346
2018-06-25,-0.2863433275336467,-0.2952866137008332,1.113825953247368,1.0,0.5807343677018011
2018-06-26,-0.656794252792774,-0.27413897669065884,0.8519262003292833,1.0,0.5481887991293471
2018-06-27,-0.6896957825933855,-0.28359851712402095,0.7682739228536785,1.0,0.5428128070420627
2018-06-28,-0.007268746196066959,-0.3012618364017024,2.231504141864163,1.0,0.6363463117989967
2018-06-29,0.965369633073206,-0.3113584352965772,2.731244470707574,1.0,0.7174261897577756
2018-06-30,-0.7705709153752466,-0.325476297667937,1.913541068620873,1.0,0.5738517955261819
2018-07-01,1.8730109867876052,-0.2672559693299865,2.56817559310544,1.0,0.7743375868339389
2018-07-02,3.431479215318804,-0.2623905940935567,2.718507044108348,1.0,0.8546839600497135
2018-07-03,1.3785040700473383,-0.26338273121772504,2.611740497530543,1.0,0.7429840074534354
2018-07-04,-0.18003383355231087,-0.2760325410988975,1.9184364984273012,1.0,0.6154442718316353
2018-07-05,0.3129161960719671,-0.2981698143319408,2.1924363536480085,1.0,0.6565185492625673
2018-07-06,-0.6320312742664321,-0.29825014193763266,1.3798405759569392,1.0,0.5664321783334012
2018-07-07,-1.2278913411618915,-0.28957815463846287,0.08314838250487377,1.0,0.483846433562767
2018-07-08,-0.6345271392594095,-0.2777573716885158,0.3505534418126626,1.0,0.5328100816227733
2018-07-09,-0.1530879786569965,-0.2918322392166669,1.6362471417593025,1.0,0.6071760295141493
2018-07-10,0.386970178638932,-0.3108449582561475,1.9598752613784773,1.0,0.653175314027872
2018-07-11,0.2558385872252548,-0.2897630565330057,1.579897804974388,1.0,0.6326457052919547
2018-07-12,-0.15523395708278148,-0.28964905850269296,1.2441700349299898,1.0,0.5940546932545354
2018-07-13,0.20589092515140633,-0.29019927410299184,1.4700483626144183,1.0,0.6256360373429497
2018-07-14,0.17567946226927406,-0.2955283004746178,1.05435533241359,1.0,0.6095434627119622
2018-07-15,0.26070093580801473,-0.3038500173986489,0.9528413735751667,1.0,0.6114810241147628
2018-07-16,1.1542625779055677,-0.2973008972395954,1.8978419691712716,1.0,0.7028247001144304
2018-07-17,-0.4629781331658168,-0.3074476775354074,1.3922089367334238,1.0,0.5777314357827511
2018-07-18,-0.27460177950535175,-0.3106225401588991,0.7960989398726354,1.0,0.570287240188777
2018-07-19,-0.02974023300582192,-0.29239092804310174,0.8876652459973824,1.0,0.5904232039977287
2018-07-20,-0.5428985098478359,-0.2918752298143228,0.4027282040092807,1.0,0.5400695715681901
2018-07-21,-1.1449997924799948,-0.2756944943822405,-0.3323839133217848,1.0,0.4760999461246809
2018-07-22,-1.0171002710152486,-0.2980802234163428,-0.3599705863072535,1.0,0.48277428641306075
2018-07-23,-0.7039885807007505,-0.2943046811941032,0.6176149025399459,1.0,0.5363918963215272
2018-07-24,-0.716755782250234,-0.2904966082573713,0.7155464972067206,1.0,0.5389638057461513
2018-07-25,-0.6901407128517505,-0.29061704139093236,0.7962562976856489,1.0,0.5434234523414494
2018-07-26,-0.011291725099445496,-0.292312563764904,1.1730810618902816,1.0,0.6011702302328421
2018-07-27,-0.18776124817775694,-0.29142201011273916,0.6637999864806574,0.8705505632961241,0.5530492504105593
2018-07-28,-0.7685450272741763,-0.30383030689917295,-0.04756794098050671,0.7578582832551991,0.4731972131831857
2018-07-29,-1.1202494064846231,-0.3422999523301435,-0.21337422354671545,0.6597539553864472,0.4279048274103458
2018-07-30,-0.6834113273062762,-0.3298442051463056,-0.19301868569333114,0.5743491774985175,0.4454141567334855
2018-07-31,-1.0285839816892686,-0.3328888794593077,-0.5725819425638358,0.5,0.3984712998244498
2018-08-01,-0.2620873129494893,-0.3094582229183073,0.7409644818587188,0.4352752816480621,0.48462352815760457
2018-08-02,-0.24165896596687644,-0.30928844073320616,0.7211055962049511,0.37892914162759955,0.47687860835596296
2018-08-03,-0.5407692445941951,-0.2973174057613552,0.6544788444884784,0.3298769776932236,0.44785799992393005
2018-08-04,-0.13423440143011808,-0.555813387385477,0.9546525721721967,0.2871745887492588,0.46779008948172596
2018-08-05,-0.12377342369536083,-0.5428056519523398,1.1889460634284927,0.25,0.4712630717032449
2018-08-06,0.9442461728064265,-0.48457957257706513,1.548128444411102,0.21763764082403103,0.5520088569336922
2018-08-07,0.2805062740531273,-0.4791112868757797,1.3934328825727047,0.1894645708137998,0.49860489635821115
2018-08-08,0.19061809826958206,-0.43620727358012684,1.3247825313671047,0.16493848884661183,0.4884327611913621
2018-08-09,-0.09317115982404277,-0.34778115126591175,1.4312433565037528,0.14358729437462942,0.47354391408197033
2018-08-10,-0.1622734737482677,-0.4180775277304544,0.9654977423690269,0.12500000000000003,0.4476951295069808
2018-08-11,-0.6282964670263699,-0.4673686801515842,-0.03153411534418989,0.10881882041201553,0.3789115597422553
2018-08-12,-0.5773942960801032,-0.4588381491912403,-0.0914066641633022,0.09473228540689989,0.37855174471728303
2018-08-13,-0.1971460498601715,-0.46321722869323134,0.4251977086014612,0.0824692444233059,0.41909985576398184
2018-08-14,-0.1124657843954977,-0.4010312092750522,0.5425023314684183,0.0717936471873147,0.42964510544755086
2018-08-15,0.36003801167690574,-0.4328935783098728,0.9934613794550994,0.0625,0.47345568099738566
2018-08-16,0.2563123389731452,-0.44242857915111394,0.9139808558910815,0.054409410206007765,0.46228040519418384
2018-08-17,0.24674291290690703,-0.45626298371988394,0.9664255577393462,0.047366142703449944,0.46175767653562777
2018-08-18,-0.19075881884484125,-0.687592924449131,-0.001541257315063967,0.04123462221165295,0.389766858312876
2018-08-19,-0.7814133646742407,-0.4991370399899874,-0.8021241545646727,0.03589682359365736,0.3307554507423606
2018-08-20,-0.5306457106771922,-0.4536254100770912,-0.295372134599361,0.03125,0.36556432271499634
2018-08-21,-0.916680836087609,-0.9922612190749043,-0.30025734549163424,0.027204705103003893,0.31661585438176787
2018-08-22,-0.6610489561423374,-1.1082118025150616,-0.4153883604125967,0.02368307135172497,0.3244607598413888
2018-08-23,-0.7945848592160397,-0.7243055077471426,-0.8342761256925503,0.020617311105826482,0.3171316723722554
2018-08-24,-0.8885583288874205,-1.012165794865723,-0.8136218863891982,0.017948411796828663,0.2991607355113179
2018-08-25,-0.29355149685573106,0.4506097376558704,-1.1675172131981255,0.015625000000000007,0.38763181550534165
2018-08-26,0.039388865715517175,0.3755989959959446,0.31747829980649855,0.013602352551501933,0.45589884542380743
2018-08-27,0.9629560421031569,-0.4550429195843297,1.7764947095275538,0.01184153567586249,0.5312296684931612
2018-08-28,2.0430707012915534,-0.45425259168005744,2.0489116691780342,0.01030865555291324,0.6121208760716392
2018-08-29,2.7581005538446033,0.1524963311715612,1.4972149055767283,0.008974205898414338,0.6664806784591083
2018-08-30,0.6492380392629409,0.11898153476258656,0.7708392317354936,0.007812500000000002,0.5001066159571537
2018-08-31,-0.7471482706459647,-0.8568679196651962,-0.07161454155407847,0.0068011762757509715,0.33812031036044593
2018-09-01,-0.46073310681476753,-0.07012947266834257,-0.7560635419907318,0.005920767837931244,0.3670483952938332
2018-09-02,0.31823348504221477,0.48088032585944346,0.1777579854608874,0.00515432777645662,0.47295066126212254
2018-09-03,0.41244782148650366,-0.051532789505176375,0.9012491786579149,0.004487102949207169,0.48106402660069614
2018-09-04,2.4578044439631683,-0.7199124174521978,1.8348911169727806,0.003906250000000001,0.6206062536027956
2018-09-05,1.7969719266380202,-0.41668702960079806,1.738183279011592,0.0034005881378754853,0.5858856997302359
2018-09-06,0.6334254700137035,-0.011399416556422888,1.000897241138338,0.0029603839189656215,0.500560687936852
2018-09-07,-0.36418786241584133,0.7454004168775583,0.0008988428994502705,0.0025771638882283094,0.4321956958887248
2018-09-08,-1.1819615674930912,-0.1556936583014233,-1.2634493378610623,0.002243551474603584,0.2979368811970564
2018-09-09,-1.3852970094529746,0.954428247432034,-2.8935717145118582,0.001953125,0.27625528794574117
2018-09-10,0.4101960203867466,3.3726141744567064,-2.216588303565484,0.0017002940689377426,0.503715168683941
2018-09-11,0.037866168655620175,2.164638247851188,-1.7541621498637314,0.0014801919594828095,0.4594676287026389
2018-09-12,-0.07477858629891503,1.9478612881928037,-0.9203911876140914,0.0012885819441141558,0.4706892289592532
2018-09-13,-0.3367398560951779,2.3396790802805825,-0.6597954029333241,0.001121775737301792,0.47821239086816353
2018-09-14,-0.25161967909685073,3.0573625920933503,-0.6372720900511517,0.0009765625,0.5121294361001716
2018-09-15,-0.4766907467636705,1.3147683797860719,-0.9727682954898192,0.000850147034468872,0.4157045449123513
2018-09-16,-0.41948522080442435,1.3266349552931669,-0.738222782755691,0.0007400959797414059,0.42781436338869183
2018-09-17,0.1422686559763301,0.8036243494079947,-0.5706955532611806,0.0006442909720570772,0.44904238349419107
2018-09-18,0.7224244167898912,1.0150898916100475,-0.2473196714648363,0.0005608878686508959,0.5072971840678812
2018-09-19,0.9782858093176113,0.6237771660602467,-0.03031114426165435,0.0004882812500000004,0.5152726399191292
2018-09-20,1.6288523520691374,4.030235562315752,-0.0791418515323619,0.00042507351723443593,0.656015856114449
2018-09-21,0.765177374577263,2.169842448751313,-0.5806990149768401,0.00037004798987070263,0.5471208003690414
2018-09-22,-0.7967256670692945,2.6504620470507954,-1.5693819958707942,0.0003221454860285383,0.43005646278304127
2018-09-23,-1.12448849879599,2.05103059058988,-2.82949473472836,0.0002804439343254482,0.34121928345404917
2018-09-24,-0.8514960362571491,1.1730506677541155,-2.1416294959532602,0.00024414062500000016,0.3457596799679195
2018-09-25,-0.37524295071089764,0.831455966614426,-1.4287091582541105,0.00021253675861721797,0.3870360438001969
2018-09-26,-0.6860703769981228,1.7305808750157725,-1.0054308007238133,0.00018502399493535113,0.41788290490089547
2018-09-27,-0.6633712951355891,3.6399796776723994,-1.4211578917242689,0.00016107274301426942,0.45842747817827056
2018-09-28,-0.7226419099312203,3.326244800539927,-2.1951987140460636,0.0001402219671627241,0.42867161549812427
2018-09-29,-0.9645835540824326,3.2888903765910533,-2.3285349075685167,0.00012207031250000008,0.408094910022429
2018-09-30,-1.270053605927477,3.1407749779906373,-2.512145385240489,0.00010626837930860897,0.38160752035371487
2018-10-01,1.0412905477224137,3.9304511281434604,-1.0298950592434997,9.251199746767573e-05,0.5851034113396644
2018-10-02,0.5052363926915381,2.013593291629602,-0.9596956637012716,8.053637150713471e-05,0.5106043716630196
2018-10-03,0.5695685063496577,5.0,-0.49775371795778517,7.011098358136205e-05,0.5713899598055882
2018-10-04,0.8484317509166798,5.0,-0.7023361627594985,6.103515625000003e-05,0.5831600665758996
2018-10-05,-0.7472676492486315,2.602661571728454,-1.0760636100938374,5.313418965430448e-05,0.44776557199743044
2018-10-06,-0.3760068334440507,1.55925973801218,-1.6869604218901184,4.6255998733837856e-05,0.40867695785771024
2018-10-07,0.618659013309497,2.0000922757017188,-0.9624018278349354,4.026818575356735e-05,0.5175070916749032
2018-10-08,0.9437900961518052,1.4982364555814085,-0.22112408008131265,3.5055491790681016e-05,0.542980314380404
2018-10-09,0.8836161633305822,-0.22234306652799493,-0.10669776607325365,3.0517578125000014e-05,0.47109143521764935
2018-10-10,0.8272277441309736,-0.1814562403368264,-0.48557831999834705,2.656709482715224e-05,0.4564058806589763
2018-10-11,-0.6926833132937081,-0.2211627148515892,-0.785691539356544,2.3127999366918925e-05,0.3434197505496235
2018-10-12,-1.0306788029471663,-0.4276164404798182,-1.4134547891951372,2.0134092876783674e-05,0.29135858859095676
2018-10-13,-1.254499734520346,-0.4379948230615693,-2.189671525926683,1.7527745895340508e-05,0.25013047836873975
2018-10-14,-0.7031823087086967,-0.4631252089453953,-2.1773434609216915,1.5258789062500007e-05,0.2862484691676651
2018-10-15,-0.21253370368596378,-0.436200777051479,-1.5401070206544867,1.3283547413576118e-05,0.34132114588741996
2018-10-16,-0.7014663530750764,-0.23738684636768106,-1.5949353064439171,1.1563999683459462e-05,0.31518168224816345
2018-10-17,-0.5385446312809421,-0.5999532871337584,-1.5822693788530091,1.0067046438391835e-05,0.3113581683792294
2018-10-18,-0.2874483256413222,-0.32660361565513285,-1.5207267026792992,8.763872947670252e-06,0.3415387187965802
2018-10-19,-0.43428508957521017,-0.11905644236101241,-1.4376618085052424,7.629394531250002e-06,0.34316605972228215
2018-10-20,-1.3152154214217275,0.021754250271786804,-1.807765597028684,6.641773706788058e-06,0.27796754203164253
2018-10-21,-0.4982985953822888,-0.42966561607541975,-1.6212719977037786,5.78199984172973e-06,0.3198358270145552
2018-10-22,0.12610867505605297,-0.424280231469001,-1.0771414268428858,5.033523219195918e-06,0.37982494282624857
2018-10-23,-0.2893250828439268,-0.33492881278358894,-1.329371166908521,4.381936473835126e-06,0.34744457900460907
2018-10-24,0.21455824141771365,-0.3452932925225768,-1.222156196953809,3.814697265625001e-06,0.38417869454553644
2018-10-25,0.7836215576431322,-0.20871178736905602,-0.9945369788461458,3.320886853394029e-06,0.43539437820732135
2018-10-26,-0.2861129881811704,-0.5452860561527935,-1.1267165309608724,2.890999920864865e-06,0.34564876439951464
2018-10-27,-0.5144586096784114,-0.6746564025086641,-1.3129357020787247,2.5167616095979584e-06,0.3188279300285288
2018-10-28,-0.6693993347885536,-0.03772473953503259,-1.4649531501821296,2.5167616095979584e-06,0.32997011937497384
2018-10-29,-0.2836286293481447,-0.5622741384257092,-1.092182654584999,2.890999920864865e-06,0.346257680772874
2018-10-30,0.4824348238672648,-0.373504292159069,-0.9483816252687136,3.320886853394029e-06,0.40998742004192734
2018-10-31,-1.2458531992604005,-0.7524323152777462,-1.1884461326910127,3.814697265625001e-06,0.2709774746942899
2018-11-01,-0.7401306194887073,-0.2644826480899371,-1.1048044550935063,4.381936473835126e-06,0.32781169048435965
2018-11-02,-0.9075525459014094,-0.5695587747356746,-1.153378137607945,5.033523219195918e-06,0.3023196984341377
2018-11-03,-1.1005102317659594,-0.20984136595710726,-1.2379055706742161,5.78199984172973e-06,0.3016266092448923
2018-11-04,-1.1594208293406392,0.05272276323765152,-1.3000023451767615,6.641773706788058e-06,0.3065696446056902
2018-11-05,0.16822107271157946,-0.4299135035339544,-0.8698404065012316,7.629394531250002e-06,0.3893081397259958
2018-11-06,-0.5860395312929717,-0.02768397757748817,-0.8618717727957558,8.763872947670252e-06,0.3560494543358235
2018-11-07,-0.08406077731394866,-0.14585244018141225,-0.815740479843843,1.0067046438391835e-05,0.3861289239003489
2018-11-08,0.2997533997428009,0.307668230366808,-0.7142544079906448,1.1563999683459462e-05,0.43399632391506815
2018-11-09,0.006572358277766729,-0.11045256410817494,-0.5813485926785528,1.3283547413576118e-05,0.40145967315683745
2018-11-10,0.12637346209795458,-0.3008893468608722,-0.6509784519062115,1.5258789062500007e-05,0.39919084844214636
2018-11-11,0.2256392701434451,0.08881703025496634,-0.6665066455773123,1.7527745895340508e-05,0.42152906857949385
2018-11-12,0.32476999622748326,-0.1322076531964261,-0.24358650059619927,2.0134092876783674e-05,0.4330261509593727
2018-11-13,0.3294291986658194,-0.15307217354933308,-0.1895378757269772,2.3127999366918925e-05,0.43426947935550486
2018-11-14,0.7458977192491801,0.06371954299044585,-0.06464705525953711,2.656709482715224e-05,0.47523057879678676
2018-11-15,1.4713904530369,-0.13199448983601622,0.26421477611292493,3.0517578125000014e-05,0.5264046632997756
2018-11-16,0.5715700659229356,-0.11579610491653335,0.11383149958365227,3.5055491790681016e-05,0.4620794749998971
2018-11-17,-0.5016143058483181,-0.2759814276382036,-0.33897408206528395,4.026818575356735e-05,0.3687667242842072
2018-11-18,-0.6030200932815054,-0.5072572502051891,-0.6899576526735854,4.6255998733837856e-05,0.34067129166670734
2018-11-19,-0.30285522569436907,-0.4489015276730411,-0.3374420043830576,5.313418965430448e-05,0.3748653246163449
2018-11-20,-0.19377017845412436,-0.6121521636160298,-0.15462938577715368,6.103515625000003e-05,0.3814304903665895
2018-11-21,-0.26265439321259854,-0.5080856865166307,-0.18001870448173954,7.011098358136205e-05,0.38032936334577977
2018-11-22,-0.6110898557206088,-0.701940175898004,-0.2855558624187291,8.053637150713471e-05,0.3455067206646444
2018-11-23,-0.3560036185080351,1.910261896192325,-0.4032631079979837,9.251199746767573e-05,0.4674324443071653
2018-11-24,-0.6914408233658746,-0.513317560654389,-0.4556459532987314,0.00010626837930860897,0.34234345522861404
2018-11-25,-0.7591544568998216,-0.4291055851375799,-0.7949194108594718,0.00012207031250000008,0.330031300344172
2018-11-26,-0.07207577240333857,-0.40296697870584736,0.0793929194549716,0.0001402219671627241,0.4060721216706073
2018-11-27,0.21100643953769777,-0.23067757446702905,0.6953487901314539,0.00016107274301426942,0.45265798428222087
2018-11-28,3.9598017617747105,0.09244249789643498,0.8462294673759428,0.00018502399493535113,0.6570871732574566
2018-11-29,0.5153748576761221,-0.45461985414571476,0.7990493502716965,0.00021253675861721797,0.46708268877851916
2018-11-30,-0.8108381566932799,-0.7470748686844426,0.37105118640067275,0.00024414062500000016,0.35222099733236867
2018-12-01,-0.8178328108134056,-0.2749929499396874,-0.4191812795119351,0.0002804439343254482,0.3450891303047036
2018-12-02,-1.0030815508571318,-0.6710374134615803,-0.5744036995716466,0.0003221454860285383,0.31106953621914146
2018-12-03,-0.5114540634025112,-0.5882857198789005,0.11809635541747758,0.00037004798987070263,0.37038320982394163
2018-12-04,1.0572275626706376,-0.4061373988936911,0.7865683582102766,0.00042507351723443593,0.5048421521920664
2018-12-05,0.6702369764287605,-0.5453924645343182,1.2733339109336645,0.0004882812500000004,0.48947548495827625
2018-12-06,1.5468768667487263,0.3738098097245103,1.2510728515832261,0.0005608878686508959,0.5854870947548416
2018-12-07,0.05280965484171068,-0.4976522114409355,0.9292509043819017,0.0006442909720570772,0.438856808637947
2018-12-08,0.1595635644108926,-0.6650292942529721,0.7837107537517262,0.0007400959797414059,0.43416272322220445
2018-12-09,-0.08034833373737531,-0.6173395918693209,0.8390465210820447,0.000850147034468872,0.42201670084752513
2018-12-10,0.11912012076929454,-0.5629605027471571,1.4451087187169953,0.0009765625,0.4578014287690546
2018-12-11,0.1206022728917165,-0.5582101874313351,1.5735829026192738,0.001121775737301792,0.4624024234977132
2018-12-12,-0.5429935771303086,-0.4868153958255677,1.128145285522476,0.0012885819441141558,0.4063145835076138
2018-12-13,-1.0316264312877303,-0.7505794092849778,0.7870723453674235,0.0014801919594828095,0.35140853616678047
2018-12-14,-0.9903372778208084,-0.6719363736219748,0.4366468877571486,0.0017002940689377426,0.3457901062799428
2018-12-15,-1.0425364755867594,-0.627532916112858,-0.11132333317709524,0.001953125,0.3259325544336105
2018-12-16,-0.9389926211218432,-0.7258378833521529,-0.1681467227000321,0.002243551474603584,0.3268888887500603
2018-12-17,-0.7028743541957436,-0.5403142689083067,0.56632811507322,0.0025771638882283094,0.37489279360144595
2018-12-18,0.0056483128131852,-0.49086380822243836,0.883480225188388,0.0029603839189656215,0.4348172939390684
2018-12-19,-0.2711616095604564,-0.5769784061020432,1.286608903581437,0.0034005881378754853,0.42627884411511363
2018-12-20,-1.0563232190620961,-0.3232914444133642,0.6334618088518097,0.003906250000000001,0.3628093063403638
2018-12-21,-1.4671267315874392,-0.5903578094387759,0.42647595892551743,0.004487102949207169,0.3174822399074534
2018-12-22,-1.4219714823847363,-0.6628630267744079,-0.31771057377829953,0.00515432777645662,0.29276540509927573
2018-12-23,-1.3347123197916115,-0.7038780233565861,-0.3682722899940448,0.005920767837931244,0.2953032998832564
2018-12-24,-1.4049329080265816,-0.667174212132454,-0.5676252622061101,0.0068011762757509715,0.285638214993868
2018-12-25,-1.4391099736439399,-0.6948327064954836,-0.7847710545957681,0.007812500000000002,0.2751208121665666
2018-12-26,-1.0910481440416122,-0.7010920949613306,0.2973307885406,0.008974205898414338,0.3343084436099526
2018-12-27,-1.4722922118775943,-0.5599544283343323,0.4274394649057465,0.01030865555291324,0.31931003185735846
2018-12-28,-1.6867979539015148,-0.5210234602943764,0.04210472560732397,0.01184153567586249,0.2940172134325902
2018-12-29,-1.6961225359801757,-0.563224749150112,-0.6892618415575804,0.013602352551501933,0.26752242455087294
2018-12-30,-1.7241884003324792,-0.6115167970168742,-0.5968689837894259,0.015625000000000007,0.26702235730915075
2018-12-31,-1.777684447361226,-0.5866512331256988,-0.618222587324238,0.017948411796828663,0.26412874432106387
2019-01-01,-1.6078379516316907,-0.6487150564561409,-0.9892094979916459,0.020617311105826482,0.2608999559383672
2019-01-02,-0.7931026419855527,-0.7647492079892961,0.5108016812343074,0.02368307135172497,0.36084112361197807
2019-01-03,-1.1130797556219552,-0.19786006728296657,0.5465546328954006,0.027204705103003893,0.36484970701704333
2019-01-04,-1.2529463516797235,-0.13616320389900613,0.4830467090804138,0.03125,0.3565858333615737
2019-01-05,-1.6132866323314383,-0.95549263653827,-0.17507063623616084,0.03589682359365736,0.27718420031998614
2019-01-06,-1.5346627763068135,-0.9217281278660566,-0.5719242372233957,0.04123462221165295,0.27140486167609484
2019-01-07,-0.08540589268746526,1.4613215234035675,0.7764848907720082,0.047366142703449944,0.5131824217272354
2019-01-08,-1.0402354808452074,-0.11559017392653304,0.6160599168918792,0.054409410206007765,0.3795314527906778
2019-01-09,-0.6055444463338052,-0.05179738959993948,1.4616355629386533,0.0625,0.44056833110903737
2019-01-10,0.3486110264602681,0.13374623822285023,1.9469772338615288,0.0717936471873147,0.5294817832301182
2019-01-11,0.6198891423395512,0.20851287332197305,1.831526602080896,0.0824692444233059,0.548435252610578
2019-01-12,-0.8235615142868971,0.26260604617116573,1.1109187386223618,0.09473228540689989,0.43227828506978583
2019-01-13,-0.9533222329121785,-0.4820661100473923,0.9145711317648625,0.10881882041201553,0.38816762400784455
2019-01-14,-0.387838761961032,-0.45223868604963446,1.653064599055474,0.12500000000000003,0.454152957252379
2019-01-15,0.23052868861906503,0.6180265317453549,1.7306184114606475,0.14358729437462942,0.5453450592688769
2019-01-16,0.19654912583314602,0.05644947403267996,1.4436508123671945,0.16493848884661183,0.5133178035461363
2019-01-17,0.1736221989682639,-0.7249399156461314,1.1551060995105276,0.1894645708137998,0.47329220571838304
2019-01-18,-0.8912961457161325,-0.7511165059729837,1.0163088728832734,0.21763764082403103,0.40080634442309726
2019-01-19,-0.9796413649106959,0.11687273816041481,0.23146182188192727,0.25,0.40977566715870184
2019-01-20,1.2241731161684681,0.07747672705098282,1.6364155048218771,0.2871745887492588,0.6074631098448069
2019-01-21,5.0,5.0,3.275695349303148,0.3298769776932236,0.8994815466539836
2019-01-22,3.4657844374997078,5.0,3.0414977411578863,0.37892914162759955,0.90683937124414
2019-01-23,0.16178542598452597,0.49026913129755856,1.5328389693408058,0.4352752816480621,0.5725995000949362
2019-01-24,-0.9522528322236385,-0.24923168723954492,0.6817519827595567,0.5,0.4488568903087616
2019-01-25,-0.4604576382436957,-0.21335913092817296,1.1544350352849668,0.5743491774985175,0.5100464047960229
2019-01-26,-0.560024323856364,-0.6354490740416434,0.9672701044701745,0.6597539553864472,0.4923934304481468
2019-01-27,-0.9546239149875975,-0.6531299495256623,0.19816502033137223,0.7578582832551991,0.45442890093658317
2019-01-28,-0.46652982359153855,0.3607504194461996,1.069404542821953,0.8705505632961241,0.5751586818259729
2019-01-29,-0.5158505506229832,0.16913796795444982,1.6566385289668566,1.0,0.6028786629221318
2019-01-30,2.9437995255788434,-0.007617288069957626,3.120144701491173,1.0,0.8709359147023413
2019-01-31,2.703203799236739,1.3859673626467504,3.0069916417008806,1.0,0.9129622267260639
2019-02-01,2.395100248076521,0.6981823369787373,2.0877850480772286,1.0,0.8333571155151231
2019-02-02,-0.31322998032468763,-0.18568020237026356,1.481940361348801,0.8705505632961241,0.5763619227523051
2019-02-03,-1.1481466907005895,1.4965470827721215,-0.3202619486722992,0.7578582832551991,0.513816359934669
2019-02-04,-0.944533855936747,-0.13508307771396771,-0.2764712617956317,0.6597539553864472,0.4461499992809143
2019-02-05,-0.9800779815019364,-0.6628052461206,-0.9419869619412093,0.5743491774985175,0.3867973938715833
2019-02-06,-1.0621481410549245,-0.7337214618412489,-0.9007412698825841,0.5,0.3685936873568669
2019-02-07,-1.0737699227828732,-0.7058344899617672,-0.9742946467871763,0.4352752816480621,0.35682037208703826
2019-02-08,-0.7379090895827949,-0.23918375984188944,-0.2378248916748592,0.37892914162759955,0.4147519455560462
2019-02-09,-0.5808794238952864,0.25578327417680125,-0.13764390276628644,0.3298769776932236,0.441825758059455
2019-02-10,-0.26047668782415684,0.7114376320609269,-0.17604718322566434,0.2871745887492588,0.47448607101912815
2019-02-11,-0.4545120841283148,-0.09031150239261715,0.4227671111055007,0.25,0.4425284521619366
2019-02-12,-0.736711059148355,-0.3915794106577538,0.3091306322862163,0.21763764082403103,0.40252012114584845
2019-02-13,-0.4681615003971212,0.05592320850882513,0.14040184542186307,0.1894645708137998,0.4292191141308584
2019-02-14,-0.3339932976320247,-0.29954097904491817,0.16294862281049824,0.16493848884661183,0.4204253001183351
2019-02-15,-0.6853789381744227,-0.320142576084471,-0.6905262747820822,0.14358729437462942,0.36448934844831055
2019-02-16,-0.7211763936939248,-0.1680377355192138,-1.0021917012281496,0.12500000000000003,0.3552636113994994
2019-02-17,-0.7397121813963493,-0.23624017909191872,-0.6846151426053398,0.10881882041201553,0.35934483208637114
2019-02-18,-0.6230590323069902,-0.17588812859933023,0.10380879572964133,0.09473228540689989,0.39380419515658494
2019-02-19,0.46867806212659047,0.5397656300311273,0.5407951670598101,0.0824692444233059,0.5091323309585593
2019-02-20,-0.17651223612684247,0.4846907754745192,0.3765093459405627,0.0717936471873147,0.4567473251790981
2019-02-21,-0.6076792063909346,0.06464958976746402,0.19314461548673642,0.0625,0.4029949396638066
2019-02-22,-0.5317552684923341,0.09161625825595425,-0.8230974732165737,0.054409410206007765,0.3740918219515246
2019-02-23,-0.6970733577515467,0.13810893189872323,-0.938223438220152,0.047366142703449944,0.3601137884438561
2019-02-24,-0.747461479104692,-0.08082918176976728,-1.3379607316938447,0.04123462221165295,0.33338785442790003
2019-02-25,0.21935984952937568,1.1657376628986118,-0.05141054940432381,0.03589682359365736,0.491867231148305
2019-02-26,0.3136779126391671,1.0234972345659574,0.21911634668623026,0.03125,0.5005489571724003
2019-02-27,0.12776305185391745,0.12744694943372825,0.09945646915844092,0.027204705103003893,0.44622374775406515
2019-02-28,-0.19199487549363026,-0.18794641183866523,-0.32089381483038404,0.02368307135172497,0.39722524134889287
2019-03-01,-0.010418028186267431,0.3211986441170835,-0.1550080785554868,0.020617311105826482,0.4356144023398184
2019-03-02,-0.10677982070061258,-0.33943874674653535,-0.4176499989895737,0.017948411796828663,0.39250865930872536
2019-03-03,-0.3157168707243239,0.027931528435297944,-0.5292332277808499,0.015625000000000007,0.38981866471048754
2019-03-04,0.7321817922752243,0.30323851873662827,0.46981563415932354,0.013602352551501933,0.5041479317870772
2019-03-05,1.2049422184015477,0.36705407243103894,1.1881739179827748,0.01184153567586249,0.5620054285288684
2019-03-06,1.6647261801517081,0.7303856717771893,1.3761422047093006,0.01030865555291324,0.6138321868240771
2019-03-07,0.8340669133742976,0.07239992556201245,1.0441643444359474,0.008974205898414338,0.5197727334893307
2019-03-08,0.16313178392311642,-0.22272742224160005,0.3278363983347133,0.007812500000000002,0.4386948979459649
2019-03-09,-0.16330849185119234,0.40777541283365165,-0.13976982199079716,0.0068011762757509715,0.4274645917863254
2019-03-10,-0.14424005690821556,0.5490722753462381,-1.3486691132508173,0.005920767837931244,0.3941944857462081
2019-03-11,-0.10543566929638731,0.3650566429596919,-1.016992362949893,0.00515432777645662,0.4000550525717001
2019-03-12,1.478712311877593,0.9468171051143458,-0.38347958560764,0.004487102949207169,0.5509219460937304
2019-03-13,1.3042421649806044,0.5049546585152719,-0.19371887458514508,0.003906250000000001,0.5271178967840051
2019-03-14,-0.5243234895878512,0.2720504633468433,-1.396330097773909,0.0034005881378754853,0.35534628829514614
2019-03-15,-0.6355243041272537,0.43071318902653705,-1.8763818394382734,0.0029603839189656215,0.3384760922075245
2019-03-16,-0.35252399875442575,-0.05538565010641425,-1.8495530197217767,0.0025771638882283094,0.3379254719211128
2019-03-17,-0.0036467712821398636,-0.19361838181093516,-1.862174395402233,0.002243551474603584,0.35495350221351785
2019-03-18,1.1396913597876668,0.00856235127052681,-0.45577357759845505,0.001953125,0.48643670478550133
2019-03-19,1.51675624836803,0.23698984030524445,0.08280290305929758,0.0017002940689377426,0.5390068007829044
2019-03-20,0.5808747493026158,-0.1891080382540618,-0.23182520785006921,0.0014801919594828095,0.4483400035585086
2019-03-21,-0.13419176502869526,-0.31457608484098726,-0.9922377028177948,0.0012885819441141558,0.3700652426607364
2019-03-22,-0.11532028168441288,-0.5436290876150254,-0.8471589611769359,0.001121775737301792,0.3665904035584438
2019-03-23,-0.12501211570052198,-0.5473485942668831,-1.1872089536071122,0.0009765625,0.354432520113608
2019-03-24,-0.537761963925405,-0.4696980902240709,-2.050639780098452,0.001121775737301792,0.30139205566961685
2019-03-25,-0.3432946789231103,-0.1400554422521547,-1.3860083809729153,0.0012885819441141558,0.3502710525704728
2019-03-26,0.4016951580453889,-0.3814011346384935,-0.600566380381566,0.0014801919594828095,0.4160911127076256
2019-03-27,0.39845514157381007,-0.4936006905797485,-0.14818322327585512,0.0017002940689377426,0.4263125839985767
2019-03-28,-0.2891554348139182,-0.7099941869457641,-0.6549097252011005,0.001953125,0.35460252446629525
2019-03-29,-0.6918965251125363,-1.0169178202752052,-1.7423900904136262,0.002243551474603584,0.2787588521884337
2019-03-30,-0.9081425797494401,-0.9738740170359285,-2.1044006197753076,0.0025771638882283094,0.2541189645642643
2019-03-31,-0.9663260344108637,-0.9587562768036231,-2.375643542207875,0.0029603839189656215,0.24188602568670714
2019-04-01,0.6762204939255239,-0.544808095812404,-0.29416379292518524,0.0034005881378754853,0.4380856573926933
2019-04-02,0.07925233529902882,-0.7093169306399058,-0.4802317608167879,0.003906250000000001,0.3853068290493797
2019-04-03,-0.26782394538286314,-0.6047127007111935,-0.7424500774127906,0.004487102949207169,0.3578734373067974
2019-04-04,-0.5409329220106162,-0.8531210377844131,-1.362454361824398,0.00515432777645662,0.3087490990639303
2019-04-05,-0.47981442627302917,-0.9082211534291287,-1.3352392887739217,0.005920767837931244,0.31154996240547667
2019-04-06,-0.5195117186959023,-0.5823615013849899,-1.6079779231330964,0.0068011762757509715,0.31352173519949134
2019-04-07,-0.8339815187512157,-0.44061664602183576,-2.368376670145135,0.007812500000000002,0.27326819116083795
2019-04-08,0.019439026286197345,0.03643458852890066,-1.5851738254003598,0.008974205898414338,0.3763210463125342
2019-04-09,-0.2617426951200346,0.18680625002416804,-1.4549855038897854,0.01030865555291324,0.36838086227961553
2019-04-10,-0.2380512311524429,-0.09539528500868068,-1.488638949265472,0.01184153567586249,0.3573100464236724
2019-04-11,-0.5410944941814504,-0.42898651101822416,-1.4193279924839255,0.013602352551501933,0.32578201556207176
2019-04-12,-0.8144007369943649,-0.8709064007212689,-1.3616062917789635,0.015625000000000007,0.29137572444435733
2019-04-13,-0.8891070080996973,-0.7855241965527896,-1.706441068051612,0.017948411796828663,0.2788069174381245
2019-04-14,-0.7734480249083394,-0.5753902877608266,-1.7132108861547328,0.020617311105826482,0.29544777014345913
2019-04-15,-0.3152441934539721,-0.5533022218198084,-1.262619033335978,0.02368307135172497,0.34239462078546934
2019-04-16,-0.4800213954208191,-0.7566133253388931,-1.1068762256170463,0.027204705103003893,0.3286578499943739
2019-04-17,-0.5745323278620079,-0.8277703603339965,-1.3421986359081208,0.03125,0.3121549585983456
2019-04-18,-0.6878369161444847,-0.7751721276144802,-1.2622941837478892,0.03589682359365736,0.31015341768721666
2019-04-19,-0.7598414834118525,-0.7208164024228848,-1.1645921874921819,0.04123462221165295,0.3116753380869315
2019-04-20,-0.863678696599887,-0.8505689198022535,-1.4965743287714899,0.047366142703449944,0.2892001590147148
2019-04-21,-0.9809582944884598,-0.8408738598535173,-1.850105361074345,0.054409410206007765,0.27105760236862914
2019-04-22,-0.8119951295141693,0.5155873808007362,-1.3296542859864806,0.0625,0.3574029893662034
2019-04-23,-0.19478033776724482,1.3186563800541147,-1.0133449709657834,0.0717936471873147,0.44394954136367626
2019-04-24,-0.09354666907522614,1.293519053078379,-0.9411601315300695,0.0824692444233059,0.4536585648857443
2019-04-25,-0.10772097274254434,1.1474100624555146,-1.060306125224068,0.09473228540689989,0.4444936597230429
2019-04-26,-0.3594369225831469,-0.5124762036143016,-1.0398306453624104,0.10881882041201553,0.36134616489358296
2019-04-27,-1.0235256902682028,0.5832445633954791,-1.4458941725596395,0.12500000000000003,0.35162033837161016
2019-04-28,-0.8022734207237918,-0.28187966280706556,-1.6459787317263415,0.14358729437462942,0.32644225576676916
2019-04-29,-0.6342437373634345,-0.04674581479545329,-1.075679822938857,0.16493848884661183,0.369654121121657
2019-04-30,-0.29296946126999185,-0.7205061327844591,-1.0243279858014325,0.1894645708137998,0.3697230331446703
2019-05-01,-0.269677180010594,1.297400227862071,-0.7180050789581304,0.21763764082403103,0.4697920076518803
2019-05-02,0.7826131131820916,-0.04419212574323458,-0.2080006837594284,0.25,0.5058995128475238
2019-05-03,-0.2634830022282243,1.044188300994025,-0.4128790012281146,0.2871745887492588,0.48025586733098774
2019-05-04,-0.45340124711099333,0.40043828461351827,-0.941857937895011,0.3298769776932236,0.4295444607756469
2019-05-05,-0.8453724692546372,0.2669644795454519,-1.4572373078905407,0.37892914162759955,0.38803014967854
2019-05-06,-0.6891366790681894,0.5336829335438509,-0.807098541564368,0.4352752816480621,0.4396823511548449
2019-05-07,-0.3809841162311645,1.5513035215322029,-0.44329626863784893,0.5,0.5244621633605026
2019-05-08,-0.8398352727999857,1.8598122366453318,-0.49151851296428944,0.5743491774985175,0.5162715845328577
2019-05-09,-0.9990108962849119,1.913653253023946,-0.4927248802283642,0.6597539553864472,0.5206737564240252
2019-05-10,-0.46767301114189014,3.3769305904426754,-0.5622385858510054,0.7578582832551991,0.6137592555504536
2019-05-11,-0.8731682991720391,1.1853928406189913,-0.8794697201803983,0.8705505632961241,0.5174470755693941
2019-05-12,-1.2610916876985891,-0.4320366042852859,-1.659480574385389,1.0,0.41760967649536085
2019-05-13,-1.0827269582312256,-0.44683516829705644,-0.7742399345421342,1.0,0.45839207295413653
2019-05-14,-0.9341862241394835,-0.6132138518620978,-0.824177689712092,1.0,0.45969775157271064
2019-05-15,-0.8207218747281068,0.10469095620993273,-0.9637685425144866,1.0,0.4925217134430572
2019-05-16,-0.5399298266793472,1.0976269550650324,-0.5272920060353385,1.0,0.567162734481242
2019-05-17,-0.10115399459481139,0.7497605720391671,-0.11869029616169637,1.0,0.5955400809899214
2019-05-18,0.1849237901844577,1.9407671576377836,-0.07392281552840563,1.0,0.6657294570629247
2019-05-19,-0.3115316157077966,2.7136637135444484,0.5818457981829596,1.0,0.6866954069565976
2019-05-20,0.28678420295193646,1.8393489079667518,1.2708886303623776,1.0,0.713121439040823
2019-05-21,-0.5388904197556698,1.183877560417635,0.587501607800484,1.0,0.6079855906270396
2019-05-22,-0.08575788419665846,2.325917081325821,0.09165210815118018,1.0,0.6692510897138381
2019-05-23,1.0111347948032074,3.973353178846305,0.7789347536245657,1.0,0.7933734781076994
2019-05-24,0.15648455797730493,4.099943095053154,0.8643443875178074,1.0,0.7392437834490806
2019-05-25,1.0812004228343621,3.3706326611443735,0.3116636438392746,1.0,0.7824688163169333
2019-05-26,0.8076201137617682,1.084847292597064,0.7690498687100615,1.0,0.6996783070659977
2019-05-27,-0.4820664877607506,0.7121640888149864,0.6395153412448852,1.0,0.5938529158914039
2019-05-28,2.078335758941559,1.5707414369411883,2.214847805863823,1.0,0.852831537330781
2019-05-29,0.6191570580248394,5.0,2.0867942861668958,1.0,0.8108369467405526
2019-05-30,0.9670260366705798,0.9811202089608072,1.4563907251655637,0.8705505632961241,0.7094773531513431
2019-05-31,-0.6289764255259576,0.10735004888621827,0.7323017737616017,0.7578582832551991,0.5256299586155285
2019-06-01,-0.3250042117716166,-0.2051214693188206,0.8386335594529954,0.6597539553864472,0.5217038699500083
2019-06-02,-0.9220253800911252,-0.22516360980887182,0.30436342968355257,0.5743491774985175,0.45044764853278474
2019-06-03,-0.899860430030925,0.46003135970203907,-0.07886682431587794,0.5,0.4565483838416607
2019-06-04,-0.6963435133285412,0.6128060277286401,0.30460208881683554,0.4352752816480621,0.47955537880789445
2019-06-05,0.7874708462848562,-0.16153702643627757,1.833743910208346,0.37892914162759955,0.5887315152352304
2019-06-06,1.1885951817392955,-0.4228075204560499,2.742187284132922,0.4352752816480621,0.6433202338152577
2019-06-07,-0.599844038332937,-0.7439711881719026,1.6968313816161742,0.5,0.4855726439911808
2019-06-08,-1.0864246080853024,-0.2678108115028059,0.4197407499144601,0.5743491774985175,0.44155664393695593
2019-06-09,-1.3132747976322674,-0.5979842563013118,-0.0037825819064399293,0.6597539553864472,0.41136934338971326
2019-06-10,-0.5245083781235192,-0.03675359027473886,0.8341860208958024,0.7578582832551991,0.5299863183817912
2019-06-11,-0.6640561252555206,-0.18559349906191613,0.9581745061431419,0.8705505632961241,0.5355182638879088
2019-06-12,-1.020505468001864,-0.16413275480023531,0.3831257334433256,1.0,0.5128982951313101
2019-06-13,-1.3118442145617124,-0.3630090567657289,-0.16183906014713162,1.0,0.46702370632574275
2019-06-14,-1.3251186838457556,-0.2079078555678605,-0.2977243947820219,1.0,0.46807178060222143
2019-06-15,-0.5515210030364796,0.029233293715625823,-0.5045441828926567,1.0,0.5226318476059639
2019-06-16,0.3146451273680968,0.21649406664489704,0.6816683685553854,1.0,0.62771920688659
2019-06-17,0.5697028238907329,0.046910788749109575,2.2407383538166408,1.0,0.6896260829178165
2019-06-18,-0.18193005006260257,0.01840276638390824,2.234653917861012,1.0,0.6381265758571898
2019-06-19,-0.28835185906514943,-0.28625193800315485,2.375198225836607,1.0,0.6230226528400788
2019-06-20,0.5420648142582332,-0.19287386734101353,2.019875957553617,1.0,0.6704304417297939
2019-06-21,0.4025732111261378,0.08367571316655464,1.116015841219087,1.0,0.6425252301643185
2019-06-22,-0.572271174783791,0.13768219536323942,0.3785098201973877,1.0,0.5552023404944618
2019-06-23,0.6685669162465141,0.3833762096283464,1.1974203727633073,1.0,0.6754591489097257
2019-06-24,2.2745486832389745,0.6645156319783874,2.6684427988941755,1.0,0.8432728235115037
2019-06-25,2.7536181276582057,0.5521678356858291,2.99295830560592,1.0,0.8813468118509872
2019-06-26,2.06671666447963,-0.03947766813959445,3.5096018416273504,1.0,0.8111362081261589
2019-06-27,2.7702843739739316,0.024048983504464123,3.364445145357842,1.0,0.860687665910948
2019-06-28,3.229094630194085,-0.11847681561076619,3.092089618113108,1.0,0.8700634660162182
2019-06-29,1.222595596338418,-0.116519721215453,2.4968587510675246,1.0,0.7348800097408349
2019-06-30,-0.7198255640609139,-0.28677952160522535,1.3600840775645873,1.0,0.5603986182478743
2019-07-01,0.5094760543405914,-0.1272246087759826,2.5021033014430367,1.0,0.6870674883051414
2019-07-02,1.6406616155359195,-0.1685775350815236,2.882847188423125,1.0,0.7734482833547688
2019-07-03,1.6422744314559314,-0.38869810311706693,2.417100295696896,1.0,0.7488592176570809
2019-07-04,0.12317743526237103,-0.6046603010293297,1.7556043076646908,1.0,0.6165377933967591
2019-07-05,0.545381607204645,-0.5320005657527818,2.199467845165975,1.0,0.6625076784128096
2019-07-06,0.19133956595318988,-0.7090823785788634,1.7201742064266696,0.8705505632961241,0.5961325966647344
2019-07-07,-0.3819182795841475,-0.43909602003344766,1.2145410611757117,0.7578582832551991,0.5354065583871335
2019-07-08,0.012721001315413424,-0.3732685896751758,1.2824647381028504,0.6597539553864472,0.552007126762624
2019-07-09,2.0601763070168144,-0.5093213543821673,2.0768314716818423,0.5743491774985175,0.6965034563827031
2019-07-10,1.9044476610462022,-0.36860504308121445,2.4498452290963293,0.5,0.6932661415779071
2019-07-11,1.6326677070171518,0.006468285937654835,1.8280655872802771,0.4352752816480621,0.6603408375384311
2019-07-12,1.1439753508333417,-0.5510365835477543,1.7435124139547222,0.37892914162759955,0.5932616174503638
2019-07-13,1.368124118017776,-0.17733263657554993,1.6104825161428766,0.3298769776932236,0.6119837118692832
2019-07-14,1.8118594900164335,0.04048907945508875,1.663818018815258,0.2871745887492588,0.6460144665846217
2019-07-15,0.9302774658256909,0.09561463147152097,1.9845699921473232,0.25,0.5946547737712703
2019-07-16,1.4286477818152852,-0.31342908062231273,1.9706810846010783,0.21763764082403103,0.6055186560387299
2019-07-17,3.0914131603346724,-0.4213572443438297,2.0746482107198094,0.1894645708137998,0.7050180741317374
2019-07-18,2.0249883146177834,-0.1844222389856618,1.7329775222245687,0.16493848884661183,0.6348216517512604
2019-07-19,3.394628887005067,-0.10536432718406245,2.3558729448282034,0.14358729437462942,0.7206770120177987
2019-07-20,1.2702635639146036,-0.865668532514342,2.188444388794576,0.12500000000000003,0.5653128616993619
2019-07-21,1.5748963297221257,-0.3620388737045406,1.6560501420945852,0.10881882041201553,0.5864326300420745
2019-07-22,-0.4089576807307055,-0.9009937461207889,1.1195945734143729,0.09473228540689989,0.4117244104544342
2019-07-23,-0.9570820710697595,-0.2592847782118221,0.23352627720037542,0.0824692444233059,0.3705455920733652
2019-07-24,-0.3422276247242693,-0.3997002626464186,0.4576716578107158,0.0717936471873147,0.4115554164132357
2019-07-25,-0.05672976250551783,-0.32989349934954243,0.734857945648107,0.0824692444233059,0.4443381048785007
2019-07-26,0.47829430366363396,0.10357147008243736,0.8899098444103697,0.09473228540689989,0.5050752691223912
2019-07-27,0.028938002192905533,0.32073942125223354,0.8295962280076183,0.10881882041201553,0.4842693733604264
2019-07-28,0.3121667444447344,-0.5744611222390132,1.1473951363131925,0.12500000000000003,0.47887174074679645
2019-07-29,1.2397575087388317,-0.6669841342275085,1.5111629798969335,0.14358729437462942,0.5517696884758683
2019-07-30,1.3054556024153527,-0.4793236069252664,1.3681991627364987,0.16493848884661183,0.5624059686240125
2019-07-31,-0.7236804588335916,-0.9259428609005623,0.627670577000966,0.1894645708137998,0.387515721729006
2019-08-01,0.2872020528803826,-0.8591852191750252,0.9368330532928625,0.21763764082403103,0.4722208339597662
2019-08-02,-0.24951508000326422,-0.36361591271811267,0.7359847505055641,0.25,0.4552478233200465
2019-08-03,-0.3053653803382759,-0.2641284442767958,0.5653299026847224,0.2871745887492588,0.4555574745344613
2019-08-04,0.25395502218321975,0.010692822776375826,0.6614231400169505,0.3298769776932236,0.5139048537491122
2019-08-05,0.6693867386307373,0.15945197816626697,1.0328287277716026,0.37892914162759955,0.5675366105021703
2019-08-06,0.33283089717840925,-0.4845793468618143,0.8883204072641359,0.4352752816480621,0.5218998928486656
2019-08-07,0.02720067527995759,-0.8116286309197184,0.7778345683047927,0.5,0.4939233376738354
2019-08-08,-0.2922881345878169,-0.8168266735398954,0.9666327643027767,0.5743491774985175,0.4898531483981868
2019-08-09,-0.5854991347615865,-0.19363693018514005,0.5414803068284639,0.6597539553864472,0.49491095579376265
2019-08-10,-0.930117586995198,0.25571707913047864,-0.29298558318395435,0.7578582832551991,0.47755959554623817
2019-08-11,-0.282703566522803,0.44755920900500146,-0.2728001926942567,0.8705505632961241,0.5462906406782982
2019-08-12,0.4643015545791055,-0.16398018322791816,0.6807235713685481,1.0,0.6218117150497287
2019-08-13,0.30207774947610233,-0.27982836617164136,0.33728143106067393,1.0,0.5947217157432776
2019-08-14,-0.49534809272946007,-0.38001966694956096,0.6507868864759001,1.0,0.5478355372443343
2019-08-15,-0.0614128154422202,0.19954527830946606,0.4265613765139567,1.0,0.593438911450545
2019-08-16,-0.24228287594249545,0.2047036551850656,0.5738723292624746,1.0,0.5865062048786273
2019-08-17,0.22721469912899558,-0.1509732344731051,0.27627216252028863,0.8705505632961241,0.5736487517506486
2019-08-18,-0.15567193782349667,0.050938858318092514,0.6872202010427562,0.8705505632961241,0.5702342477708646
2019-08-19,1.6375154943274235,-0.3239775353389594,1.3699853151876114,1.0,0.716334812822292
2019-08-20,0.7772657252934368,-0.46338162430435015,1.0757241009534146,1.0,0.643367617371995
2019-08-21,0.573490355861132,-0.414163238985393,1.0272601442984188,1.0,0.6302178935762981
2019-08-22,0.0760659313471164,-0.2586192843649737,0.7303861790274675,0.8705505632961241,0.5742240490366015
2019-08-23,-1.0843170316664248,0.4640277556947617,-0.13605087431684307,0.7578582832551991,0.4811904010539052
2019-08-24,-1.5589359787390962,1.1643523811753973,-1.7100052953558234,0.6597539553864472,0.4115485340958081
2019-08-25,-1.4234255053519747,1.4710682503983739,-1.706786628233958,0.5743491774985175,0.42065896576011297
2019-08-26,-1.1345950210779805,1.2055894325608765,-1.3577615954866862,0.5,0.4293345051019483
2019-08-27,-1.1750606605065217,1.2658008651833872,-0.9148403480708863,0.4352752816480621,0.4342009393270528
2019-08-28,-0.818075154828556,1.1665449546634719,-0.6515155357865241,0.37892914162759955,0.45418988284033
2019-08-29,-0.2922744572116545,2.071420564139596,-0.3802213166765419,0.3298769776932236,0.5286317291231384
2019-08-30,-0.08446178931482601,1.4085759083728004,-0.205735012974787,0.2871745887492588,0.5142782314411075
2019-08-31,-1.2389761249209128,-0.3143357121244912,-1.0119896067051146,0.25,0.33307128344324816
2019-09-01,-0.8817434319544654,2.8286929564254844,-1.53980309082417,0.21763764082403103,0.4653981874835632
2019-09-02,-0.4928948978107568,2.294206505169199,-0.7001551203677737,0.1894645708137998,0.49281345947114374
2019-09-03,-0.12670423781457504,1.9028530324851831,0.044610057133689415,0.16493848884661183,0.5220663690640257
2019-09-04,0.7277008612953846,2.1595100778223957,0.326361304126529,0.16493848884661183,0.5991124607935016
2019-09-05,-0.6496883960555735,5.0,-0.36814962499996834,0.1894645708137998,0.5228354717183661
2019-09-06,-0.6269479684185714,3.440989134485333,-1.429779040925702,0.21763764082403103,0.4931898135315098
2019-09-07,-0.8152934676507838,0.949755254819,-1.8134954717622649,0.25,0.3872703887153306
2019-09-08,-0.8553888650046799,2.074055805868586,-1.795252268767766,0.2871745887492588,0.43762751359767565
2019-09-09,0.35817246289220495,5.0,-0.7625525320990578,0.3298769776932236,0.597941293110162
2019-09-10,1.808784254717565,5.0,0.28020331887708855,0.37892914162759955,0.7367650988545473
2019-09-11,2.7360899890222545,0.39791458092483173,1.1280357472916305,0.4352752816480621,0.7268782572969485
2019-09-12,3.2738231615713387,0.9539961381631787,0.6521021092727208,0.5,0.7614865760658898
2019-09-13,-0.2807986988723138,1.6178236301346824,-0.2695518782406136,0.5743491774985175,0.5508567186808814
2019-09-14,-0.1299073080822807,0.8135691136924799,-1.7486757416319134,0.6597539553864472,0.49091212778527127
2019-09-15,-0.32194241508493887,0.6488027208349084,-1.256040024194031,0.7578582832551991,0.5023813607109374
2019-09-16,3.157979151600405,0.379034958064513,-0.23955334451312896,0.8705505632961241,0.7633905962633357
2019-09-17,-0.3097458563201526,0.33580421418086637,-0.8729352602908932,1.0,0.5392442764931629
2019-09-18,-0.48325848475687994,0.24098327327277538,-1.292819941743471,1.0,0.509729739344458
2019-09-19,-0.655540623520513,0.17901567799168144,-1.5769586524782486,1.0,0.4861909899323442
2019-09-20,-0.48144222948830595,0.049288150651559316,-1.2443300634343155,1.0,0.5034798555301173
2019-09-21,-0.35755221334724585,0.6229119901743213,-1.2892616326604607,1.0,0.534142464278765
2019-09-22,0.1299499065320993,0.9107363820954072,-0.6539050248325192,1.0,0.5998138421950313
2019-09-23,2.91050182160004,1.712144659920587,-0.33268720066255797,1.0,0.8292832422479418
2019-09-24,0.5351005868427997,0.7272730892083936,-1.0294932091207176,1.0,0.6066599775358458
2019-09-25,0.08315339221755078,1.0345389390730924,-1.3331468001633895,1.0,0.5792111219371027
2019-09-26,1.0196153876491083,0.7008572936661797,-1.256522781347498,1.0,0.6302926537011148
2019-09-27,0.6309057724260574,2.197502608053968,-1.5053363683862717,1.0,0.6584451145511101
2019-09-28,1.98803854541697,2.9391919189539655,-1.3081593179509132,1.0,0.7863969223858495
2019-09-29,1.5832945565211272,5.0,-1.4350804392406107,1.0,0.7577169557933882
2019-09-30,-0.4055036649225187,2.788885147702377,-1.7026662718554668,1.0,0.6074144277642489
2019-10-01,2.676189036252579,2.3334111187892512,0.26899905684753483,1.0,0.8596047009279754
2019-10-02,5.0,0.7839835843800952,0.3466585100439031,1.0,0.8192212663506341
2019-10-03,1.2905599171545694,5.0,-0.4055212309354233,1.0,0.7725199534457905
2019-10-04,-0.9814075129782924,0.033679071158302744,-1.354508872801695,1.0,0.4658258313396533
2019-10-05,-1.3450173209159328,0.12743845801556494,-2.500020439792294,1.0,0.40730809969650983
2019-10-06,-1.2487821339721608,0.20772423263230205,-2.392933875949724,1.0,0.42063857156321105
2019-10-07,-0.7877334174028883,-0.008787213003970432,-1.7216639834684198,1.0,0.4647295055156947
2019-10-08,-0.9824161770447837,-0.06335550503132752,-1.8263655105264596,1.0,0.44598692513649374
2019-10-09,-0.7016530678721282,-0.0239894224720048,-1.9602143637367722,1.0,0.4618830907476321
2019-10-10,-0.48735103869023044,0.024315145851629007,-1.7662013218566264,1.0,0.48464968443591494
2019-10-11,-0.8029609359900988,-0.04286143428584338,-1.831173906702062,1.0,0.45864424761534783
2019-10-12,-1.0948247777528102,-0.0914086195844687,-2.0518125243870426,1.0,0.42980923818755834
2019-10-13,-1.0480016363080165,-0.08226464212400972,-2.2163637085742294,1.0,0.4278267405384908
2019-10-14,-0.6781791667236573,-0.19599647943427886,-1.6656067165491597,1.0,0.46610131169035596
2019-10-15,-0.767225595727784,-0.1431078191583468,-1.6307788496632305,1.0,0.4635295061644422
2019-10-16,-0.7682219555662763,-0.1503731385739866,-1.535316848318002,1.0,0.46634242724439867
2019-10-17,-0.7387635053413096,-0.2569205688836413,-1.5364411851321664,1.0,0.4638293697693554
2019-10-18,-0.6376600797142675,-0.2053525332454196,-1.588693524949733,1.0,0.4709765216354985
2019-10-19,-0.5587433757954136,-0.0734668164460678,-1.82192021956025,1.0,0.47395865027637796
2019-10-20,-0.09324536169694143,0.004353639593484739,-1.8236770702867326,1.0,0.5081758085270414
2019-10-21,0.05722536111911375,3.6993044620274764,-1.418520716803013,1.0,0.6565310001811738
2019-10-22,-0.28247384008884785,2.0015835744547283,-1.3455789713191573,1.0,0.5947150938857186
2019-10-23,-0.33439474701527155,0.009471611695281892,-1.4014106442191028,1.0,0.5063879792123153
2019-10-24,0.5631555874895239,-0.030235314400367877,-1.3197232836987678,1.0,0.5672931249426607
2019-10-25,-0.03585798039868132,-0.012624278457016623,-1.3861790234965043,1.0,0.5258774889211622
2019-10-26,-0.7644664971429953,-0.1240429609471666,-1.5713065250117444,1.0,0.46649022598394363
2019-10-27,-0.7177180967954625,-0.22200503480328027,-1.5028259565681235,1.0,0.4678077185445617
2019-10-28,-0.5561339790077574,-0.24723574262921838,-1.182933967191089,1.0,0.48819177988356244
2019-10-29,-0.4972396960803531,-0.26911788251794283,-1.1045458408477296,1.0,0.49381924712813785
2019-10-30,-0.48119270001789044,-0.2047486679079636,-1.0123976811561108,1.0,0.5006427027974385
2019-10-31,-0.580579969334001,-0.16645768856620033,-1.1031450850067248,1.0,0.4925874288539175
2019-11-01,0.06418354231480339,-0.11756177395270938,-0.9260961297718916,1.0,0.543510624580561
2019-11-02,-0.15040931079856895,-0.19940318625289338,-1.022477691446423,1.0,0.5225816568046774
2019-11-03,0.028575062028505686,-0.1123290318817625,-1.1271286736239785,1.0,0.534653672019361
2019-11-04,0.6921109789475131,-0.07458334241637464,-0.636422266830515,1.0,0.5968190171014681
2019-11-05,0.2636218917371234,-0.140194822355785,-0.7351726203929353,1.0,0.5622275878378861
2019-11-06,-0.03380479319631899,-0.1916247906215235,-0.6781385280434533,1.0,0.5421573632429002
2019-11-07,-0.054676283195405594,-0.267580343891226,-0.4930445667930033,1.0,0.5437709145650719
2019-11-08,0.3640413887195507,-0.2625716314878172,-0.21587727585606778,1.0,0.5811330320741087
2019-11-09,0.043503424667005776,-0.2046567484856302,-0.26119647272423857,1.0,0.5606663147000912
2019-11-10,-0.7138513618966239,-0.3092005342272013,-0.7072336078165355,1.0,0.49095210002020717
2019-11-11,-0.5465517598390808,-0.2745565998203696,-0.5091923261646258,1.0,0.5101502801460583
2019-11-12,0.4698712734149537,-0.3672766828187645,0.49324066945389045,1.0,0.6074629120920114
2019-11-13,2.7381392375198863,-0.12112246703486301,0.6997532172987075,1.0,0.7758209536181635
2019-11-14,2.3337247814730593,-0.24770251799371285,0.5324820779364056,1.0,0.7380101164463462
2019-11-15,0.12869021747233247,-0.4015881361210983,0.11048098572269331,1.0,0.5705292083505329
2019-11-16,-0.5370652807215747,-0.31371423508252,-0.3190471753341384,1.0,0.5154893156456521
2019-11-17,-0.600499276268089,-0.22903561947920048,-0.4771135423306963,1.0,0.5095197793594709
2019-11-18,-0.25241504192508396,-0.39848885372621595,-0.07713145517201858,1.0,0.5389975797940014
2019-11-19,0.26004902071634967,-0.30471965007987395,-0.13930440560271345,1.0,0.5749964691076714
2019-11-20,0.13114660422125762,-0.2887727336220239,-0.15421069160732734,1.0,0.566570553326922
2019-11-21,-0.18360952262265218,1.4079105565659946,-0.09255042093504127,1.0,0.6183372909842383
2019-11-22,-0.5873141021345012,-0.37957957599011494,-0.34130597036983934,1.0,0.5086530451791171
2019-11-23,-0.5692437579251924,-0.35918555180668527,-0.427299193194413,1.0,0.5078410450398948
2019-11-24,-0.8104516223667327,-0.4091325379346748,-0.4987672590608628,1.0,0.48729712745957765
2019-11-25,-0.27127340087764734,-0.33278673930629754,-0.04310858314491849,1.0,0.5416120396988972
2019-11-26,-0.23761248214305694,-0.39977767594383956,-0.14225477134710784,1.0,0.5377599389812326
2019-11-27,-1.0536012352409563,-0.023664966906253932,-0.4703158048442668,1.0,0.4880966838680334
2019-11-28,-1.074483442499513,-0.44081801339346655,-0.5954249248318798,1.0,0.4651528557809087
2019-11-29,-1.0607586067962453,-0.4738312281799467,-0.686147690363633,1.0,0.4616682020272981
2019-11-30,-1.1018841314886407,-0.48264061529672103,-0.7559557278304398,1.0,0.45623250800237924
2019-12-01,-1.0212182380038606,-0.4319958415544131,-0.3196939977361611,1.0,0.4782624908104367
2019-12-02,-0.1832916361092475,-0.3864336182268273,0.6374627620028729,1.0,0.5679279155666948
2019-12-03,0.11201152016743006,-0.38281539821559457,0.6502795574114213,1.0,0.5881927783325596
2019-12-04,-0.5357559894582195,-0.418397327424081,0.6078808554827697,1.0,0.5421124072428744
2019-12-05,0.005754417686447143,-0.3908353803330814,0.4034771643169265,1.0,0.572548059142449
2019-12-06,0.03725087707400657,-0.3143039158447084,0.3760140734474165,1.0,0.5769211977596514
2019-12-07,-0.572785259822928,-0.34673708011300697,-0.09472875552352258,1.0,0.5192093124896454
2019-12-08,-0.7983283494799817,-0.12979622752293504,-0.061203189379340495,1.0,0.5143298275752343
2019-12-09,-0.5928903202112987,-0.37965015774553174,0.20256847948216225,1.0,0.526407504729255
2019-12-10,-0.1818269201213315,-0.3477062241812724,0.5324871677127764,1.0,0.5661400182414508
2019-12-11,0.20816601666667156,-0.33360289341328603,1.3672633227478626,1.0,0.6205530579771533
2019-12-12,1.4587608904961369,-0.31945838424338846,1.6013608984385634,1.0,0.7123186566375534
2019-12-13,-0.10923007141537784,-0.27673799371430163,1.1577726112235727,1.0,0.594779665874998
2019-12-14,-0.6335623160094334,-0.2395384693044013,0.27978321527466116,1.0,0.5321078498875098
2019-12-15,-0.6446886572419306,-0.24315210945556984,0.19599640433591936,1.0,0.5284226317677532
2019-12-16,-0.21248314650506372,-0.22066712156531446,1.1977947554296922,1.0,0.5915664853487641
2019-12-17,-0.4148288553261758,-0.40277046258237914,1.1944765592875264,1.0,0.5703785256802401
2019-12-18,0.21849241755374113,-0.4134556452502053,1.8539774345269042,1.0,0.634138090435721
2019-12-19,1.3127496057948633,-0.29339549589293157,2.2110643541605994,1.0,0.7239939731961388
2019-12-20,1.1045104612687633,-0.292131939480135,1.8240779907735123,1.0,0.6972644662986957
2019-12-21,-0.2658797709540278,-0.42483595111423816,0.9446411737265256,1.0,0.5710612230975224
2019-12-22,-0.4180589767022282,-0.3168690348878411,0.3073677714382352,1.0,0.5441721174807993
2019-12-23,0.2176493766860035,-0.25829016848468633,0.34697454060789457,1.0,0.5903136861124682
2019-12-24,-0.8252346554301043,-0.41868486875022554,-0.1474374251907258,1.0,0.4976245726003762
2019-12-25,-1.2135394341847874,-0.43821088624262927,-0.8092694892858596,1.0,0.4488629344847094
2019-12-26,-1.0396098516024692,-0.4243538147594705,-0.3588590577923189,1.0,0.47604929901844684
2019-12-27,-1.0107949230981055,-0.4234479339782588,-0.5285484911997369,1.0,0.4723517248377077
2019-12-28,-1.0565814073457842,-0.38832306584836945,-0.6504001518585247,1.0,0.46670110670464815
2019-12-29,-1.122099377051178,-0.3961709493631017,-0.821668774786575,1.0,0.456297292813573
2019-12-30,-0.9927948519656389,-0.3583916295227128,-0.060893260360143954,1.0,0.49185091662683955
2019-12-31,-1.2121709596785104,-0.3314754929811251,-0.1715636646568941,1.0,0.4746583349919893
2020-01-01,-1.2155809630783239,-0.5415811763136269,-0.2334216576011089,1.0,0.4636146648616737
2020-01-02,-0.0872287325643833,-0.5024072036723366,0.6220122947658362,1.0,0.5689848608348883
2020-01-03,-0.7139239874575217,-0.4736133326807314,0.1051821206886782,0.8705505632961241,0.49175983382517596
2020-01-04,-1.1329261327067834,-0.4996053307373193,-0.41637591941021307,1.0,0.46477550505848575
2020-01-05,-0.9631176050141389,-0.3923328624006819,0.28180292724255457,1.0,0.5038383879737808
2020-01-06,0.29325842144321834,-0.3280600016673704,0.698820993947374,1.0,0.6041754278249866
2020-01-07,0.2141143931411322,-0.4270995951382183,1.100472173426039,1.0,0.608160882192851
2020-01-08,-0.6262174365645967,-0.49621106551449745,1.3370283571051624,1.0,0.557144321736095
2020-01-09,1.4183348119466759,-0.24788753580780945,1.7524632669090778,1.0,0.7176424490347556
2020-01-10,-0.9491776662011828,-0.4797172027569204,0.9098560372622244,1.0,0.5220618067137903
2020-01-11,-1.3587115573043964,-0.4745555717236841,-0.5209833089730727,1.0,0.44727997039211764
2020-01-12,-0.949069090923202,-0.26859342689840215,-0.9640969864034216,1.0,0.4684007682709057
2020-01-13,-0.7005501127545402,-0.4284249546945619,0.12493153226026082,1.0,0.5146100037794327
2020-01-14,-0.8211939432173518,-0.4514790457405121,0.08943391172878677,1.0,0.5044232406039482
2020-01-15,-0.8309772458149446,-0.4485235982797874,-0.04735581182447069,1.0,0.4993345066231969
2020-01-16,-0.41293190042954964,-0.3672916200988332,0.6963841426715173,1.0,0.5553801938896292
2020-01-17,1.7143149879812398,-0.2848948939074892,1.3652310749052174,1.0,0.7229247477827779
2020-01-18,-0.5202349229263128,-0.03928778611017261,1.0977333246897012,1.0,0.5752717915399786
2020-01-19,-0.4061329942857073,-0.5702293797648115,0.9317118418779425,1.0,0.5552219709533505
2020-01-20,0.4113676987913329,-0.4155503407334698,1.9250502634190616,1.0,0.649278257836163
2020-01-21,1.9313710472097194,-0.370917067916258,2.310877537475189,1.0,0.7653324432333103
2020-01-22,0.13526274098270416,-0.340246018174182,2.269716281917084,1.0,0.6454978080388256
2020-01-23,-0.21268211530730857,-0.4386116186221995,1.4919230212469707,1.0,0.5922764755784868
2020-01-24,-0.9191669979415269,-0.6199854762789948,0.507873380485924,1.0,0.5048185846418043
2020-01-25,-1.190035441117054,-0.7170612892182309,-0.5665184284068839,1.0,0.4469028025945406
2020-01-26,-1.0775063764103725,-0.6725586836932264,-0.39954822060656775,1.0,0.46182468906520513
2020-01-27,-0.1126702007736588,-0.04737157312445066,0.38968577668023907,1.0,0.5785043636242453
2020-01-28,-0.6587647356091981,-0.3002287979767293,0.5771799987145679,1.0,0.537812151000842
2020-01-29,0.24046024922156364,0.038862585051332554,0.5501157942176194,1.0,0.6109871507991638
2020-01-30,0.7997278269305889,-0.22486363396361553,0.9855909572377338,1.0,0.6517989022881464
2020-01-31,-0.5390434551651659,-0.3249548541623381,0.540444357800395,1.0,0.543538795992238
2020-02-01,-0.9546759061104347,-0.5221155369032815,-0.9351436634552488,1.0,0.4584286701064927
2020-02-02,-1.0717322880125786,-0.4372949760779218,-1.0127729241272316,1.0,0.451571459325007
2020-02-03,-0.9491966301859248,-0.3477036097692281,-0.6386538044608875,1.0,0.4759441140985242
2020-02-04,-1.035063312109429,-0.42703805848078474,-0.7994347750056432,1.0,0.46155470092248396
2020-02-05,-0.6715466963551946,-0.31737175789260846,0.16869744023482527,1.0,0.5226296450052892
2020-02-06,-0.6885883765319608,-0.1482446082110119,0.08211089377722317,1.0,0.5256542793483179
2020-02-07,-0.4369288679142848,0.10878907978914577,0.29535401756278357,1.0,0.5602494210490215
2020-02-08,-0.4534329946634933,0.13671850125642687,0.18372629326670162,1.0,0.5565919476836749
2020-02-09,-0.8355689285402578,-0.17403812456148443,-0.5933426756285021,1.0,0.4922657270529709
2020-02-10,-0.5622107805828839,0.009498603109076395,-0.15170671166847538,1.0,0.5328581660350701
2020-02-11,-0.8344451912365696,-0.04827002233638119,-0.26653344951533636,1.0,0.5084746213363683
2020-02-12,-0.87377091689958,-0.17195988045465707,0.21961100387823815,1.0,0.5169039773170253
2020-02-13,-0.8121975470445519,-0.20524972779385658,0.1786534812736624,1.0,0.5182565409147413
2020-02-14,0.3449835305270948,0.20476020643622364,1.0484768227516692,1.0,0.6414798047283713
2020-02-15,-0.19024386493645778,0.371233848692957,1.1177611828591567,1.0,0.6150438587950813
2020-02-16,-0.9157928645603238,-0.4741935581404631,-0.07522687260777834,1.0,0.49168151501986646
2020-02-17,-0.946882317228642,-0.44819164129837763,-0.29022990228374984,1.0,0.4835255303878665
2020-02-18,-0.8605350565264948,-0.3404316000492286,-0.5119527096681137,1.0,0.48638125590724535
2020-02-19,-0.43256171652169284,-0.10452133268138042,-0.22751556173588844,1.0,0.5342236446456333
2020-02-20,-0.15778937739204046,-0.07845906862659122,0.9180054798418263,1.0,0.591811762975817
2020-02-21,1.9019517817382605,0.5751019804910382,1.7294872299573993,1.0,0.7834089423015906
2020-02-22,0.4317278739925407,1.1261437475055824,0.358549776200447,1.0,0.6626561736189169
2020-02-23,-0.9051952212578989,0.16553873274663916,-1.3077999980371353,1.0,0.47795776584601224
2020-02-24,-0.5357667608641585,-0.3456748776528583,-0.3438333837340892,1.0,0.5134179832490507
2020-02-25,-0.9045773930145651,-0.4840631472820679,-0.7351397751110853,1.0,0.4700208834919066
2020-02-26,-0.7639474820144992,0.002125289773573631,-0.4320093125762632,1.0,0.5097584111870569
2020-02-27,-0.3008688374163855,0.9127858781828543,0.5728591571785523,1.0,0.6120701276691449
2020-02-28,-0.1158912521996662,-0.7594275664173696,0.7027696455665656,1.0,0.5590567561048507
2020-02-29,-0.9547742629132331,-1.4117473127677427,-0.04195958413326984,1.0,0.4511269249693529
2020-03-01,-0.47516260230582086,4.097678831916808,-0.9825268473919957,1.0,0.6355715982665454
2020-03-02,-0.27921394551073786,1.5860891326593043,-0.6417321442652467,1.0,0.6010817126845803
2020-03-03,-0.2804138529644386,1.350719198872412,-1.1947176839112736,1.0,0.5727617869583455
2020-03-04,-0.6137124234056971,0.1737251921275804,-1.0716920515680592,1.0,0.5056013197260008
2020-03-05,0.36154135641190666,0.3132948933088379,-0.7565891594943343,1.0,0.5869370723321843
2020-03-06,0.6607212814260572,1.6980398299604957,-0.500008558737365,1.0,0.673132793052179
2020-03-07,0.04970102750364654,1.5902422434594938,-0.4836174630000707,1.0,0.628452913211053
2020-03-08,-0.5583794928450889,1.1832715258431414,-1.397432167925514,1.0,0.5404966084562745
2020-03-09,0.27096344492467944,3.601023809300909,-0.9967665884395462,1.0,0.6848386767136604
2020-03-10,0.001246555684422808,0.30926538625578537,-1.66532971681257,1.0,0.5324581709125337
2020-03-11,0.31609919006069137,0.6193490620345452,-1.4790530302466407,1.0,0.5725777225805975
2020-03-12,0.7041092422249783,0.7094822871781963,-1.1608388192453913,1.0,0.6128077508059103
2020-03-13,-0.7753101411150416,1.1086515150791945,-1.6309465005364459,1.0,0.5151415870360821
2020-03-14,-0.716358615383347,-0.41307506648687564,-1.849476073959497,1.0,0.4483820954055071
2020-03-15,-0.49566102962487874,-0.5150191966868117,-1.78185286553085,1.0,0.46110170264536265
2020-03-16,1.022175923537623,-0.3733718733287338,-0.5530165356626225,1.0,0.6091540156583902
2020-03-17,0.1907022319465798,0.04403681697239102,-0.9411440673368019,1.0,0.5581768805923949
2020-03-18,-0.604291501784661,-0.6052982982337235,-1.1936155830758692,1.0,0.4697059513520885
2020-03-19,-0.9756858550075715,-0.16685866438263394,-1.4414733185774764,1.0,0.454952721364303
2020-03-20,-0.7393324656265056,0.9163808330601735,-1.6806862618143654,1.0,0.5078708282752613
2020-03-21,-0.8019700190653987,-0.3177925565499682,-1.8225229337257065,1.0,0.4475432110818678
2020-03-22,-1.049689234371428,-1.0450220910439934,-1.7355914493355507,1.0,0.4036250822705534
2020-03-23,-0.6870427319452953,-0.5791232829912026,-0.7194312016512429,1.0,0.4810859743573054
2020-03-24,-0.6776662962340908,0.052709382048054976,-1.156572294044876,1.0,0.4934660613682337
2020-03-25,-0.5606385392280264,0.23164429419113713,-1.243637697019567,1.0,0.5058213530754434
2020-03-26,-0.7241236514323486,0.09889983656810677,-1.5689504863685,1.0,0.4785475668825646
2020-03-27,-1.078615362470436,-0.5924571217708892,-1.9671993332063564,1.0,0.41283328465463864
2020-03-28,-1.3659027917361328,-1.1100753271509076,-2.1903703262999095,1.0,0.364674331042973
2020-03-29,-1.324532051171098,0.44706398640803646,-2.155518978469759,1.0,0.43347489673993633
2020-03-30,-1.0478694957005406,-0.5315654852830385,-1.8800698359193988,1.0,0.4203244772025241
2020-03-31,-1.0423961884130675,-1.0097857946136573,-1.7490391654700363,1.0,0.40513120714789186
2020-04-01,-0.8407982324887491,-0.7039968733929345,-1.3198554167658323,1.0,0.4456184008838501
2020-04-02,-0.18628410411140886,0.21398072162036794,-1.4646378975664656,1.0,0.5226756598745392
2020-04-03,-0.9496840918071303,-0.6781231029978372,-1.7138849442768211,1.0,0.4263030997787207
2020-04-04,-1.2273189385376686,-1.1819357316162102,-2.000190300799096,1.0,0.3772584052535102
2020-04-05,-1.2479207554323488,-1.3655842512591472,-2.2032792617628525,1.0,0.3614632971099505
2020-04-06,-0.6764154849505281,1.2446017197518686,-1.9621914345776978,1.0,0.5163576581737027
2020-04-07,-0.6649418789406663,0.6880584459395753,-1.7604405797904952,1.0,0.5006582906584214
2020-04-08,-0.07351997754634852,1.5799875848401423,-1.6316454428941507,1.0,0.5815433027687776
2020-04-09,-0.5385118751500758,0.6751027116511414,-1.605983036155865,1.0,0.5136957201035971
2020-04-10,-0.7226962048138447,-0.49085119025603435,-1.5164338214791777,0.8705505632961241,0.4364029105301883
2020-04-11,-0.9679974954024229,-1.379120558974995,-1.3926977672244714,0.7578582832551991,0.37025896059667784
2020-04-12,-0.9050943674136209,-1.0524858206423193,-1.948808708561828,0.6597539553864472,0.3548096026682348
2020-04-13,-0.4377056875160198,0.6764169904768684,-1.3123570894409624,0.5743491774985175,0.4664108024122137
2020-04-14,-0.2541672904557278,0.8657961876423711,-1.3237748289384161,0.5,0.4750045274901031
2020-04-15,0.01707925880931059,0.6067726049027542,-0.8283165469744,0.4352752816480621,0.4891015498062981
2020-04-16,0.5925635745008677,0.17528847567993305,-0.9263550606283565,0.37892914162759955,0.49776879400991647
2020-04-17,-0.1301851404444604,-0.18183999608133952,-0.9193610140388894,0.3298769776932236,0.4275805036530007
2020-04-18,-0.9126019264048044,1.814120268308872,-1.190469102820757,0.3298769776932236,0.4495474593125076
2020-04-19,-0.9694502054969293,0.05059318816591689,-1.5459268226468423,0.37892914162759955,0.3677865129630298
2020-04-20,-0.4697030234887557,-0.3903913026329776,-1.3186548315543947,0.4352752816480621,0.3987562920197717
2020-04-21,-0.1496515105680851,0.49990097309172393,-1.3054030159990604,0.5,0.46733900597431416
2020-04-22,-0.4548675610567397,-0.9181807881419434,-0.9225376324554531,0.5743491774985175,0.4118190852998989
2020-04-23,-0.759298351940444,-1.2481805942514081,-1.1890450147493705,0.6597539553864472,0.3817008445931498
2020-04-24,-0.8044176506802916,-1.1461497556378384,-1.2157507055573795,0.7578582832551991,0.3967696357727712
2020-04-25,-1.0118714463377094,-0.9226979930121699,-1.5111141771525178,0.8705505632961241,0.3993082657913137
2020-04-26,-0.8257402515356361,0.4063567013311133,-1.551310816166049,1.0,0.48517181858088565
2020-04-27,-0.4752610193271664,-0.5417495828394753,-0.9477099826150981,1.0,0.48915270000604083
2020-04-28,-0.5273239875816145,0.8449718230970982,-1.1404974455064163,1.0,0.5370356452733909
2020-04-29,-0.6915138451588739,5.0,-1.2468383944168462,1.0,0.6123377971755135
2020-04-30,-0.8320710993443419,2.2126878724623897,-1.1664311225586805,1.0,0.5728428839776875
2020-05-01,-0.7831946880337459,0.9134060806448738,-1.2884356879761873,1.0,0.5178977512254138
2020-05-02,-0.8794584411475659,4.434624243630388,-1.481979066978314,1.0,0.5919701350242185
2020-05-03,-0.08459167113041839,0.4352256892058655,-1.4173818004892362,1.0,0.5402488989585754
2020-05-04,0.05319915039817778,5.0,-1.1702963622993425,1.0,0.6645367312832338
2020-05-05,-0.0893665088112326,1.729934826895142,-1.046602521624092,1.0,0.6062360998124123
2020-05-06,-0.12299847097694414,0.13779036422521054,-0.8196275444365344,0.8705505632961241,0.525803033457455
2020-05-07,-0.09041762989375868,-0.17061941290169902,-0.9500353724049884,0.7578582832551991,0.49387391254429225
2020-05-08,-0.6825937026495212,4.079081083065208,-0.8233394210514483,0.6597539553864472,0.576012199096284
2020-05-09,-0.5391052461819797,0.5914985349058097,-0.8854906272987467,0.5743491774985175,0.4703414449237629
2020-05-10,-0.7315152282968378,5.0,-1.0063267904145972,0.5,0.5426880917663909
2020-05-11,-0.6415463219358785,-0.030542648862181263,-0.6096120410535494,0.4352752816480621,0.42592852571377493
2020-05-12,-0.5407472788676647,-0.18912555861930405,-0.6188568934762806,0.37892914162759955,0.4172807579279486
2020-05-13,-0.6031266789415626,-0.17861533014606049,-0.8458657674118446,0.3298769776932236,0.39863527038806534
2020-05-14,-0.7009961268963061,-0.1377522045413147,-0.8540375179082403,0.2871745887492588,0.38713552073313895
2020-05-15,1.0871636003148575,0.019290884530943138,-0.026520060334858927,0.25,0.5348973581986178
2020-05-16,0.06087142766654545,-0.17773151181164126,-0.25074150163383885,0.21763764082403103,0.44594021158809466
2020-05-17,-0.6689271023904808,-0.17976889353640413,-0.7680229930896445,0.1894645708137998,0.37573340846236625
2020-05-18,-1.1242148584630407,-0.17140349647814462,-0.4487949527294979,0.16493848884661183,0.35269147198521644
2020-05-19,-1.0357653640058353,-0.08924341148300974,-0.6513728909075465,0.14358729437462942,0.3520561647137618
2020-05-20,-0.6639163321741894,-0.10411978677890346,-0.7978020999431749,0.12500000000000003,0.3685571834078272
2020-05-21,-0.595082242176657,-0.19616704194474285,-0.8526740615287702,0.10881882041201553,0.3650545781180352
2020-05-22,0.2063842430400145,-0.1237105531761707,-0.4996137377718412,0.09473228540689989,0.4311603947056341
2020-05-23,0.6967570911877424,0.011754119945397717,-0.163961550143295,0.0824692444233059,0.4788452294022938
2020-05-24,0.4972799651637721,0.25016690781369855,-0.039177779235198204,0.0717936471873147,0.47803873994007956
2020-05-25,1.7063304734500828,0.6061732388395817,0.9343338650951227,0.0625,0.6045320453514923
2020-05-26,1.9228604813341448,0.3229630126100971,3.1818367521814537,0.054409410206007765,0.6748089024785984
2020-05-27,2.0382871433814405,0.050667804570923666,2.837775537697549,0.047366142703449944,0.6646944074113204
2020-05-28,4.453404341266336,0.09239173364927174,2.7702818702934078,0.04123462221165295,0.7273775779102479
2020-05-29,2.469424615396242,0.23231961806012233,2.5771426255235523,0.03589682359365736,0.6905975695020883
2020-05-30,-0.4044458294150555,-0.13950336254082693,1.0760477596933615,0.03125,0.4327800632562406
2020-05-31,-0.9320678464146304,-0.3207018044799364,-0.19555398739600854,0.027204705103003893,0.347061807904611
2020-06-01,-0.5765001381381322,-0.10617469671060237,0.016113230971386762,0.02368307135172497,0.3862322801629877
2020-06-02,1.8605854121892726,0.1895096470031554,2.3616707790532367,0.020617311105826482,0.6387502187387316
2020-06-03,4.893014247822019,0.050085427895396654,3.8118390666350916,0.017948411796828663,0.7297791545984992
2020-06-04,2.9423042609047774,-0.1089550723237972,3.9597369659925796,0.015625000000000007,0.7189575727134935
2020-06-05,2.423894016405547,-0.10635581936094504,3.478426183863328,0.013602352551501933,0.6842017948363891
2020-06-06,0.47482662006131326,-0.262466577524759,2.872525126617341,0.01184153567586249,0.5432460685125134
2020-06-07,-0.33689954054907995,-0.24884091474482306,1.633221748690091,0.01030865555291324,0.44815868247163376
2020-06-08,1.5729219414067197,-0.09757755740160326,2.5725030273696814,0.008974205898414338,0.6128919629991326
2020-06-09,5.0,0.13508192461407278,3.727523561602942,0.007812500000000002,0.7318002885255865
2020-06-10,2.5785394990629458,-0.019466202555710157,3.6957267333415236,0.0068011762757509715,0.6971117179390711
2020-06-11,0.3341441991344808,-0.22038454273979413,2.277609923395041,0.005920767837931244,0.5149020366169983
2020-06-12,0.2811441197747151,-0.31037502866349065,1.7418110593226657,0.00515432777645662,0.4896441662678929
2020-06-13,-0.6277788537293698,-0.3376010898927919,0.7616681119734503,0.004487102949207169,0.39514336684733836
2020-06-14,-0.6917509389640031,-0.209013762775285,-0.3620890184955121,0.003906250000000001,0.3586906675035792
2020-06-15,-0.09047588264522324,-0.20743368937366227,0.4602500318147591,0.0034005881378754853,0.4261769600475892
2020-06-16,0.05266287051042447,-0.13748419462265044,0.962972335631677,0.0029603839189656215,0.45532548536698525
2020-06-17,-0.18288128976715054,-0.10421532373172364,1.0776242448383937,0.0034005881378754853,0.444896505241996
2020-06-18,0.2951235214405842,-0.12872499961882589,1.657012186545438,0.003906250000000001,0.4951310368301025
2020-06-19,0.7031487998382902,-0.21386232024712482,1.9838540370608642,0.004487102949207169,0.529767189989999
2020-06-20,0.063501098801434,-0.29797863251509393,1.5480330693303734,0.00515432777645662,0.46919188170944764
2020-06-21,-0.32163678472098406,-0.349449253595791,1.7295498358160124,0.005920767837931244,0.44753693848833326
2020-06-22,1.0501820014750536,-0.32136589514459896,2.5097097892829328,0.0068011762757509715,0.5662990572181057
2020-06-23,1.2216728528953251,-0.21740704583156842,2.1757474565490296,0.007812500000000002,0.5710830201683407
2020-06-24,0.08392612827606835,-0.3535922862057508,1.5996989812792717,0.008974205898414338,0.47053149355390284
2020-06-25,-0.17840045445737088,-0.3896259775803214,1.545439045641775,0.01030865555291324,0.4499331538246581
2020-06-26,0.6357783066180219,-0.26433741532520477,1.6775075610815866,0.01184153567586249,0.514064310523417
2020-06-27,0.39409203685970184,-0.25305382001559507,1.4815607776585942,0.013602352551501933,0.4921546054280088
2020-06-28,0.28127516003655617,-0.30664478121888916,1.8102336978630635,0.015625000000000007,0.49365968471375216
2020-06-29,2.304348770905032,-0.16219254264145483,2.4192232054717366,0.017948411796828663,0.6551982640688571
2020-06-30,-0.11986833510016391,-0.17969549466916074,1.5944340254716318,0.020617311105826482,0.46576186289703575
2020-07-01,1.1990981974504256,-0.06879327198397225,1.9876664625951321,0.02368307135172497,0.5718815029532925
2020-07-02,1.8463016552193123,-0.13824405196680317,2.2983107572102592,0.027204705103003893,0.6230176725217966
2020-07-03,1.9242179388494614,-0.2203651045190768,2.286681165776337,0.03125,0.6250095220942138
2020-07-04,0.8044028676014111,-0.1546120375234929,1.7406418102942596,0.03589682359365736,0.5355906068254725
2020-07-05,2.2686499690010655,-0.09044889640434897,1.983314880216469,0.04123462221165295,0.6447703165888535
2020-07-06,2.0850862219700232,-0.2477563478703539,2.4467793699438762,0.047366142703449944,0.6423468007070501
2020-07-07,1.8447183602200703,-0.1847844236343805,2.0708447846887763,0.054409410206007765,0.6174714440504325
2020-07-08,2.4545191924666367,-0.19570060292530664,2.1429959815801194,0.0625,0.6612886204285587
2020-07-09,1.3379795542122919,-0.12807644415706262,2.2803693743758275,0.0717936471873147,0.5956434779982334
2020-07-10,1.057507317158892,-0.07817480041161383,1.6377892670220031,0.0824692444233059,0.5592065666910049
2020-07-11,1.4032096185263756,-0.20264753744866568,1.1834839812329645,0.09473228540689989,0.5637629693601978
2020-07-12,1.244669903365587,-0.2585074006505701,0.8839364650039929,0.10881882041201553,0.5429942237592008
2020-07-13,0.4136959612168991,-0.3112231932253463,1.3924282760071545,0.12500000000000003,0.5047763735636424
2020-07-14,0.7914588275084589,-0.2613682240116808,1.472328664488994,0.14358729437462942,0.5374892954725714
2020-07-15,1.5809756490323075,-0.1918519865253647,1.5393260677875809,0.16493848884661183,0.5984561860835081
2020-07-16,1.1303786326067409,-0.0943658666940662,1.2900555972266743,0.1894645708137998,0.5678482032578225
2020-07-17,2.118849102791973,-0.08308015863078588,1.680363847408216,0.21763764082403103,0.6514527079470607
2020-07-18,1.6017232775161843,-0.12936755744099884,1.667720383050814,0.25,0.6194819163760644
2020-07-19,1.4973751167507618,-0.20872435379889517,1.5163642468568896,0.2871745887492588,0.6097498229160486
2020-07-20,3.1052443232262323,-0.12220963265974842,1.858689594532108,0.3298769776932236,0.731345798444231
2020-07-21,0.8840095343494973,-0.2559043061073378,1.6535449130492434,0.37892914162759955,0.5852288245479422
2020-07-22,2.3617445642757535,-0.20062405571727115,1.4346770276116074,0.4352752816480621,0.6872041617977602
2020-07-23,0.503589278411006,-0.28208858997783276,1.2720302325021886,0.5,0.5642199350617303
2020-07-24,0.438354531054437,-0.33003036682418946,0.9814892882757834,0.5743491774985175,0.5593410563532583
2020-07-25,0.5351633093445854,-0.2607531845422815,1.1678277038711402,0.6597539553864472,0.5877035213707157
2020-07-26,1.2646249926159918,-0.25508210950902455,1.4346910168414269,0.7578582832551991,0.6601816879945175
2020-07-27,3.360730681676055,-0.22476829187176148,1.585335282390502,0.8705505632961241,0.7990617484127787
2020-07-28,1.612178837035307,-0.30247358333294805,1.3965580980952668,1.0,0.7164274597666566
2020-07-29,1.1220260650645177,-0.3474703144023134,1.4037150134355678,1.0,0.682114308352057
2020-07-30,1.329395857929777,-0.27650141588497945,1.0796125290438088,1.0,0.6880925825015713
2020-07-31,-0.6286569900610183,-0.351606570761372,0.38453705059575843,1.0,0.5312571619007336
2020-08-01,0.05110442923939498,-0.21295287277613292,0.29628253789422426,1.0,0.579410010180095
2020-08-02,0.644980251417972,-0.17552002173940565,0.4526925400338505,1.0,0.6257751005231846
2020-08-03,0.2321265632599353,-0.2587651935404491,0.5070899415677053,1.0,0.5965962192054005
2020-08-04,0.14174969338445811,-0.1882364816503271,-0.15012994298499024,1.0,0.5716024613907006
2020-08-05,0.9195789448838714,-0.09305317550996729,0.20719789612824507,1.0,0.6393346438836176
2020-08-06,0.7588445251305478,-0.033381483813040125,0.12364564613570309,1.0,0.6283202613876833
2020-08-07,0.8142065463656301,0.08507859985903181,0.22698839755920497,1.0,0.6403916580038085
2020-08-08,0.45099746879281244,0.8661182137047805,0.241845843564067,1.0,0.6492162849426889
2020-08-09,1.0082377587015066,0.48464010936606994,0.7793810377812858,1.0,0.6883885563963962
2020-08-10,1.6541675952161015,-0.18914682490303578,1.311057366713497,1.0,0.7210986342005635
2020-08-11,1.5896480154274975,-0.239875992627387,1.1619826078265203,1.0,0.7097144549299095
2020-08-12,0.6857612705859564,-0.11287163529878944,0.9175257509566688,1.0,0.6465986249335032
2020-08-13,-0.29598858964445984,-0.7501461045292737,0.6503188439801875,1.0,0.5456886344676558
2020-08-14,-0.24302201587769526,-0.9484580944863582,0.655316429742565,0.8705505632961241,0.5217059104903928
2020-08-15,-0.3241841132070029,0.3469962330188524,-0.16804687186147796,0.7578582832551991,0.5259230822548826
2020-08-16,-0.35184111223704134,1.5330641546075316,-0.8726759907875068,0.6597539553864472,0.5352954925745613
2020-08-17,0.606672975081159,1.1595875059996763,0.01434374700442234,0.5743491774985175,0.6003915126136554
2020-08-18,0.9224908867393272,0.5454263033102869,-0.141233334864293,0.5,0.5795177105917406
2020-08-19,-0.2445780435946652,0.5525420228662473,-0.34432188642395356,0.4352752816480621,0.4855312774128601
2020-08-20,0.23229959141719342,1.3948634304976397,-0.12431791115033328,0.37892914162759955,0.5513013899043434
2020-08-21,0.8186562644715043,1.339182335646037,0.15855883582930372,0.3298769776932236,0.5901431894649788
2020-08-22,0.7933713141015551,0.8327265974963193,0.042322620645070176,0.2871745887492588,0.5570753048363415
2020-08-23,1.1056746409898026,1.1884973407741835,0.3010910831793279,0.25,0.5957687347042221
2020-08-24,1.6557410268627688,1.015371415539239,1.3384710558839892,0.21763764082403103,0.6549512254247238
2020-08-25,2.031409100152508,0.17421315713976038,1.2052752836362965,0.1894645708137998,0.6362816833009372
2020-08-26,0.6976129712741083,0.9359990152414284,0.5892123633942332,0.16493848884661183,0.5548886758267996
2020-08-27,1.4508064689536062,-0.8775590382528672,1.3027373484602944,0.14358729437462942,0.5501181437745752
2020-08-28,0.5179204939956816,-1.0413810148238136,0.7611203043783668,0.12500000000000003,0.46025783412799876
2020-08-29,0.28624836977781337,1.213410790502986,-0.49853514137552174,0.10881882041201553,0.49434699260543025
2020-08-30,-0.2904018678870457,3.621607421832551,-1.3514446066244123,0.09473228540689989,0.49980156473108484
2020-08-31,-1.0162816528949936,2.5072919553146296,-2.041966393237367,0.0824692444233059,0.40602322816736036
2020-09-01,0.6428312092431339,2.933540849606552,-0.8181726853217656,0.0824692444233059,0.5751842465025857
2020-09-02,1.396960586169443,1.9085059583175756,0.11027112037669018,0.09473228540689989,0.6155373341647865
2020-09-03,1.2219923982756378,5.0,0.28132437017312933,0.10881882041201553,0.6571664619526159
2020-09-04,-0.5058120645733788,0.43068403279948086,-0.44816936088903464,0.12500000000000003,0.4130353850321186
2020-09-05,-1.1809031450226437,0.23980785066124918,-1.5506903410262585,0.14358729437462942,0.3261135335646949
2020-09-06,-1.0791712127155806,0.1600534291875283,-1.849520852856138,0.16493848884661183,0.3228142236002288
2020-09-07,-0.8719357231056774,-0.1125455664677565,-1.3889563800249798,0.1894645708137998,0.34430269281136905
2020-09-08,0.413177253960997,0.01916132110021072,-0.18613203224630256,0.21763764082403103,0.47978478369196986
2020-09-09,-0.10343947488629374,0.017878860437542707,-0.508621394015277,0.25,0.43939494105863547
2020-09-10,0.7383457840090362,0.05370975473875355,-0.48572244689892075,0.2871745887492588,0.5033463987971419
2020-09-11,0.4150501234356959,0.6209131499316837,-1.0208145142215652,0.3298769776932236,0.4939957856561312
2020-09-12,-0.8367616387973491,1.2852161043036103,-2.137665721299427,0.37892914162759955,0.4083504089603195
2020-09-13,0.232116497477711,1.6002633396089005,-1.958541026156846,0.4352752816480621,0.507158663690866
2020-09-14,0.04266807616419936,0.43170165305664293,-1.8850491073295872,0.5,0.45799713704398715
2020-09-15,-0.8323823498853219,1.2264457605035501,-2.437494662380375,0.5743491774985175,0.42551230457405825
2020-09-16,-0.4481883587569003,0.766041412823277,-2.302469848096257,0.6597539553864472,0.44925326665526844
2020-09-17,-1.4934626564538578,0.2936511328139037,-2.305811620627123,0.7578582832551991,0.37448964190436457
2020-09-18,-1.7820008232137776,0.362187711489671,-2.376869578317951,0.8705505632961241,0.3726446983149714
2020-09-19,-1.681131081920557,1.824819356265413,-2.7753568702052513,1.0,0.4464468387095134
2020-09-20,-1.7804919291772714,1.4570881834877227,-2.926524643079436,1.0,0.41946172426418915
2020-09-21,-1.841045236311491,0.3576958457372677,-2.3558061566099675,1.0,0.3886407725979545
2020-09-22,-1.7233283961519712,0.5932173697384029,-2.1788332786702953,1.0,0.4122010547066255
2020-09-23,-1.097900306024359,1.4143226682845784,-1.8074880604081918,1.0,0.5004871554299605
2020-09-24,-1.5059789496545946,0.06580980203007497,-1.8223406231756218,1.0,0.41659879100175945
2020-09-25,-1.6036787428116095,-0.32283896354570557,-1.685461760419637,1.0,0.39845440165083373
2020-09-26,-1.2384110109000517,0.37337881732458494,-1.849285401711816,1.0,0.4463538699381271
2020-09-27,-1.3361198993124226,0.7954274115256734,-1.6420337191781547,1.0,0.4643336915534697
2020-09-28,-1.1893121115091834,0.1643017399132738,-1.117858017138404,1.0,0.4652964978244941
2020-09-29,-1.5572314246351542,0.12565396228049625,-1.3617232660350942,0.8705505632961241,0.41161196241259257
2020-09-30,-1.7510914579271295,-0.30705821077447354,-1.6167510078456642,1.0,0.3915747770943995
2020-10-01,-1.0413788517017943,0.5111280761852501,-1.7489456159849477,1.0,0.4685735591947675
2020-10-02,-1.2867373648071585,1.1171588106794972,-1.779866406731952,1.0,0.47643691256677
2020-10-03,-1.3740230065732533,0.6028725591672169,-1.9202470295086627,1.0,0.44450992187679506
2020-10-04,-1.1579775380774384,0.06342145296181421,-1.9455331320320113,1.0,0.43559295360051264
2020-10-05,-0.8364777059892083,1.1067687000073694,-1.5697822599120486,1.0,0.5130241067706249
2020-10-06,-0.9417996955124627,0.24504703432313701,-1.4890071812547179,1.0,0.4727900740208093
2020-10-07,-0.1828910363269972,0.36602120850103204,-1.2909489701686043,1.0,0.5350265155934564
2020-10-08,-0.3870698766681217,0.3665821275725393,-1.3558171389866158,1.0,0.5192756922380939
2020-10-09,-1.1580876066318981,0.3318921126246475,-1.497083790808082,1.0,0.4617202045569644
2020-10-10,-0.9746033054556603,0.5271787306571657,-1.5552938846621405,1.0,0.4801490972582665
2020-10-11,-0.6536695877489721,0.61630099512068,-1.5492057098101293,1.0,0.5054610452864259
2020-10-12,-0.3747078669801545,1.593116056703532,-1.1660919563987402,1.0,0.5775295793506788
2020-10-13,-0.30292188431287326,0.057982473117158886,-1.24445377798518,1.0,0.5157393514928508
2020-10-14,-0.4830451990524477,0.2972790846820751,-1.1988122557381262,1.0,0.5152232067336524
2020-10-15,0.07170563855783633,0.5298447172067544,-1.1481753305439357,1.0,0.5635847281026727
2020-10-16,-0.09640919238011907,0.3523286746679427,-1.2185813823348177,1.0,0.5426337025413291
2020-10-17,-0.5579384282797374,0.40647261989506045,-1.3514733397282142,1.0,0.5096913526193713
2020-10-18,-0.6659906081907657,0.1631977179803028,-1.4008517149496567,1.0,0.490705473871473
2020-10-19,0.03416976878609549,0.4277425912942961,-1.0249149709416638,0.8705505632961241,0.5415193446860319
2020-10-20,-0.09525702314155417,0.5347542191106265,-0.9460619048257729,1.0,0.5593955607593134
2020-10-21,0.2962652376194069,0.5418097394747905,-0.8513622993474523,1.0,0.5889476783411616
2020-10-22,0.5197383484640001,0.7688350543317449,-0.7324323282907391,1.0,0.6172696062183981
2020-10-23,0.060994716473077325,1.5378004396416167,-0.8349977543761871,1.0,0.615308074270733
2020-10-24,-0.3092734914870927,0.4940928596228675,-1.055176156507865,1.0,0.5397964311682178
2020-10-25,-0.6468243731819961,-0.3184018854702728,-1.1508889256555863,1.0,0.48024866570475266
2020-10-26,-0.1961199019334992,-0.2059967392831383,-0.7931055351063521,1.0,0.5269052912307576
2020-10-27,-0.23925486012975825,-0.025441395266073613,-0.8128898597895878,1.0,0.5308932891956102
2020-10-28,-0.3934018456428501,-0.7373076941954875,-0.7974855747385475,1.0,0.49146920387437976
2020-10-29,-0.7708335905645873,-1.0662500568308786,-0.6743307295761592,1.0,0.4567063172752023
2020-10-30,-0.3304014414993056,-1.1598666198361514,-0.7543524708481608,0.8705505632961241,0.4600829635396866
2020-10-31,-0.8406917567674873,-1.3350333503405585,-0.819851629974914,0.7578582832551991,0.3996778481070936
2020-11-01,-0.7246386557791064,-0.5989821450229874,-0.8168901718521071,0.6597539553864472,0.42346658781833196
2020-11-02,0.7800075197095468,-1.0590608474534935,-0.22080492454109518,0.5743491774985175,0.5116651784768154
2020-11-03,-0.22515324827937855,-1.120935329291568,-0.29008695452577504,0.5743491774985175,0.43976695620147793
2020-11-04,-0.34274667853234697,-0.6484040638142154,-0.6213467936096552,0.6597539553864472,0.4533849189598965
2020-11-05,-0.5208789090256061,-0.8821628123852395,-0.7349612388926822,0.7578582832551991,0.44269799007409844
2020-11-06,-0.7932586709733737,-0.9569342596088845,-0.8195513345836805,0.8705505632961241,0.4355080344597008
2020-11-07,-1.0912824375872603,-0.40471499394526667,-0.9490161645950642,1.0,0.4537508405932944
2020-11-08,-1.2245012384302438,-0.2213185137937871,-0.997427768694868,1.0,0.45089738707341376
2020-11-09,-0.8350107104189394,-0.737739299769926,-0.49734675143187385,1.0,0.4720152567672613
2020-11-10,-0.8110853880283228,-0.2041900865644273,-0.4316650461480558,1.0,0.49803088565299214
2020-11-11,0.5128468293062143,-0.6033706170928169,-0.42262934909705296,1.0,0.5699617012716451
2020-11-12,-0.3579090479457867,-0.7721455375070174,-0.4564570046259881,1.0,0.5037514325866222
2020-11-13,-0.12318478804256806,-0.7699781928578651,-0.526067990637568,1.0,0.5171696564068322
2020-11-14,-0.8825116890466518,-0.7960253517467125,-0.6080575301455279,1.0,0.46272958006925924
2020-11-15,-0.888672307102928,1.4709910524551828,-0.7171165671519224,1.0,0.55314258780704
2020-11-16,0.07569773723838649,-0.6810758347320921,-0.1859349599502659,1.0,0.5454705240370464
2020-11-17,0.2051957212619019,-0.9951386290218703,0.2341761836581576,1.0,0.5550214779968208
2020-11-18,1.2344643168152454,-0.5120014662578184,0.33702998395886863,1.0,0.6471985594922363
2020-11-19,2.7526428006081667,1.0348100609970556,0.33958965112077616,1.0,0.812946260952781
2020-11-20,0.06553011609461563,0.2780830044840574,-0.11678777450248064,1.0,0.5870625404430607
2020-11-21,-0.7567052957035525,-0.12776287482200313,-0.6347912406245727,1.0,0.4980698191480273
2020-11-22,-0.3401016039963794,-0.5370293775984413,-0.5463431312009634,1.0,0.5117388979602743
2020-11-23,0.2960222984879614,0.20000818551376,0.1492691004030475,1.0,0.6080441309757058
2020-11-24,0.8329349223533831,-0.4373113539434322,0.22521540544211807,1.0,0.619814868590653
2020-11-25,-1.0081367523775597,-0.828598896292887,0.15946024544837076,1.0,0.4785812706775714
2020-11-26,-1.3569843428226869,-0.8106116445781152,-0.3397713583324003,1.0,0.4394331800099861
2020-11-27,-1.2607791855787587,-0.5601081369017901,-0.8770202172166033,1.0,0.43837620801662136
2020-11-28,-1.2309375166537455,-0.16069284375603157,-0.6642388869275956,1.0,0.46410066750232915
2020-11-29,-0.9134317627763685,-0.05598461763890971,-0.3986795588989199,1.0,0.4984825381166569
2020-11-30,-1.3432683876658038,-0.6629420750596634,-0.4479332356271872,1.0,0.4428950798405542
2020-12-01,0.8447008754748144,-0.011647006658669941,1.6309582852783056,1.0,0.6851933759301533
2020-12-02,2.99131356404197,-0.5432313471552871,1.6047889829567645,1.0,0.80527923090322
2020-12-03,3.1174264420630586,-0.3292355857048114,1.597962869577459,1.0,0.8145472795815483
2020-12-04,-0.3206444711894785,-1.195399463814079,1.0812556282519945,1.0,0.5398572452035147
2020-12-05,-0.5593693183460606,-0.8659050719626895,0.6716838941973342,1.0,0.5240187972517284
2020-12-06,-0.5659816287510488,-0.9916196878181294,0.9895665362844308,1.0,0.5289359556336558
2020-12-07,1.9344963498476724,-0.7739653136021035,2.4937667567837303,1.0,0.7548434271492149
2020-12-08,2.167676874645843,-1.0290813417702436,2.4946519564031595,1.0,0.7597884676160681
2020-12-09,2.8272513687441085,-0.4288812296392751,2.450123121151524,1.0,0.8272841440530216
2020-12-10,2.0175455588163476,-0.609227256397823,1.8420098075402076,1.0,0.7455188951558542
2020-12-11,1.0133051538650217,-1.17708607385477,1.1983374760608478,1.0,0.6334530063824143
2020-12-12,-1.204429582853325,-1.134134723026922,0.3489665902612702,1.0,0.45908130069236563
2020-12-13,-0.6194376492058558,-0.8860943471895905,0.20433902901964648,1.0,0.503594859887365
2020-12-14,1.0922793725180766,-0.9030457673549358,2.4625604202668727,1.0,0.6922770652036453
2020-12-15,1.6459436067532587,-1.1725833935232814,2.55703722350837,1.0,0.7211065065036929
2020-12-16,1.0267110793424685,-1.2835771942856304,3.0126578339253283,1.0,0.6899650221942634
2020-12-17,0.8174404443956397,-1.411269277863041,2.472763282232695,1.0,0.6531185857898392
2020-12-18,3.6251172184075244,-0.5985223147123168,2.2186090831493197,1.0,0.8240152063252976
2020-12-19,3.059043822597469,1.322303430151791,1.9828505743397298,1.0,0.8961909954009823
2020-12-20,0.5489631814040693,-1.0223336496182611,1.2889269291373713,1.0,0.6119645409974228
2020-12-21,-0.1065852412419587,-0.7018881067454158,1.4193379128269874,1.0,0.5859602432303768
2020-12-22,-0.574467277814308,-1.328555370275943,1.2847566742019207,1.0,0.5241709301909458
2020-12-23,-0.17918328975974862,-0.8266733966859023,1.2349890963861248,1.0,0.5697760257003083
2020-12-24,-1.2183009194341572,-1.45189050542421,0.62424155119957,1.0,0.4540925526850331
2020-12-25,-0.3535902452711049,-0.5264658351295929,1.2201846197270771,1.0,0.5701640611757626
2020-12-26,1.1274632686190735,0.584696688424954,1.4738490024457487,1.0,0.7236548800071697
2020-12-27,-0.07001076261286336,-0.7882675495502853,1.3793638047999208,1.0,0.5834669280878779
2020-12-28,0.41689317917723423,-1.1153715676848994,0.9785489291025093,0.8705505632961241,0.5695199454227805
2020-12-29,-0.32866175637867395,-1.1758258406213624,1.570795678405252,0.7578582832551991,0.52013507131732
2020-12-30,-0.7408865230558362,-0.951217073382178,1.4466118481348562,0.6597539553864472,0.48315700865114913
2020-12-31,-1.3690165618799988,-1.2448785212816738,0.6497464967877524,0.5743491774985175,0.38967288400563305
2021-01-01,-0.8910964257152495,-0.780806703531169,0.49116167402990996,0.5,0.42443201477284836
2021-01-02,-1.321455481422668,-1.0751730256072651,0.19788094454543556,0.4352752816480621,0.3639914155702433
2021-01-03,-0.9892597869374302,-1.072080804083945,0.42187090833418517,0.37892914162759955,0.3852810488892864
2021-01-04,0.5933119132770669,0.2920462490355022,1.1209321921643804,0.3298769776932236,0.5635686743210799
2021-01-05,1.0054121368228883,0.37527074752594425,1.2433487816292172,0.2871745887492588,0.5921849046351363
2021-01-06,2.101332111722215,0.20799319906707853,1.3065130067289217,0.25,0.65480562430024
2021-01-07,1.1952356414011942,-0.012145845100343071,1.18731132764835,0.21763764082403103,0.5763989895927817
2021-01-08,1.1710227148433068,-0.010844593099931236,1.2664215679280826,0.25,0.5823303752079928
2021-01-09,-0.2604194867626049,-0.27487559041754184,1.0688009449363098,0.2871745887492588,0.4748884377586946
2021-01-10,-0.6055863825696431,-0.4268753787306967,0.4261621082799301,0.3298769776932236,0.43052805064489263
2021-01-11,1.7930860901334107,-0.6429074415770047,1.522203408961093,0.37892914162759955,0.6253307474860286
2021-01-12,0.8255871997547004,-0.7906113841127772,1.4962149153748203,0.4352752816480621,0.5622621284053176
2021-01-13,5.0,-0.395254736285704,1.345492944538237,0.5,0.7283808174727036
2021-01-14,0.5064866689621946,-0.6305915656839485,0.847761282983582,0.5743491774985175,0.5469022154182122
2021-01-15,0.2954411042462573,-0.3045641095453483,0.5747775849049818,0.6597539553864472,0.5501282485234941
2021-01-16,-0.5383453464470195,0.25628094694869324,0.17421970844282578,0.7578582832551991,0.5192747491294349
2021-01-17,-0.7365796825203956,-0.9652919756403336,0.050743204970553964,0.8705505632961241,0.4679482135070635
2021-01-18,-0.11989093687027935,-0.7886043426492162,1.051422522830359,1.0,0.5691961740259427
2021-01-19,0.6462480915448295,-0.5664824576951957,1.016664557763861,1.0,0.6283685889578176
2021-01-20,0.5165271349322185,-0.24695967447300346,1.2254544446532611,1.0,0.6399936373808814
2021-01-21,0.6204986478358298,-0.3193590644518432,1.145656107365285,1.0,0.6412484857490713
2021-01-22,-0.38781245804633024,-0.970305975176331,0.6209085223106177,1.0,0.5294133712415848
2021-01-23,-0.04071479361778907,-0.2001899477545759,0.7964427773253475,1.0,0.5904925251798849
2021-01-24,-0.07931627016152697,0.2054164392039353,0.7630615683473407,1.0,0.6037066525676402
2021-01-25,-0.3856483223191818,-0.6831489871379093,1.216876583686366,1.0,0.5613881235041872
2021-01-26,-0.8217069782887689,-1.1552841429905156,0.9722079765001268,1.0,0.5044896280394815
2021-01-27,-0.3717730268028975,-0.0834487181988856,1.0491853670496603,1.0,0.581710947189842
2021-01-28,0.691853718519194,-0.5202435421344148,1.963623801662839,1.0,0.664900893701107
2021-01-29,1.2657984395609514,-0.5895604625892878,2.041415475241387,1.0,0.7028687258708893
2021-01-30,0.25057346698825944,2.3836899752471017,1.5250435112291763,1.0,0.7418600971421525
2021-01-31,-0.774055256258134,1.6577494262534473,0.4996081020111004,1.0,0.609122812410388
2021-02-01,-0.27708839741439006,-0.5511848516448853,1.5417049060428143,0.8705505632961241,0.5655341527163495
2021-02-02,-0.22863525834843582,-1.2680165756149584,1.414626531996767,0.7578582832551991,0.5177565856809865
2021-02-03,0.3848789593207515,-1.2435723834923915,1.2557763154220494,0.6597539553864472,0.5396653851312359
2021-02-04,0.8407429486937311,-0.858893987319237,1.3550525390804617,0.5743491774985175,0.576583075035407
2021-02-05,-0.32710267601306303,-0.37919406534403716,0.5188951298945443,0.5,0.4796899065396124
2021-02-06,-0.6170653599837203,-1.2092785617439439,0.12816283964464337,0.5743491774985175,0.42390017387468676
2021-02-07,-0.5098949819934752,-1.3164795883900613,0.6266355792384135,0.6597539553864472,0.4560046309667633
2021-02-08,1.3931112578488347,-1.1873617187985268,1.7829075769715528,0.7578582832551991,0.6415096739606487
2021-02-09,-0.04777125733757809,-1.0569346356419576,1.151883535240472,0.8705505632961241,0.5467550086948476
2021-02-10,0.1702939180705141,-0.9195397140716809,1.1308918266502852,1.0,0.5857351673400572
2021-02-11,-0.28069016879337577,-1.1228711091919843,1.4448083883583733,1.0,0.5576613054760547
2021-02-12,0.8035872563534939,-1.0781964539450795,1.3796979976585133,1.0,0.6296375647644717
2021-02-13,0.5643640595405991,-1.1460609615371509,1.0422077216238375,1.0,0.5996119879594533
2021-02-14,2.0063917715137882,-0.7294255727563999,0.6173256497632587,1.0,0.6989442408948445
2021-02-15,2.7894641554819457,-0.2139780489674266,1.2647270424956298,1.0,0.794206093075008
2021-02-16,4.406086170578004,0.43795207090723937,1.0321873970239839,1.0,0.8276542495219344
2021-02-17,5.0,0.5024624539487915,1.502980666288016,1.0,0.8460352911241336
2021-02-18,4.794648612593642,-0.1096370328019788,1.3347825464550773,1.0,0.8149245418484202
2021-02-19,3.1967290378446727,-0.43814230000159937,1.1556601541933065,1.0,0.7952660759730436
2021-02-20,0.5688535158388881,-1.107433863131899,0.7751777796564921,1.0,0.5926197494139799
2021-02-21,-0.13192743969761828,-1.1495053257583183,0.5052196256737831,0.8705505632961241,0.5157320207971069
2021-02-22,-0.4602084238174118,-0.7729113747398554,0.6100484916606029,0.7578582832551991,0.4961284900083119
2021-02-23,-0.34801060708246306,-0.547734202045907,0.2829405416399038,0.6597539553864472,0.48737147913855355
2021-02-24,-0.5788500669657785,-0.4025533472389219,-0.6884985179014935,0.5743491774985175,0.4328393654287209
2021-02-25,-0.7348851512479335,-1.064771442200011,-1.5194834326918363,0.5,0.3559927320687428
2021-02-26,-0.30124292914249556,-0.82856442884438,-0.933894171970377,0.4352752816480621,0.4045551067035146
2021-02-27,-0.8012398565972015,-1.282539351083345,-1.372152863272866,0.37892914162759955,0.32924581240009165
2021-02-28,-0.9589030847107967,-1.3663703276234336,-3.0049855393127882,0.37892914162759955,0.2609804019457771
2021-03-01,-0.4570565803378938,0.7009368572098786,-0.98852746346003,0.4352752816480621,0.45607564049309374
2021-03-02,1.1395444057766189,1.6662207193448815,0.1543530075515058,0.5,0.6505405906095281
2021-03-03,0.17844065639683485,0.34283666680316444,-0.18953561635555072,0.5743491774985175,0.5310154276228467
2021-03-04,0.38599830840540256,-0.05544036894535925,-1.1965341736990294,0.6597539553864472,0.5075018260389697
2021-03-05,0.9535221332053001,0.5289720520149409,0.08397582975022719,0.7578582832551991,0.6270865811942634
2021-03-06,-0.2959553433043377,-0.1768265147114664,-0.924174982568841,0.8705505632961241,0.49767862407552366
2021-03-07,-0.4387867946912741,-0.23440621571370432,-1.847769031831275,1.0,0.4743883203048016
2021-03-08,0.3989753037144939,0.397594634315466,0.06262047630966276,1.0,0.6202521458877661
2021-03-09,-0.5313982125018882,0.08779938777875763,-1.6077227115965824,1.0,0.48964100327076965
2021-03-10,-0.7048285527190068,0.9449327559750316,-2.4043346200094473,1.0,0.48723914065071106
2021-03-11,-0.6082886881533347,1.917680660190361,-2.6764119104033814,1.0,0.5251370512842634
2021-03-12,-0.49065744351200463,2.260691257323062,-2.738807077431732,1.0,0.5451914035732696
2021-03-13,-0.5985477977241094,0.9871173322951036,-3.003856183837268,1.0,0.47622670233068876
2021-03-14,-0.5996966170947727,0.7538125213458399,-2.866246156851996,1.0,0.47088754202135863
2021-03-15,0.9635523994776712,3.1888385433349784,-0.5623995037969559,1.0,0.7454901765052796
2021-03-16,0.23293012859533693,0.5597856075362463,-0.8406836591906134,1.0,0.5858302869140123
2021-03-17,-0.3920594496438043,0.11770812045139652,-1.224460348258096,1.0,0.5129518634339514
2021-03-18,-0.77956447647033,0.62128547180171,-1.3803468266488383,1.0,0.502904368672088
2021-03-19,-0.26590658347259527,0.7711268192556248,-0.8613425365732033,0.8705505632961241,0.5412743451794566
2021-03-20,-0.0317681423538936,1.0556418416080227,-1.6595664792586804,1.0,0.5615483179347853
2021-03-21,-0.6001769010913998,0.9948166892492557,-2.558299421136711,1.0,0.4911622546080686
2021-03-22,0.22158579024619451,0.7849416580357736,-1.3848633671161394,1.0,0.5763161761973655
2021-03-23,-0.32566600423932773,0.6982902953632567,-1.8510647382011682,1.0,0.5206822040841416
2021-03-24,-0.5012281473344775,1.8968346575803925,-2.14603789844236,1.0,0.5490849709621392
2021-03-25,-0.5665645987556306,1.0621032871736351,-2.145827439895921,1.0,0.5099557490519954
2021-03-26,-0.39837514204484653,1.9531621505558499,-2.133934967779608,1.0,0.5586922478775169
2021-03-27,-0.6713646376085257,1.0155617189154715,-2.255712450417295,1.0,0.497367014100333
2021-03-28,-0.3405400244417076,0.9360259486702158,-2.3829758258652864,1.0,0.5118658853696356
2021-03-29,0.18792555490350352,2.6496232924254692,-1.2542089587335663,1.0,0.6561223755535093
2021-03-30,-0.14278698623032104,3.4360029864939166,-1.2675493670295328,1.0,0.6482292220169942
2021-03-31,-0.43319371766017645,1.027516680044089,-1.890922209940044,1.0,0.5259028734931571
2021-04-01,-0.3669623285527319,0.7355123874513513,-0.9278442605108519,1.0,0.5502540522232625
2021-04-02,1.2035177462420574,1.2184117904250469,-0.5482868851642242,1.0,0.68772544484504
2021-04-03,-0.41717553012223235,1.234304611702361,-1.2853825870608921,1.0,0.5557715705774199
2021-04-04,-0.6757016079889147,0.4736343927369917,-2.198011780792956,0.8705505632961241,0.45700351763276714
2021-04-05,-0.4549956030255329,0.8282926897774187,-1.83611712970383,0.7578582832551991,0.4816539933705092
2021-04-06,-0.3019718258656982,1.64171238530617,-1.6543679243842493,0.6597539553864472,0.5170907234918694
2021-04-07,0.009489294464731297,2.213231296424,-1.4244463218761414,0.5743491774985175,0.556521422877555
2021-04-08,0.09639088860486185,1.2676692191592829,-1.3142164592442631,0.5,0.5154383947304855
2021-04-09,-0.5211953888627615,0.3526180641756466,-1.5670029382644488,0.4352752816480621,0.41800392105486217
2021-04-10,-0.5752222409927471,1.3064923765247194,-1.7473854153531312,0.37892914162759955,0.4396822236880491
2021-04-11,-0.3091913191893507,1.5156268936224402,-1.9136846458521442,0.3298769776932236,0.45323042441389033
2021-04-12,0.08630890171709754,0.6165746603779662,-1.3945448376192757,0.3298769776932236,0.45944125636356276
2021-04-13,-0.1298286912308172,-0.22318611148125606,-1.3765961680777477,0.37892914162759955,0.41799816491444153
2021-04-14,0.019383963853437526,0.5817139519004778,-1.435227056819465,0.4352752816480621,0.46798073593930956
2021-04-15,-0.033810256961323185,0.3136475251148517,-1.2659396823144986,0.5,0.4686166403385474
2021-04-16,0.3204035423625979,1.1192660982938702,-1.0914783582865986,0.5743491774985175,0.5427660882683087
2021-04-17,-0.06196470327156577,-0.05851291611640477,-1.3994534572769755,0.6597539553864472,0.47074562634244665
2021-04-18,-0.2607200202201878,-0.5448797254436019,-1.7815698698600648,0.7578582832551991,0.43920842358478174
2021-04-19,0.17073522206321276,0.3258228682051585,-1.2406415719189037,0.8705505632961241,0.5391861664098843
2021-04-20,0.3483658334146359,1.8821717376655165,-1.144246947218337,1.0,0.638506646389761
2021-04-21,0.5435882590731757,1.3438586559065449,-0.9404119816640807,1.0,0.6358862618788484
2021-04-22,1.5647215253406126,1.0634206702063373,-0.3797688858902619,1.0,0.7109650000849629
2021-04-23,0.6401819494005668,1.3260110772624172,-0.5082940578469859,1.0,0.655986122917739
2021-04-24,-0.18693868625849386,0.5531614629071079,-1.361745413520763,1.0,0.5401943014198711
2021-04-25,-0.3804120139289658,-0.29310208144994176,-1.5574191447678885,1.0,0.4855126408520585
2021-04-26,-0.16148192799741964,0.9479018861346707,-0.9550791644382995,1.0,0.57189447790784
2021-04-27,0.33395694448636687,1.625490986183292,-0.5468125488400485,1.0,0.6467655024287267
2021-04-28,1.091940416248781,1.1554887126133888,-0.07919328266224433,1.0,0.6933016146867351
2021-04-29,0.7168248392543818,1.529122698559716,-0.12127848239089245,1.0,0.682459152310584
2021-04-30,0.9435929151097316,1.1144905894018624,-0.463095209616406,1.0,0.6689067952451795
2021-05-01,-0.9948855256214896,1.2263681732207448,-1.755718583011908,1.0,0.5012490194090349
2021-05-02,-0.311808550641154,0.9245772352487651,-0.8825517072910984,1.0,0.5633184245162517
2021-05-03,-0.008107956626134182,-0.010253620191678994,-0.5180273217704944,1.0,0.5567646579912546
2021-05-04,3.0500305760987,3.041637117383609,-0.049634861736379425,1.0,0.8983455046087874
2021-05-05,0.4502578566220487,-0.13962237050999102,-0.37297033396221096,1.0,0.5867672472048133
2021-05-06,-0.35833366454135085,-0.24771248420524303,-0.8344856003362053,1.0,0.5129735488441513
2021-05-07,-0.4697977794509052,-0.1972029154873162,-1.040585250835786,1.0,0.500777184863442
2021-05-08,-0.522371867626341,-1.0258532672314344,-1.2056850871134865,1.0,0.4572418197864846
2021-05-09,-0.47178121548779955,0.6229920275444948,-1.4486301787775988,1.0,0.5212182474892474
2021-05-10,-0.3009404966029615,0.2600402769838663,-0.7583969381582308,1.0,0.5404924138288559
2021-05-11,-0.41072245763976334,-0.44731632722495673,-0.9069699675175426,1.0,0.49874799027239114
2021-05-12,-0.4887763190760373,-0.6300137746865901,-0.893571232705602,1.0,0.4863786303594696
2021-05-13,-0.36469687677205387,-0.8758651834414851,-0.9169676427086311,0.8705505632961241,0.4642094886425988
2021-05-14,-0.4491565668787391,-0.5823608577659335,-0.9287548984208227,0.7578582832551991,0.45351143900875596
2021-05-15,-0.7432811893202254,-1.4276854572074642,-1.1319664715650966,0.6597539553864472,0.37719190425080457
2021-05-16,-0.7835220871322617,-1.3542209379610282,-1.4212337043386005,0.5743491774985175,0.3551172415896307
2021-05-17,-0.6740948699242307,-0.32471954655253565,-0.4139763151179493,0.5,0.427731150394764
2021-05-18,-0.4624112452050057,-0.42607445690617224,0.37479767605899816,0.4352752816480621,0.45420402939775173
2021-05-19,0.31468935725908154,-0.6065455639566985,1.7114237800076022,0.37892914162759955,0.5345933892301363
2021-05-20,1.665291219060971,0.5404396978167473,2.284116148903964,0.3298769776932236,0.6841564869638783
2021-05-21,1.477955564765445,0.6462626428979686,2.275309353626831,0.2871745887492588,0.6693778145383948
2021-05-22,1.1608830158165648,-0.19621551507854804,1.9491068787579902,0.25,0.5966867838847645
2021-05-23,1.654532737537544,-0.5951779214795051,2.825941698799334,0.21763764082403103,0.637346805191106
2021-05-24,-0.2045550281053097,-0.0034040661272170796,2.110401632992121,0.1894645708137998,0.509987568759486
2021-05-25,0.09029389906609438,0.22489641249657058,2.3643322842393664,0.16493848884661183,0.5439421265934007
2021-05-26,1.160632386633267,-0.11499629939523279,3.0042433206430736,0.14358729437462942,0.619122074123611
2021-05-27,0.9212099858483802,-0.024879816375331685,1.7604341498685432,0.12500000000000003,0.5628084783698714
2021-05-28,-0.36865665577271767,0.10090133898505123,0.8535490408134331,0.10881882041201553,0.4494015698284461
2021-05-29,-1.3134491806880169,-1.671490294106227,-0.5872641879877142,0.09473228540689989,0.26242566224448394
2021-05-30,-1.3114402357720338,-1.5806290341413738,-1.5272532395737786,0.0824692444233059,0.23317305320367712
2021-05-31,-1.2431267926075853,-1.8110620180500234,-1.6086446948721962,0.0717936471873147,0.22381152032310067
2021-06-01,0.2903248769622743,-0.8803862232198935,0.3028125333371794,0.0625,0.42714098360789543
2021-06-02,-0.6118212228932246,-1.0845955490965296,0.5856087365047636,0.054409410206007765,0.36670214000915624
2021-06-03,-0.6792477145897865,-0.9506052629852035,1.2435388882093976,0.047366142703449944,0.3886644840821281
2021-06-04,0.17686772872909765,-0.6799543583513593,2.180126591578377,0.04123462221165295,0.48731583003499374
2021-06-05,1.0713704354625329,-1.1380919602792299,2.934636883768471,0.03589682359365736,0.5522099503505319
2021-06-06,1.5100813211954578,-0.9772105430587207,3.212401347322614,0.03125,0.589642482118917
2021-06-07,0.8385850339572023,-1.7712701322441582,3.4673947705520978,0.027204705103003893,0.5111834525190908
2021-06-08,0.7585538963495361,-1.5876006567704284,3.189463329164399,0.02368307135172497,0.5129726930939599
2021-06-09,0.37594511816141024,-1.781526670033098,2.7812658224552456,0.020617311105826482,0.4716341873737638
2021-06-10,0.14019456048985462,-0.39626875345736723,2.4680150772407137,0.017948411796828663,0.5027945369828148
2021-06-11,0.42940041045829513,1.2208782902234654,1.4447716775969,0.015625000000000007,0.5549994287097607
2021-06-12,-0.16839670104603155,0.8510036540077446,0.8813996066551071,0.013602352551501933,0.48065237861848287
2021-06-13,-0.07514545199989531,0.5671235188828427,1.1198908955987756,0.01184153567586249,0.48272637669146395
2021-06-14,0.5629452475778443,0.40128466091047515,1.9265570831166778,0.01030865555291324,0.545014745146619
2021-06-15,-0.5782720545347361,-0.65387773757154,1.1421826757180453,0.008974205898414338,0.3986225107075671
2021-06-16,-0.8078049784011969,-1.394816453163532,0.823731748998518,0.007812500000000002,0.34165858252472364
2021-06-17,-0.3257730431448311,-1.2001461448946218,1.1432255630606047,0.0068011762757509715,0.3924034029631182
2021-06-18,0.2801430906783516,-0.7874885378788312,1.5824775957938935,0.005920767837931244,0.464501552002425
2021-06-19,0.3831547157322117,-0.8648567493178363,1.2780870292477886,0.00515432777645662,0.4578839999686324
2021-06-20,0.33716679347159195,-1.6774030464719414,1.8326113184438164,0.004487102949207169,0.4393461020189502
2021-06-21,1.4575411676374197,-0.7892124837028331,2.1562312529545156,0.003906250000000001,0.5617458702866939
2021-06-22,-0.4050842619028543,-1.423809796318263,1.038936453461596,0.0034005881378754853,0.37381027769594993
2021-06-23,-1.1889490983143287,-0.6312489485888927,0.20765560749034315,0.0029603839189656215,0.3268005984253638
2021-06-24,-0.1901735007223451,-0.9617938962824893,0.7273708355413055,0.0025771638882283094,0.39687929004135103
2021-06-25,-0.38232447299968086,-0.7123247716185888,0.9697424198715596,0.002243551474603584,0.4024927830328226
2021-06-26,-0.40507559948923744,-1.1868169939319422,1.407986346002197,0.001953125,0.3957700989036265
2021-06-27,0.312034414143939,-1.6345470552842378,2.0052864694000365,0.0017002940689377426,0.4447940933964279
2021-06-28,1.6607987751277054,-1.7742780970150904,2.6310769990045,0.0014801919594828095,0.5497162597269575
2021-06-29,2.5753373518578404,-1.846576654862169,2.810875384690398,0.0012885819441141558,0.6136375962858961
2021-06-30,-0.16148074078283817,-1.8932596781280688,2.062681517189288,0.001121775737301792,0.4042731142927128
2021-07-01,-0.11293073049953929,-1.3090015047807113,1.133274143647821,0.0009765625,0.4008518444307617
2021-07-02,-0.8229119784365857,-1.5153406765187836,0.4240727266475724,0.000850147034468872,0.32126328619270106
2021-07-03,-0.7267932931236207,-0.6789763844418446,-0.14641029782256956,0.0007400959797414059,0.34348710224289064
2021-07-04,0.024679756938408005,0.16330028664935142,0.623184502748398,0.0006442909720570772,0.4543189561437053
2021-07-05,0.6312328220745549,-0.20444093940379385,1.7356299680210974,0.0005608878686508959,0.5165022811108131
2021-07-06,2.0940693026917536,-1.0879328126488248,2.4439681085508647,0.0005608878686508959,0.6008238231177424
2021-07-07,1.7807018283265623,-1.1441612335720317,2.182024947668875,0.0006442909720570772,0.5688708790577073
2021-07-08,-0.43991307692595316,-1.6795202522338795,1.3398858754734828,0.0007400959797414059,0.37046632794126877
2021-07-09,-0.35850943065963886,-1.5396840936411182,0.9785491881169273,0.000850147034468872,0.36969169571337873
2021-07-10,-0.6801063869110555,-1.5173653425150875,0.29235776311334233,0.0009765625,0.3263277614132457
2021-07-11,-0.5867625689554015,5.0,0.5196046256959124,0.001121775737301792,0.5283709159534323
2021-07-12,0.4673225965919931,-0.2895047607448872,1.5237373422038074,0.0012885819441141558,0.4950766734401733
2021-07-13,0.7085450764803294,-0.21984006978935053,1.3283714524055859,0.0014801919594828095,0.5075774127315743
2021-07-14,0.1458999317010812,-0.285785764799402,1.6430290168656991,0.0017002940689377426,0.47784159991929426
2021-07-15,1.3296466878528954,-0.2509555717771941,1.700004766039041,0.001953125,0.5601464246507779
2021-07-16,0.6387304306146039,-0.30332366652251075,1.4720028980967736,0.002243551474603584,0.5043468385936186
2021-07-17,-0.035097704355999675,-0.293645265646698,0.8640600944004109,0.0025771638882283094,0.43961351137090227
2021-07-18,-0.10776933832579554,-0.27402591174664975,0.3747094169353989,0.0029603839189656215,0.41933200260786135
2021-07-19,0.4099142616415511,-0.21187637199533824,1.1408984424493482,0.0034005881378754853,0.4820394715786239
2021-07-20,0.7414646746503104,-0.20469360690784508,1.4680651623822334,0.003906250000000001,0.5154235209349349
2021-07-21,0.7277401180980734,-0.19616804749836625,0.7803906917214114,0.004487102949207169,0.49202842772720107
2021-07-22,0.4416450092786815,-0.1534023788368661,0.5731424296995336,0.00515432777645662,0.467929131656829
2021-07-23,-0.023756893880820723,-0.22818167695655298,0.6844879637614619,0.005920767837931244,0.43761301783582734
2021-07-24,0.15474196833032913,-0.23137513708431545,0.6189854396555386,0.0068011762757509715,0.44732852494005615
2021-07-25,0.1359500578285973,-0.1862942164437114,1.0535321148529118,0.007812500000000002,0.4625906903318489
2021-07-26,0.9193094138488943,-0.25303007211370565,1.5497341778737714,0.008974205898414338,0.5287483113990764
2021-07-27,1.5979475028681736,-0.23612752534765755,1.5461047634998544,0.01030865555291324,0.5747743104179913
2021-07-28,0.835884413484198,-0.16368526700593627,1.3536738370991024,0.01184153567586249,0.5208040996950486
2021-07-29,0.3371150343540138,-0.09117045671923468,0.9583642350360855,0.013602352551501933,0.477661393977561
2021-07-30,-0.01794786542303827,-0.12704294914775388,0.5769330794297473,0.015625000000000007,0.4400848720716326
2021-07-31,-0.8204364207040334,-0.14862276194035626,-0.2298460759000216,0.017948411796828663,0.35914234944507323
2021-08-01,-0.7317532309848129,-0.1791061974056528,-0.5873789806033356,0.020617311105826482,0.3522669903548731
2021-08-02,0.23407555397020416,-0.14214936720314975,-0.07202902840650749,0.02368307135172497,0.4358336397204242
2021-08-03,0.09941223553433728,-0.15776843706405547,-0.12453260455899277,0.027204705103003893,0.4249834164381044
2021-08-04,0.39153764691074067,-0.1239195181198264,0.017059653633166715,0.03125,0.45119535166016217
2021-08-05,0.9800523213580837,-0.1183459736727085,0.6131366905135096,0.03589682359365736,0.5112281524103417
2021-08-06,1.172022208322708,-0.17754896799885933,0.9476246274935458,0.04123462221165295,0.5335096211364275
2021-08-07,0.23511332368794982,-0.23737138798191812,0.1432146995171839,0.047366142703449944,0.44266249180270706
2021-08-08,0.7848118586370543,-0.1380449329887999,0.47445512939763707,0.054409410206007765,0.49554550087875937
2021-08-09,1.4760781276653263,-0.1406770603261464,1.0498953010736776,0.0625,0.5619151743665549
2021-08-10,1.3434511266368903,-0.2088548145714551,1.4337838901704076,0.0717936471873147,0.5644229679190929
2021-08-11,2.0472902999679583,-0.24600205042716375,1.4684116574370203,0.0824692444233059,0.6125533764747952
2021-08-12,4.154252329565248,-0.1538865544007227,1.8495534596583407,0.09473228540689989,0.6944496850329497
2021-08-13,2.757864118709839,-0.1855093619515594,1.4590423084511472,0.10881882041201553,0.6660856178428483
2021-08-14,-0.4147489558258921,-0.2792819259525501,0.39787052342989154,0.12500000000000003,0.417725673477914
2021-08-15,-1.2186567639313732,-0.2889628619239656,-0.48188496796505054,0.14358729437462942,0.3371913583817693
2021-08-16,-0.6552700795831076,-0.2403359100845693,-0.1022854919515409,0.16493848884661183,0.3926325887028762
2021-08-17,0.05593908568403682,-0.1996252969839724,0.39402433570228274,0.1894645708137998,0.4619653818167497
2021-08-18,0.03216377370040771,-0.2497110153877773,0.8551556732116325,0.21763764082403103,0.4778904611695288
2021-08-19,1.0132830211178434,-0.2104193988807585,1.0145518370646651,0.25,0.5551031210233134
2021-08-20,-0.05147514615448404,-0.2062432034965313,0.614334879457244,0.2871745887492588,0.4765288744049759
2021-08-21,0.07845909015320222,-0.16426072425838037,0.19067945208306866,0.3298769776932236,0.47922393755620013
2021-08-22,0.6243293882208001,-0.04728484940922078,-0.024524994165410777,0.37892914162759955,0.5206736285946287
2021-08-23,1.2365041579481348,-0.06862905935608796,1.3165591996558272,0.4352752816480621,0.6137506652924422
2021-08-24,2.1297119389374766,-0.1746105870681734,1.784349300332981,0.5,0.6941836648124239
2021-08-25,4.231981100677348,-0.11773512538580665,1.4401230544094177,0.5743491774985175,0.7542508482140162
2021-08-26,2.152833883812231,-0.20643289095370435,1.5241739507426804,0.6597539553864472,0.7096897801304675
2021-08-27,1.2530230375755285,-0.223040231250614,1.4812129689345575,0.7578582832551991,0.662294034322358
2021-08-28,0.6426990859760557,0.023693999118884104,0.43785614687378904,0.8705505632961241,0.6140116450852355
2021-08-29,-0.020085966063127788,-0.11707344853689877,-0.1294183049595828,1.0,0.5644689317414346
2021-08-30,0.7363634077017326,-0.10025055505740788,0.9297153332818233,1.0,0.650904298495451
2021-08-31,0.0639242721250654,-0.058878892789828025,-0.14055122724992214,1.0,0.5721232900337642
2021-09-01,-0.8689697019263293,-0.14132180177021259,-0.9492626790240175,1.0,0.47953818883035193
2021-09-02,-0.8716924980365944,-0.14955301489625134,-1.4364566778897878,1.0,0.46277390191389034
2021-09-03,-1.0296577010768921,-0.06701283302534249,-1.9520311930129195,1.0,0.4384962454517206
2021-09-04,-1.007640612558246,-0.1458425617249856,-2.0359135323669713,1.0,0.43388340134534353
2021-09-05,-0.9544219190094702,-0.1521385797876078,-2.0175176886286152,1.0,0.4377821749539311
2021-09-06,-0.3490069332323292,-0.15835981142816535,-1.1433740339915672,0.8705505632961241,0.4876046623363709
2021-09-07,0.46513768189115906,-0.06434502531081639,-0.30273567131911266,0.7578582832551991,0.5569156895157694
2021-09-08,-0.24421312562754205,-0.10424037989616115,-0.2660094351064996,0.6597539553864472,0.49447188793357433
2021-09-09,-0.5273984347280407,-0.1431541746555737,-0.9600662510298201,0.5743491774985175,0.4380255153312654
2021-09-10,-0.5140544616177344,-0.03374427803180719,-1.683461901881499,0.5,0.4082082942447758
2021-09-11,0.11171256385497282,0.006049237304098429,-1.6799828913142403,0.4352752816480621,0.44199141834807026
2021-09-12,1.2162726393249559,0.03278899029662447,-0.549040277096456,0.37892914162759955,0.5459890792249479
2021-09-13,3.809158301533609,0.09210646294672323,0.6043123767411299,0.3298769776932236,0.6984630618348013
2021-09-14,1.9581959101490276,0.03893111088479858,0.6734867505443161,0.2871745887492588,0.6226942702940012
2021-09-15,1.6957637319844168,-0.08677450315828951,-0.13939106190661002,0.25,0.5672889424371453
2021-09-16,0.7102565259896567,0.04565134441225241,-0.6611938090685449,0.21763764082403103,0.4848584269044741
2021-09-17,1.0913918865825376,0.0208068637476017,-0.3078095202544616,0.1894645708137998,0.5167857800419071
2021-09-18,0.5014940402412895,-0.13525079698696668,-0.41699353336647865,0.16493848884661183,0.46363847502307154
2021-09-19,0.8978332932090712,-0.013459001619046512,-0.7967340867521255,0.14358729437462942,0.4792750524109347
2021-09-20,0.5757222156531058,-0.022850648727097116,-0.8714857710326425,0.12500000000000003,0.4521298449788233
2021-09-21,-0.16217247756999653,0.027031133873100032,-1.3457217885308501,0.10881882041201553,0.3867802288508201
2021-09-22,-0.6128445759896134,-0.07412535752193265,-1.4182691475586748,0.09473228540689989,0.34798934292969114
2021-09-23,-0.7055851198070442,-0.05910184070038367,-1.731559652869146,0.0824692444233059,0.3301501468848721
2021-09-24,-1.0529624698649573,-0.15234528413921045,-2.248029111435849,0.0717936471873147,0.2842895252001047
2021-09-25,-1.0472317152323742,-0.10463097900544938,-2.466709655168285,0.0625,0.27797627302033856
2021-09-26,-0.8380866929276222,-0.05135494643811119,-2.4263456184411383,0.054409410206007765,0.2942709886194338
2021-09-27,0.5187293626649109,0.12431138312585943,-1.2283292768242318,0.047366142703449944,0.43092221065261466
2021-09-28,0.9970050497289279,0.18485426821075476,-1.273860812506453,0.04123462221165295,0.4628924307389095
2021-09-29,0.7452654160956189,0.23766240553991835,-1.5610909151395878,0.03589682359365736,0.4379351210049335
2021-09-30,-0.054575977595838904,0.12344900393871244,-1.8495716580101367,0.03125,0.36954042139071924
2021-10-01,0.1609826729133994,0.16165185334627294,-1.8004763984884817,0.027204705103003893,0.38653249789948924
2021-10-02,0.3501472260533079,0.0682250797723408,-2.0391436706098207,0.02368307135172497,0.3867668650764994
2021-10-03,0.7784604103881031,0.13781715397123115,-1.5400340865540072,0.020617311105826482,0.4343978692220819
2021-10-04,1.4318793969960228,-0.031280739166915435,-0.9605543417943433,0.017948411796828663,0.48982904604415967
2021-10-05,1.3311531497302396,0.05809417319442614,-1.1719915105500853,0.020617311105826482,0.4801903468459882
2021-10-06,1.3743391083024947,0.08200886392984955,-1.2753395614991418,0.02368307135172497,0.48108078520336406
2021-10-07,1.086379856780029,0.04172532677447889,-1.1903782764727167,0.027204705103003893,0.46356530895063197
2021-10-08,0.6991265469882267,0.0697780446036831,-1.2179226145822553,0.03125,0.43860593450496005
2021-10-09,0.46116760137243035,3.2265259051358077,-1.5588174504813015,0.03589682359365736,0.5341684486145006
2021-10-10,0.7656922163676646,3.026480094152358,-1.564698719702172,0.04123462221165295,0.5550747170995198
2021-10-11,0.9767842562743257,2.4938960230912235,-1.182453059791547,0.047366142703449944,0.5617211041262219
2021-10-12,0.8218227450954056,2.194761613109354,-1.3172712825809496,0.054409410206007765,0.5354889523307864
2021-10-13,0.4775385851468157,1.5516550204671635,-1.2638049331868237,0.0625,0.4887363670896921
2021-10-14,1.0848003126071344,1.571947006984611,-0.9259289369255771,0.0717936471873147,0.5427225619787457
2021-10-15,1.1468860669778476,1.9171661329289038,-0.9234558488198151,0.0824692444233059,0.5629295183733962
2021-10-16,0.013010923230962807,0.39250700837732333,-1.3272502237057935,0.09473228540689989,0.4121900222519612
2021-10-17,-0.35587452120756646,-0.4734500371412508,-2.0124109987475625,0.10881882041201553,0.3307904034754937
2021-10-18,0.4478167732034371,2.4355555091180188,-1.5529015669140946,0.12500000000000003,0.5233225455296768
2021-10-19,0.0007530154102992181,1.7259151703333508,-1.4926076900322083,0.14358729437462942,0.46874783761303035
2021-10-20,-0.04788172649780761,1.2691129682077398,-1.406164254869164,0.16493848884661183,0.4525562234068216
2021-10-21,-0.07647301155101414,0.840918427903442,-1.386037112050201,0.1894645708137998,0.4371585156129725
2021-10-22,-0.08153911782671924,0.7075468071231374,-1.4731254892715173,0.21763764082403103,0.43258663892290355
2021-10-23,0.05674450024665885,1.4114029039735698,-1.6257612321021016,0.25,0.47089937994527253
2021-10-24,-0.17527804359318133,0.820402138253244,-1.5744497136428324,0.2871745887492588,0.4380927507119675
2021-10-25,0.5535411537647916,1.5250310523679753,-1.1431947230907953,0.3298769776932236,0.5368207599839422
2021-10-26,0.38241977990118525,0.704553920321366,-1.2089610846547354,0.37892914162759955,0.4963917337624514
2021-10-27,0.25510744048647727,0.8742966100661494,-1.1933179248658168,0.4352752816480621,0.5039502162035369
2021-10-28,0.5201781453801438,1.3766425824079516,-1.2101196103431806,0.5,0.5517013302809015
2021-10-29,0.21695813044336948,1.5163086401400843,-1.239218773984348,0.5743491774985175,0.5474884861940276
2021-10-30,0.14948054480798478,0.46108050215407975,-1.3715913637463064,0.6597539553864472,0.5074204384267091
2021-10-31,-0.37480138080129777,0.48736253305710653,-1.625852918014797,0.7578582832551991,0.47980365871174624
2021-11-01,0.6278080214545314,0.7678901937543416,-1.046655969164903,0.8705505632961241,0.5945433450256549
2021-11-02,0.6735478987760792,0.5133851335874919,-0.8064164950128588,1.0,0.6144136906507888
2021-11-03,2.2780328875303297,-0.36358571722328714,-0.5827913135992021,1.0,0.6922930771644117
2021-11-04,3.028146538630989,0.7237526714119745,-0.46101999565198987,1.0,0.7897890281204326
2021-11-05,3.945082255247903,2.8149018065116165,-0.3531745615687302,1.0,0.8805150898856932
2021-11-06,1.0109772686348242,0.976640948252518,-0.8129250289172248,1.0,0.6559943564556023
2021-11-07,-0.28680601181778936,1.4384776736938796,-1.0735594543982159,1.0,0.5800308538027852
2021-11-08,0.8380413434180644,3.1413964957870926,-0.7186251465754274,1.0,0.7319152513420234
2021-11-09,0.38086595023066055,0.37080640664758446,-0.8607647870551263,1.0,0.5871491707238559
2021-11-10,0.671267770368914,0.28439471917296555,-0.8726557208635786,1.0,0.6025124406280152
2021-11-11,0.539073559389434,4.78346897154351,-0.8112400843420302,1.0,0.7088969011478946
2021-11-12,0.11387755021455065,2.3601842380296274,-0.8503721361866564,1.0,0.6525871087259827
2021-11-13,0.1483458854277288,2.8311493903490956,-0.7886364792829332,1.0,0.6765664009836299
2021-11-14,0.45968845673780073,3.4346279442281458,-0.5822731598752241,1.0,0.7112367917866792
2021-11-15,0.745904751155719,2.144208559542651,-0.12265527903679432,1.0,0.7099804974234319
2021-11-16,1.0106695365276157,2.4816129153712536,-0.1720316893866866,1.0,0.7400441175960871
2021-11-17,0.2614319394546465,4.611299752566946,-0.37853146499178053,1.0,0.704811080463917
2021-11-18,0.28049520547669854,1.5427323499665941,-0.45222690804766247,1.0,0.6429059646787992
2021-11-19,1.590391184693584,2.244421412807813,-0.1845772447267835,1.0,0.7683910630223384
2021-11-20,0.8793896616724797,1.9686117024082925,-0.2193056959025625,1.0,0.7083412751817588
2021-11-21,0.13301239102794668,1.214151551449259,-0.6359179172368812,1.0,0.6132598768043529
2021-11-22,1.6776694366389833,1.8619166812380805,0.07756260753599897,0.8705505632961241,0.7475924955731376
2021-11-23,3.276027602362816,1.4219882526422944,0.389069349816959,0.7578582832551991,0.8108972313422742
2021-11-24,3.069675614242646,3.7365307750483656,0.4347382664608607,0.6597539553864472,0.8634543688566625
2021-11-25,-0.4244931063027676,1.777453077390372,-0.15185813947103788,0.5743491774985175,0.5518514431134907
2021-11-26,0.023563794905883378,-0.12916483813261279,-0.1386783047496262,0.5,0.49156644124654586
2021-11-27,-0.07871416215187321,0.619578451453233,-0.19711113377218178,0.4352752816480621,0.5042890791218964
2021-11-28,-0.5449136365111013,0.18252532021915413,-0.2815844091009533,0.37892914162759955,0.44373087018249946
2021-11-29,1.3772487547069472,0.041296564902529934,0.740580119119168,0.3298769776932236,0.5927048244760245
2021-11-30,-0.15395884801951382,0.6651656990486177,0.6779373268830868,0.2871745887492588,0.5081254134675499
2021-12-01,1.2970247182208587,1.0748255068429446,0.41155707202527714,0.3298769776932236,0.619452826388006
2021-12-02,-0.8277849404885238,-0.15274059665286965,0.04066753209654971,0.37892914162759955,0.4216451014209205
2021-12-03,-0.47405428044613246,-0.56938531449744,-0.27368666066779945,0.4352752816480621,0.4258403967578138
2021-12-04,-0.978203736187779,-0.4455716131386718,-0.38149403538037124,0.5,0.4035044658606911
2021-12-05,-1.56415263872152,0.05875728841812896,-0.3879718697025096,0.5743491774985175,0.39639135873734804
2021-12-06,-0.6943802013536011,1.9994675182961736,0.32693302004856223,0.6597539553864472,0.5718799938150195
2021-12-07,0.13578779307245256,0.322598968387322,1.2093835181164307,0.7578582832551991,0.6014856696464628
2021-12-08,0.17326373788690425,-0.3531936766869423,1.1469731504787206,0.8705505632961241,0.590649535507547
2021-12-09,1.3290675546089212,0.6327927853055817,1.2359932806949543,1.0,0.7311706457181592
2021-12-10,-0.49406606267289527,-0.9078675922797774,0.7906646455073405,1.0,0.530589934327061
2021-12-11,-1.7445339170866705,2.5593918048257143,-0.22415745141224888,1.0,0.5578671490148851
2021-12-12,-1.0274744342987658,1.224495164271713,0.022180282320252126,1.0,0.5582616789687455
2021-12-13,0.9241271081981571,2.2261034544563163,1.1134340327534227,1.0,0.7664772522406711
2021-12-14,-0.6967742116514335,-0.44404526681775336,0.9979437999285721,1.0,0.5433112931034505
2021-12-15,-1.298421798584194,0.8311644530567107,0.421342485693923,1.0,0.5371151484948807
2021-12-16,-1.3031126115128466,0.5431194938719521,0.014349829067862667,1.0,0.5112341324460703
2021-12-17,-1.1121271459512514,-0.431879752697534,-0.055908337562042415,1.0,0.48099958932211795
2021-12-18,-1.6514800526652127,-1.5313388466125448,-0.286194838183086,1.0,0.3915557166073602
2021-12-19,-0.6856120365562692,-1.5361245928881155,0.8341309227465799,0.8705505632961241,0.47367428811188184
2021-12-20,1.5103700517075878,-0.056785855591053105,2.098381406893878,0.7578582832551991,0.7069500488489544
2021-12-21,0.38764207780948523,-1.0145104413736508,1.9705512657552953,0.6597539553864472,0.5732196722965406
2021-12-22,-0.6676392034414846,-0.5743435022848488,1.5492520447748288,0.5743491774985175,0.4943538519593043
2021-12-23,-0.4748305080775469,-0.7131309321420042,1.5009492300681815,0.5,0.4886624849578528
2021-12-24,-1.7222870141950477,-0.8368951366420772,0.8850333573979585,0.4352752816480621,0.37010263918738484
2021-12-25,-2.2208266550803173,-1.6395686215683378,-1.4345344420271156,0.37892914162759955,0.21765108693920085
2021-12-26,-2.1157700576212353,-1.5744881641200974,-1.0992846221109012,0.3298769776932236,0.23118371523720044
2021-12-27,-1.88877362551641,-1.2728696615596764,0.3570265426936497,0.2871745887492588,0.30102259546942994
2021-12-28,-1.8734891261345765,-1.5918007078563792,0.29562789250764315,0.25,0.28112995851393385
2021-12-29,-1.525041518882272,-1.1015396477785648,-0.009879802973038622,0.21763764082403103,0.3097493994415784
2021-12-30,-1.6944550489870456,-0.7838125578734144,-0.3401321635564563,0.1894645708137998,0.2964594203263261
2021-12-31,-1.7631524043866948,-1.0326100497894535,-0.6599151641344531,0.16493848884661183,0.2671746888221698
2022-01-01,-1.8781520340859397,-1.4975621291283305,-1.4122745724932881,0.14358729437462942,0.2118537174203417
2022-01-02,-1.4563767519904818,-1.064946675243949,-0.37866053270143196,0.12500000000000003,0.289663420642089
2022-01-03,-0.6044032817766297,-0.7729900638568221,2.327413295313813,0.10881882041201553,0.4464017947931199
2022-01-04,0.27004684027384157,-0.511710068822591,2.3549534644013557,0.09473228540689989,0.5143901614417283
2022-01-05,-0.691107202622,0.7705388136818597,1.8377054078603436,0.0824692444233059,0.48465920398745155
2022-01-06,-0.5343674213288919,-1.2195073253115944,2.076703461195398,0.0717936471873147,0.41855519580803463
2022-01-07,1.4466436526592117,-1.0903812453864572,2.7305797867730472,0.0625,0.5764046845119467
2022-01-08,0.6092131652595758,-0.06935761048414549,2.4625207386310337,0.054409410206007765,0.5529697467324013
2022-01-09,-1.0634161832827247,-0.26517195208280364,1.2703532634176475,0.047366142703449944,0.39250678663047395
2022-01-10,-0.3484312405397899,-1.2252656826960926,2.2449820888676117,0.04123462221165295,0.43173644347901186
2022-01-11,1.5591189100963903,-0.26451163445589526,2.6615310908626575,0.03589682359365736,0.6120221691385676
2022-01-12,0.5120255912529408,0.19607347785275264,2.329254604077195,0.03125,0.5496340877966339
2022-01-13,-0.847730149994738,-1.3094085092148235,1.0835566209700382,0.027204705103003893,0.3541252285808517
2022-01-14,-0.2419059854740408,-1.2838332052437715,0.9310649127218243,0.02368307135172497,0.38996784187672634
2022-01-15,0.9088566261791279,-0.23368767162487103,1.5478183258995135,0.020617311105826482,0.5305399962900966
2022-01-16,-0.05767889769696826,-0.3646624810635032,1.625761247563346,0.017948411796828663,0.46284477346419206
2022-01-17,0.1726588463200663,-0.5480191819404658,1.6549922517048332,0.015625000000000007,0.47118661556397945
2022-01-18,0.44353484839523893,-0.507874321816041,1.4403381129370445,0.013602352551501933,0.48345918313130776
2022-01-19,-0.051082413367470623,-0.12440588384610117,1.272833464441184,0.01184153567586249,0.46061493978133333
2022-01-20,0.5938921881799223,-1.2678580870270886,1.7640994674796204,0.01030865555291324,0.47211500616812385
2022-01-21,2.84782788246343,0.5783031919054228,2.398693018146611,0.008974205898414338,0.7202537233166038
2022-01-22,1.9140011621140751,1.4170119841021322,2.0127423264602635,0.007812500000000002,0.679905529360536
2022-01-23,0.5210791067648513,0.2161480845836121,1.1426185764324353,0.0068011762757509715,0.5078522396310845
2022-01-24,0.8403840299696538,0.0970081050282473,1.452808817319122,0.0068011762757509715,0.5345147433928206
2022-01-25,-0.33855988161832967,-0.8280939752477723,1.1630723884724683,0.007812500000000002,0.4078663802058698
2022-01-26,1.742134539567672,-0.8720663711261707,2.0091805750037,0.008974205898414338,0.5731250205591399
2022-01-27,2.7648486632452793,1.9678353780297475,2.521609642800879,0.01030865555291324,0.7769163380605577
2022-01-28,-0.1590379173325645,-1.1140992176221034,1.20305121111146,0.01184153567586249,0.4098546088320028
2022-01-29,1.7527189235531935,-0.2576856599316371,1.6119407453497603,0.013602352551501933,0.5868827368007787
2022-01-30,2.3361167668993694,1.3581666817732125,1.5401707261747164,0.015625000000000007,0.6910141704063324
2022-01-31,1.0269081035837555,-0.7203191547680818,0.8673054893793065,0.017948411796828663,0.4950496868724148
2022-02-01,0.8849204473119215,3.42132335284181,1.3595468974075742,0.020617311105826482,0.6574055230669212
2022-02-02,0.026928123304916382,-0.6718979048429304,0.7406589653606792,0.02368307135172497,0.4270405550666537
2022-02-03,-0.6054741810415276,-1.2799528109312166,0.13437061724548544,0.027204705103003893,0.3398634138153976
2022-02-04,-0.46708977595156037,-1.2736587364687195,0.3996270426077251,0.03125,0.3587999690039569
2022-02-05,0.7423096152729419,-0.5898362164360702,0.6679904913058754,0.03589682359365736,0.4775616719159377
2022-02-06,0.36078464373325775,0.36375653094132854,0.7020938692741719,0.04123462221165295,0.4937971540123262
2022-02-07,0.7797538656314199,-0.8595677288853033,0.8203394743597323,0.047366142703449944,0.4756178395560489
2022-02-08,0.01867147833970944,-0.69136649070314,0.8144125552243554,0.054409410206007765,0.43274632481506287
2022-02-09,-0.25578780785133276,-0.5540544489727174,0.6886715060626655,0.0625,0.4171925943048035
2022-02-10,-0.9077979568712045,-0.5450383835913803,-0.14543865593580602,0.0717936471873147,0.34769129543918253
2022-02-11,-1.0462398511710909,-0.050827744816441776,0.025765564244646235,0.0824692444233059,0.366362092692893
2022-02-12,-1.1652334888876823,-1.076561325141452,-1.1810947583484965,0.09473228540689989,0.27730106305934576
2022-02-13,-0.7218498529068376,-1.1288269409123795,0.059891223326000206,0.10881882041201553,0.3481614177741974
2022-02-14,0.881935873371961,-0.4554343634732973,1.2389979426383513,0.12500000000000003,0.5248692245013551
2022-02-15,1.3981039454989785,-0.12476094002592594,1.7737904418000816,0.14358729437462942,0.5936729994150489
2022-02-16,-0.5893064401224278,1.5315041401311087,0.45199070653300194,0.16493848884661183,0.48933270670872614
2022-02-17,-0.9434308827030563,-0.12300652325150796,-0.8190771483264219,0.1894645708137998,0.3580964500288394
2022-02-18,-0.761556742028119,-0.12993612738232996,-0.30316278789435175,0.21763764082403103,0.39135576508432124
2022-02-19,-0.24838130454122717,0.4087766132894133,-0.2648235000968503,0.25,0.45414615524774876
2022-02-20,0.015113151646197528,2.237411326975388,-0.1099845555924142,0.2871745887492588,0.558643051859696
2022-02-21,-0.9064518090893066,-0.3693924748222532,-0.48197291070520687,0.3298769776932236,0.38259430924026233
2022-02-22,-1.00405781909496,-0.21903553335389803,-1.1769891289884107,0.37892914162759955,0.3665427317817832
2022-02-23,-0.3813170189508511,0.5622519125460463,-0.8869222560932888,0.4352752816480621,0.4587332454701282
2022-02-24,-0.22780526633419662,0.5700361140008346,0.19229687405039372,0.5,0.5149743827961014
2022-02-25,0.03585186996659712,-0.5670714696268423,0.08245366242890378,0.5743491774985175,0.4926629788023959
2022-02-26,-0.590990280152516,-0.8836385597412347,-0.5264694071436515,0.6597539553864472,0.4301964877371262
2022-02-27,-0.9182989036547909,-0.9320134754518209,-0.8156839381343773,0.7578582832551991,0.41143545616298866
2022-02-28,-1.0271875091872764,-1.0041958827011719,-1.2045522575673537,0.8705505632961241,0.4051101801838063
2022-03-01,-0.09971327673518754,-0.6286945568576913,-0.35610850378799774,1.0,0.5302865582223171
2022-03-02,-0.7715789746053454,-0.6703105271484248,-0.9690623610267288,1.0,0.46332971769423503
2022-03-03,-0.5668812539565642,-0.7517414984850089,-0.9221658354778152,1.0,0.4751464927834266
2022-03-04,0.49252431769188,-0.9577199290092185,-0.058086754082256165,1.0,0.5659937323346661
2022-03-05,-1.0688884417000044,-0.6708615649349847,-1.0085822355516367,1.0,0.4421687974959875
2022-03-06,-0.9510473588945489,-0.4671367144707997,-2.305061694981795,1.0,0.4152974231380202
2022-03-07,-0.5405233157872449,-0.45984728130416197,-1.271679799615567,1.0,0.47741548223932473
2022-03-08,-0.2523868973048678,-0.09186568023354065,-1.1482635562270629,1.0,0.5160710182957092
2022-03-09,-0.33470024714458396,-0.15284242924335859,-0.7140491895779076,1.0,0.5225165759859575
2022-03-10,-0.3302149702772775,0.11484509022613969,-0.3938904177940841,1.0,0.5446412001478012
2022-03-11,-0.27701444753228155,-0.06790971265847419,-0.5862718220212302,1.0,0.5341604047363705
2022-03-12,-0.0013575905007987726,-0.48140665411759265,0.2607637059697699,1.0,0.563543006910706
2022-03-13,0.8975549637999698,1.1016166049228782,0.418141310949052,1.0,0.694675733156753
2022-03-14,0.48872836821533877,-0.5768421051936136,-0.07873843156902527,1.0,0.5809221891123212
2022-03-15,-0.20210052325596567,-0.6880138584758285,-0.9916399919880897,1.0,0.49980472128017306
2022-03-16,-0.7494704017113107,-0.2922610111255732,-1.4531860384834026,1.0,0.4644182298062336
2022-03-17,-0.8169826814530393,-0.5833779614225181,-1.848152049422861,1.0,0.43462200452976374
2022-03-18,-0.798028023351111,-0.30979299470957533,-1.8940570515597925,1.0,0.4457548552783672
2022-03-19,-0.9783490857738526,-0.3417485514753517,-2.148205260780763,1.0,0.42393036261091144
2022-03-20,-0.859713869581285,0.10892269916398205,-2.205249431321944,1.0,0.4487158734490154
2022-03-21,-0.3350836840086284,0.3584453437494711,-1.2407323617056794,1.0,0.5262385649987967
2022-03-22,-0.6469799102600063,1.6504213834992043,-1.6124303913029132,1.0,0.5468878839183694
2022-03-23,-0.7817812600094328,0.48543318860185475,-1.426141905809574,1.0,0.4955695686641294
2022-03-24,-0.7148529204537087,-0.17147716595625764,-1.3431215655970106,1.0,0.4754275378683417
2022-03-25,-0.6798384884290263,-0.18570529133181768,-1.316725869773408,1.0,0.4780488513067923
2022-03-26,-0.38889803843257054,0.3450102884112816,-1.4960860406701493,1.0,0.5135793580992937
2022-03-27,-0.1365103889395004,0.32228554210873106,-1.022926260104704,1.0,0.5452303296550737
2022-03-28,1.606020370027133,-0.737400340479667,0.26999548437391957,1.0,0.6603428599609534
2022-03-29,1.3755834915861038,-0.11656491724777307,0.47103268849073054,1.0,0.6775497841701075
2022-03-30,-0.005189962022390198,0.4925303975880091,-0.46898314310277933,1.0,0.5795433309945817
2022-03-31,-1.0283867893394065,-0.6014370101065899,-1.3888560142793578,1.0,0.4350858048136197
2022-04-01,-0.387421542627711,-0.5447818236294103,-1.4713238057352194,1.0,0.4774285276490866
2022-04-02,-0.09702097154314461,-0.9906284320535923,-1.4652917626732722,0.8705505632961241,0.45899527630020026
2022-04-03,-0.47508483174123456,-0.5630802260232921,-1.8863324835580517,0.7578582832551991,0.4206669948359587
2022-04-04,0.38633554001378323,0.7430609936553617,-0.8797606276759358,0.6597539553864472,0.5513543164553282
2022-04-05,0.23530192018873647,0.37950081741287556,-1.2234392355467048,0.5743491774985175,0.5018703975113398
2022-04-06,-0.07954703860444257,2.631364615368871,-1.395373976419304,0.5,0.55782459051943
2022-04-07,-0.025362404548527402,2.7760322742717847,-1.2080261542125137,0.4352752816480621,0.5640009382315481
2022-04-08,0.3514732907249583,1.2126718365813849,-1.1500804151274773,0.37892914162759955,0.5174629033124456
2022-04-09,0.03995644829569452,-0.19312386301708365,-1.4573467588816928,0.3298769776932236,0.4205202569519283
2022-04-10,0.3095314626083778,3.171166587858721,-1.5609004358666136,0.37892914162759955,0.5754447875558114
2022-04-11,0.3777822106630797,0.5105415873249557,-0.9369665432996138,0.4352752816480621,0.5055171209866339
2022-04-12,0.04269209883539058,-0.23575354280619987,-1.4167953891962068,0.5,0.4457965626655609
2022-04-13,0.01844537054495517,0.12447573131692781,-1.1959865847311624,0.5743491774985175,0.47770233730827455
2022-04-14,-0.033771088547577856,-0.08163994097657505,-1.0981403261078837,0.6597539553864472,0.48170534566050854
2022-04-15,0.14791963046302123,-0.5643737902294342,-1.3905349390529878,0.7578582832551991,0.4786733119578219
2022-04-16,-0.1790419738443407,-0.6795318639825199,-1.8642524578397583,0.8705505632961241,0.453190876644199
2022-04-17,0.1266177292670009,-0.7419418872747745,-1.858336942603749,1.0,0.49058237189455955
2022-04-18,0.4563390605658406,-0.5432277568897529,-0.4153118754552708,1.0,0.568944384985474
2022-04-19,1.1857117371965218,0.02478303888772604,-0.39991261201481143,1.0,0.641749655366263
2022-04-20,1.5088641387811113,-0.054362015822803526,-0.4256065891217781,1.0,0.6591389722887313
2022-04-21,0.17750907156835158,0.03269137253613082,-1.1687514377924606,1.0,0.5492376973671469
2022-04-22,0.5758926941207001,0.031173332378870818,-1.2945518907276692,1.0,0.5715400054329107
2022-04-23,-0.39800006807370075,1.2047225396339618,-1.3810494020318713,1.0,0.5526284545454394
2022-04-24,0.7444878160311325,2.1051527785956616,-1.0812963816564096,1.0,0.6763040074550144
2022-04-25,0.7186497255872923,0.7478382881909189,-0.8201911229534424,1.0,0.626730206281993
2022-04-26,0.5801637041134009,0.49794611784842474,-0.8755379833162411,1.0,0.605240735740703
2022-04-27,0.6951099713983251,0.08363682492607381,-1.1208157417427747,1.0,0.5874650077403822
2022-04-28,0.4998800852351641,0.20550452125641236,-0.6438836556323129,1.0,0.5954252388802843
2022-04-29,0.20553069418850778,0.6165020544101728,-0.8757296057902456,1.0,0.585198645019983
2022-04-30,-0.22782051785469448,3.0463858296161024,-1.486392721417441,1.0,0.6352655414291056
2022-05-01,-0.07140207060930057,3.9789576414578294,-1.656513217268751,1.0,0.6400227547170882
2022-05-02,1.145351604825123,0.0360421961363995,-1.0995410111814519,1.0,0.6162071647879764
2022-05-03,1.655885061747069,0.4681871536980774,-0.8238176753063841,1.0,0.6774395463436784
2022-05-04,1.141554772882147,-0.08892925524713355,-0.8216163820621768,1.0,0.6200110531547733
2022-05-05,0.9555147576917508,-0.32021599836031917,-0.8180271601638215,1.0,0.5980910785756427
2022-05-06,0.5609621912139493,-0.6256099225823898,-0.8882295099334068,0.8705505632961241,0.5373053334699689
2022-05-07,-0.38408644411669746,-0.9639349085309146,-1.176213032034281,0.7578582832551991,0.4337019239572359
2022-05-08,-0.45285446608605257,-0.8034219201561437,-1.5039284832322863,0.6597539553864472,0.41016593278798147
2022-05-09,0.15185922981480632,0.3759957999304138,-0.8381453635258118,0.5743491774985175,0.5090046381586716
2022-05-10,1.1533251557247148,0.09849706869478736,0.08582808494233657,0.6597539553864472,0.6078164177166421
2022-05-11,1.28574250935412,0.22084948963997114,0.6876998644686316,0.7578582832551991,0.6565203006625078
2022-05-12,1.8070137984485442,0.3123223944402391,0.9178657764068252,0.8705505632961241,0.719659130039559
2022-05-13,1.777268408374727,0.2091641043018279,0.8041372741439525,1.0,0.7290043073756898
2022-05-14,1.361590967258924,-0.0991674796366832,0.24675036157580854,1.0,0.6698657648849268
2022-05-15,1.5108060552715465,-0.05655202904163337,0.37429207894391303,1.0,0.6858404717728321
2022-05-16,1.778467593836675,0.0012386000342185734,0.5919382055736742,0.8705505632961241,0.6939299726040786
2022-05-17,1.6231993887349763,-0.18680337125119534,0.15011062640924608,0.7578582832551991,0.6441122488154534
2022-05-18,1.6232643091021384,-0.30880968873062004,-0.28024783350934424,0.6597539553864472,0.609972049100689
2022-05-19,5.0,0.6988318498248478,1.1144049524049928,0.5743491774985175,0.7774172021143126
2022-05-20,5.0,1.4314831596486353,2.4432830355525152,0.5,0.8410878995037769
2022-05-21,2.7410480281596565,0.7965541906959053,2.416168165492367,0.4352752816480621,0.7867565242532615
2022-05-22,1.2713539693384646,0.9693957812108773,1.382197642836987,0.37892914162759955,0.6530610481783904
2022-05-23,0.05615789055659388,-0.3078810889171217,0.40701094850511665,0.3298769776932236,0.4789640589363803
2022-05-24,-0.3064601235629606,-0.8039672920264664,-0.6429971331656055,0.2871745887492588,0.39271363846823515
2022-05-25,-0.09121451662229343,0.5483572513455156,0.1406968213671188,0.25,0.4839571450768142
2022-05-26,0.09676588312726363,-0.16193768450574042,0.23225354296967918,0.21763764082403103,0.46509108624333906
2022-05-27,-0.18292425876437238,-0.4482103204713841,0.02988381584252066,0.1894645708137998,0.4235454322128882
2022-05-28,-0.36166288057584245,-0.34920944268187454,-0.5966954338881141,0.16493848884661183,0.391189673380587
2022-05-29,0.1033707263311842,3.180719174083299,0.7889337143186813,0.14358729437462942,0.6047272663888962
2022-05-30,0.8893514208462673,3.4774460415664583,3.138956226461312,0.12500000000000003,0.7280400947230845
2022-05-31,0.07532768271501608,-0.7526881185451407,2.2762267780884216,0.14358729437462942,0.4960721606674287
2022-06-01,1.6785997345323285,-0.16760735321660622,3.571138470241629,0.16493848884661183,0.6546637825784551
2022-06-02,0.6611616117187381,-0.6134534281137639,2.1955378656711746,0.1894645708137998,0.5451211624209515
2022-06-03,0.24499936864105387,-0.63809911504735,1.1969002450905444,0.21763764082403103,0.48728814907572016
2022-06-04,-0.010150565019162238,-0.9006311195850917,0.3956847461530552,0.25,0.4374864905544455
2022-06-05,0.3524610802110177,-0.848121757633166,0.4166224398470528,0.2871745887492588,0.47012260175330983
2022-06-06,0.8515447736766373,-0.40785318462288445,1.4312865366581722,0.3298769776932236,0.5619668667617449
2022-06-07,0.8033434364149928,-0.47756457165779276,0.995686425928848,0.37892914162759955,0.5486866240503597
2022-06-08,1.6087590970371712,-0.5480706908517671,2.1059963195396842,0.4352752816480621,0.6449054972488533
2022-06-09,0.47477025015796276,-0.741606408107069,1.1996954321167106,0.5,0.5407409307432933
2022-06-10,0.16027272105633503,-0.8334504567894303,0.699267646296609,0.5743491774985175,0.5104190438721941
2022-06-11,0.07502851577396893,-0.8902668549839486,-0.12879487656091268,0.6597539553864472,0.4875773795165368
2022-06-12,0.8482306474787066,-0.42590435900624646,0.8251641044155702,0.7578582832551991,0.6049869075087857
2022-06-13,1.966011502731027,-0.3462317940303157,3.878303103167043,0.8705505632961241,0.7722236932585573
2022-06-14,4.038789050672667,0.48997613308475013,3.1561061666797916,1.0,0.8954156722118646
2022-06-15,3.5473693385740392,0.5636030044271639,3.6151840504065587,1.0,0.8984834585177986
2022-06-16,2.9950233057054194,0.11160142320984097,2.760441767240021,1.0,0.8713330052554388
2022-06-17,2.2914815396527963,-0.25167478473323474,2.7677409222049625,0.8705505632961241,0.7901196018475525
2022-06-18,0.026383015338958597,-0.5979856073709736,1.5911987548405246,0.7578582832551991,0.5685615016984373
2022-06-19,-0.6910302655260089,-0.4060221874733709,-0.42816611492091766,0.6597539553864472,0.4467046139641455
2022-06-20,0.4330960380834108,0.021569599727168688,0.9333132668268835,0.5743491774985175,0.5720346213798665
2022-06-21,1.4825411296969073,0.5604203315802888,2.276060782196749,0.5,0.6980556152021975
2022-06-22,1.875007117297458,1.424374772757807,2.128246356657149,0.4352752816480621,0.7455822608205201
2022-06-23,0.3379645818112499,0.2801183412623309,1.0686610164504886,0.37892914162759955,0.5516639747991701
2022-06-24,0.436383182230869,-0.18417765701407535,1.7356646961390483,0.3298769776932236,0.5537551796317566
2022-06-25,0.7016074030334858,-0.15670616140741297,1.4909153211151975,0.2871745887492588,0.5580177691598188
2022-06-26,0.3121134126910156,-0.3448508426187878,1.4780364860748525,0.25,0.5182066586061134
2022-06-27,-0.018390856442712322,-0.6074591083744509,1.020983149656907,0.21763764082403103,0.46514156450038524
2022-06-28,0.11051013806440785,-0.23453000011087305,0.9816347945488265,0.1894645708137998,0.48373610464003836
2022-06-29,0.730142476297442,-0.39380390667691945,1.7314998029783015,0.1894645708137998,0.5434040146963046
2022-06-30,-0.18521342239992425,-0.1124983747440983,1.0854175604732905,0.21763764082403103,0.47679123769838194
2022-07-01,0.9311717883628103,-1.1907969021326301,2.1182134371610815,0.25,0.5455686962073638
2022-07-02,0.27778203947360314,-0.8948999612862636,1.4745922521933001,0.2871745887492588,0.4984605676301447
2022-07-03,0.12653207038004288,-0.6799839222577052,1.1454784050554756,0.3298769776932236,0.49276696808709786
2022-07-04,0.06316196888016205,-0.5933444793779296,1.132059476395334,0.37892914162759955,0.4990627984085815
2022-07-05,0.9996875087660296,-0.40918239149382035,1.7233151138746132,0.4352752816480621,0.5973316969818558
2022-07-06,1.5837943506608916,-0.4460845398775013,1.6089713857856411,0.5,0.6406318137420183
2022-07-07,1.2574075407387577,0.16726187817716842,1.5048879347499793,0.5743491774985175,0.6521117220897428
2022-07-08,0.17054705811817286,-0.14189763370105365,1.120351793918647,0.6597539553864472,0.5667655555755896
2022-07-09,-0.46007505142055816,-0.36303975068251904,0.46097128884577915,0.7578582832551991,0.5082461257433304
2022-07-10,-0.624590193914445,-0.15015799553655726,0.4869891412141018,0.8705505632961241,0.5239196264599024
2022-07-11,0.15269750813833646,0.10461137366173132,1.5255985410776651,1.0,0.6403919258143834
2022-07-12,0.4261145743515856,-0.21828652820630914,1.9345091362788003,1.0,0.6587960041574695
2022-07-13,0.45719475223456,-0.815698132016648,1.6352328675951813,1.0,0.6259999902347831
2022-07-14,-0.034398219934823025,-1.0395294812381803,1.4514391378987896,1.0,0.5777743615493807
2022-07-15,-0.1868941915176459,-1.0596014854815954,0.9703421220292672,0.8705505632961241,0.5313176472324846
2022-07-16,-0.44776180511485186,-0.8140170688424839,0.46358048907516686,0.7578582832551991,0.49036326058135843
2022-07-17,-0.10803653787243421,-0.8020595469056852,0.362942278697383,0.8705505632961241,0.5270590768050989
2022-07-18,0.3963607063087789,-0.8710316805891222,1.5144817790190357,1.0,0.6156137863633397
2022-07-19,0.9528416864294003,-1.251281646047412,2.007371270395962,1.0,0.6532984195231833
2022-07-20,1.062426593174515,-1.060353249658912,2.2648667781020415,1.0,0.6771426134125812
2022-07-21,1.6269110828308684,-1.20452383893945,2.072938805322091,1.0,0.7023702057436506
2022-07-22,1.5699355081231994,-1.1927257875180655,1.9649516989727842,1.0,0.6954638493607201
2022-07-23,0.9485450606233361,-0.9806304595201836,1.3442275161798962,1.0,0.6421843187675447
2022-07-24,1.3329765618994023,-0.551462851443711,1.6101190639540843,1.0,0.6945581207816084
2022-07-25,0.2463933261087243,-0.8198345783756145,1.2009011170500747,1.0,0.5972964848766003
2022-07-26,-0.25821819521119815,-0.8966951213239237,0.5044525352241205,0.8705505632961241,0.517820825932646
2022-07-27,0.12558496268686128,-0.8827018773570738,0.9275580252818764,0.7578582832551991,0.5411904292869217
2022-07-28,0.3790022581918431,-0.9267924581754512,1.4261346577948695,0.6597539553864472,0.5581513800232751
2022-07-29,0.1586081341269609,-0.9673680915053249,0.6818945478782058,0.5743491774985175,0.5041490666831266
2022-07-30,-0.20283887057710484,-1.0140523155561656,0.3761570809645523,0.6597539553864472,0.4807268914868049
2022-07-31,-0.9694481761847215,-1.1170314590970276,-0.2352401423277024,0.7578582832551991,0.4196645485359989
2022-08-01,0.6967548747155459,-0.5024926087474958,0.7360809634328744,0.8705505632961241,0.6056317495587384
2022-08-02,0.9181763114179432,-0.6057822184344481,1.5567959576761015,1.0,0.662864026915631
2022-08-03,1.0035868013700489,-0.720798858047391,1.618401614590177,1.0,0.6658192214923679
2022-08-04,1.9034737491006348,-0.6187113108910655,1.5662206684716646,1.0,0.7283259676019701
2022-08-05,0.46236848372798783,-0.7621191094717453,1.2386945887091372,1.0,0.6153594223108478
2022-08-06,0.4980955029223947,-0.7469171372600426,1.0021314253713125,0.8705505632961241,0.5910717848157869
2022-08-07,1.0594395685724163,-0.7895267414947652,1.0423466600308495,1.0,0.6474772456769076
2022-08-08,2.289622134821687,-0.6826598796599732,1.5798885982109938,1.0,0.7518602672759801
2022-08-09,2.5715873318934417,-0.3952704280862817,1.3770108330219197,1.0,0.7758699153900318
2022-08-10,1.6050135250654955,-0.3667879687425588,0.7728208366355885,1.0,0.6924787641946127
2022-08-11,-0.10778014347732322,-0.9135812230865431,0.49632928523720177,0.8705505632961241,0.5268756668085646
2022-08-12,-0.7718080939607668,-0.8893495004962947,-0.2754835770265249,0.7578582832551991,0.4409858544693323
2022-08-13,-1.2683898121073376,-1.0004611882425398,-1.077489339997558,0.6597539553864472,0.3618015783241202
2022-08-14,-1.1769117596748742,-0.8799232830095359,-1.2735436731435537,0.5743491774985175,0.3535766667496036
2022-08-15,-0.5330617689321844,-0.6924207208009497,-0.6077354123995575,0.5,0.4153538382911629
2022-08-16,-0.4715133982474541,-0.3442106630715416,-0.38404958032947356,0.4352752816480621,0.43171330205841574
2022-08-17,-0.29175759949554503,-0.42951157925014916,-0.40733068217615653,0.37892914162759955,0.4309148594031422
2022-08-18,0.12807669048128,-0.5492241755566459,0.07867169253886329,0.4352752816480621,0.4785677873823965
2022-08-19,0.4273216039506967,-0.7198825293465615,0.44342702328698375,0.5,0.5132739023168392
2022-08-20,-0.2918084042602458,-0.8188949466680503,-0.08242570764902124,0.5743491774985175,0.45483033664129174
2022-08-21,-0.8239180110301048,-0.9479395644355035,-0.7415591892549275,0.6597539553864472,0.40481910441264984
2022-08-22,-0.36108809929850466,-0.7880835864871174,0.09394559706611144,0.7578582832551991,0.48490090633362004
2022-08-23,0.46659486244753884,-0.6698125311983567,0.3960713394780757,0.8705505632961241,0.5719824311735922
2022-08-24,0.5226752282495113,-0.791970392871796,0.6385146859890388,1.0,0.5981300717132773
2022-08-25,0.6180854124778659,-0.7868134614177311,0.5351747293079846,1.0,0.6012609575830518
2022-08-26,0.38752343146925494,-0.7442790486596361,0.5415074578241574,1.0,0.5878735169979374
2022-08-27,0.04648356417551082,-0.7225827663001845,-0.04451587962673658,0.8705505632961241,0.5270900108560539
2022-08-28,0.20652093088266635,-0.6658401966753486,0.5004872227161525,0.7578582832551991,0.5413863704428565
2022-08-29,1.4257395203703835,-0.613856307468941,1.1066566253583814,0.6597539553864472,0.630323602700066
2022-08-30,1.6415645489842465,-0.15072298493814287,0.5863276348203763,0.5743491774985175,0.6338541433453173
2022-08-31,-0.8013371914478596,-1.1522990328564182,-0.5041719538864349,0.5,0.38175932907157745
2022-09-01,0.3689345644056991,-0.2700984020772015,0.3096505597007878,0.5743491774985175,0.5348155994886338
2022-09-02,0.00442339322747716,0.5600642298716624,-0.07027948722460899,0.6597539553864472,0.5452513461936312
2022-09-03,-0.12373245469104195,0.16228088984039368,-0.764180170031077,0.7578582832551991,0.5117189435845242
2022-09-04,-0.7090728091492519,-0.8618574450243607,-1.0642584705945723,0.8705505632961241,0.43692505465530107
2022-09-05,-0.728725863090627,-0.8190576432009654,-1.2557750777727779,1.0,0.4504317047348254
2022-09-06,0.08431438547171057,-0.1253881854868859,-0.8853211476894685,1.0,0.5458857463798449
2022-09-07,-0.741385418930283,-0.044468019554253384,-1.3276851156941547,1.0,0.4794653007334154
2022-09-08,-0.1435728276039842,0.22416339653229167,-1.0137631068944992,1.0,0.5409765161187633
2022-09-09,0.40286544570962723,0.9394190319853766,-0.7444248893985715,1.0,0.6161859930667468
2022-09-10,-0.4653025261125321,1.2799742863030643,-1.7101482962845989,0.8705505632961241,0.5208897348067241
2022-09-11,-1.017930962252036,0.2704782338733466,-2.157972894878663,0.7578582832551991,0.41015417492024475
2022-09-12,-0.3565196998880537,0.17953170300308327,-1.0943809575500223,0.6597539553864472,0.4711962356888912
2022-09-13,-0.018272437741017354,0.2923286424907415,-1.3990326984385555,0.5743491774985175,0.47548015093120555
2022-09-14,-0.154698568901535,0.6406613507018524,-1.356181513864526,0.5,0.47117493455699067
2022-09-15,0.8897949118411633,1.874308228829116,-1.3407682799800802,0.5743491774985175,0.6038759376160656
2022-09-16,0.42767379334930883,2.3975451512697816,-1.3645386815173104,0.6597539553864472,0.6068877714502515
2022-09-17,-0.2783194514874628,1.2715516693225701,-1.6749201952915762,0.7578582832551991,0.5172747587678369
2022-09-18,-0.14995020565330297,0.1260360963242707,-1.0064192412537671,0.8705505632961241,0.5172901000892508
2022-09-19,0.717877509384121,-0.012147070168194033,-0.5158654260091154,1.0,0.6051568585016295
2022-09-20,0.7931056565073339,1.5648734956343129,-0.3696427194441366,1.0,0.6807553487704475
2022-09-21,1.1000927876301245,3.1911564292677306,-0.02259823217526829,1.0,0.7725862447694993
2022-09-22,-0.9101565019129995,4.032983366450406,-0.9899869115951484,0.8705505632961241,0.586905920647047
2022-09-23,-1.6087439359250346,1.5243503787541004,-2.666024874028573,0.7578582832551991,0.40607625007374604
2022-09-24,-2.168795982044932,1.123648140271598,-3.0718381840165283,0.6597539553864472,0.3261953670162882
2022-09-25,-1.7577390166294058,3.8654574916480238,-2.7234706584132016,0.5743491774985175,0.42818742023571055
2022-09-26,-1.5008073865329914,2.1018158756210554,-2.2585011545479543,0.5,0.4122384638970794
2022-09-27,-1.550865042539663,0.9640161578489161,-2.2809221188160143,0.4352752816480621,0.35103689202773614
2022-09-28,-1.517596931316185,1.6355214757552559,-2.2515785389684955,0.37892914162759955,0.37376035268058017
2022-09-29,-1.7757958485066156,0.04504398994587987,-2.2153444591031177,0.3298769776932236,0.2841271743645169
2022-09-30,-2.050831712047153,-0.4788983315286391,-2.2007605389968785,0.2871745887492588,0.23804129239565605
2022-10-01,-1.897885128694744,-0.46808373321057845,-2.402085765420741,0.25,0.23640131035588494
2022-10-02,-1.8829337607470529,-0.1639552995345347,-2.231738541087141,0.21763764082403103,0.25089397322362417
2022-10-03,-1.0355743661692027,1.4424128648055672,-1.7475030780736098,0.1894645708137998,0.3862318279752347
2022-10-04,-1.0644348440634217,2.4472442938885246,-1.6592781069395124,0.16493848884661183,0.42543769240346846
2022-10-05,-1.1279892769125002,1.0029242623426102,-1.675980582238711,0.14358729437462942,0.35726130055167943
2022-10-06,-0.7162755340467661,1.4384354899409992,-1.6094645685276698,0.12500000000000003,0.4022842908601682
2022-10-07,-1.265289991535599,0.4549587476187394,-1.659362302368214,0.10881882041201553,0.3206146946979361
2022-10-08,-1.5139103716528652,0.20901222229320168,-1.7949219470447475,0.09473228540689989,0.2871605957282358
2022-10-09,-0.889049785997618,0.47967433893883005,-1.9139904264669334,0.0824692444233059,0.33428715083720817
2022-10-10,-0.4465483614722122,2.655287046694256,-1.5082989447547657,0.0717936471873147,0.46635948510038494
2022-10-11,-1.0043510772012074,1.8475676070798028,-1.4443418760965194,0.0625,0.39625551594502734
2022-10-12,-0.9986690344125408,5.0,-1.3767016921475013,0.054409410206007765,0.44569341949848174
2022-10-13,-0.9220851398650491,1.0254470195828942,-1.3374792860324156,0.047366142703449944,0.36877689502938765
2022-10-14,-0.8202771324542223,0.7300562047373271,-1.3927337843805379,0.04123462221165295,0.3604946002195038
2022-10-15,-1.0914887573459955,0.6349511588872547,-1.6116267607679922,0.03589682359365736,0.3303540126440181
2022-10-16,-1.1636380578504475,0.38656299380636017,-1.543684346408477,0.03125,0.31676227600495266
2022-10-17,-0.6390802835665994,0.5124158912959347,-1.1023510253961066,0.027204705103003893,0.37108098148513774
2022-10-18,-0.5016452043829319,0.9486382825832721,-0.9391055092092524,0.02368307135172497,0.4033325252112246
2022-10-19,-0.2530526873086321,0.9627925247167773,-0.8685291696046519,0.020617311105826482,0.4223878003883425
2022-10-20,0.12056838318142273,1.1609497004788236,-0.7171680763230522,0.017948411796828663,0.4601974556241351
2022-10-21,-0.309780487887685,1.0027262494432219,-0.8598750760404924,0.015625000000000007,0.41980947533293883
2022-10-22,-1.6542059180259086,0.44834233828231185,-1.3726229899919844,0.013602352551501933,0.2896867894430283
2022-10-23,-1.4868265369597984,0.7517972909866382,-1.345641014898723,0.01184153567586249,0.31412464784854527
2022-10-24,-1.3768052132312494,0.5314628550434893,-1.007859209927587,0.01030865555291324,0.32330826274674623
2022-10-25,-1.1715160236483437,-0.08807800972502551,-0.9917314345928018,0.008974205898414338,0.31151743108323643
2022-10-26,-1.0533845067213055,0.2178730140539998,-1.0030308387625446,0.01030865555291324,0.3319643455116818
2022-10-27,-0.882463880417617,-0.0019463538770699768,-1.0542539911561186,0.01184153567586249,0.3327224072067897
2022-10-28,-0.9546743871720063,-0.2651139744294581,-0.8681275801166799,0.013602352551501933,0.3234113921328082
2022-10-29,-1.595136472930628,-0.6949974222216506,-1.1732634715229384,0.015625000000000007,0.2529343101612914
2022-10-30,-1.3900987360373704,-0.8718016678176536,-1.2307400628651162,0.017948411796828663,0.2576692744457935
2022-10-31,-1.61276423443857,-0.9926388963514031,-1.2769916894255482,0.020617311105826482,0.2366486373744759
2022-11-01,-1.172045128517252,-0.6682300662113225,-0.8759661259128023,0.02368307135172497,0.2933743285123767
2022-11-02,-1.114604492221148,0.8033261173964039,-0.90339188402231,0.027204705103003893,0.3581325983748139
2022-11-03,-1.2225271949008527,0.9697029538197122,-0.9018070883617665,0.03125,0.3585297404703723
2022-11-04,-1.453221536026834,0.5831433927117746,-0.9699972082275797,0.03589682359365736,0.3254674888926643
2022-11-05,-1.5825391128314088,1.7419430295410172,-1.0886717169416191,0.04123462221165295,0.36197448814247585
2022-11-06,-0.821570284466923,2.497004676113401,-0.9215092012885919,0.047366142703449944,0.45065845723616127
2022-11-07,-0.5956425059768551,4.24346278079433,-0.6237888170318612,0.054409410206007765,0.4976589505647155
2022-11-08,-0.7705703040335622,0.940551169478846,-0.6785319259741088,0.0625,0.39957554759357755
2022-11-09,-0.8496455164160934,0.037633084822197176,-0.6201069844961591,0.0717936471873147,0.3600238250347439
2022-11-10,-1.502703928521257,-0.3448285360999584,-0.6811475668076298,0.0824692444233059,0.3001173501976595
2022-11-11,-1.4853596047996458,-0.46777099246245113,-0.6109862220919093,0.09473228540689989,0.30032920373539285
2022-11-12,-1.3163669767823827,0.15440820653296677,-0.7630505156624748,0.10881882041201553,0.33456368269310127
2022-11-13,-0.39529252479818155,0.7372355495596186,-0.44916636202231625,0.12500000000000003,0.4331431008443615
2022-11-14,0.7975486734561309,1.5014794738001347,0.026098617132616263,0.14358729437462942,0.5631396043660294
2022-11-15,0.613091742956793,0.9736204276289953,0.27117960731162294,0.16493848884661183,0.5402203942523736
2022-11-16,0.04264890388545199,0.12336892890848433,0.16942375855994268,0.1894645708137998,0.4670507765376184
2022-11-17,0.5957625536961182,0.41736509618334944,0.49687248684097063,0.21763764082403103,0.5313157782723512
2022-11-18,0.8570743317805427,0.4934473831198834,0.4781279295064453,0.25,0.5561361940655795
2022-11-19,-0.5225901814679187,0.019513366146626198,0.30529009644480976,0.2871745887492588,0.44422623635213065
2022-11-20,-0.5785360770207474,-0.5704489578450518,0.4675620534606954,0.3298769776932236,0.4277291700577464
2022-11-21,-0.057391065299368015,-0.05869368379976161,1.0193992391921562,0.37892914162759955,0.5095477047055972
2022-11-22,-0.06995700640596995,-0.9421223894789799,0.605939941879111,0.4352752816480621,0.46657039032115755
2022-11-23,-0.8173074023850119,-0.882409766529268,0.2626482400014571,0.5,0.417500707568995
2022-11-24,-1.2812888897424184,-0.7635246591594306,-0.33816153958903095,0.5743491774985175,0.3826475385240058
2022-11-25,-1.3468433057547768,-1.0536111680371183,-0.8015568073487916,0.6597539553864472,0.3635545140111423
2022-11-26,-1.3739861551369705,-0.97103696304236,-0.8075956973461479,0.7578582832551991,0.37969993544084524
2022-11-27,-1.3415002164578331,-1.0883193340246524,-0.5848801782992559,0.8705505632961241,0.40130659186956075
2022-11-28,-0.5863598318085909,-0.7555000278438094,0.19891293496191886,1.0,0.5110606078846659
2022-11-29,-0.5020055517359594,-0.4718881641204897,0.255879914192699,1.0,0.530400286852339
2022-11-30,-1.1778247051884057,0.4722273095462768,0.19791813349167608,1.0,0.5227517620015903
2022-12-01,0.15527771519705336,-0.4177953718321717,1.1204364749996085,1.0,0.6052915896867834
2022-12-02,0.1285280429741223,0.4667102933272998,1.3423894951469926,1.0,0.6477611149251454
2022-12-03,-0.9314353806055093,0.07284197289929546,0.25542212126913844,1.0,0.5244534608727413
2022-12-04,-0.748869592434174,-0.5287194346442975,0.5514649426899939,1.0,0.5214275488172091
2022-12-05,-0.09518724593161206,0.5354425791651819,1.5582460140560166,1.0,0.6429058248716424
2022-12-06,-0.7089431179310115,0.2941060931152769,0.8639244107455559,1.0,0.568789026375921
2022-12-07,-0.7998640291198305,0.023427312052018118,0.3546112715214091,1.0,0.534472245111559
2022-12-08,-0.5503329099407739,0.10451364318450371,0.4827506173034035,1.0,0.5587575617134162
2022-12-09,-0.34030611245407605,0.016875249538832245,0.540760748005538,0.8705505632961241,0.5516240039951161
2022-12-10,-0.6866466724280896,-0.574215646335889,0.42454943635626957,0.7578582832551991,0.48312829360762083
2022-12-11,-0.6566382170742697,-0.9981016491089055,0.3229707725261298,0.6597539553864472,0.44936533587434907
2022-12-12,0.03790028215676874,-0.21591641604510564,1.401782070705905,0.5743491774985175,0.5514086137902129
2022-12-13,0.9459285180101292,0.5437124925705569,1.530053792509176,0.5,0.6367183814747543
2022-12-14,2.658676073873338,5.0,1.6360545333474128,0.4352752816480621,0.8470715149503456
2022-12-15,0.15564252060858455,-0.22126066655350482,1.3414644435137735,0.37892914162759955,0.527711826295442
2022-12-16,-0.11915536572385856,0.3162697355940075,1.1056450695471332,0.4352752816480621,0.5323803425002736
2022-12-17,1.2321452981522343,-0.2184249405427829,0.9009797987353076,0.5,0.6030746406453766
2022-12-18,0.8278901914038792,-0.23373599750097576,1.421639513002056,0.5743491774985175,0.6039940399225641
2022-12-19,2.34778049206713,-0.3467469821654626,2.1954280769432106,0.6597539553864472,0.7392149377536551
2022-12-20,2.099150116617673,-0.4044504209017204,2.183942708928809,0.7578582832551991,0.7345680730228468
2022-12-21,1.052329308914584,-0.44886240833754804,2.3625243704088863,0.8705505632961241,0.6857860837549559
2022-12-22,-0.8141161361149334,-0.4360440326898773,1.5449914331011307,1.0,0.5540568040002973
2022-12-23,4.373159648285065,-0.2504345117709473,3.7943874429669275,1.0,0.8645652286762106
2022-12-24,5.0,0.09236214262714627,3.430561556205382,1.0,0.8788484226094645
2022-12-25,5.0,-0.008146548026916233,2.480813933185923,1.0,0.8573543582717427
2022-12-26,4.8624220878781825,-0.2506533380429797,1.6236347487816152,1.0,0.8186772692075964
2022-12-27,2.898712810448287,-0.21120522273801698,1.5099860459216374,1.0,0.8097801712798564
2022-12-28,1.7110224299488919,-0.07345709717040906,1.296915121533502,1.0,0.7292379536656092
2022-12-29,-0.5296375719771614,-0.3083365056182634,0.6676494827902995,0.8705505632961241,0.5296810413881902
2022-12-30,-0.8614514947471543,-0.37165448321995226,-0.01531925452718237,0.8705505632961241,0.4821562395595376
2022-12-31,-0.8460711707234261,-0.36502312032942746,-0.651844452675961,1.0,0.4816578101821801
2023-01-01,-1.1171449228497152,-0.48209513607822974,-0.9698791782498593,1.0,0.4481070685317641
2023-01-02,-1.1103445746366631,-0.4531473593988562,-0.5225964732525202,1.0,0.4646760059408528
2023-01-03,-1.028170190689255,-0.44441700874220486,-0.25070486866660274,1.0,0.4795811163009044
2023-01-04,-0.872310355658948,-0.16809845463376744,-0.27895274677952087,1.0,0.5005434491203458
2023-01-05,-0.6780187533934329,-0.08954821785580344,-0.04475473910606684,1.0,0.5245757493929105
2023-01-06,-0.586235511207735,-0.19253395405850493,0.2947475352171879,1.0,0.5377203023409529
2023-01-07,-0.7646261348491852,-0.24117075025902848,0.1822145379214287,1.0,0.5200499610133091
2023-01-08,-0.6678479767192929,-0.34743181122634,0.24703317728683788,1.0,0.5242349153271776
2023-01-09,-0.6701343523828934,-0.3039356345943214,0.6410948917559472,1.0,0.539030221458242
2023-01-10,-0.1941990842425181,-0.14402026601936055,0.9506792816274691,1.0,0.5877418593539411
2023-01-11,-0.17873322296883698,-0.25329188668515323,0.8578802289341577,1.0,0.5811266308213348
2023-01-12,-0.765597363002832,-0.24816540865038408,0.25176568482724704,1.0,0.5220121399336202
2023-01-13,-0.5860746025136562,-0.18327931292712246,0.41104803329673534,1.0,0.541993322903684
2023-01-14,-0.5043447403081962,-0.26045031226939536,0.6690068594079451,1.0,0.5528251496151603
2023-01-15,-0.643372463478723,-0.2004795168060002,0.6021086513245941,1.0,0.5438254776119883
2023-01-16,-0.3018088981772291,-0.12628039381479705,0.6666579904103714,1.0,0.5718396567262473
2023-01-17,-0.6132248917406719,-0.2637947557742342,0.2408024193705408,1.0,0.5311536397057135
2023-01-18,-0.5779439128899195,-0.24390358028292872,-0.04318800798783484,1.0,0.5248681563626222
2023-01-19,-0.851065987055131,-0.23946138406253106,-0.03536387249821709,1.0,0.5071059141104453
2023-01-20,-0.6691859375611804,-0.19288690175964107,0.1681679649428219,1.0,0.5279562487540304
2023-01-21,-0.6714023018875803,-0.17593429099568136,0.021615899279104775,1.0,0.5236297810586448
2023-01-22,-0.6930203939606318,-0.16861761745382203,0.13700424367204717,1.0,0.5263397144644503
2023-01-23,-0.5711773134994935,-0.19987611275277878,0.8352652339886655,1.0,0.5564355155349568
2023-01-24,-0.1944722403409664,-0.060484045967023115,0.874629573333583,1.0,0.5886693345064291
2023-01-25,-0.5976655247708954,-0.1574763067891218,0.5428250889143627,1.0,0.546688288529539
2023-01-26,-0.7070937685983998,-0.19593049872508872,0.65576862083408,1.0,0.541555598674364
2023-01-27,-0.5538738692671341,-0.18523760715551035,0.7912619166530821,1.0,0.5567322389724809
2023-01-28,-0.8049720894920496,-0.2636578066869762,0.2946209026596455,1.0,0.5201701488438942
2023-01-29,-0.8408318006278491,-0.30785461214541715,-0.5247597231732811,1.0,0.48862528034630837
2023-01-30,-0.4875500371922579,-0.029716152183394223,0.020590523961686848,1.0,0.5419448419782643
2023-01-31,-0.5225385912673558,0.13763879766953208,-0.04597360911902736,1.0,0.5443665901811059
2023-02-01,-0.6064007308821867,-0.27605784182525106,1.130750942060467,1.0,0.5607625726004843
2023-02-02,-0.48262833108185604,-0.17600422486671954,1.1241837793351004,1.0,0.572964061202933
2023-02-03,1.518952274080916,-0.05837248413530177,1.9263100021117558,1.0,0.738041631503482
2023-02-04,1.6008084380822285,0.6587376915167368,1.9012418179764896,1.0,0.7725426936178956
2023-02-05,-0.4309029005421499,-0.10823804505602615,0.5471148785563843,1.0,0.5600003840384018
2023-02-06,-0.7311979347675779,-0.3374066024620664,-0.06702057646287901,1.0,0.509960843364146
2023-02-07,-0.7670134845907217,-0.1733653015878542,0.5665172660403571,1.0,0.5355261223291365
2023-02-08,-0.814873910139343,-0.20643138497467814,-0.4869512393956673,1.0,0.4958420569702433
2023-02-09,-0.915452253878015,-0.3352006830244031,-0.8880894999032247,1.0,0.4704001712853414
2023-02-10,-0.8178895743405498,-0.1241314146616392,-1.1769143686053014,1.0,0.4760714071462183
2023-02-11,-0.8043791425282394,-0.08951454312333872,-1.2212020799927708,1.0,0.47693821520155255
2023-02-12,-0.7948858452392321,-0.2034576252938628,-1.0819167911385859,1.0,0.4774663162255207
2023-02-13,-0.6536056515389492,-0.25306082443555683,-0.2614497425804357,1.0,0.5121670974599073
2023-02-14,-0.6281422024540039,-0.224598114391198,-0.2545821390046315,1.0,0.5152795271032788
2023-02-15,-0.7136691003879226,-0.14374805158972245,-1.1506981229966946,1.0,0.48307595372467693
2023-02-16,-0.7646968836355321,-0.1925457271860326,-1.1020672574946535,1.0,0.479261893875058
2023-02-17,-0.5694539554517147,-0.08558462792865153,-0.2861862419249616,1.0,0.5239308354086931
2023-02-18,-0.6173962921838907,-0.05635329981053986,-0.2984709506062829,1.0,0.521543161342092
2023-02-19,-0.7638591193751364,-0.14936123105698135,-0.9935198495189556,1.0,0.4847353457636515
2023-02-20,-0.6206814152331981,0.00249914686790497,-1.0910942486126967,1.0,0.4973555618168596
2023-02-21,-0.552151934993941,-0.08096274787208811,-0.9573786078171375,1.0,0.502903802911829
2023-02-22,-0.62164467234726,-0.10946284755860593,-0.5781093229860135,1.0,0.509725759095707
2023-02-23,-0.6337324596298721,-0.15813754714424058,-0.7144649326771999,1.0,0.5023466071377585
2023-02-24,-0.623113961451935,-0.15665800681940448,-0.9657511585529346,1.0,0.4947399470006314
2023-02-25,-0.632384481052356,-0.3126262988950893,-0.9131315925813195,1.0,0.48937721905650355
2023-02-26,-0.6738108115645876,-0.3712202776509975,-0.9489538660807733,1.0,0.4829799721242102
2023-02-27,-0.6696021713555966,-0.22284206677919052,-0.5460155797856585,1.0,0.5028742498009721
2023-02-28,-0.7133511536493291,-0.31832255589874664,-0.6609122960758469,1.0,0.4921494067250688
2023-03-01,-0.5636028076872703,-0.1857341686196836,-0.5588947245831398,1.0,0.5110577316422572
2023-03-02,-0.5531427966234517,-0.20868795577732424,-1.2254687498460173,1.0,0.4885795237395141
2023-03-03,-0.6000955260239689,-0.22145265048895763,-0.5648790086591573,1.0,0.5069371375393903
2023-03-04,-0.5734050767274489,-0.19950283160474935,-0.7360798123056721,1.0,0.5039243831577831
2023-03-05,-0.5500672575745739,-0.11356223909135373,-1.7330382295823972,1.0,0.4758291485468087
2023-03-06,-0.425765958253089,0.01466914475574163,-0.7721201220162649,1.0,0.5214894797474078
2023-03-07,-0.42794441632592883,0.00274485790176106,-0.7319411030198203,1.0,0.5221867045568508
2023-03-08,-0.19338894716229044,0.03954597340004973,-0.13908754842790988,1.0,0.5591189007999191
2023-03-09,-0.30266675155826966,0.08000139983971412,-0.27159687910852975,1.0,0.5491023789191525
2023-03-10,-0.49821891829761367,-0.06273063230135831,-0.4653820844232814,1.0,0.5236588929534931
2023-03-11,-0.5350083883586059,-0.17126249000596724,-0.5533966696338759,1.0,0.5137502813713818
2023-03-12,-0.5769156017064467,-0.056748798215707094,-0.6727485247912128,1.0,0.5117494758008754
2023-03-13,-0.432880616240111,-0.060856846479735445,-0.03233898508105284,1.0,0.5425276241446353
2023-03-14,0.014857020305447576,0.428184063349467,0.5689214214670834,1.0,0.6127955180421605
2023-03-15,0.1658466249262275,3.0125579765159936,0.9709196655997294,1.0,0.7434204305150729
2023-03-16,-0.05220954931945008,2.7263528915037627,0.3019474452291158,1.0,0.6951823153656641
2023-03-17,-0.5595161546244575,0.07438828708195544,-1.0482021772071826,1.0,0.5058583624132116
2023-03-18,-0.5038614051717044,-0.19844188146029168,-1.2532434792289797,1.0,0.49136604528674155
2023-03-19,-0.3485244890285543,0.017564043491591925,-0.7216871244981755,1.0,0.5284406317269736
2023-03-20,0.738209218782621,0.9739844850439489,1.0129340053038531,1.0,0.6985611016391343
2023-03-21,0.540979678841125,1.8594014821045686,0.5008213441565121,1.0,0.7052344184823158
2023-03-22,-0.49720436647247646,-0.020469521505846296,-0.8645245073211469,1.0,0.5121826619283865
2023-03-23,-0.5256118190950664,-1.0263575738475579,-1.4086845105296941,1.0,0.4502381627990242
2023-03-24,-0.5137840834413535,-0.899710631354976,-1.4778238078276447,1.0,0.45399899120319764
2023-03-25,-0.5834360528174919,-1.119074784501181,-1.6806868231584855,1.0,0.4334532530193351
2023-03-26,-0.5119982941990829,-0.17104978747177305,-2.3168567981064263,1.0,0.4565111459718564
2023-03-27,-0.34293039661819635,-0.7571772686289971,-1.3603940448903158,1.0,0.47524245253623487
2023-03-28,-0.28039891132638195,-0.1117783456276152,-0.9931189092763721,1.0,0.5185453445345448
2023-03-29,-0.3846102841962756,-0.1356498086817236,-0.42925569178472145,1.0,0.5293987159656858
2023-03-30,-0.14236611332179636,0.6981845646405666,-0.1262371086223094,1.0,0.5903920456844935
2023-03-31,-0.7001443877909889,5.0,-1.2801754229560756,1.0,0.6106511933820649
2023-04-01,-0.6134747482480642,0.935702245718233,-2.595180523062902,1.0,0.486583259586292
2023-04-02,-0.5618663557382187,5.0,-2.4393211629818374,1.0,0.5812315375180576
2023-04-03,-0.038932553596632745,1.0351804463474008,-0.895192372951017,1.0,0.5856972692596656
2023-04-04,-0.46350667145973423,0.9292865478720815,-1.526222581866166,1.0,0.5319457420018155
2023-04-05,0.30966636614572507,5.0,-1.0769103947149348,1.0,0.6847474112525506
2023-04-06,0.004323746883918073,0.22294659913105808,-1.0698819466194154,1.0,0.5489149598687415
2023-04-07,-0.6522618020946032,-0.21638732023330157,-1.353579634420505,1.0,0.4773804203699554
2023-04-08,-0.7305877268751764,0.1956727362233848,-1.9925981176060379,1.0,0.46802724496409476
2023-04-09,-0.6292365021314621,4.8386572876234455,-2.042969268227385,1.0,0.5899519242503231
2023-04-10,0.9418683416308451,1.10809589823003,-1.0747611176962415,1.0,0.6481365146117661
2023-04-11,-0.014042565615681,5.0,-1.295555994801489,1.0,0.6558786291322383
2023-04-12,-0.030289780043708293,-0.024302855168034865,-0.8140950468147803,1.0,0.544831560804592
2023-04-13,0.6321174404738531,0.18070278142291094,0.09511796168167898,1.0,0.6278410439802674
2023-04-14,0.3126433055343534,-0.11641669970689517,-0.2296178889308814,1.0,0.5833382615834736
2023-04-15,-0.35847050851909407,-0.11822827728558284,-0.9012983361887721,1.0,0.5161325100055354
2023-04-16,0.04274587498113562,0.37380705229098116,-1.5006378404037384,1.0,0.5434037574974087
2023-04-17,-0.04773789309744691,0.17055860790392674,-1.1959176143813366,1.0,0.5390601619767893
2023-04-18,0.043417577565381234,-0.1410514125497759,-1.0975290378735407,1.0,0.5354330617190001
2023-04-19,0.21676706166630447,0.0775591868652951,-1.2748034367852838,1.0,0.5501893223376314
2023-04-20,1.2042220959397796,0.024195235166132346,-0.5945916899012206,1.0,0.6364698848645335
2023-04-21,1.388055225623425,-0.07363516939030643,-0.6836511529151432,1.0,0.6416805112197942
2023-04-22,0.4723468590504059,-0.10660109610795214,-1.103036589393858,1.0,0.5652801919524004
2023-04-23,-0.33142421954641216,-0.14913654988359173,-1.9081462819638415,1.0,0.48308615305296154
2023-04-24,0.5677186220513863,-0.1429551319031852,-1.0978215230726003,1.0,0.570297393538373
2023-04-25,0.648638685256941,-0.13841295811593637,-0.7676104507365675,1.0,0.5868883574044131
2023-04-26,0.311857657715967,-0.12808839853536758,-0.9586954026160445,1.0,0.5584969804882227
2023-04-27,-0.016208900121124217,-0.12443375144477996,-1.1319681745830148,1.0,0.5310023945289588
2023-04-28,-0.0675937501834493,-0.12996573953577767,-1.178266108813766,1.0,0.5258029738799871
2023-04-29,-0.2965805650046009,-0.12097145897047576,-1.4042148791786069,1.0,0.5033803222366365
2023-04-30,-0.35133982163293404,-0.11395370754250314,-1.90001739958028,1.0,0.4834953607575241
2023-05-01,-0.4778847228461674,0.969952908375806,-0.8545270612217255,1.0,0.5550714876185232
2023-05-02,-0.1703111124634554,-0.05166949845390576,-0.6923833721319319,1.0,0.5384135843291259
2023-05-03,-0.1758110917843766,-0.12816098191829065,-0.6409561840801833,1.0,0.53657401349844
2023-05-04,0.005554601643103974,-0.12386363014365279,-0.7936713784805309,1.0,0.5437536095708704
2023-05-05,-0.18561971228537658,0.11192199857701633,-1.2358465468760162,1.0,0.5260938842258167
2023-05-06,-0.6115869666272294,-0.11036620376764458,-1.719633668248501,1.0,0.47230782145958283
2023-05-07,0.4888383907943355,-0.0971903667143434,-1.294821297777402,1.0,0.5603789175139448
2023-05-08,1.2645003338849283,-0.08922683339367073,0.10054950370364328,1.0,0.6589338876577138
2023-05-09,0.10961456293444055,-0.09727385430387099,-0.11999386230819485,1.0,0.5742547648560282
2023-05-10,0.28064689902581796,-0.07297800290040046,-0.5852101893000543,1.0,0.5711620368375361
2023-05-11,1.3621955643153056,-0.08139075112815887,0.5241063587393995,1.0,0.6798919682819938
2023-05-12,2.1562597070304887,-0.1214820423997275,1.0113390856098805,1.0,0.7474001982223734
2023-05-13,0.6237474148982433,-0.13385348968893504,0.30257147224595976,1.0,0.6210916479977092
2023-05-14,-0.08576590922329604,-0.08900326644991276,-1.198999697427222,1.0,0.5256071467021265
2023-05-15,0.09020983417297879,-0.1191856326663881,-0.3373450248252388,1.0,0.5648030867562578
2023-05-16,0.09867788053527533,-0.15416547439120584,0.11154055493616488,0.8705505632961241,0.5594555669283423
2023-05-17,-0.15656319569199398,-0.16178526939825394,-0.2278277266403201,0.7578582832551991,0.5139058856625424
2023-05-18,-0.1633538336436148,-0.15621147129318547,-0.9625666304610433,0.6597539553864472,0.47447847207914196
2023-05-19,-0.3144011267007118,-0.1516166197922513,-0.556826922918911,0.7578582832551991,0.4928404107862583
2023-05-20,-0.5576312940036345,-0.17033112171543474,-0.9522022746212467,0.8705505632961241,0.4795699590019917
2023-05-21,-0.17030611951312874,-0.16807785008150775,-0.9071071359034594,1.0,0.5264061104156132
2023-05-22,1.0832193811987436,-0.16601031453164322,0.6738298475494587,1.0,0.6627585238927464
2023-05-23,1.0686778152829148,-0.14962852756683565,0.6638265244008522,1.0,0.662138216516938
2023-05-24,0.2890481139959589,-0.1429016863783124,0.7682998532847429,1.0,0.613925632443459
2023-05-25,-0.3894264332553543,-0.14419817491767503,-0.015038657371355147,1.0,0.5425286919156947
2023-05-26,-0.856236799952598,-0.1717156219009189,-0.7811902986501976,1.0,0.48472305246894865
2023-05-27,-1.2886083293196584,-0.11835256742218178,-1.213381614551395,1.0,0.4437153672510521
2023-05-28,-1.2015602180113416,0.904488115673577,-1.3512613607964943,1.0,0.48754094492575983
2023-05-29,-0.5184879197204519,-0.17718366785621292,0.1872520703580583,1.0,0.539293221536563
2023-05-30,1.0607107893394683,-0.13153757451941006,1.886259517172211,1.0,0.7031086375900629
2023-05-31,-0.2129956641345113,-0.14865052900206077,1.102975605106577,0.8705505632961241,0.571954955013918
2023-06-01,2.197642961492175,-0.1536430899554356,3.24270240353433,0.7578582832551991,0.778786477839615
2023-06-02,2.373660880227328,-0.1729010799876228,3.888743530933621,0.6597539553864472,0.775002940323638
2023-06-03,0.15604254757056815,-0.14792156505499318,2.3186403379727656,0.5743491774985175,0.592679825851283
2023-06-04,-0.6943563261840641,-0.15881997051380253,0.45145614042781723,0.5,0.4621406174972479
2023-06-05,0.16480530013048908,-0.17014980057369028,0.9681912279524859,0.4352752816480621,0.5264617781637544
2023-06-06,1.3063868538330687,-0.16673537067664734,0.9351145900704754,0.37892914162759955,0.5931550073905001
2023-06-07,-0.3221558001276902,-0.17441190942499338,0.43800036085537236,0.3298769776932236,0.4603373424479419
2023-06-08,-0.6148759758246044,-0.17696557304174926,0.03693812529240382,0.37892914162759955,0.4347053448221736
2023-06-09,-0.6363363424077146,-0.17941242530047674,0.18773180835945252,0.4352752816480621,0.4466510786444903
2023-06-10,-0.288817759051835,-0.17027340596370513,0.7686283052100553,0.5,0.49927170098839185
2023-06-11,0.48057658853954943,-0.16053637928369313,0.5835778440190185,0.5743491774985175,0.5559543948578943
2023-06-12,-0.8897527821044742,-0.1945792001488797,0.6903796502868074,0.6597539553864472,0.4795514295043591
2023-06-13,-0.9239844558038336,-0.18782187110414397,0.5577081032599892,0.7578582832551991,0.4878441375806846
2023-06-14,-0.3613105781538435,-0.1819025897556602,0.5713244541046728,0.8705505632961241,0.542960086514499
2023-06-15,-0.4741587534983496,-0.1787204730336565,1.418346352314033,1.0,0.5832209418008422
2023-06-16,-0.6515105114366873,-0.18596449477048918,0.5305284161512013,1.0,0.5415017258271572
2023-06-17,-0.2623863712140381,-0.1707365126901089,0.18646113647579482,1.0,0.5566089251061694
2023-06-18,0.009331813436611068,-0.17109964662906943,1.2140773151761683,1.0,0.6089622127921017
2023-06-19,0.9631958704577577,-0.1769489853090878,2.767555682714926,1.0,0.7240920397331362
2023-06-20,-0.06006207522117809,-0.17353371320982405,2.046583191913812,1.0,0.6319847299986392
2023-06-21,-0.5355058964067776,-0.18336167590544025,1.511683990190705,1.0,0.5820490034165117
2023-06-22,-0.7856806320880989,-0.1812285395352171,0.7157808278065123,1.0,0.5389294629737098
2023-06-23,-0.38260770185528453,-0.19197515876730886,1.1628493206671777,1.0,0.5802554989499158
2023-06-24,-0.12043565520913903,-0.17887071050566922,2.038650844745693,1.0,0.6274730382065109
2023-06-25,0.7399239828652886,-0.18042175908455182,2.3224101782499895,1.0,0.6942243648374959
2023-06-26,1.1013187198822374,-0.18454476442003265,2.615016587912784,1.0,0.7278991024050739
2023-06-27,0.36795747600850504,-0.19263017730060697,1.5558395420838742,1.0,0.6433655590825043
2023-06-28,0.6817297842562273,-0.1853594119286305,2.0274142174620664,1.0,0.6803058173687911
2023-06-29,1.6881195939587799,-0.1818179509276555,2.7119080694550983,0.8705505632961241,0.7509450784515216
2023-06-30,-0.28312214995424406,-0.1729245303225221,1.6712606688674203,0.7578582832551991,0.5683074326901392
2023-07-01,-0.1287678116798195,-0.1769831345205534,1.7799530426135495,0.6597539553864472,0.5673360433447411
2023-07-02,-0.24025545836272658,-0.16865379716612836,2.0755992800311107,0.5743491774985175,0.5572947471863775
2023-07-03,0.6621803967301473,-0.19260163072140055,2.791022698948459,0.5,0.6291543818002334
2023-07-04,0.9327275119152184,-0.1796723686473212,2.6074037672528108,0.4352752816480621,0.6319002365896792
2023-07-05,1.3753911075166767,-0.18247919582869235,3.555257279078777,0.37892914162759955,0.6659288119190563
2023-07-06,0.3799070371873969,-0.1915202388016165,3.0730591110905237,0.3298769776932236,0.5918286725164092
2023-07-07,0.9839535800925887,-0.1860565492924653,2.5387081052195457,0.2871745887492588,0.6105443409386936
2023-07-08,-0.10524887184725473,-0.1827102112675126,1.5455905264003178,0.25,0.4993901672873806
2023-07-09,-0.8233592284661809,-0.18048510049112898,0.8308200677836882,0.21763764082403103,0.4229288206315185
2023-07-10,1.6817775162371122,-0.3855087906554485,2.2083489167733745,0.21763764082403103,0.6273129114878809
2023-07-11,1.8060982914768264,-0.3868550697856917,2.3524192096141214,0.25,0.6452015651778553
2023-07-12,2.412976257989374,-0.3646974376005469,2.287389772121053,0.2871745887492588,0.6899918713490262
2023-07-13,2.8891373280060506,-0.37875641710099445,2.5118162896557172,0.3298769776932236,0.7350363941303695
2023-07-14,1.4350687741194228,-0.35835636453631164,2.4335112934055654,0.37892914162759955,0.6436961507766074
2023-07-15,0.43610938027709173,-0.34431902597294733,1.5484966456849687,0.4352752816480621,0.5566351797063083
2023-07-16,0.25185017752293526,-0.3468483323969279,1.108835013325994,0.5,0.5392991650958567
2023-07-17,1.2083961762240514,-0.34790855844860163,1.9221205533173458,0.5743491774985175,0.6412866168816008
2023-07-18,0.7221244765747128,-0.35211517591774927,1.7563413938965111,0.6597539553864472,0.6159779725462587
2023-07-19,0.10582880356865941,-0.3343489283534485,1.5974937347622986,0.7578582832551991,0.5850525818702068
2023-07-20,-0.09276581704740633,-0.2917656745192412,1.951835201951006,0.8705505632961241,0.6023024669846567
2023-07-21,0.4476796387670921,-0.25332653756818463,1.3015973346691327,1.0,0.6376766146747695
2023-07-22,-0.01755383021762355,-0.22765094053545254,0.641771710293605,1.0,0.5857366791396347
2023-07-23,0.5593519602341497,-0.2626326098296382,1.026203056288101,1.0,0.6355538738156451
2023-07-24,1.1705340206495414,-0.30925721100325515,1.6855949846941911,1.0,0.6963363837413069
2023-07-25,1.5521197047534256,-0.28567348079213406,1.5425774378281942,1.0,0.717990833211496
2023-07-26,2.164939186201996,-0.2871416259636336,1.9227358608837675,1.0,0.771456240027774
2023-07-27,5.0,-0.3146605799096159,2.369565167469078,1.0,0.8408746480860687
2023-07-28,5.0,-0.3453487274011766,2.1578929683666326,1.0,0.8325402353038387
2023-07-29,0.7375989055865808,-0.2559431939422823,1.4405840075401628,1.0,0.6615284275428491
2023-07-30,-0.3002724766259481,-0.08101423946566665,0.5007958352703933,0.8705505632961241,0.5488820205839657
2023-07-31,-0.5920552214755088,-0.08937572720009927,-0.04656762313148545,0.7578582832551991,0.49393215165219234
2023-08-01,0.14268733029567143,-0.0790935268063061,0.5178753130052608,0.6597539553864472,0.5474425288109245
2023-08-02,-0.21896182440888748,-0.07562806012349223,0.6464332026475553,0.6597539553864472,0.5277622425971475
2023-08-03,-0.11530159742514864,-0.1153788257092493,0.6069193966189281,0.7578582832551991,0.5464151648093488
2023-08-04,-0.29202225424801814,-0.09217240723745573,0.6928767708585506,0.8705505632961241,0.5553698096049418
2023-08-05,-0.32002201093913424,-0.16657241659814148,0.3148511145619309,1.0,0.5572197190645328
2023-08-06,-0.146432577520945,-0.08237926032182985,0.4997836330362808,1.0,0.5784648134197369
2023-08-07,0.06547826689443728,-0.15716470209046765,0.7957430217652092,1.0,0.5993414559313667
2023-08-08,-0.2541288432602048,-0.1542401293297824,0.5176466690230555,0.8705505632961241,0.5494688785224325
2023-08-09,-0.10686718598276695,-0.14377266246292084,0.795149751682841,0.8705505632961241,0.5689725695490405
2023-08-10,-0.21869162986926519,-0.06330302590467335,0.34224564529734147,1.0,0.5691911201059323
2023-08-11,0.13566208323273415,0.010224966751280165,0.8988706866648118,1.0,0.614432535385646
2023-08-12,0.4175205022793276,-0.009292802768458145,0.7947825315325533,1.0,0.6289402510876879
2023-08-13,0.58003676206594,-0.08269989259848895,0.7837297024279375,0.8705505632961241,0.6169301965214755
2023-08-14,0.10409277820724257,-0.02540946241339111,0.6913689726362435,1.0,0.6039264233677997
2023-08-15,0.35229500613481546,-0.08319355626089503,0.6339965033127625,1.0,0.6161531523418758
2023-08-16,-0.3187015966915934,-0.14803322225019597,0.5554979219121143,1.0,0.5661017733572061
2023-08-17,-0.24191627080634742,-0.15829077680993334,0.7220289979051825,1.0,0.576344432842669
2023-08-18,-0.56367067438481,-0.2559259293361041,0.046571473750593444,1.0,0.5283107571103615
2023-08-19,-0.575668565139163,-0.02412302550654485,-0.532233485753316,1.0,0.5178758534028393
2023-08-20,0.06258361330638804,-0.0475525737001935,0.7430798564104062,0.8705505632961241,0.5825427966910166
2023-08-21,1.1212005391487763,-0.0014661137470114946,1.5476888758289717,0.7578582832551991,0.6649539862197051
2023-08-22,-0.0025259762821363734,0.17033209704942884,0.8692368978721642,0.7578582832551991,0.5745820780422691
2023-08-23,0.1583468335490865,0.22207247905917973,0.6800951166662714,0.8705505632961241,0.5980618972473659
2023-08-24,0.25162903684541205,0.1862272324917082,0.7588621827212656,1.0,0.6248301432342243
2023-08-25,0.38654034958054134,0.16302155286545478,0.914346841404659,1.0,0.638040149388252
2023-08-26,-0.16419390504927095,0.25109295115808133,0.3662511235706171,1.0,0.5867243167473226
2023-08-27,-0.5685416965898801,0.9539698067351668,-0.25350195675322934,1.0,0.5683958969495323
2023-08-28,-0.2412461822308461,0.8780100023279145,-0.31146083800063273,1.0,0.5851186433482523
2023-08-29,-0.2752827813895065,0.1945756187349852,-0.0024862529483872416,1.0,0.5646722569230445
2023-08-30,-0.256562978019949,-0.357120448025821,-0.367242252473882,1.0,0.5307743743817982
2023-08-31,-0.7812201544503009,-0.5357307642474335,-1.033282758709917,1.0,0.4661537825693397
2023-09-01,-0.7661572173229039,-0.7164355554921629,-0.6635718480568101,1.0,0.47195230909773933
2023-09-02,-0.5257604903930818,1.574869092402204,-0.3796436471502565,1.0,0.5929140579188779
2023-09-03,0.14935178526008572,-0.19846094245384885,0.8505921481292119,1.0,0.6050406513527358
2023-09-04,0.7048597549475758,-0.07907396826016595,1.5968846859480712,1.0,0.6719253911839339
2023-09-05,1.6346791371842093,-0.5565679823121531,2.1245555705954966,1.0,0.7316067955691241
2023-09-06,1.7843893985429027,-0.807472839040135,1.7186223212320166,1.0,0.7176020023172552
2023-09-07,0.6138844172787019,-0.9856710001688328,0.8709080447586864,1.0,0.6038862709701683
2023-09-08,0.045935489112247714,-1.3651053725261388,0.18767261413591818,1.0,0.5274387292234247
2023-09-09,-0.0696639584634391,-0.49261149325917014,-0.9811084019179418,1.0,0.5171266438193739
2023-09-10,-0.21386688697019363,-0.19551777552426314,-1.3068213075223585,0.8705505632961241,0.48961750779881613
2023-09-11,0.8113725890692098,0.60815628778063,-0.4018783568269236,0.7578582832551991,0.604714148522856
2023-09-12,0.8351392740215651,2.0342945857657857,-0.6089051979003415,0.7578582832551991,0.658820128566614
2023-09-13,0.08723437852585757,0.42972993955115724,-1.0565530132042387,0.8705505632961241,0.544085190103966
2023-09-14,-0.28902074537037253,1.089907648843237,-1.654957885188287,1.0,0.5459795061708339
2023-09-15,-0.14120201496736998,1.065820697860791,-2.2542224168674125,1.0,0.5348549808507946
2023-09-16,-0.27258510489597804,2.7364843519956366,-2.6836094775124533,1.0,0.5813941917563379
2023-09-17,-0.6604539844721322,2.222230848384116,-2.6938845241861262,1.0,0.5337665355783252
2023-09-18,-0.39018450365100793,-0.0013075413137277597,-2.114556369343179,1.0,0.4784480065570882
2023-09-19,-0.5054618594351676,1.3825477223295024,-2.100194925262572,1.0,0.5289022002926324
2023-09-20,0.07967572994115374,1.8415517306795433,-1.6573027463316958,1.0,0.6017996125633348
2023-09-21,-0.0419145217459434,4.89996109689874,-1.6311852249994088,1.0,0.6428328577169569
2023-09-22,-0.33264315795098426,2.1090855101914965,-1.9395381870983766,1.0,0.5760510794913009
2023-09-23,-0.9526895730198544,1.1088478070400296,-2.3365510518180215,1.0,0.47980431869807694
2023-09-24,-0.7812440997298958,0.8389340147798497,-2.354344691755043,1.0,0.47939448757533254
2023-09-25,-0.21463269326401876,1.293348983419919,-1.9159588147021258,1.0,0.5507154009348245
2023-09-26,-0.47150446351296627,0.5360425023804031,-1.923413385162996,1.0,0.5017876938595526
2023-09-27,-0.4693779325197566,1.8509824246523254,-1.9673694357790634,1.0,0.5552534243332277
2023-09-28,-0.1703322664355944,2.176661583135459,-1.9331119166880557,1.0,0.5899016843120026
2023-09-29,-0.2832375640287958,2.0431708361820826,-1.8286663364434514,1.0,0.580294069357552
2023-09-30,-0.586088831498979,1.7755485285781618,-1.9732085097167136,1.0,0.544134982933601
2023-10-01,0.21127060949388748,5.0,-1.3737995960476215,1.0,0.6682913874313384
2023-10-02,1.0600416888044464,1.5214596959296858,-0.5818159859781277,1.0,0.6896697337180958
2023-10-03,1.518070403423751,1.2687056196582671,-0.31907790687676163,1.0,0.7184314974847859
2023-10-04,1.6178268953374728,1.436084751165884,-0.4196994975351885,1.0,0.7287020077365705
2023-10-05,0.4077812836457294,2.603448676143946,-0.999068924095952,1.0,0.6773601496125147
2023-10-06,-0.6266962178401949,0.5137188843173763,-1.3226339767511772,1.0,0.5105374064321718
2023-10-07,-0.5055771050636384,0.06637274355092025,-1.6546341077471958,1.0,0.48890592038547265
2023-10-08,0.19377268239034895,2.0492795633408996,-2.170556461043603,1.0,0.6009529452637741
2023-10-09,0.20297067446890246,2.170888338684499,-1.7056287074931693,1.0,0.6221307688266754
2023-10-10,0.27168877385030066,1.4386548005792423,-1.669578874843784,1.0,0.597403905786029
2023-10-11,-0.06776249401141116,0.5794185151225368,-1.6098938853886036,1.0,0.5409618090163916
2023-10-12,0.004985471156700841,-0.016229441588223772,-1.540189643593261,1.0,0.5233164832244954
2023-10-13,-0.04742416463769052,1.9234791415464947,-1.608386980057979,1.0,0.598370453919992
2023-10-14,-0.48977572512722156,1.1593236861379481,-1.748290128049022,1.0,0.5323771009789656
2023-10-15,0.055227671652343935,1.5756771484223089,-1.7412936968022419,1.0,0.5862919360676777
2023-10-16,0.3949601105201836,0.7333285923273406,-1.3144962876297839,1.0,0.5880694891273253
2023-10-17,0.41899958168721524,0.7590444028846239,-1.3255450844894585,1.0,0.5903753194163583
2023-10-18,0.08165347206208813,1.0384292632613095,-1.323989621637491,1.0,0.5795784633854442
2023-10-19,0.09028394405540843,-0.3909017833384307,-1.305661134530796,1.0,0.5212093174802328
2023-10-20,-0.3291249777195556,-0.556479885062024,-1.3638969398467153,1.0,0.4844084416128881
2023-10-21,-0.7633089200506383,-0.8026252750739405,-1.4724516826463283,1.0,0.4415882961136657
2023-10-22,0.16497638818178426,-1.4053463537015902,-1.4731720904094816,1.0,0.47833659146090335
2023-10-23,1.490245649377705,-0.969674163844718,-1.0156892390196925,1.0,0.600090311830994
2023-10-24,-0.3513245955215484,-1.126054750145364,-0.9979276736701799,1.0,0.47139515658683395
2023-10-25,-0.6875761316117208,-1.1388938578242056,-1.0723619118655154,1.0,0.4459622834210262
2023-10-26,-0.15575052436154643,-0.1409410310742417,-0.9892113243843846,1.0,0.5257703779349907
2023-10-27,0.8918436258427308,0.6018240538288121,-1.0301472925120554,1.0,0.6251940008819807
2023-10-28,1.0807711063702925,-0.16981061313247092,-1.1971160340871527,1.0,0.6000720970745947
2023-10-29,0.008921139120593355,0.12511056957133124,-1.1674418913495044,1.0,0.5418929532951949
2023-10-30,0.45993969805491014,-0.3241224502962201,-0.7838514630251825,1.0,0.5660291623404787
2023-10-31,-0.7200805663251115,0.013745418891844557,-0.8998459480925508,1.0,0.4975724897624011
2023-11-01,2.528945081418122,0.21393815138565347,-0.3904716089520728,1.0,0.7394947081038747
2023-11-02,3.447570066905154,0.8744908439650569,-0.038690238235461256,1.0,0.8101474438906954
2023-11-03,3.144253644160452,5.0,-0.21014604445446355,1.0,0.8929951318515179
2023-11-04,-0.1750943620288774,-0.652161217637751,-0.9590492342858653,1.0,0.5041853506536397
2023-11-05,-0.8635358520655665,-0.4917478116497412,-1.1764621811855065,1.0,0.45772604500403946
2023-11-06,-0.04997833761005502,3.2194238308007574,-0.7535708868703548,1.0,0.6715490812636512
2023-11-07,-0.759090125548054,-0.9610284592089684,-0.7322120602480251,1.0,0.4599440704881552
2023-11-08,-0.6155086672675458,-0.8858030516963866,-0.6673958270144063,1.0,0.474811100794334
2023-11-09,-0.025260992937444358,-0.35947994929624666,-0.7240790078651407,1.0,0.5342016356546554
2023-11-10,-0.13498517534943627,-0.898313216518166,-0.6486183276321776,1.0,0.5069506600340414
2023-11-11,-0.989007217780432,-1.156542135208983,-0.7052371382385307,1.0,0.43736902523964594
2023-11-12,-0.5555277942027519,-0.7366932008271586,-0.7108881014050964,1.0,0.483572993638515
2023-11-13,2.2704069526272783,-0.22583148672041153,-0.04481659602367598,1.0,0.7154569316943455
2023-11-14,0.3394658664706312,-0.02320098521306009,-0.21487277841767205,1.0,0.5895019241002423
2023-11-15,1.779915736513122,0.7862321483030374,-0.10884347010587063,1.0,0.7227926062766391
2023-11-16,-0.10325328696629116,0.4116048739074889,-0.2875813838908986,1.0,0.5756806044853627
2023-11-17,-0.7876112522601659,-0.06279366421151884,-0.6470949975019263,1.0,0.4983063472571114
2023-11-18,-1.202907921438302,-0.8271523722321523,-0.8229115576530416,1.0,0.4329110711393388
2023-11-19,-1.3391351143306751,-1.321764815923213,-0.6903139364114321,1.0,0.40764032716744003
2023-11-20,-0.6879986419386285,-0.16725052456175332,-0.0018229516654905491,1.0,0.5221038869585021
2023-11-21,-1.2570644427899462,-0.8530223232529603,0.07359872114478556,1.0,0.4581063977166231
2023-11-22,-1.1946136966925462,-0.9560002538779785,-0.10822330923642617,1.0,0.451918299334367
2023-11-23,-1.3668997563497545,-0.714526204643167,-0.36335518202846956,1.0,0.4419895849822688
2023-11-24,-1.3175316863038038,-1.1219171044429865,-0.4374827438212015,1.0,0.4258352501005819
2023-11-25,-1.0728162003793726,-1.0558403023526557,-0.24453314963463488,0.8705505632961241,0.4319170535499453
2023-11-26,-1.2528468476246453,-1.0622124510426507,-0.13629663137506298,1.0,0.4426748036524112
2023-11-27,-0.038104503222507184,-0.4840550526001948,0.8146259622461868,1.0,0.5794449380016976
2023-11-28,0.7444320636817924,-0.15881777771639818,1.4815267265562475,1.0,0.6673956210591445
2023-11-29,3.075177582223212,0.6240680859285453,1.5449048077786738,1.0,0.8524996638396453
2023-11-30,-0.6577063921016567,-0.28551511134049706,1.0050027288400047,1.0,0.5527565351820357
2023-12-01,-0.8551355635998921,-0.7369414947973287,0.22391675987800846,1.0,0.4947489588060522
2023-12-02,-1.285958547307313,-0.9037433099237354,-0.04016122408612598,1.0,0.45027475146315266
2023-12-03,-1.2791877164263445,-1.1010751405637582,-0.357880307900639,1.0,0.4319133444513992
2023-12-04,-0.799820315261192,-0.8466832283832935,0.5189788099526508,1.0,0.5036994714650384
2023-12-05,-0.22599568398970007,-0.25044316675909745,0.9054774695772836,1.0,0.5796810714383004
2023-12-06,-0.002255617165956996,-0.7635260187213938,1.4770042881841803,1.0,0.5922695176816842
2023-12-07,0.8798499381817095,0.13792026272834068,1.5436126489013073,1.0,0.6908570951225051
2023-12-08,-0.40497525094927245,0.45875115305735364,1.013374136003958,1.0,0.6008954191809036
2023-12-09,-1.2745623330357527,-0.5609950777417022,0.028267497329796665,1.0,0.46759663280270547
2023-12-10,-1.0684439582038858,-0.6297605076156166,0.08464755909436515,1.0,0.48035196693890236
2023-12-11,0.2893099228633406,0.336466508658246,1.828701384549537,1.0,0.6692634788699675
2023-12-12,1.0013302049028328,1.0850045723288555,2.2198607015050924,1.0,0.7609592275573943
2023-12-13,0.1919637720732867,-0.1324524187664798,1.7580183106868905,1.0,0.6408793443791788
2023-12-14,0.681063086050969,-0.28545444068651055,2.1492444739360037,1.0,0.6801517531726602
2023-12-15,0.20533218620968482,0.02211634902424843,1.6936829125585389,1.0,0.6460664240419407
2023-12-16,-1.2848920308379317,-1.0522734821586457,0.31671779408361894,1.0,0.45605306265698164
2023-12-17,-1.3141636736984796,-1.1460002619783383,-0.07881239372729204,1.0,0.4370119977134276
2023-12-18,-0.7187163096797325,-0.6416295904588043,1.412243310520303,1.0,0.547425790102911
2023-12-19,0.36037970614799325,0.3346518904706598,2.0181559875451067,1.0,0.680241008764314
2023-12-20,0.8825447287491727,0.17377740078924864,2.0960860720578167,1.0,0.7109465760180907
2023-12-21,0.6835509846870814,-0.32903493228380826,1.4018612154288126,1.0,0.6535889839816073
2023-12-22,-0.7377074266927627,-1.0459030036008294,0.9278068566944487,1.0,0.5131671082935962
2023-12-23,-1.1523294786045861,-0.9874672098841741,0.3873977980809971,1.0,0.4699468276172203
2023-12-24,-1.414683151761463,-0.8267954518733205,-0.35937564037425923,1.0,0.43425879137537216
2023-12-25,-1.5567331909496702,-0.7856602989528234,-1.1983001804926792,1.0,0.398538602130565
2023-12-26,-1.06700414128472,-0.9353765364193534,-0.29379021018034995,0.8705505632961241,0.43568194571861923
2023-12-27,-1.243992407895939,-1.112216110368665,-0.06835260748717246,0.7578582832551991,0.40712515711361713
2023-12-28,-1.2018529317372253,-0.8830947146696415,-0.01562775319072232,0.6597539553864472,0.40652302630789294
2023-12-29,-1.1821754711182941,-0.6329455841255829,0.07463738032895346,0.5743491774985175,0.40845585855595723
2023-12-30,-1.20263196164417,-0.6424548343756363,0.04480472200888419,0.5,0.39454907519169996
2023-12-31,-1.3742156403420267,-0.8919954839829826,0.0032715693177886164,0.4352752816480621,0.36161949003570953
2024-01-01,-1.0327429966396962,-0.9147456414557654,0.3936261797684793,0.5,0.4061569378223127
2024-01-02,-0.22303111882468474,-0.9573584995800067,1.3607045941063827,0.5743491774985175,0.5017505176908444
2024-01-03,0.04258392434049026,-0.734135325252269,1.5409557111766443,0.6597539553864472,0.5475782400843767
2024-01-04,-0.366713397087681,-0.9273152785769838,1.5970780350944604,0.7578582832551991,0.5288289805782089
2024-01-05,1.006884188486516,-0.8163254332919335,2.1005173631366345,0.8705505632961241,0.658711882777577
2024-01-06,-0.8565280663071293,-1.146444953980306,1.2034165509035517,1.0,0.510243474193797
2024-01-07,-1.067433996481026,-1.2063285637532914,0.6064716617918764,1.0,0.4737897654712737
2024-01-08,-0.39819487832237005,-1.039870814310588,1.0799872984933951,1.0,0.5411253007986807
2024-01-09,-1.0658662688169795,-0.8863326314553147,1.0730462353021033,1.0,0.5027799302783
2024-01-10,-0.5141903668883575,-0.8851385179612884,1.0056718647125245,1.0,0.53736226611614
2024-01-11,-0.20057120558715236,-0.792577244633871,1.026376213289606,1.0,0.5628170748774322
2024-01-12,-0.8571166568035251,-0.6969153035401647,1.0521029848297943,1.0,0.5238908513932513
2024-01-13,0.34059652426724674,5.0,0.7232873503873883,1.0,0.7468160132973961
2024-01-14,1.2288650841740252,-0.6485358487687514,1.6329924020699065,1.0,0.6843350919819007
2024-01-15,2.834470269568538,-0.43531531157992565,2.5864280891820925,1.0,0.8320408162948087
2024-01-16,3.0901496772808357,-0.5077953309886399,2.9321213409884117,1.0,0.8515792392417537
2024-01-17,5.0,-0.2648223326630477,3.23420394425689,1.0,0.8639657361390397
2024-01-18,2.2050519969006848,-0.5152440262169832,2.472896406991496,1.0,0.7829648456007212
2024-01-19,-0.09887903230703479,-0.6396038032411586,1.9354319502378228,1.0,0.6062723043857435
2024-01-20,1.0893253563217629,-0.2706151019346401,2.142305214153317,1.0,0.7077562349792849
2024-01-21,1.128748846487048,0.21149220164367932,2.0354447096178485,1.0,0.7269102551548848
2024-01-22,2.7410024265293886,0.3492894996640613,2.369934845904601,1.0,0.8512850524514485
2024-01-23,0.13016824559544038,-0.619224892768422,1.0783545178362532,1.0,0.5938219964355536
2024-01-24,-0.7778956085360387,-0.5676779322566712,0.42136321110217095,1.0,0.5135324859569752
2024-01-25,-0.8026615788954801,-0.47340181305497603,-0.22797092002825856,1.0,0.49416512186206873
2024-01-26,-0.7310792971918579,-0.4941902564980683,-0.707449113483034,0.8705505632961241,0.46267106687810744
2024-01-27,-0.8296582098036083,-0.5641120433422637,-0.99550898004281,0.7578582832551991,0.4266798940273513
2024-01-28,-0.8254253011310525,-0.7337516112685147,-0.33014215109126244,0.7578582832551991,0.4420726669069795
2024-01-29,-0.5947064785255154,-0.6064009855425851,0.4186083903300156,0.8705505632961241,0.5046223912061104
2024-01-30,-0.48993372469834584,-0.5404910759585401,0.44054426812674885,1.0,0.5345020991260627
2024-01-31,-0.7435573292621819,-0.5850815897032231,0.3332587205278033,1.0,0.5121597358291471
2024-02-01,-0.5485022987113403,-0.6618484061579422,0.3759979691734462,1.0,0.523389428801778
2024-02-02,-0.8096593664370084,-0.720196750948198,-0.3355096176677385,1.0,0.47983085702576656
2024-02-03,-0.8591447601299415,-0.650657851835743,-0.41708390798368966,1.0,0.47671014189872496
2024-02-04,-0.8709917812666477,-0.770570898989281,-0.7238041384405753,1.0,0.4606999558429843
2024-02-05,-0.25059179228227657,-0.5879184297543308,0.5198804549461127,1.0,0.5511266277729548
2024-02-06,-0.1638939253509256,-0.513163236528668,0.5063028587141537,1.0,0.559568698745049
2024-02-07,-0.11524662523718077,-0.46005458163654517,0.7450235116930572,1.0,0.5729820678057672
2024-02-08,-0.2275846081535438,0.06720271523675751,0.26385203468873863,1.0,0.5714228737475866
2024-02-09,-0.7706785251279733,-0.45799600515119704,-0.7360927925740052,1.0,0.4800018383577017
2024-02-10,-0.8734626811980372,-0.6316062614605991,-1.4589264391665764,1.0,0.44182134572038667
2024-02-11,-0.7833727732192579,-0.36325704432195743,-1.3462216764918005,1.0,0.46276538238890785
2024-02-12,-0.5012424410750752,-0.010380949230786222,-0.5243569357288964,1.0,0.5236727331860824
2024-02-13,-0.40836655842542746,-0.244146785804638,-0.1841111581662271,1.0,0.5314657414242373
2024-02-14,-0.18831672967054247,-0.23228234639833614,0.13889331964914095,1.0,0.5573968975770045
2024-02-15,-0.3796786326885901,0.4886873517717498,0.5719126981268265,1.0,0.5891138207488111
2024-02-16,-0.3890392701661859,-0.10998276329064272,-0.1877606411979864,1.0,0.5382227454785447
2024-02-17,-0.5783050996963134,-0.2635554959714399,0.048718374285635344,1.0,0.5270887934976237
2024-02-18,-0.517951502673922,0.2590412640739562,0.11405808440395751,1.0,0.5550652219716187
2024-02-19,-0.15035447932190343,-0.060149483848080165,0.25723097872588124,1.0,0.5710445055090658
2024-02-20,-0.03992711229569295,-0.36947193385711385,0.7277695216651883,1.0,0.5812025126584137
2024-02-21,-0.23082147328942057,-0.30744357235376607,0.4210393534636165,1.0,0.5608363980480856
2024-02-22,-0.38215881671206375,-0.19786849978067125,-0.3453729568634318,1.0,0.5297657928328867
2024-02-23,-0.6873009104281059,-0.345571495733273,-0.8629187234960711,1.0,0.48601716953270424
2024-02-24,-0.5806579850769437,-0.14859131655562666,-0.99150742887563,1.0,0.497047915175865
2024-02-25,-0.5121462656575649,0.8267360236384477,-0.8082612140024723,1.0,0.5483622094743485
2024-02-26,-0.14491797402954554,-0.0193506786487578,-0.46690583760506454,1.0,0.5489689955341632
2024-02-27,-0.6873249815196473,0.047481997915313184,-1.3497024168559502,1.0,0.48616667058329655
2024-02-28,-0.3899769531796613,0.31265794863154855,-0.8434688682084224,1.0,0.5339133220407231
2024-02-29,-0.44411694950355607,1.540560848717221,-0.7914531278500476,1.0,0.5832004678013122
2024-03-01,0.3511286260858084,1.1247668395691401,0.13519527076002294,1.0,0.6497803690797689
2024-03-02,-0.6547247644515378,-0.28354958902034094,-0.9094965091614838,1.0,0.4892205658553338
2024-03-03,-0.7720776214226753,4.540779858548136,-1.8412549089560464,1.0,0.5871529949399534
2024-03-04,-0.46192834924552423,0.13754059990009587,-1.5203237165200418,1.0,0.499258177828801
2024-03-05,-0.6061910682514046,-0.36646217864484465,-1.337712498516749,1.0,0.47472758805581283
2024-03-06,-0.6689048911229886,-0.43343207683963275,-1.077522198685897,1.0,0.4764292641006195
2024-03-07,-0.5874153321650785,-0.3239477978299941,-1.0619834947269802,1.0,0.4869417031218457
2024-03-08,-0.635220545995289,-0.2586078894324126,-1.2475444834512877,1.0,0.4802918187589207
2024-03-09,-0.7297717997777559,-0.29552384697248324,-1.4045075949804877,1.0,0.46721813322494654
2024-03-10,-0.35877796727535666,-0.15891597700807733,-0.8643640884957653,1.0,0.5156478335231142
2024-03-11,1.3383540058789212,0.43334136129676043,0.03138912436993741,1.0,0.6833257945916245
2024-03-12,-0.1640013703874336,5.0,-0.596843140552292,1.0,0.6691718039557614
2024-03-13,-0.27692677624403683,-0.09725760919919306,-1.2390815399787847,1.0,0.5111830965344717
2024-03-14,-0.5416438759321194,-0.03696170187933558,-1.41109102910783,1.0,0.4903139697226254
2024-03-15,-0.5713338537607928,-0.11409945737228376,-1.5283851327828961,1.0,0.4812107612660055
2024-03-16,-0.5865522076721285,2.4515988197227623,-1.7709274288392498,1.0,0.5790155560156649
2024-03-17,-0.30522968827227065,-0.018239425513587634,-1.7541290063354158,1.0,0.4954204111742686
2024-03-18,0.15140781737813444,-0.04701772923654619,-0.3983439776610409,1.0,0.5698566498516515
2024-03-19,0.5878372708717111,0.05666332635368256,0.1467890841922359,1.0,0.6214430927959254
2024-03-20,0.0859786398850311,-0.08083184779058662,-0.4659396776997899,1.0,0.5618325930777347
2024-03-21,1.3299275461034048,-0.06966865075207847,0.15338003165335728,1.0,0.665871643680669
2024-03-22,0.3209453337429894,-0.12995531335442428,0.0728665940714185,1.0,0.5934104373288123
2024-03-23,-0.6320533124931732,-0.22222861320610454,-0.9521168137292696,1.0,0.4918663598258919
2024-03-24,-0.4485401303427049,0.029944184695400722,-1.0270018874348237,1.0,0.5121116027583006
2024-03-25,-0.09130205980498471,-0.008495302195897815,-0.23933721025250743,1.0,0.560581318079755
2024-03-26,-0.422734768668649,-0.008306319953536277,-0.8020496592012619,1.0,0.519736596783984
2024-03-27,-0.1508543132870769,-0.1680724297569861,-0.9075211865831838,1.0,0.527689321654881
2024-03-28,-0.1946823367460777,-0.17508024490297264,-0.756614693801598,1.0,0.5295056775525845
2024-03-29,-0.40673715241227126,-0.2221402043573176,-1.121361251451655,1.0,0.5012496396092385
2024-03-30,-0.7202531556303813,0.12774873562230568,-1.7610631035951894,1.0,0.47360388348906435
2024-03-31,-0.6872807233642617,-0.2519493971085486,-1.9808309192008555,1.0,0.45265569625616453
2024-04-01,-0.5647760257017432,-0.16182416905304056,-1.1874372253783907,1.0,0.4910243503967274
2024-04-02,-0.5135855321338014,-0.18195927781007498,-0.9784438836789716,1.0,0.5005645318263611
2024-04-03,-0.40950449361478825,-0.1511365341491796,-0.6948075784243012,1.0,0.5182420922219882
2024-04-04,-0.24819592395028842,-0.11890404695893071,-0.5267908104598343,1.0,0.5359395760980309
2024-04-05,-0.009141047607345102,-0.16015339472052703,-0.5997090989888945,1.0,0.5477272354131919
2024-04-06,-0.24200267894683275,-0.13341464760238447,-0.8111363788545087,1.0,0.5262696651249615
2024-04-07,-0.32265758966306624,0.021538747345150926,-1.4786584552449487,1.0,0.5050983266536786
2024-04-08,-0.2628109136532688,-0.16262648462118887,-1.0660261176022887,1.0,0.5151689649771563
2024-04-09,-0.2839728293344029,-0.14281918787077635,-1.2321987377396144,1.0,0.5090443872917704
2024-04-10,-0.14027180631990066,-0.13515407283200573,-1.1418718366635718,1.0,0.521954731988554
2024-04-11,-0.22488157096222558,0.14154745473230884,-1.0560875078147796,1.0,0.5307027889558719
2024-04-12,-0.15531530786921105,-0.04802113615715694,-1.046647644911064,1.0,0.527756510638469
2024-04-13,-0.2417468083015503,-0.1770295098375902,-1.301619294714386,1.0,0.5081200067128508
2024-04-14,-0.09524562952631581,0.31249218553774954,-1.433261743040801,1.0,0.5338954076609586
2024-04-15,0.42445325521428917,0.005932546249815398,-0.44906298897843144,1.0,0.5885753068087473
2024-04-16,0.7849463277890316,0.3617307642166447,-0.4716920239681466,1.0,0.6266788028960241
2024-04-17,-0.11614530107329107,0.17252209827707476,-0.6818092469918549,1.0,0.5517184257902635
2024-04-18,0.6909720541270112,-0.14562618792090357,-0.8027566960876732,1.0,0.588238489242174
2024-04-19,0.5590820717692117,-0.16776447836143632,-0.8043270809555628,1.0,0.5784710488210355
2024-04-20,-0.3921710662193689,-0.1950528581698312,-1.5643854429058317,1.0,0.48858187839810474
2024-04-21,-0.18910307344249966,-0.13327384566093795,-1.8709202604536899,1.0,0.49447604285283797
2024-04-22,1.2747607214525445,0.6054993859837982,-0.6349071415065644,1.0,0.6640496177959424
2024-04-23,0.2396757599243549,0.735289997561168,-0.9667513038220229,1.0,0.5893904237659382
2024-04-24,-0.05974875755788139,-0.20362596603544056,-1.1836858499815968,1.0,0.523076139245278
2024-04-25,0.5360463130930921,-0.17385771633089028,-1.1293390180840277,1.0,0.5658477154229515
2024-04-26,0.09859048186282442,0.2875324252768432,-1.156477734541228,1.0,0.5550039586926825
2024-04-27,-0.7346258459879348,-0.08372513325776898,-1.5315759260147213,1.0,0.47148386551457333
2024-04-28,0.8258068724786434,-0.06709726611689312,-0.49540947978927774,1.0,0.6107444227507297
2024-04-29,2.29847922144294,0.02078969954830203,1.4311386959156158,1.0,0.7768028087745625
2024-04-30,1.8854568837465735,-0.12279694936250656,0.9766440188029307,1.0,0.7281353866530982
2024-05-01,0.6812575009208445,-0.14046937339277613,0.9030161994178033,1.0,0.6446648161506174
2024-05-02,3.129450019585328,-0.15529902770175227,1.7983241988741665,1.0,0.828473347141566
2024-05-03,1.5930614253365774,-0.07344403595469276,1.0631264471799209,1.0,0.7135814750969903
2024-05-04,-0.25873328129863415,-0.24634658546801957,-0.9651965614161235,1.0,0.5153134548050529
2024-05-05,-0.3694721688516975,-0.23324400950901664,-1.1176077383870293,1.0,0.5033964304007769
2024-05-06,-0.15438973097423697,-0.2105926400150212,-0.2309902426184324,1.0,0.5482329831804773
2024-05-07,0.8513281468197482,-0.17350136336748595,0.7408929573433695,1.0,0.6492224182257836
2024-05-08,2.037659789579518,-0.18038205958791742,1.9126700680582922,1.0,0.7670837357577478
2024-05-09,0.8283270888474777,-0.18201477432452368,1.0940301735209768,1.0,0.659105529443676
2024-05-10,-0.18499043935077308,-0.2641563440033338,-0.5715875860481962,1.0,0.5326078701748698
2024-05-11,-0.7873048909082011,-0.24022887051296699,-1.4778089719277963,1.0,0.46324317193715303
2024-05-12,-0.5648877440004778,-0.27615093297843885,-1.6791221677056734,1.0,0.46986378926901085
2024-05-13,0.14546381428593885,-0.1979454134414668,-0.22251482453153032,1.0,0.5690327012412838
2024-05-14,0.2188730469802091,-0.20211310936015556,-0.31836569047658164,1.0,0.5705579672261214
2024-05-15,0.4461158546945561,-0.13506381451948352,-0.5292875518489671,1.0,0.5814704796463598
2024-05-16,0.8541082216482245,0.006256998434228573,0.25211225717122937,1.0,0.6406049982836821
2024-05-17,0.5520365857787531,-0.08336682052939384,-0.0015861940491848315,1.0,0.608275948394886
2024-05-18,1.3848340040292946,0.0889277147548426,-0.3927574393959994,1.0,0.6579356737368716
2024-05-19,1.773293194165062,0.024593140460492248,0.5577869364851381,1.0,0.7128371583463625
2024-05-20,2.177234178197543,0.0033355782548922658,2.4394554140891485,1.0,0.801603108110095
2024-05-21,1.4307765223888143,-0.0846488908468818,3.666313588639578,1.0,0.7668580643739676
2024-05-22,5.0,-0.04768059925763255,3.3225065880116165,1.0,0.8730133083642654
2024-05-23,1.7397012189368581,-0.1255912716247173,2.434369707393596,1.0,0.7668927685245474
2024-05-24,1.8898164091582597,-0.08178275242832167,2.3298322474646422,1.0,0.7752412208415255
2024-05-25,1.3388887792340254,-0.0825558329232052,1.4909188027203044,1.0,0.710516719001145
2024-05-26,2.628683205316617,0.7341347154466572,1.0595202991002868,1.0,0.8161518368013948
2024-05-27,2.0044856169492737,1.5885223373126707,0.4530582884159362,1.0,0.7899227481318442
2024-05-28,2.1177193621405404,-0.044601923045285846,1.152365392086277,1.0,0.7527350570853585
2024-05-29,0.091416063419448,-0.2523643798829273,0.3964899167990089,1.0,0.5837955522928082
2024-05-30,-0.6532865139863084,-0.21774012384703753,-0.14712095746680404,1.0,0.5174710286583928
2024-05-31,-0.7152566658763454,-0.21026263817319257,-0.44498520633933103,1.0,0.5037224388063829
2024-06-01,-0.7152566658763454,-0.21026263817319257,-0.44498520633933103,1.0,0.5037224388063829
2024-06-02,-0.7152566658763454,-0.21026263817319257,-0.44498520633933103,1.0,0.5037224388063829
2024-06-03,-0.7152566658763454,-0.21026263817319257,-0.44498520633933103,1.0,0.5037224388063829
2024-06-04,-0.7152566658763454,-0.21026263817319257,-0.44498520633933103,1.0,0.5037224388063829
2024-06-05,-0.7152566658763454,-0.21026263817319257,-0.44498520633933103,1.0,0.5037224388063829
2024-06-06,-0.7152566658763454,-0.21026263817319257,-0.44498520633933103,1.0,0.5037224388063829
2024-06-07,-0.7152566658763454,-0.21026263817319257,-0.44498520633933103,1.0,0.5037224388063829
2024-06-08,-0.7152566658763454,-0.21026263817319257,-0.44498520633933103,1.0,0.5037224388063829
2024-06-09,-0.7152566658763454,-0.21026263817319257,-0.44498520633933103,1.0,0.5037224388063829
2024-06-10,-0.7152566658763454,-0.21026263817319257,-0.44498520633933103,1.0,0.5037224388063829
2024-06-11,,,,,
2024-06-12,,,,,
2024-06-13,,,,,
2024-06-14,,,,,
2024-06-15,,,,,
2024-06-16,,,,,
2024-06-17,,,,,
2024-06-18,,,,,
2024-06-19,,,,,
2024-06-20,,,,,
2024-06-21,,,,,
2024-06-22,,,,,
2024-06-23,,,,,
2024-06-24,,,,,
2024-06-25,,,,,
2024-06-26,,,,,
2024-06-27,,,,,
2024-06-28,,,,,
2024-06-29,,,,,
2024-06-30,,,,,
2024-07-01,-0.6937825746425833,-0.22344284048104407,1.6073132473791427,0.37892914162759955,0.4798541894938956
2024-07-02,0.11605042224661875,-0.03365090212218341,2.810157186513614,0.4352752816480621,0.5902977723590134
2024-07-03,0.26328480548029326,-0.22772729508726763,3.5948530430108887,0.5,0.6080636830700501
2024-07-04,1.2122753322400006,-0.1996186561057163,2.7161054094211954,0.5743491774985175,0.674190135083746
2024-07-05,2.617395077702579,-0.13899729141165953,3.455564332839857,0.6597539553864472,0.7926645446793199
2024-07-06,1.8879484885893283,-0.19016622841363315,3.062055902877787,0.7578582832551991,0.7566183822103338
2024-07-07,1.8850353336800032,-0.19410717099121286,2.8716470398522964,0.8705505632961241,0.7688853759435281
2024-07-08,5.0,-0.1428772626942497,3.619988149042792,1.0,0.869046780721073
2024-07-09,4.963242220977518,-0.14413819386822987,3.2257767414558978,1.0,0.8689942419221571
2024-07-10,4.415419276073082,0.009157569930230355,2.7395151882912274,1.0,0.8666987383568004
2024-07-11,1.2040124047112821,-0.37676634938167564,2.220157683341017,1.0,0.713574151867883
2024-07-12,-0.01224645894749684,-0.532803646217166,1.8032915449406468,0.8705505632961241,0.5926757201368918
2024-07-13,1.0764104710366427,-0.38950819197542835,2.3422012453040075,0.7578582832551991,0.6722833074018801
2024-07-14,2.2689571686629755,-0.40798107457635063,2.0320196670236714,0.8705505632961241,0.7575811731987248
2024-07-15,5.0,-0.2727686800396043,2.931193088813937,1.0,0.8613410746254812
2024-07-16,4.715894835274572,-0.055299745402691364,2.8165738870832953,1.0,0.8665816401776645
2024-07-17,1.1472826839192425,-0.011814282839242664,2.179251186307364,1.0,0.72363495668656
2024-07-18,-0.19180012352426987,-0.45833700356351603,1.2630345538952046,1.0,0.5852171017464091
2024-07-19,-0.17606104673213877,-0.48308815842471337,1.0838262614569127,1.0,0.5792614656653915
2024-07-20,-0.300923236575065,-0.5731172729365298,0.5512465980199718,1.0,0.549433451123306
2024-07-21,0.23873478319858257,-0.4533627774058557,1.1305071712244064,1.0,0.6097091088621418
2024-07-22,-0.09243340686858226,-0.5819949565715907,0.9941498972977697,1.0,0.577726312928204
2024-07-23,0.7636759709404614,-0.493940211718649,1.5053428559638051,1.0,0.6555089844398806
2024-07-24,0.3183672805520806,-0.42170512267988086,1.1756155476473797,1.0,0.6178406235133896
2024-07-25,0.0008348501215884868,-0.23102168794905417,1.0210425699429213,1.0,0.5994645053416593
2024-07-26,-0.2962597993299987,-0.30181996963179103,0.8225548885463254,1.0,0.5700920109282197
2024-07-27,-0.3052789553113354,-0.4798426382174141,0.8345939112223407,1.0,0.5624744234275968
2024-07-28,-0.15802471982878544,-0.5395176455363625,1.004352221688509,1.0,0.5754635241703495
2024-07-29,0.08621936783008916,-0.4539965143252359,1.4738787949826027,1.0,0.6109607295912078
2024-07-30,0.09671774092788804,-0.6032822494632196,1.5485804468265516,1.0,0.6079304372284435
2024-07-31,-0.39599343547190907,-0.510415686003666,0.9944521252990115,1.0,0.5604815215616871
2024-08-01,2.134574519561284,-0.32793705008315965,2.0196305817752367,1.0,0.7709619436097952
2024-08-02,1.7163657055250054,-0.10332578292919871,1.6719849770542459,0.8705505632961241,0.721434556475844
2024-08-03,0.03485873145941697,-0.3925390820862269,1.1368420463935531,1.0,0.5988628552234868
2024-08-04,0.09823505584648368,-0.44670832255340565,0.9796791013242717,1.0,0.5955921269941827
2024-08-05,1.78990017194019,-0.20333042762651934,1.735635007073313,1.0,0.7437090772140181
2024-08-06,1.608912124977344,0.09383057592965531,1.4213212667210127,1.0,0.7335477912195923
2024-08-07,-0.31942181608835596,-0.23653727446007575,0.5422765833926261,1.0,0.5619253786046939
2024-08-08,-0.3756786522968118,-0.3424364126932415,0.41444003876373176,1.0,0.5495012406101185
2024-08-09,-0.364231854089626,-0.2687325896909678,0.4694615847543774,1.0,0.5551694046487139
2024-08-10,-0.43640483164221705,-0.4532168513507421,0.14513793826927818,1.0,0.5318602403598806
2024-08-11,-0.5957751186872755,-0.694520912008352,-0.17855037099939994,1.0,0.500391608387187
2024-08-12,-0.09471076649611089,-0.5195962912398902,0.23800999366593142,1.0,0.5549697698874615
2024-08-13,-0.4225825191973278,-0.4864067343191884,0.4433288970147084,1.0,0.5413385146907023
2024-08-14,-0.43101824058080696,-0.5800271150263385,0.704575921778658,1.0,0.545583518227804
2024-08-15,-0.3745653504047773,-0.5553891476089714,0.5434971273911349,1.0,0.5450043330690122
2024-08-16,-0.042056364743670485,-0.521012281308441,0.7478514954615733,0.8705505632961241,0.5559983649723748
2024-08-17,-0.4559629188317885,-0.504499635926798,0.16716132900728511,1.0,0.5291536982145071
2024-08-18,-0.524994743438036,-0.5492704372922719,0.1608172576661558,1.0,0.5224746574724916
2024-08-19,-0.48029000538766053,-0.6690335999011584,0.06304710769868091,1.0,0.5172058365682304
2024-08-20,-0.7848329603793406,-0.7131581990240329,-0.484441391562248,1.0,0.4768148312966344
2024-08-21,-0.8425169127172828,-0.6557346271488471,-0.9721357928509687,1.0,0.4591054032592802
2024-08-22,-0.8255025894893485,-0.661852397521403,-0.6814938191518141,1.0,0.4696728501655911
2024-08-23,-0.6527024706009669,-0.6124745667542384,-0.22536771986528112,1.0,0.498454471016333
2024-08-24,-0.6005507844244191,-0.6581511894921144,0.010562760485990566,1.0,0.5078924068257337
2024-08-25,-0.44104176943201545,-0.620450320494953,0.5762656376639561,1.0,0.5389539732727078
2024-08-26,0.06186950398412039,-0.38763622657305896,1.3226225992395932,1.0,0.6070605441330504
2024-08-27,0.5929819458147757,-0.2070653631193878,1.5920987652203622,1.0,0.658974365098356
2024-08-28,1.7298463805944004,-0.13286151867614965,1.6399746048856485,1.0,0.7394530155909754
2024-08-29,-0.21400897593054527,0.12815456872911699,1.1468857068393992,1.0,0.6043020321963235
2024-08-30,-0.47106006965750186,0.31445646501508845,0.36465877440424904,1.0,0.5688536405452702
2024-08-31,-0.6189044883661896,0.01791790956844358,-0.3226884598221173,1.0,0.5237299983468686
2024-09-01,-0.6837427112616156,-0.5973627567808502,-0.22201926617674672,1.0,0.4971263955107986
2024-09-02,-0.8266199510793331,-0.7216174468473456,-0.7946457364428849,1.0,0.46333641842797557
2024-09-03,-0.7842489145686719,-0.6807683974349761,-1.0952427782783147,1.0,0.457843296526354
2024-09-04,-0.6958306581284397,-0.5542215324363617,-0.7916911399393491,1.0,0.479129020941944
2024-09-05,-0.5560684977227146,-0.5530059948370146,-0.34645363113759803,1.0,0.5033383959956902
2024-09-06,-0.7522853387283777,-0.6310613462138621,-0.7575036611052988,1.0,0.4733032992890207
2024-09-07,-0.874844295642844,-0.7054217994955857,-1.2960270979109625,1.0,0.4440835687144623
2024-09-08,-0.8175641870019273,-0.5524656714173989,-2.0778428169788508,1.0,0.42821489065818485
2024-09-09,-0.5779383412138088,-0.5639866414157998,-1.3598600078503178,1.0,0.46764266693174383
2024-09-10,-0.10041913484263802,-0.33443319478483924,-0.7249282603660027,1.0,0.5302063992155891
2024-09-11,0.693480067035824,0.05185134034562356,-0.3313748225654744,1.0,0.6123466495646068
2024-09-12,0.16094039363624768,-0.1960874552103807,-0.3234736344928454,1.0,0.5667765944588892
2024-09-13,-0.6084730268717077,-0.4468728437546846,-0.38131069010048235,1.0,0.5031050733820915
2024-09-14,-0.5762503853624141,-0.5979560950502106,-0.4585962607924466,1.0,0.4963819283223321
2024-09-15,-0.4049943757092255,-0.39661246750720414,-0.6255077423524218,1.0,0.5106245973948375
2024-09-16,-0.323440226933147,-0.16573518076744756,-0.7764575417683421,1.0,0.5206497676135352
2024-09-17,-0.4980681500095072,-0.3441564420326844,-0.9133786418592961,1.0,0.49700965018602783
2024-09-18,-0.49464163844694287,-0.23299042275124557,-0.6770707139881063,1.0,0.5097469326892984
2024-09-19,-0.2714174565488808,-0.13335080209593178,-0.07937518857351197,1.0,0.5487033798569604
2024-09-20,0.10340826092034375,-0.04773268100999305,-0.06672002613188056,1.0,0.5776810214815439
2024-09-21,-0.21425214197677467,-0.08165186481469906,-0.5613587431118359,1.0,0.5386024047305414
2024-09-22,-0.45461018058758046,-0.1509404887479228,-1.2335409546307916,1.0,0.4972854357753048
2024-09-23,-0.40081951619175993,0.0407208756398918,-1.5459083907877833,1.0,0.4984451223792854
2024-09-24,-0.37640675253264794,2.249370608508484,-1.6774327096408703,1.0,0.5877155681976479
2024-09-25,-0.14625410015570905,2.117523004889635,-1.475519090217584,1.0,0.6042958821861014
2024-09-26,-0.302006738225015,0.4691832112928039,-1.2232196355350986,1.0,0.5336415300710292
2024-09-27,-0.5083688503437338,1.5214947179863585,-1.3404087183879076,1.0,0.5598240659469191
2024-09-28,-0.3057624717978049,3.085639504393188,-1.7925469740329951,1.0,0.6198642694123798
2024-09-29,-0.3642368296268852,0.8635145320175381,-1.8751134449169982,1.0,0.5241935353617052
2024-09-30,-0.5223175455309794,0.9133332047084275,-1.8875070731161634,1.0,0.5153174780569137
2024-10-01,-0.3947242169099077,1.2354052578807495,-1.5937274502904428,1.0,0.547036022941356
2024-10-02,-0.28074796438866734,1.36915059051993,-1.643709750549475,1.0,0.5585410852941034
2024-10-03,-0.16164491724963165,0.06389401790036808,-1.3654115305401193,1.0,0.521372205244536
2024-10-04,0.050216796961929176,0.7067356608347939,-1.400356118265206,1.0,0.5611165683900715
2024-10-05,-0.17347144860303962,0.8271276272720288,-1.599988889688595,1.0,0.544565924906512
2024-10-06,-0.012574039958204062,1.2268026802543974,-1.4891040627077998,1.0,0.5756417069231263
2024-10-07,0.13554678889696384,-0.016096895467021824,-1.5812629042671988,1.0,0.5306569851397651
2024-10-08,0.39937307588805154,0.16978830144387658,-1.6782489392141886,1.0,0.5527577529788921
2024-10-09,0.046411307588219555,-0.33005171777018866,-1.6698272683046114,1.0,0.5086810233219697
2024-10-10,-0.2533564561610174,-0.6298809983597018,-1.6518337557198095,1.0,0.4768034028002842
2024-10-11,-0.3151065041111341,0.7531308382329566,-1.688866729623576,1.0,0.5290777936648451
2024-10-12,0.2386820557429535,-0.027953257453652236,-1.7552631887565238,1.0,0.5312386450304106
2024-10-13,0.3296278647459414,0.8300624144209583,-1.6060434598180053,1.0,0.5780263429233359
2024-10-14,0.21557097989315138,0.4909260946061899,-1.4807750684289038,1.0,0.5604674836538379
2024-10-15,-0.005024624210006006,0.7964340127500651,-1.2994569978782984,1.0,0.5645345423213091
2024-10-16,0.5767002964149287,0.23943163610543103,-1.2727597553843362,1.0,0.5809976794192437
2024-10-17,1.1130696705444252,0.9444086320993985,-1.1499557984685675,1.0,0.6502231444248177
2024-10-18,1.0507301947322765,1.975245526810187,-1.2260920243984206,1.0,0.6864808424526289
2024-10-19,-0.13953001141264135,0.6739504167154021,-1.5769558760498916,1.0,0.5412140707339693
2024-10-20,-0.1745974136624191,0.9598686458185133,-1.554158147556877,1.0,0.5515494277463809
2024-10-21,0.6763243618766962,1.2836999682210712,-1.076490045688826,1.0,0.6376927879446969
2024-10-22,0.19580558625568564,1.2521088909885247,-1.0084958310610752,1.0,0.6066083818395318
2024-10-23,0.803498396997259,1.6769788696646832,-1.065232694539095,1.0,0.6629329228845426
2024-10-24,0.34826556248266605,0.16224061197283635,-1.1828190486712227,1.0,0.5655504280420053
2024-10-25,0.4726607403187229,0.4908607205648633,-1.1882000507528934,1.0,0.5873565776863544
2024-10-26,-0.8341535671345182,-1.3664749430016239,-1.4153782151042076,1.0,0.4152740323958243
2024-10-27,-0.764290561261426,-0.8597125185826938,-1.338643772221029,1.0,0.44360448190092505
2024-10-28,0.21088326529911045,1.5184909084265277,-0.8024005111841568,1.0,0.6255826551649075
2024-10-29,-0.38218640254009,0.9650393872859102,-0.8721930988696571,1.0,0.5606577776719183
2024-10-30,-0.1957139412502994,-0.25993559025901875,-0.7877895659478342,1.0,0.5248621021242598
2024-10-31,-1.010010158375939,-0.695324649056971,-0.8937709768364783,1.0,0.448901763169681
2024-11-01,-0.608621700558199,-0.8333487022942464,-1.0558077110780448,1.0,0.464508766997925
2024-11-02,-0.8644918906955016,-1.067211935288393,-1.2054167218648855,1.0,0.43271948592112075
2024-11-03,-0.9757141770982338,1.4601734405938358,-1.2102539066083258,1.0,0.5304511513312501
2024-11-04,-0.6203703549626111,-0.1285084865218761,-0.7969683167024433,1.0,0.501721845507333
2024-11-05,-0.5899400289602043,-0.8424297751198085,-0.6521613616816938,1.0,0.4788307120499379
2024-11-06,0.18435733214560032,-0.7718534921989613,-0.5230439353906092,1.0,0.5376951287883963
2024-11-07,0.423045105876941,-0.6659403365493747,-0.6617342303779941,1.0,0.5533976853563056
2024-11-08,-0.565576939816237,-0.7046594917868102,-0.8374164464326175,1.0,0.48002017697337995
2024-11-09,-0.9893811370651258,-1.2679750727129946,-1.1213095897246084,1.0,0.41883197650846327
2024-11-10,-1.0200265293966115,-0.5132297864109855,-1.0454794263899896,1.0,0.45076434272676846
2024-11-11,-0.43369410199968,-0.4281296319436512,-0.7206511312216056,1.0,0.5042266208283157
2024-11-12,-0.16367225224840404,-0.7067838757917526,-0.5207494842573526,1.0,0.5172808722168716
2024-11-13,1.0145182802571044,2.156621171682343,-0.31519601251103807,1.0,0.7219872337535367
2024-11-14,-0.420541778125635,-0.2097102687178782,-0.24249620138368388,1.0,0.5301427468822566
2024-11-15,-0.6597920120871248,-0.39554115503307236,-0.38461955113921364,1.0,0.5017123326965066
2024-11-16,-1.1397309901178243,-0.798719541428794,-0.7219488581834004,1.0,0.44167299115983194
2024-11-17,-0.9486495696890868,0.8901496459924062,-0.862223271431149,1.0,0.5201054882227062
2024-11-18,-0.8126745824459225,-0.03348117586405322,-0.5797180157118625,1.0,0.5001027116522075
2024-11-19,-0.6807504529071178,5.0,-0.5134589116498147,1.0,0.637501339417865
2024-11-20,-1.0584888611694128,1.7775699461861971,-0.4029073281156743,1.0,0.5650692460759417
2024-11-21,-0.4865167219443029,1.2647797654953146,0.27084092977773927,1.0,0.6042927397586092
2024-11-22,0.24382734111586687,0.008644722068014154,0.342563154607862,1.0,0.6030341246474871
2024-11-23,-0.8152069380050189,-0.3779189257325073,0.11473430166778986,1.0,0.5087307256164039
2024-11-24,-0.900692447633299,-0.3529844361314932,-0.5191980159121232,1.0,0.4829395514552304
2024-11-25,-0.7528945750114203,-0.3460590740131875,-0.09814715094684705,1.0,0.507116328550461
2024-11-26,-0.4641727936523139,-0.3346307615978271,-0.12260924867102897,1.0,0.5260252237342353
2024-11-27,-0.6946112413098248,-0.311229190086148,-0.033927396137552954,1.0,0.514593787787837
2024-11-28,-1.1531782575928462,-0.36044355645834364,-0.20898289150438373,1.0,0.4761368715912332
2024-11-29,-1.1161700788484175,-0.25422190328671085,0.5325515222466951,1.0,0.5077477995147157
2024-11-30,-1.3020384166814818,-0.3549484503685428,0.5090086603137767,1.0,0.49037487546633785
2024-12-01,-0.5961255098450607,-0.31827384568538813,1.135522052850669,0.8705505632961241,0.5404302086962125
2024-12-02,3.500656789170819,-0.18119949036579797,2.0622670298688837,1.0,0.8361922555637212
2024-12-03,3.316302600329238,0.022619817011879137,2.094391971808709,1.0,0.845755558102452
2024-12-04,3.4185510724572885,0.3258269753920126,2.3958571308024212,1.0,0.868438028334748
2024-12-05,1.3804692513742987,-0.05151539862719279,2.412291567763935,1.0,0.7452945274076181
2024-12-06,4.146961000212951,0.17315230904812084,2.292258050308136,1.0,0.8586232812206096
2024-12-07,0.9448900357091211,0.29398629249894226,1.769942742455703,1.0,0.7092401893165874
2024-12-08,-0.8663290651919626,-0.07193798688083246,0.7159661031579201,1.0,0.5381128496390986
2024-12-09,-1.0034710759141046,-0.1419774307637721,0.3262253592139248,1.0,0.5130603806310333
2024-12-10,-0.9943689033129754,-0.30499447317329964,0.39083851319458707,1.0,0.509028587170067
2024-12-11,-0.45853096913518593,-0.2841855278889616,1.0418672014117745,1.0,0.5673191117760067
2024-12-12,0.4926929535579535,-0.08547311618466716,1.9142422321637484,1.0,0.6680928914682941
2024-12-13,0.9766833637181782,-0.16901161642869267,2.013025875970175,1.0,0.7001709360956889
2024-12-14,-0.8787785023658434,-0.10965751539363962,1.477202561483099,1.0,0.5610857887503121
2024-12-15,-0.8707048098692701,-0.21619182012918087,0.8084271862582845,1.0,0.5348925930452756
2024-12-16,-1.0126234151779026,0.021191496821186193,0.7654081843009612,1.0,0.5338883574990546
2024-12-17,-0.8364975249135922,-0.31210312090538767,0.5876214803092583,1.0,0.525816584311678
2024-12-18,-1.068782392517523,-0.3631468328327965,0.7577842856709113,1.0,0.5138761986531624
2024-12-19,-0.955006340408235,-0.32880195015194863,1.2491525910808097,1.0,0.5392712490858135
2024-12-20,-0.9204724748012889,-0.1388815712981317,1.4962620379380724,1.0,0.557723837473761
2024-12-21,0.10022387878743551,-0.31533307227686214,1.676875876048886,1.0,0.6244385764425894
2024-12-22,0.566690167256619,0.12263277295922809,1.973267254901393,1.0,0.6836646185204557
2024-12-23,1.9224301643723107,1.1408450144954678,2.4657760015688166,1.0,0.8328897532810925
2024-12-24,-0.3130168786739765,-0.350945055656433,1.5417902949105409,1.0,0.5909025072664016
2024-12-25,-1.0660334311567208,-0.40339988812131716,-0.02838679923962914,1.0,0.48617654927650944
2024-12-26,-0.9691905194463509,-0.34950059905893927,0.6894330520957324,1.0,0.5188058754793119
2024-12-27,-1.0092634739474735,-0.16338930935760726,0.6129694441671015,1.0,0.5213401953191715
2024-12-28,-1.0330100528514155,-0.2654115452417156,0.14756206632678645,1.0,0.4999925843023937
2024-12-29,-1.1201475356608326,-0.38829293112513036,-0.7157553156308782,1.0,0.46028611497136807
2024-12-30,-0.9258897179405732,-0.3996661813299893,-0.19448000120910816,1.0,0.49013859454157527
2024-12-31,-1.1078832283533777,-0.33300639385615094,-0.2577677749428114,1.0,0.4786735925343415
2025-01-01,-1.0490743106898357,-0.3630201873459146,0.3168066245609108,0.8705505632961241,0.4810786767943802
2025-01-02,-0.6065424843552355,-0.3559540280617399,1.411303573142183,1.0,0.5667758689784845
2025-01-03,-0.7530331852088411,-0.24263118787290258,1.701343489670468,1.0,0.5713996044803886
2025-01-04,-0.45142723875189905,-0.2793352460428988,1.7978036768764578,1.0,0.5931926713939679
2025-01-05,-0.23087518102794988,-0.18812069893758956,1.7157034464959882,1.0,0.6089600736922701
2025-01-06,-0.01057270663444225,0.10217517743713823,2.1700934431778274,1.0,0.6508889000568456
2025-01-07,1.5217716831509873,-0.20175756080873147,2.2100293789233474,1.0,0.7417125264738137
2025-01-08,2.311543209333279,0.023650414586439326,2.2935694613226825,1.0,0.806540629940743
2025-01-09,2.499319878750215,0.0024655443669903358,2.3572473847369606,1.0,0.8202989690898711
2025-01-10,1.3389429200913294,-0.021565817134872524,2.1073367596031165,1.0,0.7336088442789063
2025-01-11,-0.4979160600635096,-0.29213282623063735,1.424580632078372,1.0,0.5771194159721019
2025-01-12,-0.20295976856308334,1.8658317789708756,0.9453763510246939,1.0,0.6707248845870707
2025-01-13,0.2575958729903731,-0.10147832936869189,1.3081559368270972,1.0,0.6315499923698993
2025-01-14,0.7164950017660452,-0.3129499032141871,1.841956539885946,1.0,0.6711253054800101
2025-01-15,0.9016023440329616,-0.1769806060311653,2.2788470996460712,1.0,0.703694201005768
2025-01-16,1.3024371966619657,0.6180248094673406,1.9530694668191315,1.0,0.7526824957325747
2025-01-17,0.1754713307968319,-0.1994264264690038,1.2596503738199942,1.0,0.6203770000775801
2025-01-18,-0.48728109152492277,-0.015488886377683324,0.47244672055175635,1.0,0.5576174476509935
2025-01-19,2.4802657821922818,-0.03964907404026189,1.0560242975483523,1.0,0.773899817312753
2025-01-20,4.439543075979652,-0.1295708064811087,2.2865619414352434,1.0,0.8458199477777953
2025-01-21,4.064906486993314,-0.2734506314992432,2.640070062910532,1.0,0.8516085591178827
2025-01-22,4.102285531107949,0.06124640576705973,2.813953773635581,1.0,0.8713503926948135
2025-01-23,3.482472949712574,0.6273009185886576,2.3662834659326735,1.0,0.8800136538056166
2025-01-24,1.221285409178705,-0.18098201052173002,1.6649615381600207,1.0,0.7043768281121756
2025-01-25,0.5338145059443621,0.01622250421156694,1.060611803389574,1.0,0.6466172981847587
2025-01-26,-0.5792371351411855,-0.3214947672997707,0.3238218611378497,1.0,0.5337826377243589
2025-01-27,-0.2845646776867105,-0.24328721746601262,0.843753056777899,1.0,0.5740171559857321
2025-01-28,-0.147737988089739,-0.34151977002208384,0.3453713381739285,1.0,0.5624331883155615
2025-01-29,-0.48391081427724286,-0.31622644257859606,0.04550839551597751,1.0,0.5310801237912749
2025-01-30,-0.3611720742580094,-0.14977730649676763,0.3532414064901642,1.0,0.5564558541617729
2025-01-31,-0.7486075350596709,-0.31962500436337504,-0.21702418097649007,1.0,0.5045409831149983
2025-02-01,-0.6857638601935928,-0.30657867506868935,-0.4115948296635641,1.0,0.5027884702037796
2025-02-02,-0.49134418201249375,-0.1438697597294046,-0.18774947065538913,1.0,0.5299908321885956
2025-02-03,-0.46678932638700993,-0.37119551536382356,-0.01639369309174826,1.0,0.5278677753309818
2025-02-04,-0.5080575104704874,-0.34998369366148446,-0.28731919903996445,1.0,0.5169695387647402
2025-02-05,-0.481198335946252,-0.3669632717431689,0.30466030199300415,1.0,0.5377853180140513
2025-02-06,-0.5485190397635402,-0.3203531578717464,0.21213268840053393,1.0,0.5321551053844591
2025-02-07,-0.3400792490266121,-0.373543215294129,-0.21187117099838954,1.0,0.5297013770610242
2025-02-08,-0.5238679621517267,-0.28669420253211864,-0.17510909917831374,1.0,0.5222929074451028
2025-02-09,-0.5498158072401791,-0.31358204038930415,-0.2925069924729677,1.0,0.5155294614186682
2025-02-10,-0.06451258838417219,-0.34991187283071745,0.08743947195667531,1.0,0.5590341484716644
2025-02-11,-0.33380907582465497,-0.24121724972517475,0.7077168357660081,1.0,0.5662859040653411
2025-02-12,-0.4314473532184928,-0.24604265648716467,0.6027998465467869,1.0,0.5560783939833615
2025-02-13,-0.37224271580727586,-0.2726746576056575,0.33959864257577216,1.0,0.550142329631805
2025-02-14,0.13314658778080637,-0.21541609352929356,0.6130172949505882,1.0,0.5953346784533529
2025-02-15,-0.5668371731206928,-0.2969478803819985,-0.04753285237455575,1.0,0.523253598363552
2025-02-16,-0.6232955659614083,-0.22199542347546683,-0.5740605084097148,1.0,0.5050618026774379
2025-02-17,-0.08865096493947133,-0.6022698249120938,0.6543254669511266,1.0,0.5658062085310689
2025-02-18,0.4784278591901998,-0.6135357067067209,1.1656552326720828,1.0,0.6201863772556361
2025-02-19,0.8663766847521356,-0.49920417238852544,1.526342126306917,1.0,0.6628363426775178
2025-02-20,1.2085068824691116,-0.38803912417913883,1.4242604192698147,1.0,0.6868741759661372
2025-02-21,2.6758730402083275,-0.3887328646803565,1.411109693653554,1.0,0.7842313231073255
2025-02-22,-0.10738776708202019,-0.3916566429159493,0.3640018469038984,1.0,0.5636551836364975
2025-02-23,-0.5794862983433264,-0.6325347161554095,-0.6755672300441214,1.0,0.48749305926916553
2025-02-24,-0.28381286783206455,0.02611657826865989,-0.2135994628486836,1.0,0.550047350810767
2025-02-25,-0.3650733186768,-0.6594391787010506,-1.086046748160906,1.0,0.4869835880369727
2025-02-26,-0.5461577261818286,-0.29998288331663625,-1.0215435324558242,1.0,0.4920387470344908
2025-02-27,-0.6287950119902199,-0.4414534097473772,-1.5612830645762563,1.0,0.4626436716419694
2025-02-28,-0.6422375508583232,-0.6108549805796379,-1.4729544819882598,1.0,0.4576333896856849
2025-03-01,-0.2881429240514693,-0.3093514220173116,-1.559468888574774,1.0,0.49091853286002163
2025-03-02,-0.08440407947683884,-0.01617035585105514,-0.8774571712883009,1.0,0.5394507241648068
2025-03-03,0.96158629251609,0.971897771524425,0.2218473275970943,1.0,0.6869964042344936
2025-03-04,-0.13898046680929685,0.6175519838221203,-0.5771461290932624,1.0,0.5722277639021932
2025-03-05,-0.5239135668230089,0.6641627020009165,-1.349259218939754,1.0,0.5227705674971791
2025-03-06,-0.22614833717873012,-0.2304097857587317,-0.6102624996258618,1.0,0.5299809531272754
2025-03-07,0.3446220751306191,0.36283906122245363,-0.4745078680894699,1.0,0.5972761702899945
2025-03-08,-0.34619841654689465,0.3247784151805325,-1.2179881794944172,1.0,0.5248529335462486
2025-03-09,-0.125671417214763,-0.059393753791786116,-1.6079149779638666,1.0,0.5105499998455625
2025-03-10,0.9463859212487775,0.44121031481724093,-0.9921679086785868,1.0,0.623403894244684
2025-03-11,0.07041451371850913,1.2519480369250147,-1.2306241096495574,1.0,0.5908379987981243
2025-03-12,0.2789534318128694,0.008851558098323706,-1.6049267806651029,1.0,0.5404681510194514
2025-03-13,0.10159487824591293,0.0837449718644093,-1.399559026868819,1.0,0.5386103981484506
2025-03-14,0.08948958845529435,5.0,-1.4792771262716111,1.0,0.6566567350212993
2025-03-15,-0.5423401723866934,1.4283168929321925,-1.900750286563054,1.0,0.5349988494942933
2025-03-16,-0.28822175553436785,0.43125634279815533,-2.0654731185973016,1.0,0.5049051266277219
2025-03-17,0.06941581603892497,0.9877705919427672,-1.4869699225411972,1.0,0.5712191649821704
2025-03-18,1.210228682781992,5.0,-0.7171532226218889,1.0,0.7567768047647365
2025-03-19,0.12563851404844004,1.1539101058909191,-1.3454677253276308,1.0,0.5866065645044299
2025-03-20,-0.04876280734212458,2.864622218171356,-1.468342352834459,1.0,0.6421636601731828
2025-03-21,0.5814910737325419,3.1722579011846204,-0.9504738844776263,1.0,0.7070836087662485
2025-03-22,-0.3172731487807485,-0.16372309068327798,-1.620378195945683,1.0,0.4930140547712908
2025-03-23,-0.3911951937284997,0.49055324376990567,-1.6200972752907077,1.0,0.5153567963988225
2025-03-24,-0.3156793967160739,-0.1149751910036537,-1.1304566322478313,1.0,0.5114821861855151
2025-03-25,0.19240721648367115,-0.14994938314521952,-1.1629922880857229,1.0,0.5428128471983366
2025-03-26,0.4363567461574598,-0.1534095681167547,-0.9375046592614777,1.0,0.5664482290969166
2025-03-27,1.7255699372915234,-0.17503021454501652,-0.5718499806583572,1.0,0.6636834041914473
2025-03-28,-0.16366847127912562,-0.18594607568260016,-1.3572377836968499,1.0,0.5110997559713883
2025-03-29,-0.45888656987728504,-0.14998288320649153,-1.7643842237789045,1.0,0.47934546774861364
2025-03-30,-0.43145058730226016,-0.1535170225843253,-1.8298816804119002,1.0,0.47884402889177247
2025-03-31,-0.5912224027123834,-0.19151034059011507,-1.7321388262207331,1.0,0.46986761475389516
2025-04-01,-0.4682988576499792,-0.17055861683697338,-1.4583814948471256,1.0,0.4880607506268899
2025-04-02,-0.4875463719996548,0.027079311956146223,-1.1212231961649526,1.0,0.506251106659364
2025-04-03,-0.29339875354388534,-0.19668372839374698,-1.199310950351198,1.0,0.5072678960689616
2025-04-04,-0.3043340251265183,-0.21780867759676298,-1.2320101313119716,1.0,0.504568699047968
2025-04-05,-0.6746392564465623,-0.18945422216632365,-1.4439286000674065,1.0,0.4739991703110521
2025-04-06,-0.3392168000399374,-0.21942080738577122,-1.4756125241788636,1.0,0.4940559288836349
2025-04-07,-0.20839371454105027,-0.08596877164083863,-0.9035257932734271,1.0,0.5274075271031141
2025-04-08,0.6714648937539123,-0.20351081471812335,-0.5783940254187033,1.0,0.5920049081230488
2025-04-09,1.2677745755036949,0.3550761400455759,-0.23682897461423308,1.0,0.6664188450483376
2025-04-10,-0.12202468563151582,-0.20912986380922757,-0.819771844690303,1.0,0.530825548476171
2025-04-11,-0.3931837174942763,-0.21091446353455745,-0.7699900156717734,1.0,0.5143333156640493
2025-04-12,-0.22324013521059066,0.39334603640614035,-0.9493985753149012,1.0,0.5448601233257198
2025-04-13,-0.2571173443654797,0.6200722205773225,-1.3403961255268009,1.0,0.5390153153821298
2025-04-14,0.1544557782071616,0.6522490637448775,-1.211646569312472,1.0,0.5720858772260982
2025-04-15,0.27885551428119965,1.5777501567422678,-1.1495294107388072,1.0,0.6210123104583809
2025-04-16,0.7504110018815234,-0.20563612485992175,-1.0291435556083866,1.0,0.5821544430693253
2025-04-17,0.04187353791815397,0.23588936450116343,-0.8165676839785874,1.0,0.5604013699161391
2025-04-18,-0.3051799537093083,5.0,-1.300521940747739,1.0,0.6363039383944549
2025-04-19,0.3982976917916897,-0.1767885272882237,-1.2971307612101697,1.0,0.550949298775431
2025-04-20,0.3249730732188032,1.053540590940105,-1.2219099614323485,1.0,0.5998320641226798
2025-04-21,0.2213835628878544,-0.004542344711615372,-0.9711134496153109,1.0,0.5571991915090293
2025-04-22,0.7467353702041241,-0.18867277574344035,-0.8886257197640801,1.0,0.5873001350321623
2025-04-23,0.5949326221240879,-0.20871393249984987,-0.7295124743566839,1.0,0.581648678475556
2025-04-24,0.5200372690360335,-0.22944338222820843,-0.5811787845253463,1.0,0.5807363841920488
2025-04-25,-0.09140601943245882,-0.21130046490179513,-0.7006944842519548,1.0,0.5367455965251962
2025-04-26,-0.4087501223897449,-0.23760489520661462,-0.9916954131687477,1.0,0.5047932741014498
2025-04-27,-0.6917947502867469,-0.2619611709360377,-1.61765098145246,1.0,0.4640436018101334
2025-04-28,-0.520122372589453,-0.17861762547905474,-0.7439706516306371,1.0,0.5080837523780546
2025-04-29,0.16842348747644145,-0.25620007810448364,-0.4077522242842419,1.0,0.5619614884346013
2025-04-30,0.3929901104753262,-0.28256808882253337,-0.4781650847674273,1.0,0.5734868341718353
2025-05-01,0.5522075340329191,-0.1929261488060902,-0.14831851803077511,1.0,0.5988312954675817
2025-05-02,1.6753881342744987,-0.21609695669258835,0.06871925845581471,1.0,0.6799791443713027
2025-05-03,0.8748813361198091,-0.23458196690972374,-0.3385653288311873,1.0,0.6122656628257093
2025-05-04,-0.6086249705367816,-0.27934818005789747,-0.8998953076514495,1.0,0.4927889842067539
2025-05-05,-0.7102161946677699,-0.24810459166717527,-0.776289797900803,1.0,0.4914382357726562
2025-05-06,-0.6221792637385117,-0.2917644266307483,-0.8016544308052936,1.0,0.4946427169476416
2025-05-07,-0.6045787803723446,-0.2922953691947221,-0.603018553709384,1.0,0.5024151558017508
2025-05-08,-0.5204211716273143,-0.298764543237488,-0.386930946531265,1.0,0.5149590343722416
2025-05-09,-0.633322473569277,-0.32020447339258135,-0.5417138583779727,1.0,0.501379520091425
2025-05-10,-1.238056438310663,-0.3230596465035021,-1.2907900244939563,1.0,0.4359757513585114
2025-05-11,-1.0049033552357285,-0.31516012347272676,-0.9334358827566344,1.0,0.46376024174770003
2025-05-12,-0.6132747685833826,-0.2997363235887985,-0.06746051933948553,1.0,0.519377317966925
2025-05-13,-0.4161020784723184,-0.2954234342511648,-0.1694179803832452,1.0,0.5293032856619387
2025-05-14,-0.2902477436978236,-0.2880806012095551,0.14204120378246712,1.0,0.5483814988291625
2025-05-15,0.8994825519485264,-0.2807172364904585,1.4226867371730185,1.0,0.6706918431819
2025-05-16,3.138264798791043,-0.24462849137234047,1.4070193784138836,1.0,0.8117077921399487
2025-05-17,0.5733299085745905,-0.20272424562848143,0.47532121818504897,1.0,0.6206191909432877
2025-05-18,-0.4846042700646217,-0.31169287434360754,-0.3666717833839574,1.0,0.517483452785243
2025-05-19,-0.7055270125546028,-0.2557525340118373,-0.14635353335281845,1.0,0.512430059134106
2025-05-20,-0.4690596133461747,-0.2515521203703495,-0.38389741356393176,1.0,0.5204514403093594
2025-05-21,-0.29213559878215717,-0.28002736152627355,-0.6958123739275598,1.0,0.5206627408866762
2025-05-22,-1.1283873065875292,-0.3105956241651526,-0.930168328974204,1.0,0.4558270842548099
2025-05-23,-1.0539431689500143,-0.31303344388594334,-1.0530995010535131,1.0,0.45659074520630094
2025-05-24,-1.069628871384174,-0.3142588867315659,-1.7115840716328365,1.0,0.43354448590614525
2025-05-25,-1.5193171931055547,-0.3129576226138874,-2.265970304762928,1.0,0.3851399426919534
2025-05-26,-1.3445147822000683,-0.30494102864778777,-1.6231295104574763,1.0,0.4185554879777551
2025-05-27,-1.0275499632144858,-0.26560490296751826,-0.6763004204496715,1.0,0.47288645081373193
2025-05-28,-0.8865692975928291,-0.2727969185606995,-0.7227548254940821,1.0,0.4804370143706461
2025-05-29,-0.2437573938879032,-0.2692808088583206,-0.2319630598045923,1.0,0.5397973713782234
2025-05-30,-0.10026360608156505,-0.2886022075129327,0.17785129691866533,1.0,0.5622190441788123
2025-05-31,-1.4665690202888066,-0.31647112199480903,-0.44046084236839134,1.0,0.4493604071520161
2025-06-01,-1.5563304591677392,-0.28331945708340656,-1.6966183830082315,0.8705505632961241,0.38346829707115304
2025-06-02,-0.8870153065106989,-0.2691015870145291,0.42796571240375325,1.0,0.5189186038538065
2025-06-03,-0.802225542911422,-0.2713642582040881,2.534708645591738,1.0,0.5947017412337928
2025-06-04,0.4158516733858477,-0.26970665351394657,3.786450507898158,1.0,0.6914856676626421
2025-06-05,-0.5496523865330957,-0.29890254276715067,3.551684334503608,1.0,0.6259022349491623
2025-06-06,-0.715460803425662,-0.3086453637102482,3.0288376092771103,1.0,0.6144423896170289
2025-06-07,-0.6669010733051447,-0.28694380605122816,1.656308482974072,1.0,0.573794219293325
2025-06-08,-0.968024390060275,-0.27216549120657946,0.896633110111931,1.0,0.5290125821994386
2025-06-09,-0.8537379440689936,-0.2252738252374015,1.725975111775515,1.0,0.5662302314030259
2025-06-10,-0.5784670979962827,-0.2261561425640377,2.213358240868425,1.0,0.6007909622223604
2025-06-11,0.1595708238964604,-0.21882779962521479,3.3820305882785773,1.0,0.6765202299420469
2025-06-12,1.1878507222608736,-0.24188620775793535,3.8954391768091914,1.0,0.744111456160811
2025-06-13,-0.2985098068533396,-0.21863760533876536,2.614934552033967,1.0,0.6331539310551277
2025-06-14,-0.5424191440574088,-0.21520562648551744,1.2149817036720505,1.0,0.5703712127483446
2025-06-15,-0.9645725457707763,-0.21023141323203481,0.3168499224503506,1.0,0.5124971854789585
2025-06-16,-0.40016018307598594,-0.20908747765734303,1.404154062523827,1.0,0.5864158116433392
2025-06-17,-0.4802654636708218,-0.22677028307063482,2.317768124026081,1.0,0.6107924780948715
2025-06-18,-0.04377208710234457,-0.198624611480621,3.0616453101745273,1.0,0.6638058353814845
2025-06-19,-0.1503043087053878,-0.22695878475028233,2.7442488797353914,1.0,0.6469980593795588
2025-06-20,-0.8868439914545387,-0.25116564522276985,2.3648561343243357,1.0,0.5842403698295598
2025-06-21,-0.8330475794601112,-0.23565063018971208,3.1571676553370076,1.0,0.6096447184447545
2025-06-22,1.2973476228696477,-0.2241594307168884,3.524507809879393,1.0,0.7521498652447728
2025-06-23,5.0,-0.21780844923182704,4.252243868027055,1.0,0.8659246479486739
2025-06-24,5.0,-0.2097508410685687,3.731212809375222,1.0,0.8662603816221429
2025-06-25,2.8816941046291795,-0.2088153442790367,3.164648898926204,1.0,0.8584123009636521
2025-06-26,1.4674822284011824,-0.10693351551752345,2.5970195469258726,1.0,0.7549439036443779
2025-06-27,0.22336141434277051,-0.11875476214299475,1.7151959245363075,1.0,0.6421158433514369
2025-06-28,-0.10459763958882455,-0.18356168929354572,1.6457851092144795,1.0,0.6152379239473299
2025-06-29,0.17435324626453116,-0.2185008164964813,2.0588515208041636,1.0,0.6461477330904208
2025-06-30,-0.23508764139809601,-0.19949153600222813,1.5001293215137137,1.0,0.601019653957158
2025-07-01,-0.06343565575989578,-0.2377507448662986,1.7270123595721016,1.0,0.6184317538989813
2025-07-02,0.0010781709008335087,-0.2188509843271326,1.684413485670235,1.0,0.6221002032354329
2025-07-03,0.3699919622037533,-0.22030243625756998,1.8386967602232491,1.0,0.6517767546436265
2025-07-04,-0.20151609455645897,-0.21247740800807993,1.0879185019654767,1.0,0.588976318428082
2025-07-05,-0.20094354076170426,-0.22064400775258453,1.4178782649293362,1.0,0.5996728724571733
2025-07-06,-0.08994454904333815,-0.23635327846106755,1.5258527064655392,1.0,0.6100174003434177
2025-07-07,0.21349121833861742,-0.2212078357046083,1.7258132182177932,1.0,0.6375428620088089
2025-07-08,0.6645694448022875,-0.20959236066251474,1.8339974250848814,1.0,0.6717048621287105
2025-07-09,0.7302663563967243,-0.19807142984229884,1.5408422117063132,1.0,0.6667928545732297
2025-07-10,-0.012423015747710686,-0.21618250077861964,1.3259707690455778,1.0,0.6093632203858961
2025-07-11,0.47690604054810004,-0.2030635092430605,1.7473976803964517,1.0,0.6565793458312942
2025-07-12,0.13046461697578274,-0.2011595765079966,1.2537091056139422,1.0,0.617106295631017
2025-07-13,-0.2553873879432002,-0.19656755273557344,1.1472524012292609,1.0,0.5880256061474465
2025-07-14,0.1323365912996226,-0.18321884203441177,1.4573745857214861,1.0,0.6247674738592572
2025-07-15,0.34105324438060547,-0.1847365216194841,1.5594559850463319,1.0,0.6420213940594396
2025-07-16,0.7232811462374117,-0.1741657770948819,1.5448522195850107,1.0,0.6674569096897077
2025-07-17,3.7691685359458424,-0.02679200328076754,1.434584349309848,1.0,0.8217031448402963
2025-07-18,0.4204171304893537,-0.2539830793579196,0.997657229920545,1.0,0.6257004213900618
2025-07-19,-0.05245911470895585,0.2044415633696278,0.531667358211731,1.0,0.5977433694335285
2025-07-20,1.2094614777040493,0.011622211298777758,0.7274913690424727,1.0,0.6803647362858015
2025-07-21,-0.04258532829756791,0.44993268151384486,0.9315025749463804,1.0,0.6219582590081184
2025-07-22,-0.2764865529032057,-0.41132657538081097,0.8541512783318079,1.0,0.5679006651099794
2025-07-23,-0.09027644500566985,-0.7758302177272887,1.2146366046543762,1.0,0.5771431980827976
2025-07-24,0.8904342459186478,-0.926749493535928,1.397119264225759,1.0,0.6423183629714382
2025-07-25,3.161721099795512,-0.13638689557248226,1.5133846372985205,1.0,0.8197633672610973
2025-07-26,1.100188451691033,0.10585325106580726,0.8631031877616833,1.0,0.6815265551658669
2025-07-27,0.34413253672556915,-0.01843959713251381,0.8739859050604676,1.0,0.6263067160698654
2025-07-28,2.7802513358038907,-0.42661980103412583,1.5767411371830817,1.0,0.795132301916607
2025-07-29,4.394083324374457,-0.8160334647782392,1.6249528808555243,1.0,0.7951637016627576
2025-07-30,2.203598375621695,0.6021547953082509,1.4465059041961257,1.0,0.7952132049858277
2025-07-31,0.2544941223060909,0.03220756297913498,1.0080159630841357,1.0,0.6269087887140079
2025-08-01,-0.6326339792868886,-0.44125164069316425,-0.5517855759713278,1.0,0.4960460638196147
2025-08-02,-0.6736927269727021,-1.2402381965733815,-0.6516672284214432,1.0,0.45668831906388085
2025-08-03,-0.7290379325990543,-1.527484787013135,-0.3860289688149433,1.0,0.449884639407351
2025-08-04,-0.45022478569784236,-1.3327449143474341,0.2790864032105578,1.0,0.4987568562960194
2025-08-05,-0.525180702835465,-1.0604415733684414,0.24609378663528048,1.0,0.50400601380846
2025-08-06,-0.5023441665373896,-0.9659030744165689,0.06413509030885403,1.0,0.5034022638071122
2025-08-07,-0.42772389008451367,-0.7135459162354663,0.38241446262659085,1.0,0.529501142905441
2025-08-08,-0.39190324715463093,-0.5198719156400269,0.4542522921666622,1.0,0.5423535301102456
2025-08-09,-0.2901250284032779,-0.571060136824972,0.27558358439691827,1.0,0.5410502785519716
2025-08-10,-0.4340375008871903,-1.0572486978026896,0.4418000424127924,1.0,0.516738805612835
2025-08-11,-0.2542904726917259,-1.096349968030881,1.0177521938501557,1.0,0.5462911262809368
2025-08-12,0.4627565185215459,-0.5945578568370098,1.1354783275763942,1.0,0.6189264681191075
2025-08-13,0.14648142933812655,-0.6730993489216957,0.8377822785355015,1.0,0.5846456983686545
2025-08-14,0.21048463744662593,-0.47189924356185553,0.8261596657925412,1.0,0.5969084962077825
2025-08-15,0.13586782120074312,-0.6762579431898463,1.0421376275753298,1.0,0.590618361366317
2025-08-16,-0.27274465622320293,-0.7219909021737317,0.7480682139139323,1.0,0.5516696757916787
2025-08-17,0.005880677009921669,-0.6838858741139792,0.6540163915588459,1.0,0.5686973467645405
2025-08-18,-0.31153287125009577,0.1221519360758601,0.03996619094032321,1.0,0.5606530122844986
2025-08-19,-0.4163857329046009,0.32677718785797705,-0.19028789932289983,1.0,0.5545137373230123
2025-08-20,-0.5644252913326964,-0.09699990357375043,-0.5278739507515244,1.0,0.5157341862371966
2025-08-21,-0.6304767940186266,-0.41431322164673834,-0.8252204629114978,1.0,0.4881978140664276
2025-08-22,-0.672328921684175,-0.6679108167388998,-0.4267129689829147,1.0,0.48812468889083704
2025-08-23,-0.7513208048749366,-1.0745454311595495,-0.6601381087836199,1.0,0.45813461641723574
2025-08-24,-0.7785455260798828,-1.126726486256672,-0.8788300638346009,1.0,0.4468556925394931
2025-08-25,-0.7680668426809003,-1.1698097953299857,-0.86586286709967,1.0,0.44619137344586823
2025-08-26,-0.7527415298437803,-1.1472209836870435,-1.3707661677600398,1.0,0.4313241514314532
2025-08-27,-0.7408043283470265,-0.8338894746859244,-1.6240081622661235,1.0,0.4367340445894139
2025-08-28,-0.6989727901889515,-0.896690255899948,-1.6095255090118252,1.0,0.43738886969117796
2025-08-29,-0.6966880643868723,-0.9698195463366481,-1.628106739430708,1.0,0.433874756629158
2025-08-30,-0.7138034419485989,-0.7665119413560221,-2.1206210851053093,1.0,0.4247877368100822
2025-08-31,-0.8498599847981237,-0.8947020216984493,-2.510621618833388,1.0,0.39737602948157674
2025-09-01,-0.586437220907385,-1.0882467129962208,-1.7855262792409887,1.0,0.43104302958996554
2025-09-02,-0.4859257617101595,-0.37740586704694695,-1.2510730431741561,1.0,0.4851772699865614
2025-09-03,-0.5838359267690871,-0.32722588116033174,-1.109399146277278,1.0,0.4854632216244711
2025-09-04,-0.5652803385561787,-0.3046170355903165,-1.359324769193836,1.0,0.47931144197353037
2025-09-05,-0.334752143151914,2.8519405195487075,-0.8589844188818268,1.0,0.6428812314750076
2025-09-06,-0.3039283433469153,0.9497252307765598,-1.3467642790686862,1.0,0.5494178524236061
2025-09-07,-0.6524866918259783,-0.5737751598869806,-1.9605199376171247,1.0,0.44224292429573975
2025-09-08,-0.5231760155919123,-0.5018119358006671,-1.8709910124767681,1.0,0.45684640121961917
2025-09-09,-0.46358633638052416,0.2700127390081623,-1.7574311767297728,1.0,0.49676373580897937
2025-09-10,-0.3898227985916965,0.2591861478556109,-1.531471837188044,1.0,0.5087621750149359
2025-09-11,-0.45792853241623455,0.19627800109968999,-1.0338646736621946,1.0,0.5181875254293317
2025-09-12,-0.3269842071163911,0.14549143937648182,-0.9620520340183061,1.0,0.5271947950323171
2025-09-13,-0.5530928988224697,-0.4578402987699688,-1.3415739112074576,1.0,0.4743313305895047
2025-09-14,-0.3973196185549118,-0.24793755394455871,-0.8576012919459534,1.0,0.5095945842837841
2025-09-15,0.1408402180462804,0.82061934772447,-0.6561608427265718,1.0,0.5967097926007192
2025-09-16,-0.3938843171995887,1.1779976199969808,-1.0688639337761872,1.0,0.5621954818940288
2025-09-17,-0.3450686106333079,1.2742948160092107,-1.0626927305710439,1.0,0.5696679522724619
2025-09-18,-0.09182300173095377,2.122409178024805,-0.3802922641265384,1.0,0.6446357734980853
2025-09-19,0.21821347449328315,2.571273755289595,-0.21305487002142623,1.0,0.6895821424359044
2025-09-20,-0.22621555901742316,3.1020614460693925,-0.9718260605030185,1.0,0.6525247607154046
2025-09-21,-0.25396421164814653,3.0634241011738,-1.3441906168173026,1.0,0.6382626986628802
2025-09-22,0.15302058405066832,3.1864882331126614,-0.9522265745823505,1.0,0.6784604864506328
2025-09-23,0.29429459907777794,2.604979438699459,-0.5458984133033805,1.0,0.68496383610755
2025-09-24,-0.18987978518374035,3.2460566935090633,-0.9036905657428959,1.0,0.6572183287963208
2025-09-25,0.19524323316855494,1.5835449055797148,-0.7335183245731752,1.0,0.6295466424579527
2025-09-26,0.3323516549582487,1.443134337343182,-0.5166322272505781,1.0,0.6400663001448299
2025-09-27,-0.07444970082571863,1.1328851456645137,-1.1639220067373013,1.0,0.5784428341230635
2025-09-28,0.4951480067073616,0.4467569072876393,-0.5885337056478298,1.0,0.6070069480625481
2025-09-29,0.9259308631204687,0.9004745309197301,-0.6230365916344481,1.0,0.6534806099418717
2025-09-30,-0.08680608937530894,1.3492850898363247,-0.9518632299424117,1.0,0.5937043651200792
2025-10-01,0.25689213803253236,1.3010140126906236,-1.2299648911925807,1.0,0.6053362300245254
2025-10-02,0.48194716437075336,1.3012437055116985,-1.375938198790711,1.0,0.6154836920613472
2025-10-03,0.6526201373165023,1.2459925645041365,-1.1096505147059943,1.0,0.6334360155185728
2025-10-04,0.4794406601594217,0.981662799536994,-1.0875979074782938,1.0,0.6116120637420597
2025-10-05,0.6593093264921481,3.075329975098348,-0.9116504052901949,1.0,0.7135656082564701
2025-10-06,2.0463836512536804,1.7594313375624495,-0.5357795411230576,1.0,0.7668758977779122
2025-10-07,0.4049801088710945,1.578946670603604,-0.926182764375881,1.0,0.6369153597206938
2025-10-08,-0.07921501463546987,1.2480248058533918,-1.1664526066607874,1.0,0.582838279046167
2025-10-09,0.08936351520940741,1.393750324463269,-1.667052677321804,1.0,0.5834620752892032
2025-10-10,-0.27887483720294504,1.7480085645891887,-1.7582926915317916,1.0,0.5706322779932935
2025-10-11,-0.3755652855530812,1.526619511894793,-1.8437929994517088,1.0,0.5521116939770208
2025-10-12,0.04170395989240911,5.0,-1.788492790477338,1.0,0.6431638376435828
2025-10-13,0.26938504882344694,1.9248914590949948,-1.3813310236690632,1.0,0.6271184465948858
2025-10-14,0.07194617879663505,0.09212498674573429,-1.317314554482954,1.0,0.5397244678847495
2025-10-15,-0.04433587177580068,-0.12696956332866327,-1.4024605515919115,1.0,0.5200051916898553
2025-10-16,-0.19936952773917113,0.4256713297252957,-1.3892313268497731,1.0,0.5331372926609502
2025-10-17,0.13614317070978912,0.9148958435238687,-1.4345680125513551,1.0,0.5743779377757686
2025-10-18,-0.09353981665416258,-0.04637603994651434,-1.5441793734398839,1.0,0.5153590314439549
2025-10-19,-0.3077541003589913,1.0707782390880787,-1.474280507781507,1.0,0.5499561363453537
2025-10-20,0.016473927290160537,0.658170485818892,-1.220328037422106,1.0,0.5628444308143944
2025-10-21,-0.11792669723103683,1.8466221396030829,-1.1498877048535963,1.0,0.6057512191729395
2025-10-22,-0.11752438019958297,0.612466286845397,-1.1033918471174644,1.0,0.5559047417013372
2025-10-23,0.8260901637789305,-0.2880467459568049,-1.101455904884088,1.0,0.5813555330075922
2025-10-24,1.3408914675523707,0.08670996378142481,-0.9774773205827727,1.0,0.6354231023082918
2025-10-25,0.5575816191877694,0.662391962144245,-1.253201535033517,1.0,0.5979983885340776
2025-10-26,-0.25718521588792054,3.89700602564516,-1.3197534777552458,1.0,0.6388625363489637
2025-10-27,0.6835682759016701,1.7219384390956722,-0.9047040692876701,1.0,0.6621618510461754
2025-10-28,0.36314068876690436,-0.06198994105653936,-0.8892153703959229,1.0,0.5669859526939071
2025-10-29,-0.24613087932660796,0.7621713716923011,-0.857422215147973,1.0,0.5617676746938063
2025-10-30,-0.07706093304650037,-0.5078441223097755,-0.9528353481439668,1.0,0.5169412544291938
2025-10-31,-0.7893687034395857,-0.5149607250258676,-1.0349366924398595,1.0,0.4664208331466212
2025-11-01,-0.14773222235162958,-0.9195898545935363,-1.3964038699475847,1.0,0.48028814557024124
2025-11-02,-0.5270634092164039,-0.7195481561803069,-1.1916364708861251,1.0,0.4701600505151895
2025-11-03,0.15836255083825934,-0.24069594462094715,-0.7742286045176416,1.0,0.5497208855460898
2025-11-04,0.37010544501950504,-0.3061072503225172,-0.7509381311821546,1.0,0.5618879565317904
2025-11-05,-0.3134387992019135,0.42579980888983626,-0.7767151748042389,1.0,0.545955232930141
2025-11-06,0.04208216632616595,-0.4219801872446625,-0.7015174404166415,1.0,0.5368390552726621
2025-11-07,0.5699017546197289,0.8147874232214364,-0.6085218977517965,1.0,0.6266588630171487
2025-11-08,-0.23915452532510803,-0.35729666166596175,-0.996023090965738,1.0,0.5109682343767198
2025-11-09,-0.20111879662604948,-0.0239480370477719,-0.7875734114165386,1.0,0.5343417983007216
2025-11-10,1.201969132257534,0.7049230456150857,0.27295150497746046,1.0,0.6936014525503795
2025-11-11,3.5690967204782877,0.9432566236287079,0.4794902210289051,1.0,0.8302853666854931
2025-11-12,1.4770937865962244,0.18694637523314048,0.43756330914067754,1.0,0.6958477950458185
2025-11-13,0.05011955435914963,-0.7776721876729231,-0.2850496068031779,1.0,0.5364366422441322
2025-11-14,1.0138998446867564,-0.1584586268633136,-0.07615837398802656,1.0,0.6334522677268782
2025-11-15,-0.6079717099775779,5.0,-0.8255315191221856,1.0,0.6319508353640887
2025-11-16,-0.7328650454692994,3.9501423334131536,-0.8488549397531059,1.0,0.6228471656436099
2025-11-17,0.40871712008981675,-0.11743101972969122,0.24077534059852684,1.0,0.6053806935372016
2025-11-18,2.4926813208165264,1.278011266859837,0.4365899818859951,1.0,0.8089822235697949
2025-11-19,0.7443906083462493,0.04971877918760128,0.13922520247599998,1.0,0.6313384964384333
2025-11-20,1.542021779985253,0.16464581103742995,0.07694367236445303,1.0,0.6872264832043916
2025-11-21,-0.4050083895260893,-0.5074270820210802,-0.08712561780834734,1.0,0.5239524583537708
2025-11-22,-0.9770306373517882,-0.6373523862139884,-0.72409185688628,1.0,0.4591718795214219
2025-11-23,-1.0900820091504748,-0.324310211889318,-0.7642170301699384,0.8705505632961241,0.44392362405000074
2025-11-24,-0.23827242143753324,-0.6049306491423119,0.15370703413879785,1.0,0.5390332959945281
2025-11-25,-1.1172449882361257,-1.0019323582418418,-0.1774570071588593,1.0,0.45285458561888625
2025-11-26,-1.4418288152527523,0.06743710866654123,-0.11395950816408582,1.0,0.47788930823878617
2025-11-27,-1.3176303565821739,-0.74542636617072,-0.3214083142112016,1.0,0.44538493383036837
2025-11-28,-0.918000019752665,-0.846188696151343,0.5671361407166063,1.0,0.4974466743674033
2025-11-29,-0.764611938627842,-0.08762984989748375,0.4949243919822742,1.0,0.5368721067451578
2025-11-30,-1.2034519240273895,-0.2475019651217841,0.36451476294355,1.0,0.49660778194955135
2025-12-01,0.6027667679459291,-0.6981268311230726,1.424833942039513,1.0,0.6335902979675844
2025-12-02,-0.1783155528336496,-0.8576709922878791,1.7695652027491957,1.0,0.5863615118907349
2025-12-03,0.9660973316191401,-0.48405217596689193,1.6447096927939517,1.0,0.6740613045357872
2025-12-04,0.4790791572585554,-0.9796210827875921,1.816871145947575,1.0,0.6266834368993399
2025-12-05,0.18291766339360932,-0.34721329586219385,2.146254903972951,1.0,0.6442691203644143
2025-12-06,-0.3251680659362152,-0.9249705216433063,1.7356248313816465,1.0,0.5726358515818362
2025-12-07,-1.0087157675838678,-1.0486683096231237,0.814880361543688,1.0,0.49122044797823494
2025-12-08,0.6737362579734459,-0.8255005866720606,2.4964887788055954,1.0,0.6687361853804138
2025-12-09,3.337760201386233,0.5647639660681422,2.5047970475927235,1.0,0.8820250668392634
2025-12-10,-0.12704215276070563,1.0038062256491316,1.8780621883037611,1.0,0.6709578554947923
2025-12-11,-0.2132513366270144,-1.1462109014416408,1.7287049872425313,1.0,0.5706479562395484
2025-12-12,-0.23510611837692572,-0.8203405128619795,1.6261695554212503,1.0,0.5793510559196642
2025-12-13,-0.8957965055297482,-0.7312612176774086,1.3733478315878564,1.0,0.5305892766143867
2025-12-14,1.782088464142694,-0.7850045005628724,2.724021953477174,1.0,0.7518981085352991
2025-12-15,3.4008669891577554,0.7640932019463487,2.880493421746234,1.0,0.9028536641393057
2025-12-16,2.9402961257792453,-0.3715691825249527,2.328991177186693,1.0,0.8331707316862998
2025-12-17,-0.09381225632104455,-0.3770908694720794,1.4913479049744505,1.0,0.602745326849742
2025-12-18,-0.8146903113338771,0.1663133957517392,0.849539812797232,1.0,0.5559350311606384
2025-12-19,-0.9931874099526518,-1.0796421191521393,0.8207666838423222,1.0,0.4911613071665615
2025-12-20,-0.9955598382340871,-0.6149764314424934,0.7871054657086101,1.0,0.5092421749979107
2025-12-21,-1.4173047550800357,-1.21504344609977,0.39832790025458903,1.0,0.4431638027489935
2025-12-22,-0.12235722112282385,-0.3314421379017552,1.2370068059075607,1.0,0.594266323042824
2025-12-23,-1.4239795370980013,-0.9746053818492983,0.6760154416918074,1.0,0.4619933213394728
2025-12-24,-1.517544737750793,-1.1704028677977674,-0.04656513056865869,1.0,0.42351139363941825
2025-12-25,-1.565612819421078,-0.3775704691169453,-0.852712718660056,1.0,0.42646995187005354
2025-12-26,-1.2158649047561128,5.0,0.28349862376196555,1.0,0.6283922938083247
2025-12-27,-1.3822139869847068,-0.7216037959377315,0.0461652417616191,1.0,0.4543244174290014
2025-12-28,-1.3961256200015182,-0.3112881649508953,-0.11001536717270245,1.0,0.46528743955452145
2025-12-29,-1.236081736194025,-0.7342924876353794,1.1291877833852673,1.0,0.49963862338176646
2025-12-30,-0.4254979499006369,-0.7304537073648464,1.6134091973801372,1.0,0.5699782054457602
2025-12-31,-0.8544920993816245,-0.5928944413937819,1.5136748994923879,0.8705505632961241,0.5243683394606491
