date,lmp_zscore,congestion_frac_z,reserve_tightness_z,event_flag,gsi
2018-01-01,,,0.0,1.0,
2018-01-02,,,0.0,1.0,
2018-01-03,,,0.0,1.0,
2018-01-04,,,0.0,1.0,
2018-01-05,,,0.0,1.0,
2018-01-06,,,0.0,1.0,
2018-01-07,,,0.0,1.0,
2018-01-08,,,0.0,1.0,
2018-01-09,,,0.0,0.8705505632961241,
2018-01-10,,,0.0,0.7578582832551991,
2018-01-11,,,0.0,0.6597539553864472,
2018-01-12,,,0.0,0.5743491774985175,
2018-01-13,,,0.0,0.5743491774985175,
2018-01-14,,,0.0,0.6597539553864472,
2018-01-15,,,0.0,0.7578582832551991,
2018-01-16,,,0.0,0.8705505632961241,
2018-01-17,,,0.0,1.0,
2018-01-18,,,0.0,1.0,
2018-01-19,,,0.0,1.0,
2018-01-20,-0.3660527841777656,0.15871960567316207,0.0,1.0,0.5572097979578641
2018-01-21,-0.383900403777541,0.33963538008051763,0.0,1.0,0.5635581139181856
2018-01-22,-0.3486998143733713,-0.26993701548857757,0.0,0.8705505632961241,0.5210885545575031
2018-01-23,-0.2518748220544238,0.25065937397388194,0.0,0.7578582832551991,0.5323312282668966
2018-01-24,-0.25643880046723944,-0.5104922632930684,0.0,0.6597539553864472,0.48559666230627335
2018-01-25,-0.30732497384319396,0.040947516500610064,0.0,0.5743491774985175,0.49237019155609013
2018-01-26,-0.32602291868469147,0.9384747321899533,0.0,0.5743491774985175,0.5285206292203796
2018-01-27,-0.31346393635198355,-0.8376887367692752,0.0,0.6597539553864472,0.46816180018578174
2018-01-28,-0.29112884592337235,-1.0775383768729574,0.0,0.7578582832551991,0.47437272039034845
2018-01-29,-0.2518316401006603,-1.036032880380991,0.0,0.8705505632961241,0.49562577180516665
2018-01-30,-0.24983951530002804,0.09903029339435909,0.0,1.0,0.5624702945380964
2018-01-31,-0.27344870332093346,1.2397828271927132,0.0,1.0,0.6084277042449675
2018-02-01,-0.3075667746418474,-0.2267084277785518,0.0,1.0,0.5450493638664372
2018-02-02,-0.26534209906447537,-0.8625378378535036,0.0,0.8705505632961241,0.5019540346462243
2018-02-03,-0.30268322402275827,-0.17058320756925224,0.0,0.7578582832551991,0.5113922272380438
2018-02-04,-0.3024815157202401,-0.9846352598431397,0.0,0.6597539553864472,0.46277118976648696
2018-02-05,-0.3012979224175263,-0.7156454155134974,0.0,0.5743491774985175,0.4612472894838802
2018-02-06,-0.2764548094639656,-0.7021202358458323,0.0,0.5,0.4523146695421593
2018-02-07,-0.2370967592895861,-0.8809627210650243,0.0,0.4352752816480621,0.4377780615835276
2018-02-08,-0.13888848346905425,-0.48528463924704895,0.0,0.5,0.47052057446676937
2018-02-09,-0.2563351260809839,0.3581423035051162,0.0,0.5743491774985175,0.5089859641987585
2018-02-10,-0.3115714088833716,-0.35027360587833645,0.0,0.6597539553864472,0.48859693247081165
2018-02-11,-0.2075273408360894,-0.6827496659965379,0.0,0.7578582832551991,0.4963956836826849
2018-02-12,-0.055487073235528976,-0.22496898236011903,0.0,0.8705505632961241,0.5425097386803784
2018-02-13,-0.1854638309312202,0.46221293477198144,0.0,1.0,0.5818946168867513
2018-02-14,-0.21028279136009895,0.8909529052650969,0.0,1.0,0.5981041849620391
2018-02-15,-0.23479132530009628,2.040143991441121,0.0,1.0,0.6443532446233736
2018-02-16,-0.23120509782208565,0.2916425977606658,0.0,1.0,0.5717381017185554
2018-02-17,-0.2198526183838954,-1.0657121005315269,0.0,0.8705505632961241,0.4965210724133453
2018-02-18,-0.2710753722060625,-0.6263549549079783,0.0,0.7578582832551991,0.4945089278867099
2018-02-19,-0.30423229165689464,1.6990894419753408,0.0,0.6597539553864472,0.5744763339464799
2018-02-20,-0.2518502627478617,0.7548499396080018,0.0,0.5743491774985175,0.5258144399252536
2018-02-21,-0.22693129771320036,-0.9053547064420955,0.0,0.5,0.44714813405069936
2018-02-22,-0.1412200240067677,-0.9990290571649936,0.0,0.4352752816480621,0.43925041326488345
2018-02-23,-0.19628705670334173,-1.0756462318020517,0.0,0.37892914162759955,0.423934974472165
2018-02-24,-0.2660829473870353,-0.5638996603104981,0.0,0.37892914162759955,0.44060468890540017
2018-02-25,-0.2371387917779527,-1.1418927479272547,0.0,0.4352752816480621,0.4269031749650435
2018-02-26,-0.16610115768042544,-1.1121829588253913,0.0,0.5,0.44258563287024705
2018-02-27,-0.26856993572058735,-0.4985084240113146,0.0,0.5743491774985175,0.4724765299096004
2018-02-28,-0.22512464634592375,-0.2725128533914426,0.0,0.6597539553864472,0.49760008132692873
2018-03-01,-0.23038886055530045,-0.34613151301573175,0.0,0.7578582832551991,0.508897338742271
2018-03-02,-0.1907482316249421,-0.8994573733261791,0.0,0.8705505632961241,0.505388645164165
2018-03-03,-0.2896614276434311,0.016928824078806085,0.0,1.0,0.5563946058270549
2018-03-04,-0.28045510382058864,0.26026801011977196,0.0,1.0,0.5671474935002846
2018-03-05,-0.21385315920671724,0.5101393154394301,0.0,1.0,0.5819989275295284
2018-03-06,-0.07070135302010058,-0.5472829290735838,0.0,0.8705505632961241,0.5280657055816793
2018-03-07,-0.03663663873163812,-0.6144407219110127,0.0,0.7578582832551991,0.5106346031598785
2018-03-08,-0.17588315076785574,-0.1332293797442153,0.0,0.8705505632961241,0.5383058169538859
2018-03-09,0.7148447050561074,3.0896557951440804,0.0,1.0,0.7476563136704072
2018-03-10,-0.11019151295119756,0.02260558691451092,0.0,1.0,0.5685957985913581
2018-03-11,-0.1714381281069222,1.4118921301197132,0.0,1.0,0.6223996302145266
2018-03-12,-0.20112346985887802,-0.8514062226149901,0.0,0.8705505632961241,0.5066990938948689
2018-03-13,-0.14823302252018788,-0.6139255400381544,0.0,0.7578582832551991,0.5032163101520108
2018-03-14,-0.19138108775242532,-0.5142857860383567,0.0,0.6597539553864472,0.4897757797062073
2018-03-15,-0.2683968540719318,2.617138653405101,0.0,0.5743491774985175,0.6023066969118613
2018-03-16,-0.07514708960449125,2.135836358072476,0.0,0.5,0.5839833756127204
2018-03-17,-0.04707211774632442,-0.3807355425545815,0.0,0.5,0.4809978778771375
2018-03-18,-0.11938239470870926,-0.10452698098386963,0.0,0.5743491774985175,0.49883825943653587
2018-03-19,-0.1114223101269568,2.3966480120239746,0.0,0.6597539553864472,0.6163952731338356
2018-03-20,-0.16528010799579293,-0.2408174639208635,0.0,0.7578582832551991,0.5176260076251911
2018-03-21,-0.17486832854781467,-0.3185273846377337,0.0,0.8705505632961241,0.5306527215646587
2018-03-22,-0.14575065734682116,1.5151675056859086,0.0,1.0,0.6284152689137915
2018-03-23,-0.20713560870016545,2.8439328887601762,0.0,1.0,0.6796881631183297
2018-03-24,-0.044076460788444155,0.5410621757778891,0.0,1.0,0.5946058266048492
2018-03-25,-0.08136847512135098,-0.5654347599137768,0.0,0.8705505632961241,0.5265982378232545
2018-03-26,-0.1575057768114327,-0.08552537781320259,0.0,0.7578582832551991,0.5246147999586344
2018-03-27,-0.14366089059319762,-0.5409259565643381,0.0,0.6597539553864472,0.4918471190782399
2018-03-28,-0.21197054215066125,-0.49208278087492247,0.0,0.5743491774985175,0.47651755794494516
2018-03-29,-0.11814376636246075,-0.27591001108368746,0.0,0.5,0.48062749844734903
2018-03-30,-0.19712828217022393,-0.5815088292732347,0.0,0.5743491774985175,0.4737809565937113
2018-03-31,-0.21748368082588018,2.358043844030804,0.0,0.6597539553864472,0.6077160080875252
2018-04-01,-0.17151025865665284,-0.4590947055578171,0.0,0.7578582832551991,0.508115779179594
2018-04-02,-0.18033597015683514,-0.30814278295728503,0.0,0.8705505632961241,0.5307209038607428
2018-04-03,-0.1803939798616821,1.8831927018870092,0.0,1.0,0.6414400972545132
2018-04-04,-0.1627294473100507,-0.11410652083295497,0.0,1.0,0.5593969318112901
2018-04-05,-0.1102891068088278,1.1935895627655784,0.0,1.0,0.6173802913279772
2018-04-06,-0.09159484868661263,0.23961877761404668,0.0,1.0,0.5788777924881444
2018-04-07,-0.17581515543619577,1.1108340242510129,0.0,1.0,0.6095637406480457
2018-04-08,-0.11906906561222826,-0.03285171832202204,0.0,1.0,0.5656932406957672
2018-04-09,-0.08640760967370172,-0.35432131462558153,0.0,0.8705505632961241,0.5350586890734392
2018-04-10,-0.14336230519175283,-0.2299972784147341,0.0,0.8705505632961241,0.5364418775476879
2018-04-11,-0.16235582079795588,3.005851081506293,0.0,1.0,0.6891762786134696
2018-04-12,-0.1551894510217644,3.809250297730362,0.0,1.0,0.6896540365985491
2018-04-13,-0.07184971502151516,3.6909958291135827,0.0,1.0,0.6952100189985657
2018-04-14,-0.18291533562617596,3.6667532292237417,0.0,1.0,0.6878056442915883
2018-04-15,-0.16682493426398542,-0.34112298700146626,0.0,0.8705505632961241,0.5302474644184252
2018-04-16,-0.15891665682206124,1.6913523216794393,0.0,1.0,0.6348785696151725
2018-04-17,0.1671640914420341,3.483508841562538,0.0,1.0,0.7111442727628022
2018-04-18,0.2606179136713672,1.5536454753754507,0.0,1.0,0.657109755718735
2018-04-19,0.265287324511924,-0.6570930829776216,0.0,0.8705505632961241,0.545889527671146
2018-04-20,-0.4116234282732276,2.1906541247854734,0.0,0.7578582832551991,0.6025144358027927
2018-04-21,-0.7053855369687605,0.11408015898937038,0.0,0.6597539553864472,0.4816907308012735
2018-04-22,-0.7408824246136834,-0.4636539776011965,0.0,0.5743491774985175,0.4424412992504822
2018-04-23,0.17483270911147072,-0.7061755820915804,0.0,0.5,0.4822315313536156
2018-04-24,0.3801410840202519,-0.07585785294582445,0.0,0.5,0.5221819950619407
2018-04-25,-0.3910221770818669,0.6592050905553989,0.0,0.5743491774985175,0.512551110259128
2018-04-26,0.021723105956379118,-0.49559779047713626,0.0,0.6597539553864472,0.5047613924351784
2018-04-27,0.04801426517005928,-0.4268713648630275,0.0,0.7578582832551991,0.5240933866303243
2018-04-28,-0.026983873650513253,-0.7345366150002688,0.0,0.8705505632961241,0.5231779672927065
2018-04-29,0.054465920265923895,1.5300274322853982,0.0,1.0,0.6423822043629532
2018-04-30,-0.37057140708569636,2.5691836085064446,0.0,1.0,0.6573445565487221
2018-05-01,-0.06779551243634589,2.109190234341282,0.0,1.0,0.658363225601797
2018-05-02,0.9082446771273511,1.8295499642214148,0.0,1.0,0.711780893651049
2018-05-03,1.1429798653817527,0.41156379033960805,0.0,1.0,0.6683471489562672
2018-05-04,0.5018904371192147,0.49192314248948105,0.0,1.0,0.6289561600783428
2018-05-05,1.1249940387432023,0.17631910339738957,0.0,1.0,0.6573462318911047
2018-05-06,1.6088233528766924,0.24323143033172712,0.0,1.0,0.6923895331222681
2018-05-07,1.7722541103238474,0.9038696438919512,0.0,1.0,0.7308115091837545
2018-05-08,0.9711345947921698,1.9504565854613807,0.0,1.0,0.7210113307137022
2018-05-09,1.662719365782651,1.40960983522264,0.0,1.0,0.7445817008531201
2018-05-10,2.8912131527006886,2.6988312246102097,0.0,1.0,0.8801988445388046
2018-05-11,2.9645141783282116,2.8131365416127707,0.0,1.0,0.889848301122413
2018-05-12,3.2238759839538678,1.898353073844119,0.0,1.0,0.8540980447435049
2018-05-13,0.9213141434867596,1.0965412915293278,0.0,1.0,0.682110163379506
2018-05-14,1.4812293438463682,0.8599826065062334,0.0,1.0,0.7095812315275176
2018-05-15,2.8382753627769737,0.830437832004836,0.0,1.0,0.7988199338519998
2018-05-16,5.0,-0.0847787772077984,0.0,1.0,0.7714675509496751
2018-05-17,2.1927409190318192,0.26906226814683926,0.0,1.0,0.7323936557749062
2018-05-18,1.792698688476389,1.0497534448152657,0.0,1.0,0.7382529727657287
2018-05-19,1.1547958353423697,0.631804701582181,0.0,1.0,0.6783115849220822
2018-05-20,0.006377276835000348,-0.429296286083312,0.0,1.0,0.5575378065355288
2018-05-21,0.34345762514226874,-0.498947663840755,0.0,1.0,0.5771076890161199
2018-05-22,0.3134890212062911,0.37886777413540523,0.0,1.0,0.6116854253360613
2018-05-23,0.6739369467829733,0.12010645860373055,0.0,1.0,0.624933565560687
2018-05-24,1.9596494922325949,-0.08017720675302827,0.0,1.0,0.7023025825341302
2018-05-25,2.6348533863988135,-0.3029295022839059,0.0,1.0,0.7380348298314249
2018-05-26,2.4976015792441686,0.08307378539700772,0.0,1.0,0.7449681796744866
2018-05-27,0.39680273084218637,0.24880886326576962,0.0,1.0,0.6118205513588861
2018-05-28,0.4763555584238588,0.33894311048847353,0.0,1.0,0.6208796668319437
2018-05-29,1.8492058657073625,0.30184952863124864,0.0,1.0,0.7108574547401262
2018-05-30,1.661895451392018,0.5499181246852772,0.0,1.0,0.7087062852880212
2018-05-31,1.9113201121539092,0.8308202913804043,0.0,1.0,0.7370388529511108
2018-06-01,0.34210469668298144,1.0519397547462788,0.0,1.0,0.6416378028932938
2018-06-02,0.048314537016773566,1.2433363844392338,0.0,1.0,0.6300266518194196
2018-06-03,0.033521640898409415,1.4378011615262671,0.0,1.0,0.6371431577901552
2018-06-04,-0.01647581865759358,0.9086435277978803,0.0,1.0,0.6117617590810721
2018-06-05,0.22087455303409642,1.4843539260487926,0.0,1.0,0.6515730504543061
2018-06-06,0.0462836189636771,1.0679152690284526,0.0,1.0,0.6225820441404306
2018-06-07,-0.061377569809743446,1.2079431476356088,0.0,1.0,0.6212391264975008
2018-06-08,-0.10229590688911268,1.1365384976782948,0.0,1.0,0.6155360436106548
2018-06-09,-0.03902023352008019,0.9924470280298129,0.0,1.0,0.6137506105999035
2018-06-10,-0.09644152024802964,0.37167469580742224,0.0,1.0,0.5840570109754407
2018-06-11,0.17744429672614284,-0.4369313129848762,0.0,1.0,0.5686241484073731
2018-06-12,-0.0640017690275445,-0.0906973358969691,0.0,1.0,0.56695415973579
2018-06-13,-0.2503453090265665,-0.1333338481167085,0.0,1.0,0.5527547357266994
2018-06-14,-0.1282457141518447,0.31944870979897594,0.0,1.0,0.579760648631501
2018-06-15,-0.10818973812312187,0.6581884361965583,0.0,1.0,0.5952118689666485
2018-06-16,-0.1642080605937625,-0.01478498204942998,0.0,1.0,0.5634367550416897
2018-06-17,-0.45761742262989796,-0.33467491069735084,0.0,1.0,0.5305473838789505
2018-06-18,-0.38016747991058253,-0.6222050977730563,0.0,1.0,0.5237302889320838
2018-06-19,-0.5610370746289765,-0.830769207164114,0.0,1.0,0.5029821447262302
2018-06-20,-0.2646627329177558,0.6430365823273618,0.0,1.0,0.5841490087357897
2018-06-21,0.4738272437436216,0.9108678752932077,0.0,1.0,0.6445413110534585
2018-06-22,0.1193206257869371,1.1618006362104893,0.0,1.0,0.6313630682278996
2018-06-23,-0.18876180157666245,1.264794383640286,0.0,1.0,0.6151156458799011
2018-06-24,-0.1152919529095891,1.038363584428695,0.0,1.0,0.610579019157223
2018-06-25,-0.1513132575758595,0.918809473836298,0.0,1.0,0.6031961775714552
2018-06-26,-0.03372811732890825,1.0666897855076636,0.0,1.0,0.6171968665742255
2018-06-27,0.5863166824061836,1.2700327193855454,0.0,1.0,0.6670058088014766
2018-06-28,0.06660520976930762,1.5233407086292674,0.0,1.0,0.6429128768441734
2018-06-29,0.004628318071367686,1.6403217132104444,0.0,1.0,0.6436552925885264
2018-06-30,-0.08600285402955783,1.0616896588301183,0.0,1.0,0.6135035455159511
2018-07-01,0.10841556337434925,1.2390095924764932,0.0,1.0,0.6338531039114772
2018-07-02,1.0983912170498231,0.9256887112383961,0.0,1.0,0.6867964441049214
2018-07-03,1.1475521086917277,0.9944114808634004,0.0,1.0,0.6929372856154236
2018-07-04,0.013243742567571864,1.1516730734825362,0.0,1.0,0.6238692942329438
2018-07-05,-0.07556727441458408,1.2431307617328002,0.0,1.0,0.6217592967778944
2018-07-06,-0.16359655375380458,0.20245585413078512,0.0,1.0,0.5725292236718624
2018-07-07,-0.24573783782488545,0.5507633562771868,0.0,1.0,0.5815659506565571
2018-07-08,-0.16087018291211766,0.8283847947185783,0.0,1.0,0.5987913542524663
2018-07-09,-0.19150347333716924,0.03538554788397636,0.0,1.0,0.5637074996060211
2018-07-10,-0.36733505561084695,0.42220466071675766,0.0,1.0,0.5681028571558084
2018-07-11,-0.24571125672086533,0.27351940308391726,0.0,1.0,0.5700158913471055
2018-07-12,-0.2329051151971879,-0.35595965078263453,0.0,1.0,0.5446413402042444
2018-07-13,-0.47487691964308115,-0.3262888948304642,0.0,1.0,0.5297461680725253
2018-07-14,0.005384984309511553,0.5393067085928606,0.0,1.0,0.5978301118120033
2018-07-15,0.2907618685343647,-0.5187421192712307,0.0,1.0,0.5727698695993231
2018-07-16,1.395800296894716,-0.570100245488795,0.0,1.0,0.644299176230948
2018-07-17,5.0,-0.9792779965516627,0.0,1.0,0.7341967501436808
2018-07-18,5.0,-1.642216654307423,0.0,1.0,0.7065743060705241
2018-07-19,5.0,-1.4799711810724017,0.0,1.0,0.7133345341219833
2018-07-20,3.790799100532842,-0.46486919798395626,0.0,1.0,0.7556304500840019
2018-07-21,4.980283425528306,-0.988477467572882,0.0,1.0,0.7338134388511299
2018-07-22,4.591364087917189,-1.461610945562901,0.0,1.0,0.7140995439348792
2018-07-23,4.4791446358998686,-1.095618915830614,0.0,1.0,0.7293492118403911
2018-07-24,1.3093658651059408,-1.6771034487371068,0.0,1.0,0.5924117473096833
2018-07-25,1.5639555119243242,-1.9743560707655579,0.0,1.0,0.5969988645130567
2018-07-26,1.2081504478406633,-2.0126914828220808,0.0,1.0,0.5716812180717908
2018-07-27,0.007178853557569416,-2.2163453128329555,0.0,0.8705505632961241,0.4637134533635501
2018-07-28,-0.1489885821256067,-2.1770750385016635,0.0,0.7578582832551991,0.43803471040900344
2018-07-29,-0.2310486311882568,-2.1514283275679698,0.0,0.6597539553864472,0.41891700424675127
2018-07-30,-0.3364411715730047,-2.1422136844019413,0.0,0.5743491774985175,0.3994640616698298
2018-07-31,-0.4254373114684716,-2.017160702765594,0.0,0.5,0.3875891499535355
2018-08-01,-0.3724868536021765,-2.016204728080064,0.0,0.4352752816480621,0.38145030500372823
2018-08-02,-0.3421061799872095,-1.9568952173692338,0.0,0.37892914162759955,0.377494991854608
2018-08-03,-0.41726910122083116,-1.8030916667889594,0.0,0.3298769776932236,0.3715347871230548
2018-08-04,-0.4707484006807766,-1.8139667266535864,0.0,0.2871745887492588,0.3611110146564376
2018-08-05,-0.4674236193159959,-1.797571314882741,0.0,0.25,0.35643962059215273
2018-08-06,-0.43516660539466456,-1.6782122434038935,0.0,0.21763764082403103,0.35870902895546475
2018-08-07,-0.3859683541573136,-1.7013822213796221,0.0,0.1894645708137998,0.3567975361207648
2018-08-08,-0.3839687525106619,-1.690753706679612,0.0,0.16493848884661183,0.35369478538129717
2018-08-09,-0.46284014748252233,-1.6683315273687738,0.0,0.14358729437462942,0.3461682706836607
2018-08-10,-0.4675142684312433,-1.6432208540734683,0.0,0.12500000000000003,0.3441148465181893
2018-08-11,-0.4766368321346494,-1.6192703878469583,0.0,0.10881882041201553,0.34207743475920244
2018-08-12,-0.47982259016548434,-1.57413656928782,0.0,0.09473228540689989,0.3416326464130102
2018-08-13,-0.48548242676139214,-1.527770252630779,0.0,0.0824692444233059,0.34134779768645396
2018-08-14,-0.4663300849645983,-1.4564355476482218,0.0,0.0717936471873147,0.34399556026178146
2018-08-15,-0.36728209436478915,-1.4141900837159327,0.0,0.0625,0.35096494022085023
2018-08-16,-0.3495634475603807,-1.0042421993007622,0.0,0.054409410206007765,0.3680137567226774
2018-08-17,-0.20838997213019367,-1.1493450999707182,0.0,0.047366142703449944,0.3703228774313913
2018-08-18,-0.34594012976782,-1.2405381206458967,0.0,0.04123462221165295,0.35643342965364755
2018-08-19,-0.38354293464241246,-1.2862556970264356,0.0,0.03589682359365736,0.3512210071867863
2018-08-20,-0.3067894999798027,-1.248538859742346,0.0,0.03125,0.35721241417874877
2018-08-21,-0.24996835331040881,-1.2787116144884052,0.0,0.027204705103003893,0.3591364982744065
2018-08-22,-0.2960097423352257,-1.257748816453754,0.0,0.02368307135172497,0.35641227719483726
2018-08-23,-0.3180407180294045,-1.1457609362405654,0.0,0.020617311105826482,0.3591498431205568
2018-08-24,-0.2740510479422221,-0.9885571296872381,0.0,0.017948411796828663,0.36823231150307456
2018-08-25,-0.29791106142821683,-1.0098456380943361,0.0,0.015625000000000007,0.3654061109841882
2018-08-26,-0.3544304739030021,-1.0149365483568475,0.0,0.013602352551501933,0.36112263177432324
2018-08-27,-0.35477704001309407,-0.85953527125166,0.0,0.01184153567586249,0.3673104580483539
2018-08-28,-0.3535731238915085,-0.7689851865549668,0.0,0.01030865555291324,0.3709337073003795
2018-08-29,-0.2554694786509622,-0.9742381598590956,0.0,0.008974205898414338,0.3687215756472357
2018-08-30,-0.3028868065053687,-0.7113667897779218,0.0,0.007812500000000002,0.37633913832556204
2018-08-31,-0.36886317619413844,-0.9867184011779554,0.0,0.0068011762757509715,0.360316031312672
2018-09-01,-0.36617521466108105,-1.0250920570468578,0.0,0.005920767837931244,0.35876426515466525
2018-09-02,-0.3889911018164159,-1.0847403287118942,0.0,0.00515432777645662,0.3546428953490452
2018-09-03,-0.43227322214659725,-1.0883431953530276,0.0,0.004487102949207169,0.3515072174928984
2018-09-04,-0.4141378144878905,-1.0526568454630028,0.0,0.003906250000000001,0.3541160479731822
2018-09-05,-0.40810109737612643,-1.0139613860016754,0.0,0.0034005881378754853,0.35605495731220305
2018-09-06,-0.39125313458509803,-0.9763087960380291,0.0,0.0029603839189656215,0.3586809821139204
2018-09-07,-0.3946711859383958,-0.9368813369908677,0.0,0.0025771638882283094,0.3600384398127217
2018-09-08,-0.42226594041693966,-0.979516997499345,0.0,0.002243551474603584,0.3563722617975886
2018-09-09,-0.42554139521751505,-0.9764236646069743,0.0,0.001953125,0.3562392230435418
2018-09-10,-0.4181914423775573,-0.9476412096656603,0.0,0.0017002940689377426,0.35789056421576765
2018-09-11,-0.43653533413744616,-0.9233344089221521,0.0,0.0014801919594828095,0.3576474061463364
2018-09-12,-0.4281698206475014,-0.8656594482708508,0.0,0.0012885819441141558,0.36057948890383157
2018-09-13,-0.4123203778751161,-0.8495729312054002,0.0,0.001121775737301792,0.3622813690353625
2018-09-14,-0.4085195251001793,-0.8195613237982871,0.0,0.0009765625,0.36376346087672606
2018-09-15,-0.4137629100718075,-0.8561004964414662,0.0,0.000850147034468872,0.36187247403198874
2018-09-16,-0.35731950843384336,-0.8592248564720882,0.0,0.0007400959797414059,0.365488678148368
2018-09-17,-0.32362616560476576,-0.7847431482047461,0.0,0.0006442909720570772,0.37082393476362646
2018-09-18,-0.33737540200937,-0.6792727845384493,0.0,0.0005608878686508959,0.37428940702390423
2018-09-19,-0.34544918930572965,-0.12757916090629137,0.0,0.0005608878686508959,0.39673838885548685
2018-09-20,-0.33315233856819554,0.5234372161336966,0.0,0.0006442909720570772,0.4246963717468329
2018-09-21,-0.4135396287346131,-0.4719147041685124,0.0,0.0007400959797414059,0.37787859314096567
2018-09-22,-0.4338897666320779,-0.551301135271094,0.0,0.000850147034468872,0.3732306569767362
2018-09-23,-0.42512309147149896,-0.7199354915869457,0.0,0.0009765625,0.36680763279411066
2018-09-24,-0.3762306130307505,-0.6419427523325212,0.0,0.001121775737301792,0.37333861081135683
2018-09-25,-0.3797060816745432,-0.398977176496298,0.0,0.0012885819441141558,0.3832554994926352
2018-09-26,-0.41245901310583916,-0.2280085794499887,0.0,0.0014801919594828095,0.3882244037764503
2018-09-27,-0.42584220559648595,-0.6262583972829757,0.0,0.0017002940689377426,0.37077146385045096
2018-09-28,-0.4064092070363614,-0.4565253819559268,0.0,0.001953125,0.37917713069941233
2018-09-29,-0.4123202841793115,-0.5401175174877904,0.0,0.002243551474603584,0.3753436172139119
2018-09-30,-0.3961350367122684,-0.5067809133387722,0.0,0.0025771638882283094,0.3778617007466342
2018-10-01,-0.36934356973772725,-0.4109857902969803,0.0,0.0029603839189656215,0.38369674500962214
2018-10-02,-0.3454866446451341,-0.28560668494931885,0.0,0.0034005881378754853,0.39057736670478416
2018-10-03,-0.33005227495243106,0.5040749405041405,0.0,0.003906250000000001,0.42458557502417715
2018-10-04,-0.33628661436755597,-0.14536037024554968,0.0,0.004487102949207169,0.3971972757243128
2018-10-05,-0.33904130352823286,0.1792175660710931,0.0,0.00515432777645662,0.41063779418421514
2018-10-06,-0.282919601263669,0.06325951830326923,0.0,0.005920767837931244,0.4096626216874147
2018-10-07,-0.34500511776682324,-0.39239496404779584,0.0,0.0068011762757509715,0.38667004508824965
2018-10-08,-0.30840458337224225,0.46276108943096794,0.0,0.007812500000000002,0.42489328150147415
2018-10-09,-0.3160369369517777,0.03696094022875617,0.0,0.008974205898414338,0.40681704093084176
2018-10-10,-0.3424548138372143,-0.12928128492726407,0.0,0.01030865555291324,0.3983292572051534
2018-10-11,-0.4076357866893212,-0.27107538759467026,0.0,0.01184153567586249,0.38830570342231335
2018-10-12,-0.37991859742372447,-0.44101992522709077,0.0,0.013602352551501933,0.3833366161700149
2018-10-13,-0.3806218563941179,-0.17741164690285366,0.0,0.015625000000000007,0.3945768076194399
2018-10-14,-0.348750925096319,-0.026254463647720928,0.0,0.017948411796828663,0.4033482641111147
2018-10-15,-0.36730807106192764,0.34384235506006106,0.0,0.020617311105826482,0.4179321567225814
2018-10-16,-0.34066027735752835,-0.4425582400403249,0.0,0.02368307135172497,0.38740184887724327
2018-10-17,-0.2997559208526988,-0.2423845162960661,0.0,0.027204705103003893,0.3989976228629346
2018-10-18,-0.3070020887463956,-0.23136378727586995,0.0,0.03125,0.3995805362804124
2018-10-19,-0.28440768475107786,-0.1543741466334662,0.0,0.03589682359365736,0.40499175511258234
2018-10-20,-0.31024857945275375,-0.6231216021451212,0.0,0.04123462221165295,0.38453855461218434
2018-10-21,-0.4237630132502163,-0.8735001127764017,0.0,0.047366142703449944,0.367458215823153
2018-10-22,-0.38226372624964206,-0.2611779641172471,0.0,0.054409410206007765,0.39679474794270636
2018-10-23,-0.4229803539384322,-0.16538944793167257,0.0,0.0625,0.39928508274028485
2018-10-24,-0.9062789762783473,0.09376511035701317,0.0,0.0717936471873147,0.3792573282577496
2018-10-25,-0.9024563898103639,0.046610933173649914,0.0,0.0824692444233059,0.37914874955837374
2018-10-26,-0.7765707821717409,0.2697166190833554,0.0,0.09473228540689989,0.3986766497947254
2018-10-27,-0.6197337160297892,-0.3669106726589671,0.0,0.10881882041201553,0.3847192972990261
2018-10-28,-0.06231122080229962,-0.39757759602622533,0.0,0.12500000000000003,0.42303018544542065
2018-10-29,-0.5117314358078497,0.6854613427317471,0.0,0.14358729437462942,0.44098355438282727
2018-10-30,-0.03980369093015926,5.0,0.0,0.16493848884661183,0.5720871939316478
2018-10-31,-0.6111011228627877,0.6631453629063067,0.0,0.1894645708137998,0.44031066755231363
2018-11-01,-0.9151010562986053,0.450115221566633,0.0,0.21763764082403103,0.4153937099356406
2018-11-02,-0.8198061831851158,0.19674247558767144,0.0,0.25,0.4160438576038119
2018-11-03,-0.9641738062735264,4.560149884582203,0.0,0.2871745887492588,0.5287979345608204
2018-11-04,-0.9864631808012864,-0.5358814521042096,0.0,0.3298769776932236,0.3863889407628891
2018-11-05,-0.07130600341738563,2.5417279690327277,0.0,0.37892914162759955,0.5829909697260113
2018-11-06,1.2885431128153915,0.32250566429723276,0.0,0.4352752816480621,0.5896319024472868
2018-11-07,0.5587109314599825,0.492407125350821,0.0,0.5,0.5577643589869496
2018-11-08,-0.23934255084989253,-0.0021184054647729726,0.0,0.5743491774985175,0.4951079396737526
2018-11-09,-0.1732822606997233,1.2756983722277038,0.0,0.6597539553864472,0.5655650414374731
2018-11-10,0.2845422153151199,0.5305876107961894,0.0,0.7578582832551991,0.5797560406257958
2018-11-11,-0.6540800207224051,0.7211846288898186,0.0,0.8705505632961241,0.5420266093166674
2018-11-12,-0.5355340568008868,1.247285703265293,0.0,1.0,0.5912679671826615
2018-11-13,0.5838520731330806,0.9503221434622148,0.0,1.0,0.6535202275197977
2018-11-14,2.9951623146959983,1.4373299686358385,0.0,1.0,0.8345662363395598
2018-11-15,2.086030368646,0.29044872254237897,0.0,0.8705505632961241,0.7067533058434178
2018-11-16,1.631917966380447,0.049408442544577616,0.0,0.7578582832551991,0.6495319586863337
2018-11-17,-0.7732939030034441,0.6717257318754176,0.0,0.6597539553864472,0.5003987386025465
2018-11-18,-0.19667533546896607,-0.6571192751536444,0.0,0.5743491774985175,0.47066071779544477
2018-11-19,0.20321481078099085,-0.678853479137673,0.0,0.5,0.4852620924213297
2018-11-20,0.13386183400006857,-0.5569333465642851,0.0,0.4352752816480621,0.47600985840703536
2018-11-21,-0.5390740929918774,-0.6856182508110362,0.0,0.37892914162759955,0.4173336712608883
2018-11-22,-0.5820899646596881,-0.5495546977934841,0.0,0.4352752816480621,0.4285871821951682
2018-11-23,0.14769976618269354,1.8902740423140265,0.0,0.5,0.5886080695085973
2018-11-24,-0.7102501468092275,-0.11725869882010032,0.0,0.5743491774985175,0.4589165877199917
2018-11-25,-0.3261588946984059,3.0993030040178415,0.0,0.6597539553864472,0.62721916699474
2018-11-26,0.3844181106302598,-0.6826843452507504,0.0,0.7578582832551991,0.5358614354781825
2018-11-27,0.10433413400273993,0.22783964733196627,0.0,0.8705505632961241,0.5720315120667665
2018-11-28,-0.6308324245009951,3.786625470067752,0.0,1.0,0.6579445050332671
2018-11-29,0.5362931536528507,3.946680861267958,0.0,1.0,0.7357528769101901
2018-11-30,1.0367139396964273,3.6682061626135636,0.0,1.0,0.7691142626464285
2018-12-01,0.17616027566900774,5.0,0.0,1.0,0.7117440183779339
2018-12-02,0.2103563921436115,0.5741155342270364,0.0,1.0,0.612945240069034
2018-12-03,0.7001122590130894,0.004989125877015964,0.0,0.8705505632961241,0.6024646153401669
2018-12-04,2.839477186016389,1.3303769579198232,0.0,1.0,0.8197308523144186
2018-12-05,1.8789812316766168,1.2542147657335678,0.0,1.0,0.7525243640173398
2018-12-06,0.9732994168968188,1.70202234817964,0.0,1.0,0.7108042256339396
2018-12-07,0.8047916639631484,0.006965688499322886,0.0,0.8705505632961241,0.6095255991127669
2018-12-08,0.48836834126212514,-0.48127538408135456,0.0,0.7578582832551991,0.5511834909023652
2018-12-09,0.37662091720899854,-0.46871458252165604,0.0,0.6597539553864472,0.529541380183498
2018-12-10,3.0399478162188776,-0.4912965015285662,0.0,0.5743491774985175,0.6906816890610873
2018-12-11,0.6945121180387045,0.009646813939417978,0.0,0.5,0.546702758450056
2018-12-12,-0.6345908204284887,-0.42817074014594875,0.0,0.4352752816480621,0.43014479004589556
2018-12-13,-0.805451174742728,-0.007323643565029476,0.0,0.37892914162759955,0.4278374744460819
2018-12-14,-0.26266929707889064,0.10441557839371207,0.0,0.3298769776932236,0.4613209092817955
2018-12-15,-0.6975371351064958,-0.543148135618786,0.0,0.2871745887492588,0.39894254032117304
2018-12-16,-0.4513906993343123,-0.3022744156667561,0.0,0.25,0.4198125193915977
2018-12-17,-0.1790709304361037,-0.5008711320670568,0.0,0.21763764082403103,0.42483795359173704
2018-12-18,-0.3506489238113184,-0.5196273723276125,0.0,0.1894645708137998,0.40839195018766494
2018-12-19,0.25419953077806584,-0.11593753592444012,0.0,0.21763764082403103,0.4697615508452907
2018-12-20,-0.15353765737000008,0.7811618443368951,0.0,0.25,0.4848125663560372
2018-12-21,1.312441479591164,0.36054012082749326,0.0,0.2871745887492588,0.5705947919862786
2018-12-22,-0.529932485794639,-0.5567350344572052,0.0,0.3298769776932236,0.4159554211652907
2018-12-23,-0.34174801106182556,-0.6022464158439323,0.0,0.37892914162759955,0.43396256984652104
2018-12-24,-0.20984235994094208,-0.4683022634224471,0.0,0.4352752816480621,0.4567892072752112
2018-12-25,-1.4047423945385804,-0.7810719002392227,0.0,0.5,0.37380584452079374
2018-12-26,-1.4289155367736632,-0.4626030865263742,0.0,0.5743491774985175,0.3966162122346012
2018-12-27,-0.44757985693625985,-0.45623004894855074,0.0,0.6597539553864472,0.47511485080602683
2018-12-28,-1.0240237720540923,-0.3082195641383358,0.0,0.7578582832551991,0.4575680091789098
2018-12-29,-0.140147211281561,-0.08906913177721006,0.0,0.8705505632961241,0.5425282232515974
2018-12-30,-0.12564796891505936,0.8473809609464674,0.0,1.0,0.6019310087784322
2018-12-31,-0.02974249140365112,0.3638854869692939,0.0,1.0,0.5881790625301438
2019-01-01,-0.6798674112051134,0.35287822377570205,0.0,1.0,0.5443787652436467
2019-01-02,1.2504241535412712,1.4452374237404095,0.0,1.0,0.7185798362252684
2019-01-03,1.5367750042749193,1.292553993445473,0.0,1.0,0.7313080833452227
2019-01-04,0.8068825551896607,0.4760208442890711,0.0,1.0,0.6486263721913553
2019-01-05,-1.0446636556213988,-0.1194964058174871,0.0,0.8705505632961241,0.48095932387726337
2019-01-06,-1.8540050959961263,-0.11898448615047788,0.0,0.7578582832551991,0.4101207158322682
2019-01-07,-1.0584190135553542,0.0006632843850677099,0.0,0.6597539553864472,0.45342946258698796
2019-01-08,-0.9267589232013115,-0.684535029662341,0.0,0.5743491774985175,0.4208461555087593
2019-01-09,-1.1274082218661223,-0.48446141739178206,0.0,0.5,0.4046535594842676
2019-01-10,-0.9874754799986504,-0.15049596321404973,0.0,0.4352752816480621,0.41818892844671385
2019-01-11,-1.5169922640123066,0.16050240915208655,0.0,0.37892914162759955,0.3873941540246565
2019-01-12,-1.356633215056306,-0.39347554704459364,0.0,0.3298769776932236,0.36764451785670504
2019-01-13,-0.7969939374251777,-0.20444061092780666,0.0,0.3298769776932236,0.4128302587036464
2019-01-14,0.8974430540951758,-0.1352556851050186,0.0,0.37892914162759955,0.536033254637776
2019-01-15,-0.5209257199002183,-0.3359854662432768,0.0,0.4352752816480621,0.44156351649372494
2019-01-16,-0.5640443851486705,0.054612720630096125,0.0,0.5,0.4646725710163427
2019-01-17,-0.721548598786737,-0.2039465222936579,0.0,0.5743491774985175,0.45455136494342613
2019-01-18,-0.873345774851538,1.1266296149780746,0.0,0.6597539553864472,0.5126829422752843
2019-01-19,-1.1514705353853891,2.082786302072247,0.0,0.7578582832551991,0.5486968027155976
2019-01-20,-0.3666463153353466,-0.6258829895909158,0.0,0.8705505632961241,0.505061038905774
2019-01-21,-0.6309822623458957,1.8409920524155077,0.0,1.0,0.6096425180275864
2019-01-22,-1.3762570348670233,1.9021245396941937,0.0,1.0,0.5625047201627899
2019-01-23,-0.29961765879442187,0.373696769791527,0.0,1.0,0.5705961881550189
2019-01-24,2.531389957658305,-0.1501115368439742,0.0,0.8705505632961241,0.7180872676364735
2019-01-25,0.6542156658113717,-0.5090771638197097,0.0,0.7578582832551991,0.56108157171655
2019-01-26,-0.6737663458506435,-0.7424100645803636,0.0,0.6597539553864472,0.4481115842270757
2019-01-27,-1.0688456310685586,-0.780459241413672,0.0,0.7578582832551991,0.43490323202480635
2019-01-28,-1.0582548043450086,0.22766210672937603,0.0,0.8705505632961241,0.49451818531847536
2019-01-29,0.8173066076228783,-0.17126533981073824,0.0,1.0,0.6223510513494113
2019-01-30,-0.03227440916267878,-0.5846272590259531,0.0,1.0,0.5484889035964068
2019-01-31,-1.0502908887017892,-0.4304440047699353,0.0,1.0,0.48704544055446675
2019-02-01,-0.8611481808586824,-0.9708021027952213,0.0,1.0,0.4771400336596203
2019-02-02,-1.4035300143441756,-0.7719346999619394,0.0,0.8705505632961241,0.4298499710397261
2019-02-03,-1.278388740759573,0.8409515964141762,0.0,1.0,0.5248137337999526
2019-02-04,-1.1388453938487324,0.04062726834399053,0.0,1.0,0.5007697765910841
2019-02-05,-1.0305608552251007,0.06331164312147324,0.0,1.0,0.5089339281150547
2019-02-06,-0.9727661263217753,-0.2868815588345071,0.0,0.8705505632961241,0.4787781111215291
2019-02-07,-0.9984285376182264,0.0683647689724386,0.0,0.7578582832551991,0.4749653720209163
2019-02-08,0.2183812291587614,-0.2406499772397973,0.0,0.6597539553864472,0.5284947595335596
2019-02-09,0.13344284761883907,-0.1954448335869321,0.0,0.7578582832551991,0.5394313975967469
2019-02-10,-0.42460073242931223,-0.242739825297001,0.0,0.8705505632961241,0.5171617096117561
2019-02-11,-0.8804590754935467,0.22605611657277258,0.0,1.0,0.525721733157629
2019-02-12,-0.8016804362992407,0.11214302594344105,0.0,1.0,0.5262272636610273
2019-02-13,-0.129826096038433,0.8470513629914191,0.0,1.0,0.6016387337220803
2019-02-14,-1.3239370837562954,-0.007100252536967343,0.0,1.0,0.4864416838938733
2019-02-15,-0.567111013522241,-0.254688484668605,0.0,0.8705505632961241,0.5071631633984107
2019-02-16,0.13986451846672338,-0.45005421219700753,0.0,0.7578582832551991,0.5292507848778527
2019-02-17,-1.4054195489949937,-0.5859904727788262,0.0,0.6597539553864472,0.4058521870091831
2019-02-18,-0.5047033982220511,-0.20360377807501148,0.0,0.5743491774985175,0.4690219926568488
2019-02-19,-0.6942377925841965,-0.2798524487168104,0.0,0.5,0.4420569617978532
2019-02-20,1.30244434042145,0.008740529666967308,0.0,0.4352752816480621,0.5774851036780962
2019-02-21,-0.6582861904739465,-0.22082543724996212,0.0,0.37892914162759955,0.42875256532712847
2019-02-22,-0.09161653637650759,-0.35506415479026926,0.0,0.3298769776932236,0.45357943777928844
2019-02-23,-1.4017558994324284,0.3559734268735147,0.0,0.2871745887492588,0.38945802113662337
2019-02-24,-0.66965898315085,-0.5029603001960965,0.0,0.2871745887492588,0.4024755769274948
2019-02-25,-0.9439448734492671,-0.31007188239330286,0.0,0.3298769776932236,0.39863222665764475
2019-02-26,-1.1766047910372606,-0.34307625050910456,0.0,0.37892914162759955,0.3891042080704432
2019-02-27,-0.5388604140901018,-0.32011395506770846,0.0,0.4352752816480621,0.441029183180048
2019-02-28,-0.10716925205478327,0.0335493649097132,0.0,0.5,0.49425327340091924
2019-03-01,-0.2817785554862115,-0.17932067988871161,0.0,0.5743491774985175,0.48489544459700057
2019-03-02,-0.4403635372662405,-0.35352299157778244,0.0,0.6597539553864472,0.47987539950781016
2019-03-03,-0.9537581519706182,0.03180772565145395,0.0,0.7578582832551991,0.4764201875923825
2019-03-04,2.7532562778657135,1.0249686277819468,0.0,0.8705505632961241,0.7818400291763806
2019-03-05,5.0,0.5679179965710175,0.0,1.0,0.7986632498571258
2019-03-06,0.5993075725707591,-0.08127964335285542,0.0,0.8705505632961241,0.5921497708594335
2019-03-07,-0.25048301161290837,1.1798651801114617,0.0,1.0,0.6074621817304504
2019-03-08,-0.25590678464587774,1.7006782612002858,0.0,1.0,0.6288011419069535
2019-03-09,-0.23197510428571025,2.834220646474327,0.0,1.0,0.6776275199840496
2019-03-10,-0.09041053902035963,-0.8328494905797242,0.0,0.8705505632961241,0.5148531531189061
2019-03-11,-0.1367219007349333,-0.861975766433479,0.0,0.8705505632961241,0.5105521341773614
2019-03-12,-0.1226001283695593,0.13765815851838376,0.0,1.0,0.5725624147136288
2019-03-13,-0.2743633257752011,3.6227858683976724,0.0,1.0,0.6817091116149866
2019-03-14,-0.27967018986746717,2.8105420518688518,0.0,1.0,0.673461239503371
2019-03-15,0.02270342320585825,0.23240441530842978,0.0,1.0,0.5861970788515751
2019-03-16,0.0394919203452332,0.1331035796214034,0.0,1.0,0.5831787771739073
2019-03-17,-0.04036129076851315,0.629666976450055,0.0,1.0,0.5985453713008514
2019-03-18,0.6884671222777643,0.7084835334997654,0.0,1.0,0.6504179553810079
2019-03-19,0.1018044322645241,0.6189744367254687,0.0,1.0,0.6075775636811962
2019-03-20,-0.1212788322211826,-0.2946737891244008,0.0,0.8705505632961241,0.5352192544661564
2019-03-21,0.0010792458851904363,-0.7915095580616004,0.0,0.8705505632961241,0.5226749693008647
2019-03-22,-0.1933828323058817,0.8562200010812611,0.0,1.0,0.5977836445579938
2019-03-23,-0.38984866035063526,1.2323303645704695,0.0,1.0,0.6003571878337272
2019-03-24,-0.24631204246723898,-0.06180329834592143,0.0,1.0,0.5560040597377707
2019-03-25,0.21973948753755418,-0.5209689403711619,0.0,0.8705505632961241,0.5485248444814572
2019-03-26,-0.13174860468825833,-0.7789251202444637,0.0,0.8705505632961241,0.5143441308383487
2019-03-27,-0.217516371047478,1.9777719529618363,0.0,1.0,0.642906073303578
2019-03-28,-0.3954688939327768,2.8094229016041754,0.0,1.0,0.6656946946379889
2019-03-29,-0.21491157595408916,2.3624099706897734,0.0,1.0,0.6591063103818013
2019-03-30,-0.19891534738942296,3.26995557182238,0.0,1.0,0.6867389768407052
2019-03-31,-0.2443361950677712,-0.3207051981178949,0.0,0.8705505632961241,0.5259307882349883
2019-04-01,0.7151593890221694,-0.3915220803018535,0.0,0.8705505632961241,0.5869464570833194
2019-04-02,-0.1318495079570493,1.4641956733331247,0.0,1.0,0.6272181858584103
2019-04-03,-0.31608806374566223,3.7621526644580885,0.0,1.0,0.6789274624169559
2019-04-04,0.6791595271526155,0.703173442161079,0.0,1.0,0.6495761952335527
2019-04-05,0.09922374012275853,-0.6317189131587703,0.0,0.8705505632961241,0.5358758791209871
2019-04-06,-0.2791645532450136,-0.19910059183607898,0.0,0.7578582832551991,0.5117719142787758
2019-04-07,-0.30925791377328155,-0.8110315854078748,0.0,0.6597539553864472,0.4695529163310869
2019-04-08,0.725897713100977,-0.782961337060298,0.0,0.5743491774985175,0.526922168453997
2019-04-09,0.9842753954625186,-0.5271890588972474,0.0,0.5,0.5436521489101159
2019-04-10,0.499271972518451,3.684563553588526,0.0,0.5,0.6582847981678966
2019-04-11,0.07989140067849101,1.4941171950904182,0.0,0.5743491774985175,0.578733353132111
2019-04-12,-0.1141331893706471,-0.6321922107791424,0.0,0.6597539553864472,0.49001287190079307
2019-04-13,-0.3301448136828479,1.5632711455493031,0.0,0.7578582832551991,0.5818053859739776
2019-04-14,-0.35053756360190896,-0.45244237457735176,0.0,0.8705505632961241,0.5133616479802351
2019-04-15,-0.2967325888008167,2.9177182036327727,0.0,1.0,0.6767894192313111
2019-04-16,-0.3357020118515384,4.438389519089642,0.0,1.0,0.6776198658765641
2019-04-17,-0.2939123727396373,2.931383873039603,0.0,1.0,0.677546836527341
2019-04-18,-0.34255298081385094,2.8816646112504194,0.0,1.0,0.6722324934145107
2019-04-19,-0.29284475254012515,-0.8854135274888951,0.0,0.8705505632961241,0.4991673706797063
2019-04-20,-0.28444001299528615,-0.5756650765322728,0.0,0.7578582832551991,0.4957300300997494
2019-04-21,-0.4400766604701174,2.3674259793310157,0.0,0.6597539553864472,0.5932673984154182
2019-04-22,-0.11014828582789798,-0.26651716373789663,0.0,0.5743491774985175,0.49270427574717207
2019-04-23,-0.20214643622954834,-0.8263318945494716,0.0,0.6597539553864472,0.47605616861976924
2019-04-24,-0.25625120804136725,-0.7905556300313356,0.0,0.7578582832551991,0.48865551070088314
2019-04-25,0.0262611106817573,-0.6836819163179512,0.0,0.8705505632961241,0.5288465786932879
2019-04-26,0.20017743840524416,-0.018742897716942136,0.0,1.0,0.5875642084888104
2019-04-27,-0.003965316609229365,4.26973971239078,0.0,1.0,0.6997356455593847
2019-04-28,-0.3217897522448148,0.2680831680449541,0.0,1.0,0.5647174818522188
2019-04-29,0.12183105274774873,2.3237405527380783,0.0,1.0,0.6799445932139365
2019-04-30,0.08057317695346128,0.1315265951464263,0.0,1.0,0.5858518199279985
2019-05-01,0.1083453701329683,0.19554375484351366,0.0,1.0,0.5903706811273443
2019-05-02,0.24073348085374777,0.2805156885307451,0.0,1.0,0.6027370524123642
2019-05-03,-0.09286308913305272,-0.2476316644154073,0.0,1.0,0.5584911413738212
2019-05-04,0.33941428523440553,-0.6136951855819638,0.0,0.8705505632961241,0.5526395707774638
2019-05-05,-0.12191963593248674,-0.3149840635925785,0.0,1.0,0.5537476882881435
2019-05-06,-0.1345111769876085,0.48372128831161076,0.0,1.0,0.5861876418804766
2019-05-07,-0.34534381613434595,1.028302167497886,0.0,1.0,0.5948230025701222
2019-05-08,-0.08682180423643399,0.5084566391586463,0.0,1.0,0.590397573015848
2019-05-09,0.09796819923543941,0.943651092111099,0.0,1.0,0.6208500087869918
2019-05-10,-0.38145193934098803,-0.42445450949077057,0.0,1.0,0.5318842661484854
2019-05-11,-0.2951570686584142,-0.6134491666795484,0.0,0.8705505632961241,0.5103450646388765
2019-05-12,-0.13931493645284065,-0.4339887778445243,0.0,1.0,0.5476294718262888
2019-05-13,-0.1134579327217147,-0.25852554240263903,0.0,1.0,0.5566642402184424
2019-05-14,0.15897285937810662,0.217859510680828,0.0,1.0,0.5946756702369083
2019-05-15,0.07158858421862314,0.3678586703999514,0.0,1.0,0.5951000168812396
2019-05-16,-0.2834911498293568,1.2819500775939436,0.0,1.0,0.6095151765777905
2019-05-17,-0.34424030507745024,2.8097016440464744,0.0,1.0,0.6691215481634398
2019-05-18,-0.2843284771396501,1.3697010254466677,0.0,1.0,0.6131156442509679
2019-05-19,0.039520138726243104,-0.5149106407939419,0.0,1.0,0.556180065882002
2019-05-20,-0.2110920436570626,2.0326477519766906,0.0,1.0,0.6456208534218913
2019-05-21,0.24314337592072852,2.1527640735552094,0.0,1.0,0.6809080614595157
2019-05-22,-0.2337733671597943,0.4684721563827599,0.0,1.0,0.5789347820386287
2019-05-23,-0.1671993579276674,0.986618502405566,0.0,1.0,0.6049624804050541
2019-05-24,-0.23398436136657133,-0.040428573131770104,0.0,1.0,0.5577165186950716
2019-05-25,-0.18464442532485745,0.115812611392449,0.0,1.0,0.5675158971196949
2019-05-26,-0.3520364543116554,0.5086117150774375,0.0,1.0,0.5727230578407829
2019-05-27,-0.3263796375105521,0.4952263741489642,0.0,1.0,0.5738757897555034
2019-05-28,-0.07998193041231054,0.1621055314229182,0.0,1.0,0.5764222684484676
2019-05-29,-0.21035456646332631,-0.6588241305644617,0.0,1.0,0.5335253567955924
2019-05-30,-0.17953617206912675,-0.7915540215628696,0.0,0.8705505632961241,0.5106320887913574
2019-05-31,-0.14469626579440717,-0.7458911829759134,0.0,1.0,0.5342747829897099
2019-06-01,0.08601719241739783,-0.18975171269589794,0.0,1.0,0.5728281581321641
2019-06-02,-0.025513017094921167,-0.6427774320917905,0.0,1.0,0.5465167391898473
2019-06-03,0.38392032455003533,-0.6908480695507238,0.0,1.0,0.5718093520720555
2019-06-04,0.3155333929878522,-0.33339600511607276,0.0,1.0,0.5821440593193538
2019-06-05,-0.5167715580812093,-0.8780008573350903,0.0,0.8705505632961241,0.4845477782333759
2019-06-06,2.3092269903252087,-0.9240722688077274,0.0,0.8705505632961241,0.6710280393157773
2019-06-07,4.187162534770635,-0.5909298670990648,0.0,1.0,0.7503779222042056
2019-06-08,2.3302207094791987,-0.6499059526604407,0.0,1.0,0.7032686326044283
2019-06-09,2.977777372435276,0.4582464932257919,0.0,1.0,0.792612095380093
2019-06-10,-0.09635149773317979,0.32839183421728335,0.0,1.0,0.5822595599101749
2019-06-11,-0.5817337259831623,-0.7713153723276426,0.0,0.8705505632961241,0.4846621955818894
2019-06-12,0.09219402389729844,-0.44536904937916133,0.0,1.0,0.5625892245356882
2019-06-13,0.3517978199521297,0.6670725163601682,0.0,1.0,0.6262478761784823
2019-06-14,0.23551581446749714,2.111091614101574,0.0,1.0,0.6786632048853988
2019-06-15,0.07791548255546225,0.9013290539891337,0.0,1.0,0.6177497427532448
2019-06-16,-0.22612710753029233,-0.6654316921551224,0.0,1.0,0.5321985389915171
2019-06-17,-0.07988607893666186,-0.5505483020205248,0.0,1.0,0.546734748820034
2019-06-18,-0.17189917764674956,-0.4827542452976548,0.0,1.0,0.5434252946028144
2019-06-19,1.561739261286924,-0.4357204448697474,0.0,1.0,0.6609609322162222
2019-06-20,1.7021982889504272,-0.3703323731856467,0.0,1.0,0.6730493703806266
2019-06-21,-0.3887770917776626,1.5072934057452314,0.0,1.0,0.6118854191208738
2019-06-22,-0.6153740920508735,1.353011094753013,0.0,1.0,0.5903505228113173
2019-06-23,-0.5766537763329467,0.3052479983722294,0.0,1.0,0.5492750815099798
2019-06-24,-0.3141699300247056,-0.4892144405903678,0.0,1.0,0.5336714029737543
2019-06-25,-0.594125162887844,-0.5439107705995052,0.0,1.0,0.5127287070324977
2019-06-26,-0.3108829853541578,0.2590350667191245,0.0,1.0,0.5650675954230197
2019-06-27,-0.3646091021493244,0.6498454889388668,0.0,1.0,0.5777696218958311
2019-06-28,0.15506610598486792,-0.10646249652137621,0.0,1.0,0.5809018030439339
2019-06-29,-0.2334750708742406,0.01900012055958696,0.0,1.0,0.5602266669650334
2019-06-30,0.1994143519235081,-0.1217881514860972,0.0,1.0,0.5832197838163132
2019-07-01,-0.5004889140605558,-0.09813045187610546,0.0,1.0,0.537545303567792
2019-07-02,-0.5252367100400759,-0.3717602212220015,0.0,1.0,0.5244942101130782
2019-07-03,-0.37787255865341457,-0.7478128596166246,0.0,1.0,0.5186496269390797
2019-07-04,-0.5705920052264429,-0.6455727869609545,0.0,1.0,0.5100616668615308
2019-07-05,0.02452819441451256,-0.5924722059985964,0.0,1.0,0.5519488710443593
2019-07-06,0.7871242479415949,-1.1541884746267987,0.0,0.8705505632961241,0.5599663479144084
2019-07-07,0.4931708322375685,-1.331768151884996,0.0,0.7578582832551991,0.5160664583089096
2019-07-08,1.2829450653324952,-1.3026398577062535,0.0,0.6597539553864472,0.5552161035923728
2019-07-09,5.0,-0.7273950873619089,0.0,0.5743491774985175,0.6808442479846981
2019-07-10,4.136669600821545,-1.0793434101355677,0.0,0.5,0.655027357911018
2019-07-11,1.5500653205275603,-1.0989140310415193,0.0,0.4352752816480621,0.5478408956556501
2019-07-12,1.560822874867881,-1.1265861990361266,0.0,0.5,0.5571137666980202
2019-07-13,2.8997782421951435,-1.228006798746062,0.0,0.5743491774985175,0.6533039761567013
2019-07-14,0.8303602924207851,-1.2309190116988924,0.0,0.6597539553864472,0.5280321539818988
2019-07-15,2.0858102191222883,-1.2188040724677172,0.0,0.7578582832551991,0.6269492540769444
2019-07-16,0.4660665154913598,-1.0243728244148391,0.0,0.8705505632961241,0.543971484509891
2019-07-17,0.02325313397898539,-0.023150914862366097,0.0,1.0,0.5755855874793339
2019-07-18,-0.0021773258307701865,-0.3802164893729616,0.0,1.0,0.559012491220742
2019-07-19,-0.4695845609483982,-0.535653786448155,0.0,1.0,0.521375454834767
2019-07-20,-0.5887542298859202,-0.4931272100549032,0.0,1.0,0.5152027509219844
2019-07-21,-0.11999017130866671,-1.0351092796880677,0.0,0.8705505632961241,0.5044536864201714
2019-07-22,0.839542413737692,-1.125146351923569,0.0,0.7578582832551991,0.547767138740644
2019-07-23,-0.4355815993826507,-1.142939157185789,0.0,0.6597539553864472,0.44730185513304926
2019-07-24,-0.24320071663435722,-1.161423368923248,0.0,0.5743491774985175,0.44654635514401847
2019-07-25,-0.5670549179249472,-1.1299348885662792,0.0,0.5,0.4151157184480752
2019-07-26,-0.3996231755664486,-1.1818547574073197,0.0,0.4352752816480621,0.4144057989841411
2019-07-27,-0.45179661395006526,-1.1672146080186985,0.0,0.37892914162759955,0.40308565498002313
2019-07-28,-0.5882576224797186,-1.1983626863228445,0.0,0.3298769776932236,0.3853325932252171
2019-07-29,0.5776194472498196,-1.2141239465015978,0.0,0.2871745887492588,0.4559956536914769
2019-07-30,0.8629193767483007,-1.1700879993825708,0.0,0.3298769776932236,0.48325583846292985
2019-07-31,3.1379728474673017,-0.9381529943747702,0.0,0.37892914162759955,0.6427496631451912
2019-08-01,2.475490901510244,-0.5682579802082266,0.0,0.4352752816480621,0.6316466031725495
2019-08-02,4.654943884787244,0.39996197211239753,0.0,0.5,0.7166650821713498
2019-08-03,0.0468517803644164,-1.0321220645551676,0.0,0.5743491774985175,0.4712707426259401
2019-08-04,-0.3120727393971446,-1.0624234345479655,0.0,0.6597539553864472,0.4588906009086589
2019-08-05,2.054264728473083,-0.4828519358914858,0.0,0.7578582832551991,0.6555108937243401
2019-08-06,5.0,-0.8816595430385632,0.0,0.8705505632961241,0.7188467702011452
2019-08-07,5.0,-0.9579595689580509,0.0,1.0,0.7350850179600813
2019-08-08,0.944839791872973,-0.40718121041875455,0.0,0.8705505632961241,0.6016060201851687
2019-08-09,1.8069382723445768,-0.9243904434711782,0.0,0.7578582832551991,0.6206250254999526
2019-08-10,1.8207542617439134,-0.9433711139703381,0.0,0.7578582832551991,0.6207552301891099
2019-08-11,2.5726449116175436,-0.8366664292772108,0.0,0.8705505632961241,0.6922311440490377
2019-08-12,5.0,-0.8269265892349568,0.0,1.0,0.7405447254485436
2019-08-13,5.0,-0.8817098369519465,0.0,1.0,0.7382620901270023
2019-08-14,3.630041492518261,-0.9082148778176392,0.0,1.0,0.7371577134242651
2019-08-15,4.180064464570298,-0.8444423353869461,0.0,1.0,0.7398149026922106
2019-08-16,5.0,-0.7663418139715037,0.0,1.0,0.7430690910845207
2019-08-17,0.9239292788789303,-0.44776949930294374,0.0,1.0,0.6179382227876394
2019-08-18,0.6323269666947309,-0.5040176364187143,0.0,1.0,0.5961543962622023
2019-08-19,2.336623133945132,-0.7894749767909104,0.0,1.0,0.6978800848967209
2019-08-20,3.268662632179208,-0.7202215110840323,0.0,1.0,0.7449907703714987
2019-08-21,4.455434613709955,-0.9468359913789394,0.0,1.0,0.7355485003592109
2019-08-22,0.254369444112442,-0.9084348395152582,0.0,1.0,0.5541065112943604
2019-08-23,-0.1721383596839342,-0.8337254208094412,0.0,0.8705505632961241,0.5093681346484297
2019-08-24,-0.27151285747194837,-0.7895682638569252,0.0,0.7578582832551991,0.4876792076627781
2019-08-25,-0.19786359257885805,0.32386427311089255,0.0,0.8705505632961241,0.5558860230354487
2019-08-26,4.318953894464541,-0.33714615711764856,0.0,1.0,0.7609522434534314
2019-08-27,-0.15065027389766517,1.0907587120018847,0.0,0.8705505632961241,0.5909875125679861
2019-08-28,-0.30833943210214815,-0.841308349872329,0.0,0.7578582832551991,0.483068265770123
2019-08-29,-0.18745957666804935,-0.7590744660153652,0.0,0.6597539553864472,0.47983768544612365
2019-08-30,-0.24590410275294608,0.020311014247192612,0.0,0.5743491774985175,0.4956050620348809
2019-08-31,-0.3149538141426725,-0.7697954746031687,0.0,0.6597539553864472,0.47089136092332357
2019-09-01,-0.32026637028729504,-0.9115828214551304,0.0,0.7578582832551991,0.47934503357516306
2019-09-02,-0.23897564395782234,-0.838742673696535,0.0,0.8705505632961241,0.5047032634932082
2019-09-03,0.22694254703871442,-0.4367165867619675,0.0,1.0,0.571932978687499
2019-09-04,0.41683771271380354,-0.22665389780486309,0.0,1.0,0.593345268439051
2019-09-05,5.0,0.14184817579659018,0.0,1.0,0.7809103406581913
2019-09-06,4.126143603973067,-0.01964784108765295,0.0,1.0,0.7741813399546812
2019-09-07,-0.37105105757703916,-0.2808296467044568,0.0,0.8705505632961241,0.5191446120432637
2019-09-08,-0.4314273858024428,0.7033184033492219,0.0,1.0,0.5755431077527214
2019-09-09,-0.42713664331907875,1.268965285961528,0.0,1.0,0.5993977773604584
2019-09-10,-0.4338478010238555,0.9714414316833295,0.0,1.0,0.5865535395852151
2019-09-11,-0.42933161501225076,1.2826800992899021,0.0,1.0,0.5998228964695959
2019-09-12,-0.3898938264959674,1.105957741541517,0.0,1.0,0.595088650797832
2019-09-13,-0.354593453165574,-0.6838979310916237,0.0,0.8705505632961241,0.5034472738212293
2019-09-14,-0.3871590186107256,-0.6143696312841755,0.0,0.7578582832551991,0.4872694066107242
2019-09-15,-0.3759342691327421,-0.5479097076254061,0.0,0.7578582832551991,0.49078688672837184
2019-09-16,-0.36236124750105525,-0.16131416177099112,0.0,0.8705505632961241,0.5247037445872237
2019-09-17,-0.40919128038845165,0.5918243162690942,0.0,1.0,0.5723799278186489
2019-09-18,-0.4097840157000951,1.0208886998252,0.0,1.0,0.590218094779377
2019-09-19,-0.4299477060414633,0.7294001736029727,0.0,1.0,0.5767284934973597
2019-09-20,-0.42038807373059334,0.8838074155800882,0.0,1.0,0.5837994374004641
2019-09-21,-0.43477681860568473,5.0,0.0,1.0,0.6710148787596211
2019-09-22,-0.3900497360899396,1.995441821968837,0.0,1.0,0.6321400935093723
2019-09-23,-0.14065425654677108,0.6716426410044942,0.0,1.0,0.5936081596054026
2019-09-24,-0.11732909507147513,0.8323441164405767,0.0,1.0,0.6018590651802591
2019-09-25,0.5300019964993686,1.3665022083976626,0.0,1.0,0.6672710584498606
2019-09-26,0.8788722040745606,0.8269249629919212,0.0,1.0,0.6680466870629674
2019-09-27,-0.3922310332468156,3.7309702361987327,0.0,1.0,0.6738512644502123
2019-09-28,-0.45302020089954304,3.108859342291125,0.0,1.0,0.6697986532733639
2019-09-29,-0.4677562564681484,5.0,0.0,1.0,0.6688162495687902
2019-09-30,-0.4214659109610976,4.70451824740792,0.0,1.0,0.6719022726025935
2019-10-01,-0.4107315670074056,4.077817387037088,0.0,1.0,0.6726178955328397
2019-10-02,0.3639174982853733,1.181942799657173,0.0,1.0,0.6485087832047405
2019-10-03,0.07202847292179954,0.053243335294074094,0.0,1.0,0.5820203704987065
2019-10-04,-0.35351014273339526,0.30564219863735825,0.0,1.0,0.564167748760997
2019-10-05,-0.08427588369417072,0.5471231204863494,0.0,1.0,0.5921784044406532
2019-10-06,-0.3943658223446901,0.26707495685063104,0.0,1.0,0.5598370683791303
2019-10-07,-0.4688329163876649,1.6665208575576054,0.0,1.0,0.6131828413057225
2019-10-08,-0.483119463144379,2.31535241972365,0.0,1.0,0.6392650532788602
2019-10-09,-0.4377657269525508,4.573955547455092,0.0,1.0,0.6708156182031633
2019-10-10,-0.28535075133862453,2.359016014045007,0.0,1.0,0.654268950495967
2019-10-11,-0.48207043016197104,2.843256671704213,0.0,1.0,0.6613309993102108
2019-10-12,-0.4899281741702531,0.8551390689197622,0.0,1.0,0.5779689162603066
2019-10-13,-0.4908199134446282,0.8692238142921886,0.0,1.0,0.578496331365866
2019-10-14,-0.46056812927389373,0.5251879337159446,0.0,1.0,0.5661782886199048
2019-10-15,-0.43495155024772714,1.940885342996521,0.0,1.0,0.6268734526083399
2019-10-16,-0.4645670269158025,1.3538183577814693,0.0,1.0,0.6004379631131744
2019-10-17,-0.4433010195186547,3.0168274633532666,0.0,1.0,0.6704465986987563
2019-10-18,-0.473920025204161,2.30940097061538,0.0,1.0,0.6396303720953634
2019-10-19,-0.3794429495195619,1.4225935773412932,0.0,1.0,0.6089785357545832
2019-10-20,-0.40730760992598897,2.0255411876665277,0.0,1.0,0.6322437088243728
2019-10-21,-0.43768795005970923,1.4149347761801125,0.0,1.0,0.6047764190035241
2019-10-22,-0.38025051769386636,2.249682207056417,0.0,1.0,0.6433867241144263
2019-10-23,-0.38668816190676414,2.8824610649448084,0.0,1.0,0.669323333578916
2019-10-24,-0.41971285864803376,2.488377670355039,0.0,1.0,0.6507015456882577
2019-10-25,-0.41379830152570624,2.1733637945398048,0.0,1.0,0.6379702713374448
2019-10-26,-0.340108990490283,2.6104991902743566,0.0,1.0,0.6610968668954127
2019-10-27,-0.4001426312280189,1.8493720697730898,0.0,1.0,0.6253809941586775
2019-10-28,-0.4685959958511415,0.6049649796147473,0.0,1.0,0.5689671410938717
2019-10-29,-0.45809356341029756,0.5014389798943055,0.0,1.0,0.5653537199349096
2019-10-30,-0.4243722437247106,1.8597071525413542,0.0,1.0,0.6241963151075758
2019-10-31,-0.31667480491502376,0.9778523909039805,0.0,1.0,0.5946321959599976
2019-11-01,-0.3861855095482333,1.9189974523337514,0.0,1.0,0.6292125265440242
2019-11-02,-0.460198308922272,0.7626672661970084,0.0,1.0,0.576097915496724
2019-11-03,-0.4403803343562949,1.4421999522463873,0.0,1.0,0.6057329757198465
2019-11-04,-0.49573197668205193,-0.3766830225756993,0.0,1.0,0.5262560756138758
2019-11-05,-0.4659009577623364,-0.4488345514691446,0.0,1.0,0.52523849650463
2019-11-06,-0.4453720475620235,0.019304796238392735,0.0,1.0,0.5461128966724648
2019-11-07,-0.4444535397777886,1.7908663233337272,0.0,1.0,0.6199891941537194
2019-11-08,-0.40463907978260044,0.15322988859534423,0.0,1.0,0.5544086400392993
2019-11-09,-0.39475843765397295,0.38782632124108635,0.0,1.0,0.5648422008747804
2019-11-10,-0.4453742593213128,1.2256604826932451,0.0,1.0,0.5963775694907977
2019-11-11,-0.43931603966607186,2.3229164134486946,0.0,1.0,0.6425004479159575
2019-11-12,-0.17861192857468053,0.7531813912290999,0.0,1.0,0.5944750960629005
2019-11-13,-0.2710085167911393,1.107985809893644,0.0,1.0,0.6030988409594925
2019-11-14,-0.34310071229287986,0.5677969864229705,0.0,1.0,0.5757848269480984
2019-11-15,-0.22583449052121865,1.16349800877711,0.0,1.0,0.6084234509976317
2019-11-16,-0.3902146492540982,1.2680470865564937,0.0,1.0,0.6018209853229141
2019-11-17,-0.3121363433719868,0.6914593480047042,0.0,1.0,0.5830017166087302
2019-11-18,-0.29284046938297187,0.6294712085112177,0.0,1.0,0.5817052690624359
2019-11-19,-0.2404439926133778,1.3226635306443286,0.0,1.0,0.6140813809359552
2019-11-20,-0.3063249926729744,3.4346615258622597,0.0,1.0,0.6795783338218018
2019-11-21,-0.284378975240027,1.3245960818055291,0.0,1.0,0.6112329050592287
2019-11-22,-0.2528299210096158,0.5199856169475244,0.0,1.0,0.5798107393055059
2019-11-23,-0.2299420668164465,0.44437467870002695,0.0,1.0,0.5781861404914047
2019-11-24,-0.21650942609047735,0.8176877307411157,0.0,1.0,0.594636360374848
2019-11-25,-0.27544487533608614,0.5414050719458832,0.0,1.0,0.5791955529753394
2019-11-26,-0.2926664992587093,0.9382341226807097,0.0,1.0,0.594581988494449
2019-11-27,-0.24896201862627987,0.10078792922481518,0.0,1.0,0.5626020291426154
2019-11-28,-0.24504956043622944,-0.07069802074482058,0.0,1.0,0.5557176117732172
2019-11-29,-0.2613103166765569,-0.019232722960012168,0.0,1.0,0.5567779487648957
2019-11-30,-0.26586985237585176,1.177933661865275,0.0,1.0,0.6063559124193297
2019-12-01,-0.1805701882658631,0.5295753724623382,0.0,1.0,0.5850276279682066
2019-12-02,-0.09232628491595694,1.1898138777368064,0.0,1.0,0.6184204925779698
2019-12-03,-0.2222499480115796,0.7569194247684684,0.0,1.0,0.5917216461645809
2019-12-04,-0.1511674578255034,0.6120404027290947,0.0,1.0,0.5904238529253454
2019-12-05,-0.41523065807058107,1.9832783805968177,0.0,1.0,0.6299545553201621
2019-12-06,-0.10200594527286135,0.5969293638546941,0.0,1.0,0.5930716604757549
2019-12-07,-0.09874674289380761,0.7887929831473681,0.0,1.0,0.6012832581048865
2019-12-08,-0.4348978321379525,2.09098727603649,0.0,1.0,0.633131281025657
2019-12-09,-0.3824204268669367,1.6217527029277552,0.0,1.0,0.617078334164194
2019-12-10,-0.19532962597296108,-0.8859621036796634,0.0,1.0,0.5250629372818166
2019-12-11,-0.19912619079288926,0.9872859221559258,0.0,1.0,0.602861834036971
2019-12-12,-0.3802795663278692,0.23626291982602102,0.0,1.0,0.5594923172375597
2019-12-13,-0.37971930933395054,-1.299851354535216,0.0,1.0,0.49552490627210266
2019-12-14,-0.47085180352685235,-0.6537582772268787,0.0,1.0,0.51636995154709
2019-12-15,-0.5539951917271247,-1.0763661960890336,0.0,1.0,0.493218395714482
2019-12-16,-0.4734539893077849,-1.1168039890440067,0.0,1.0,0.4969029011693141
2019-12-17,-0.17650503267257003,-0.7559509715974874,0.0,1.0,0.5317350406719334
2019-12-18,-0.04996418294784365,-0.5683000006703279,0.0,1.0,0.5479898877755468
2019-12-19,-0.33226444792434184,0.7768072128297729,0.0,1.0,0.5852160040062845
2019-12-20,-0.5078054844682873,-0.3144314995753698,0.0,1.0,0.5280449885531405
2019-12-21,-0.18896860297089074,-0.04122251508201744,0.0,1.0,0.5606844883401899
2019-12-22,-0.1507581606825852,0.16625323411675744,0.0,1.0,0.5718766740426926
2019-12-23,-0.2047075979652288,0.940194713909331,0.0,1.0,0.6005276065485402
2019-12-24,-0.33177995167939456,-0.0881866872301338,0.0,1.0,0.5492068912534515
2019-12-25,-0.5295398572682861,-0.20545478477263315,0.0,1.0,0.5311367268165879
2019-12-26,-0.47216419816792277,-0.28399257956468366,0.0,1.0,0.5316893626402767
2019-12-27,-0.4896675525364327,-1.5236069850785183,0.0,1.0,0.4788718721192996
2019-12-28,-0.8140578871702555,-1.3945483208250313,0.0,1.0,0.4626232941542734
2019-12-29,-0.6608226021840019,-1.7547376885520383,0.0,1.0,0.45783108949806495
2019-12-30,-0.225867424939165,-1.2959951084173293,0.0,1.0,0.505942375486667
2019-12-31,-0.22758327061289618,-1.1119695866162869,0.0,1.0,0.5134957158501283
2020-01-01,-1.474249775548852,-0.6540296440141987,0.0,1.0,0.4494654464628183
2020-01-02,-1.299171057398151,-1.537950378415526,0.0,1.0,0.424307330406143
2020-01-03,-1.418839558731428,-1.9950246255341801,0.0,0.8705505632961241,0.377867254515066
2020-01-04,-1.1877679464949271,-1.128474647171894,0.0,1.0,0.4487956932681759
2020-01-05,-1.2700062568411241,1.1247415005110817,0.0,1.0,0.5371971453985535
2020-01-06,-0.9707977325946621,-0.09531626077132152,0.0,1.0,0.5063086402948842
2020-01-07,-0.6492520138277699,-0.4546910208374591,0.0,1.0,0.5127710732099212
2020-01-08,-1.3331903258707334,1.701339786722761,0.0,1.0,0.5570098027220661
2020-01-09,-1.2705064917327513,1.041847733736004,0.0,1.0,0.5337098894568167
2020-01-10,-1.226654154011024,-1.5104090601616513,0.0,1.0,0.4302893455591963
2020-01-11,-1.0314186756730024,0.7424327748585459,0.0,1.0,0.5371734539075727
2020-01-12,-0.9554984607245506,1.3720602605151675,0.0,1.0,0.5684692801398287
2020-01-13,-0.746913763825047,0.8284938176355028,0.0,1.0,0.5597263248131429
2020-01-14,-0.9867449395674897,0.02059464130065237,0.0,1.0,0.510075114083028
2020-01-15,-1.0162580012755869,1.2074707124178599,0.0,1.0,0.5575607462657051
2020-01-16,-0.7193573855357857,-1.3213122196349962,0.0,1.0,0.47198816514615616
2020-01-17,-0.28984683578247616,0.13026611948074204,0.0,1.0,0.5611046325928659
2020-01-18,-1.1912825494062356,-0.15179929056399313,0.0,1.0,0.48925619293275124
2020-01-19,-0.9311284070492607,-1.6859805980610956,0.0,1.0,0.4426755812775037
2020-01-20,-0.42291340280048634,-1.67775134627713,0.0,1.0,0.4768994670517539
2020-01-21,-0.7369871438619652,-0.782183305934714,0.0,1.0,0.4932765526619226
2020-01-22,-1.1578677770114885,0.6846043115398919,0.0,1.0,0.5263339945133962
2020-01-23,-0.9340396839329363,-1.2126321956059494,0.0,1.0,0.462204346254223
2020-01-24,-0.3629692399759784,-1.5241554794646017,0.0,1.0,0.4872955723572431
2020-01-25,-1.2836007809844123,-0.6324885973045741,0.0,1.0,0.4630729230466819
2020-01-26,-1.1067248487143222,-1.6992597696341118,0.0,1.0,0.43041585301762386
2020-01-27,-0.6952816583561418,-1.5575168627055294,0.0,1.0,0.46375135349686014
2020-01-28,-1.1793270341314144,1.1818356034318054,0.0,1.0,0.5456213478675642
2020-01-29,0.19640486516279462,-0.5840459550758551,0.0,1.0,0.5637584095493591
2020-01-30,-0.1243293155891986,-1.30994245993601,0.0,1.0,0.5121304431300531
2020-01-31,0.5062799324357108,-0.10723510892488436,0.0,1.0,0.6042838659571773
2020-02-01,-0.08242774784592266,-0.7056446231903836,0.0,1.0,0.5401029575106725
2020-02-02,-0.4445295849249161,-0.34613314980201637,0.0,1.0,0.5309424797632549
2020-02-03,-1.3054593914144061,0.3669834761710664,0.0,1.0,0.5032603520795007
2020-02-04,-0.12579845176591473,0.16061969528247055,0.0,1.0,0.5733059238523753
2020-02-05,1.6552244786749637,0.7138734053579517,0.0,1.0,0.7150930238015789
2020-02-06,2.280055785290521,0.7756874793202819,0.0,1.0,0.7593240306577131
2020-02-07,0.6773899362350136,-0.5222585700804497,0.0,1.0,0.5983985553289822
2020-02-08,0.7762370027171975,-0.12495365524726441,0.0,1.0,0.6215427312125106
2020-02-09,-0.3169945400750961,0.5480918454624154,0.0,1.0,0.576704190889261
2020-02-10,0.0011742072841467968,-0.4391172126465603,0.0,1.0,0.5567817299586698
2020-02-11,0.7474677570511942,-0.6524807244304526,0.0,1.0,0.5976444869521441
2020-02-12,0.7968055482499113,-0.3473056319648403,0.0,1.0,0.6136493018847924
2020-02-13,0.5183806790337597,0.036055926070698886,0.0,1.0,0.6110610421885297
2020-02-14,0.777853752294449,-0.6939769356940453,0.0,1.0,0.5979412111657114
2020-02-15,-0.0729430427134113,-0.48325817151376227,0.0,1.0,0.5500013733393658
2020-02-16,1.1674520228743768,0.16996542978674153,0.0,1.0,0.6599120277660727
2020-02-17,0.4576500072581873,0.3417708991156643,0.0,1.0,0.6197504546136985
2020-02-18,1.537041545611982,1.232975650915233,0.0,1.0,0.7288434218289335
2020-02-19,2.0504268302895627,0.6348383701684283,0.0,1.0,0.738146720776322
2020-02-20,2.8688354094227724,2.072854845744208,0.0,1.0,0.8526246458675268
2020-02-21,3.209389225708921,0.8202733519821793,0.0,1.0,0.8091780563325908
2020-02-22,1.9366229226878942,0.6512489147053827,0.0,1.0,0.7312435662919172
2020-02-23,0.5583133004860726,0.6611359439989181,0.0,1.0,0.6397682176990264
2020-02-24,1.5401882691060413,1.0099722930907702,0.0,1.0,0.7197613968191848
2020-02-25,2.386928783674583,0.8499193684618686,0.0,1.0,0.7695418925975501
2020-02-26,2.131278208432075,1.1764953584166586,0.0,1.0,0.7661058538294991
2020-02-27,3.0157035951619617,0.6963942272915146,0.0,1.0,0.8040164261371465
2020-02-28,2.578969854555111,1.5746211002744923,0.0,1.0,0.8125405361484446
2020-02-29,1.7761947895316736,0.269980352424577,0.0,1.0,0.7046621673198024
2020-03-01,-0.5134052609142541,0.6844174467461891,0.0,1.0,0.5692903762201409
2020-03-02,0.9525178980697887,1.4477655390708537,0.0,1.0,0.6988247573326049
2020-03-03,1.8054478517630517,1.928050732718887,0.0,1.0,0.7756986373141571
2020-03-04,1.4407376167137425,1.9430207983511618,0.0,1.0,0.7520083743788812
2020-03-05,1.643549557903739,2.1761918313645174,0.0,1.0,0.7752446301671042
2020-03-06,1.2460619317668686,-0.29882454875991993,0.0,1.0,0.645619772586128
2020-03-07,-0.6082041021090336,-0.1271587856875309,0.0,1.0,0.5291547771224173
2020-03-08,-0.690100350167196,-0.14258309663840207,0.0,1.0,0.5230523476289203
2020-03-09,0.4150498996402317,0.1555826122917135,0.0,1.0,0.6091526021548369
2020-03-10,1.1803143572406793,1.6399054159025077,0.0,1.0,0.7220170161453164
2020-03-11,1.0497584411183984,1.5050883281165286,0.0,1.0,0.707695909746082
2020-03-12,1.2438387305998497,1.5352438683836012,0.0,1.0,0.7218910765559734
2020-03-13,1.3923312328459243,1.0303008730900487,0.0,1.0,0.710751285235147
2020-03-14,0.4714433219936804,-0.3087892534767365,0.0,1.0,0.5935633359047148
2020-03-15,1.1192044699212704,-0.5045188816939086,0.0,1.0,0.6285920112575052
2020-03-16,0.508269699287712,-0.373977023944733,0.0,1.0,0.5933022706214837
2020-03-17,0.6008256696738815,-0.608941786969409,0.0,1.0,0.5896824701878668
2020-03-18,0.340493606221025,0.3253034914605574,0.0,1.0,0.6112538858922583
2020-03-19,0.3140626202948969,0.04110647097993614,0.0,1.0,0.5976502776438238
2020-03-20,-0.10651270738108749,0.5328952278259226,0.0,1.0,0.5901031206673409
2020-03-21,0.14355841976110464,-0.18186858073643578,0.0,1.0,0.5769927037867222
2020-03-22,0.4216316357125946,0.8282219263023819,0.0,1.0,0.6376180226434389
2020-03-23,0.9405066137418083,0.7314428960194744,0.0,1.0,0.6681772282502654
2020-03-24,3.251128802307482,1.8937242723162877,0.0,1.0,0.8539051780131787
2020-03-25,3.8807155405508733,1.4735691300873857,0.0,1.0,0.836398713753641
2020-03-26,1.1090770742992437,1.9290733438653718,0.0,1.0,0.7293165276143401
2020-03-27,0.945095400510788,0.7102427247520269,0.0,1.0,0.6675998068987203
2020-03-28,-0.5541123402235832,-0.3760866535875838,0.0,1.0,0.5223889000856118
2020-03-29,-0.09727936659989428,0.08704358181685624,0.0,1.0,0.5721415248023761
2020-03-30,-0.7937311058118267,-0.3691736735152814,0.0,1.0,0.5067023565494082
2020-03-31,0.3199698289801585,-0.8333886035408027,0.0,1.0,0.5616067967844772
2020-04-01,1.4828342522559887,0.3791866341239326,0.0,1.0,0.6896550599055631
2020-04-02,-0.7491871444131103,-0.278843817143177,0.0,1.0,0.5134356979914937
2020-04-03,-0.5452378375552978,-0.14465442040154794,0.0,1.0,0.5326235433129157
2020-04-04,-1.006527394355131,-1.8026733821109744,0.0,1.0,0.43278678278836735
2020-04-05,-0.9731500549452998,-1.9077025694516778,0.0,1.0,0.43063572260982674
2020-04-06,-1.2485714076268468,-1.2301396121840957,0.0,1.0,0.4405060889838729
2020-04-07,-0.7084461954199377,-1.5686656481564436,0.0,1.0,0.46240918496548566
2020-04-08,2.8068144755977964,-1.862565097750663,0.0,1.0,0.6845140859669089
2020-04-09,-0.1347644262901767,-1.8464604972223035,0.0,1.0,0.48907985086305894
2020-04-10,-1.3292018233822966,-1.9129400086989015,0.0,0.8705505632961241,0.38726329590647796
2020-04-11,-1.3892116841934752,-1.295637309891185,0.0,1.0,0.42840099980830226
2020-04-12,-1.3276037116762964,-0.8825388340148471,0.0,1.0,0.44972063447096167
2020-04-13,-1.3472928199746594,-1.2815774984411414,0.0,1.0,0.43178141623330846
2020-04-14,-1.2550166894557009,-1.8634896555488836,0.0,0.8705505632961241,0.3942694028828351
2020-04-15,-1.0001618420712668,-1.5646351632412059,0.0,1.0,0.4431294120601986
2020-04-16,-1.2415224970237104,0.05045086570968891,0.0,1.0,0.494333952936323
2020-04-17,-1.2282026927634104,-0.6129011297777893,0.0,1.0,0.4675822734083648
2020-04-18,-1.1694256308261206,-1.6852105387519043,0.0,0.8705505632961241,0.4074037699913479
2020-04-19,-0.6952559457370775,-0.8277723384882731,0.0,0.7578582832551991,0.45783783200212996
2020-04-20,-0.06478854701186686,-1.8109784420886257,0.0,0.6597539553864472,0.4441864217534833
2020-04-21,-0.961237927245121,-1.7111776829051546,0.0,0.5743491774985175,0.3757707780207215
2020-04-22,-1.145534058148663,-0.740659413273951,0.0,0.5743491774985175,0.4039226305284522
2020-04-23,-0.29024685799972816,-1.6911575906788066,0.0,0.6597539553864472,0.434148403163035
2020-04-24,-0.6368408246057348,-0.8542035638475804,0.0,0.7578582832551991,0.4606308723542484
2020-04-25,-1.125891870844571,-1.6882465196092995,0.0,0.8705505632961241,0.41017952145439307
2020-04-26,-1.2366902833393714,-1.1711696999976797,0.0,1.0,0.4437552436108053
2020-04-27,-1.0163581290597856,0.676516486674373,0.0,1.0,0.5354309783407799
2020-04-28,-0.6255637845786627,-1.1382121580248714,0.0,1.0,0.48587024111038624
2020-04-29,-0.7971709294408826,-0.5533201485457535,0.0,1.0,0.49880026518120146
2020-04-30,-0.7996443373075884,-1.1860409542068449,0.0,1.0,0.4722720044208756
2020-05-01,-0.9311396526753193,0.4796623605674042,0.0,1.0,0.5329099548452872
2020-05-02,-0.991072296465421,-0.8872575775824719,0.0,1.0,0.4719594478363689
2020-05-03,0.25722924329154295,-1.4131835001349613,0.0,1.0,0.5332659703804795
2020-05-04,0.0010618859739441515,-1.1466567471944098,0.0,1.0,0.5272934279318292
2020-05-05,-0.936047490439608,-0.6614849166924947,0.0,1.0,0.48503496244183886
2020-05-06,-1.0357863955096793,-1.5201466582826217,0.0,0.8705505632961241,0.42319071403199743
2020-05-07,-0.9360221458281474,0.5090747833267075,0.0,0.7578582832551991,0.4974887154050162
2020-05-08,-1.0225253976676283,0.3426522186585117,0.0,0.7578582832551991,0.4847875584212093
2020-05-09,-1.0622339133020533,-1.4799239506495543,0.0,0.8705505632961241,0.42310349233055033
2020-05-10,-1.0876702743381232,-1.3279523599928902,0.0,1.0,0.44715730004442145
2020-05-11,-1.0039810047660789,-0.5953126863101105,0.0,1.0,0.48326323775267355
2020-05-12,-0.8604243540846853,-1.2821717234275205,0.0,1.0,0.4642145545848744
2020-05-13,-0.8550147965185437,-0.576667803428585,0.0,1.0,0.4939711884225727
2020-05-14,-0.7496772015288293,-0.38386530966314136,0.0,1.0,0.5090271319954471
2020-05-15,-0.6761556160385396,-1.2096421805758804,0.0,1.0,0.479521201406769
2020-05-16,-1.0137957632325825,-1.3672342328178444,0.0,0.8705505632961241,0.4310281072448363
2020-05-17,-0.6784598419771186,-1.461618721625146,0.0,0.7578582832551991,0.43254730628875754
2020-05-18,-0.28690712497930376,-1.3673647188949036,0.0,0.6597539553864472,0.44786242168872586
2020-05-19,0.8053279654901689,-1.265000309984503,0.0,0.5743491774985175,0.5121325614081013
2020-05-20,-0.646211660603685,-1.2385504267865093,0.0,0.5,0.4053129548436498
2020-05-21,-0.8212822224139897,-1.23522713155707,0.0,0.4352752816480621,0.38407134693806544
2020-05-22,-0.7855708366537364,-1.26225011240905,0.0,0.37892914162759955,0.3768742274501804
2020-05-23,-0.9294878060940251,-0.9905139753874389,0.0,0.3298769776932236,0.37124427727323855
2020-05-24,-1.010023528246642,-0.7685348070290181,0.0,0.2871745887492588,0.36871900280307024
2020-05-25,-0.956702363896615,-1.1730773571162696,0.0,0.2871745887492588,0.3554178075061032
2020-05-26,-0.884119024050547,-1.2200370465487251,0.0,0.3298769776932236,0.3647054014444169
2020-05-27,-0.6082315504606769,-1.1974805116784333,0.0,0.37892914162759955,0.3913955798934935
2020-05-28,-0.739943119201847,-1.1698773494114267,0.0,0.4352752816480621,0.3922168614082767
2020-05-29,-0.5791835093991894,-1.1705587758434244,0.0,0.5,0.41261448371324466
2020-05-30,-0.7160773276404987,-1.0291258738057736,0.0,0.5743491774985175,0.4205336433735039
2020-05-31,-0.7904195386772469,-1.0063972598756061,0.0,0.6597539553864472,0.42933523823466707
2020-06-01,-0.6675137399572941,-1.0922651537836974,0.0,0.7578582832551991,0.4486667784168062
2020-06-02,-0.6375631756704009,-0.9800878718711324,0.0,0.8705505632961241,0.47224137812176137
2020-06-03,-0.24439001161533938,-0.6506257531361727,0.0,1.0,0.5315979261783036
2020-06-04,0.025795879200821114,-0.793457673288914,0.0,1.0,0.5436589888930167
2020-06-05,-0.4446169364779505,-0.2715887324119509,0.0,1.0,0.5340426737176387
2020-06-06,-0.4687857223801177,0.45138370850214893,0.0,1.0,0.5625552730289151
2020-06-07,-0.3116271985853537,1.4411911369217494,0.0,1.0,0.614274484132716
2020-06-08,2.9053305779203904,-0.07169386171104848,0.0,1.0,0.7657014609567323
2020-06-09,-0.05099897060114616,-0.1151987554444364,0.0,1.0,0.5668001204830722
2020-06-10,-0.48986947914082435,-1.0409957382396975,0.0,0.8705505632961241,0.4795497967917096
2020-06-11,-0.6545437374019063,0.5150660704222595,0.0,1.0,0.5528248371074671
2020-06-12,-0.5247143845130552,1.42614289505897,0.0,1.0,0.5994416616599201
2020-06-13,-0.6703331376147853,1.6668912939523617,0.0,1.0,0.5997649280736961
2020-06-14,-0.6272215980504117,1.8716323942994233,0.0,1.0,0.6111699098924486
2020-06-15,-0.400322511350599,0.4454297254793747,0.0,1.0,0.5668714044716007
2020-06-16,-0.5792965265539571,0.8729731445848058,0.0,1.0,0.5727541125874365
2020-06-17,-0.6031769442422661,2.3473307774746703,0.0,1.0,0.6325936527786269
2020-06-18,-0.5201187739705208,1.2852114214337376,0.0,1.0,0.5938758909617043
2020-06-19,-0.503993501458114,-0.44833610340693714,0.0,1.0,0.5227197622608367
2020-06-20,-0.5439467675999596,-0.8208719034364941,0.0,0.8705505632961241,0.48511647067790076
2020-06-21,-0.5744979842784229,-0.8861762342960876,0.0,0.7578582832551991,0.4634548671073813
2020-06-22,-0.5092467371051587,-0.37304349092851785,0.0,0.6597539553864472,0.4744698320456016
2020-06-23,-0.6707136210017811,-0.8418919522920152,0.0,0.7578582832551991,0.4588856697426605
2020-06-24,-0.6084682796372162,-1.0167801250548836,0.0,0.8705505632961241,0.47265219397465075
2020-06-25,-0.6449719224677406,0.44982078653666874,0.0,1.0,0.5507444046078451
2020-06-26,-0.6499827889716153,1.2280960632641558,0.0,1.0,0.5828384833712321
2020-06-27,-0.6718308006516318,1.6990578531520666,0.0,1.0,0.6010053571712273
2020-06-28,-0.73240032166327,2.4694516187008184,0.0,1.0,0.6290671293349828
2020-06-29,-0.43911428807866565,1.9736257192223345,0.0,1.0,0.6279601190956863
2020-06-30,-0.34498370343193646,1.3026676772875638,0.0,1.0,0.6062789063248528
2020-07-01,0.7605373381624164,-0.6253818607055807,0.0,1.0,0.5996449116814286
2020-07-02,0.6779137619045459,-0.6379276639566877,0.0,1.0,0.5936139314621077
2020-07-03,0.6234188084936917,-0.8532307716750279,0.0,0.8705505632961241,0.5615925562408719
2020-07-04,0.9242720517023417,-0.7510493651075374,0.0,0.7578582832551991,0.5690031557222885
2020-07-05,0.4704611717799258,-0.8163094363214011,0.0,0.6597539553864472,0.5213142782465704
2020-07-06,0.17719083644453384,-0.7871941290748077,0.0,0.7578582832551991,0.5176917095397986
2020-07-07,0.054134067298903674,-0.809203979078789,0.0,0.8705505632961241,0.5254746898527294
2020-07-08,0.3761164800390309,-0.49144609463846084,0.0,1.0,0.5795975113926662
2020-07-09,0.11063208332337464,1.2305283457856449,0.0,1.0,0.6336474866292935
2020-07-10,1.4053621597090216,0.16892928454959266,0.0,1.0,0.6757295308368345
2020-07-11,2.511463338903314,0.8779972660584577,0.0,1.0,0.7790141086793233
2020-07-12,3.4800618109204353,-0.7012132099879312,0.0,0.8705505632961241,0.7263653674115882
2020-07-13,0.7133256901133301,-0.6980057561417218,0.0,0.7578582832551991,0.5571502153232635
2020-07-14,-0.014071093057367737,-0.03112025515902495,0.0,0.6597539553864472,0.5217283431391831
2020-07-15,-0.23144030822278328,-0.6233166267945618,0.0,0.5743491774985175,0.46975149662681864
2020-07-16,-0.17019907642475862,-0.7967030657725356,0.0,0.5,0.4554574338311605
2020-07-17,-0.5119165171171184,-0.08535943604454274,0.0,0.4352752816480621,0.4526068812708788
2020-07-18,-0.28891228448981177,0.40244605755202617,0.0,0.37892914162759955,0.4793471380094869
2020-07-19,-0.19592268138509394,-0.7043986180043378,0.0,0.3298769776932236,0.4320700921447965
2020-07-20,-0.24562857728755866,-0.8655903613589067,0.0,0.3298769776932236,0.4220400431115252
2020-07-21,-0.3740804601602799,-0.4265270100445739,0.0,0.37892914162759955,0.4391287151482641
2020-07-22,-0.15711183242769294,-0.9096280909134765,0.0,0.4352752816480621,0.4419159996306349
2020-07-23,1.0486073637358582,-0.8874298251772442,0.0,0.5,0.532930914866672
2020-07-24,1.9594361044183166,-0.8429669380506871,0.0,0.5743491774985175,0.6066578278338868
2020-07-25,-0.7150034462017706,-0.7528840322408724,0.0,0.6597539553864472,0.44492602888447935
2020-07-26,-0.7086739555901396,-0.7098761417055974,0.0,0.7578582832551991,0.4618556395445374
2020-07-27,-0.44344914078414827,-0.8383798891342913,0.0,0.8705505632961241,0.49108681306154667
2020-07-28,0.9506101806796682,-0.4454142249277595,0.0,1.0,0.6198150860066546
2020-07-29,1.911391368420206,-0.054276093548136214,0.0,1.0,0.7001645873301748
2020-07-30,2.3620877339761748,0.18120333418178736,0.0,1.0,0.7400226545226528
2020-07-31,1.3868755424989538,-0.37759879988710016,0.0,1.0,0.6517250861713011
2020-08-01,2.949553381429236,-0.13481004419580736,0.0,1.0,0.7660198069204571
2020-08-02,4.783668485299545,0.3572982306234165,0.0,1.0,0.7898874262759757
2020-08-03,5.0,0.794878150879321,0.0,1.0,0.808119922953305
2020-08-04,4.940005739957169,1.0663107065592734,0.0,1.0,0.8194296127733031
2020-08-05,5.0,2.2531930200409254,0.0,1.0,0.8688830425017052
2020-08-06,4.928264689548651,2.2183273125267875,0.0,1.0,0.8674303046886161
2020-08-07,3.72274837356929,2.6238249520361343,0.0,1.0,0.8843260396681722
2020-08-08,2.597857231649119,1.8450623212416992,0.0,1.0,0.8250680788283454
2020-08-09,0.7338076230828907,0.9365558397005243,0.0,1.0,0.662943668193048
2020-08-10,2.3069622042528968,1.5982244667669734,0.0,1.0,0.795390166398817
2020-08-11,-0.013843409499788227,-0.27127980041741134,0.0,1.0,0.5627737810159553
2020-08-12,-0.39808361247980506,-0.5754246046406636,0.0,1.0,0.5244850673079854
2020-08-13,4.026395172873724,-0.3624352780924821,0.0,1.0,0.7598985300794799
2020-08-14,5.0,-0.8709113350781427,0.0,1.0,0.7387120277050775
2020-08-15,1.941851813311326,-0.9223625492382848,0.0,1.0,0.6660250146691599
2020-08-16,0.38508269120391614,-0.9217575704908422,0.0,0.8705505632961241,0.5428481984708946
2020-08-17,-0.08859380193579149,-0.9123093544045675,0.0,0.7578582832551991,0.49475959925903684
2020-08-18,-0.09762615260101193,-0.912222934737281,0.0,0.6597539553864472,0.47944539418717963
2020-08-19,-0.23166727641582255,-0.8798351041274819,0.0,0.5743491774985175,0.4590480955250778
2020-08-20,-0.2876298277863103,-0.8482979422950064,0.0,0.5,0.44547893055195403
2020-08-21,-0.331783497924531,-0.8614805283273026,0.0,0.5,0.44198607812472707
2020-08-22,-0.24851968211038572,-0.8492839444792712,0.0,0.5743491774985175,0.459197566797449
2020-08-23,-0.2989156705526237,-0.821668378098878,0.0,0.6597539553864472,0.4697991995170056
2020-08-24,-0.27978606656524785,-0.8815412413021393,0.0,0.7578582832551991,0.48329545299634086
2020-08-25,-0.09728260094831089,-0.8925686717133483,0.0,0.8705505632961241,0.5119067164431417
2020-08-26,-0.3766710004077478,-0.48957087975585517,0.0,1.0,0.5294898133163228
2020-08-27,-0.10253116497459741,-0.23883775929940926,0.0,1.0,0.5582130156975516
2020-08-28,0.13476661314083796,-0.03178397172943878,0.0,1.0,0.5826601087206627
2020-08-29,0.47612344531318856,-0.6200916913082583,0.0,1.0,0.5809044092163685
2020-08-30,-0.2519103143721795,-0.9147404011122136,0.0,0.8705505632961241,0.5006743801565977
2020-08-31,-0.02145955257393418,-0.594426417971242,0.0,0.7578582832551991,0.5124803382345491
2020-09-01,-0.40529074692709827,-0.7498257944904595,0.0,0.6597539553864472,0.46570096874239136
2020-09-02,-0.3561827787918841,-0.7052835905533233,0.0,0.5743491774985175,0.4580200417655969
2020-09-03,-0.41668205846267065,-0.806861931438243,0.0,0.6597539553864472,0.4625650422671956
2020-09-04,-0.43499136328970833,-0.8461016976957663,0.0,0.7578582832551991,0.47442508086497576
2020-09-05,-0.4395031575136537,-0.7364803076295111,0.0,0.8705505632961241,0.4955956945089455
2020-09-06,-0.4252266130971976,0.380958912702295,0.0,1.0,0.5625248471561157
2020-09-07,-0.43015859843176757,1.0980005523073388,0.0,1.0,0.5920727831173546
2020-09-08,-0.4531642760129594,1.96322620641461,0.0,1.0,0.6265901401997449
2020-09-09,-0.4444591719237118,2.0400487926749657,0.0,1.0,0.6303714215665428
2020-09-10,-0.42687430964297407,-0.1041109918692107,0.0,1.0,0.542203754695918
2020-09-11,-0.4285315448839654,-0.824448913190993,0.0,0.8705505632961241,0.49266177678586287
2020-09-12,-0.39788462960104337,-0.4590524464298981,0.0,0.7578582832551991,0.49302591524696454
2020-09-13,-0.41185890623824883,-0.8418542501793989,0.0,0.6597539553864472,0.4614285724679423
2020-09-14,-0.41194191698052135,-0.8225972913690679,0.0,0.5743491774985175,0.4494146950190317
2020-09-15,-0.3214696147212729,-0.8341091700283817,0.0,0.5743491774985175,0.45496652022551026
2020-09-16,-0.30774306466961954,-0.6673289956228731,0.0,0.6597539553864472,0.4756415141790395
2020-09-17,-0.40172872712944163,-0.39194215425211165,0.0,0.7578582832551991,0.4955659042524791
2020-09-18,-0.4150609574846985,-0.5063198391348546,0.0,0.8705505632961241,0.5068151940314864
2020-09-19,-0.3484442362623902,-0.29043050855480523,0.0,1.0,0.5396691130593905
2020-09-20,-0.43638498128274655,1.0366683375064525,0.0,1.0,0.5891021819772525
2020-09-21,-0.45946162388521555,0.8723786547782977,0.0,1.0,0.5807183356900814
2020-09-22,-0.443034408842472,-0.004653144242698959,0.0,1.0,0.5452704917337228
2020-09-23,-0.39199125939292967,-0.4245597668528899,0.0,1.0,0.5311772590882676
2020-09-24,-0.3439839722991532,-0.3666539356034629,0.0,1.0,0.5367904878632456
2020-09-25,-0.35151445526756286,1.6141255116647346,0.0,1.0,0.6188209326348597
2020-09-26,-0.40692274425460623,2.86841355891569,0.0,1.0,0.66738904867118
2020-09-27,-0.4217337681406984,2.2381273557280803,0.0,1.0,0.6401397219459568
2020-09-28,-0.42036676572585996,2.646709668881271,0.0,1.0,0.657255118488329
2020-09-29,-0.46729678372840144,-0.6068900381947661,0.0,0.8705505632961241,0.49914238065440997
2020-09-30,-0.4048622311127978,-0.443919961402384,0.0,1.0,0.5295125195340475
2020-10-01,-0.41901355777373384,0.1586789337342495,0.0,1.0,0.5536773850540115
2020-10-02,-0.41699240635562324,1.1561814092814322,0.0,1.0,0.5953747316296848
2020-10-03,-0.39761005834568275,3.8170617859575566,0.0,1.0,0.6734926627769545
2020-10-04,-0.34927260625510825,0.3623034816967927,0.0,1.0,0.5668111379870258
2020-10-05,-0.36196569416190344,3.4434765787697375,0.0,1.0,0.6758689537225397
2020-10-06,-0.32565069259903257,0.03993499233784307,0.0,1.0,0.554953911840808
2020-10-07,-0.22504868507899167,0.39766381150797303,0.0,1.0,0.5765660798075661
2020-10-08,-0.3025667609798466,1.805138056158915,0.0,1.0,0.6300429682746317
2020-10-09,-0.23371334875708283,1.789461609738655,0.0,1.0,0.6339800104886385
2020-10-10,0.12349434198313465,-0.16074399584712262,0.0,1.0,0.5765352896385789
2020-10-11,-0.16165157489513654,0.9295229878665914,0.0,1.0,0.6029533528347656
2020-10-12,-0.024978620789424793,1.455409129434304,0.0,1.0,0.633976805673801
2020-10-13,-0.30130553380324576,0.7199372068049448,0.0,1.0,0.5849103480299896
2020-10-14,-0.26497685464220616,0.8630929560282069,0.0,1.0,0.5932970828583616
2020-10-15,-0.34459781135144174,1.3458877893274928,0.0,1.0,0.6081054704652161
2020-10-16,-0.43106900166962564,-0.20146895680899563,0.0,1.0,0.5378675266883168
2020-10-17,-0.4509207819180219,2.4972459543838847,0.0,1.0,0.6489905293047937
2020-10-18,-0.22028526197251647,1.2403727901835722,0.0,1.0,0.6119965154594811
2020-10-19,-0.1810587256317167,-0.7554575548775363,0.0,0.8705505632961241,0.5120346046657401
2020-10-20,-0.247126238061884,0.19093908005125293,0.0,1.0,0.5664807124646766
2020-10-21,-0.34810544070929217,-0.16735033235158067,0.0,1.0,0.5448200401047314
2020-10-22,-0.2517353678928231,1.1790038473993223,0.0,1.0,0.6073428024487836
2020-10-23,-0.32985363096555326,1.1575733377945983,0.0,1.0,0.6012419803437381
2020-10-24,-0.38897944145149743,-0.31730355549868156,0.0,1.0,0.5358470557574552
2020-10-25,-0.41819627708465057,0.7825633926774933,0.0,1.0,0.5797270562225856
2020-10-26,-0.38269529212431525,1.0356888446863932,0.0,1.0,0.5926406823869786
2020-10-27,-0.2803762852550926,-0.13995618236512053,0.0,1.0,0.5504767400511138
2020-10-28,-0.12939396531579053,-0.39154591311260156,0.0,1.0,0.5500593225992556
2020-10-29,-0.33082595343735705,-0.6343148467740556,0.0,1.0,0.5265151511552573
2020-10-30,-0.2803288139133643,-0.8222744072512159,0.0,0.8705505632961241,0.502632563264727
2020-10-31,-0.33678764965068614,-0.7850475766170415,0.0,0.8705505632961241,0.5004197588253295
2020-11-01,-0.2954758992981868,-0.4172461739262424,0.0,1.0,0.5379163494665274
2020-11-02,-0.28060039061886466,-0.4655135011523287,0.0,1.0,0.5368969114107287
2020-11-03,-0.340240603360353,0.5446848627110603,0.0,1.0,0.5750124957222706
2020-11-04,-0.24258003956555105,0.8832215014597878,0.0,1.0,0.5956288932564544
2020-11-05,-0.14792315284358915,-0.37168848842270896,0.0,1.0,0.5496514361261479
2020-11-06,-0.2249503879125874,-0.9301645793326035,0.0,0.8705505632961241,0.5018290344947209
2020-11-07,-0.2736101575614525,0.08376090427498102,0.0,1.0,0.5602493605073607
2020-11-08,-0.1976994446128929,1.9852511710606358,0.0,1.0,0.6445388358200004
2020-11-09,-0.16601129637606546,1.3314228614634804,0.0,1.0,0.619408532802574
2020-11-10,0.48273201790336767,0.3365540552085508,0.0,1.0,0.6212052201605808
2020-11-11,0.12295822180443684,-0.6109189064674314,0.0,1.0,0.5577422603508195
2020-11-12,0.09238292017810218,-0.6044713415828961,0.0,1.0,0.5559725554459195
2020-11-13,-0.1314659341059404,-0.30831370159969607,0.0,1.0,0.5533892001596167
2020-11-14,-0.08989291994506578,1.0611118011230862,0.0,1.0,0.6132201303837909
2020-11-15,-0.40207272403241,0.27582900391551785,0.0,1.0,0.5596880268943193
2020-11-16,0.11776399425669533,0.5364566543812371,0.0,1.0,0.6052032935496646
2020-11-17,0.5370783750988565,0.02701844982984806,0.0,1.0,0.6119309937495008
2020-11-18,-0.6112382369381172,1.936767308782781,0.0,1.0,0.6149494220700747
2020-11-19,-0.37957738855487183,2.6447716487896273,0.0,1.0,0.6598936594625764
2020-11-20,-0.031694104235626144,1.3591754004634296,0.0,1.0,0.6295193680702679
2020-11-21,-0.441895246299746,-0.4368551666244803,0.0,1.0,0.527338018303997
2020-11-22,0.08992390846498939,0.2484342528257957,0.0,1.0,0.5913463544320742
2020-11-23,0.17660240553164946,0.5971466197950868,0.0,1.0,0.6116546028602386
2020-11-24,-0.5916125917260396,2.9633241188792825,0.0,1.0,0.6590309988382341
2020-11-25,0.2065832338369614,0.5155313258151559,0.0,1.0,0.6102526874980956
2020-11-26,-0.264394495566407,0.9742496384620777,0.0,1.0,0.5979674352314928
2020-11-27,-0.0785103597037544,0.7661061880724154,0.0,1.0,0.6016870671894337
2020-11-28,0.5627414948860384,0.0021083406539258295,0.0,1.0,0.6126039471863162
2020-11-29,1.208863961526149,0.9230432437912164,0.0,1.0,0.6940510659263772
2020-11-30,0.8827995345610552,0.35412182687700877,0.0,1.0,0.6486083784239458
2020-12-01,0.7735975649178074,0.7171074843716178,0.0,1.0,0.6564526495100046
2020-12-02,-0.20329128859334453,1.6376927095378873,0.0,1.0,0.6296844436578557
2020-12-03,-0.06526807794072342,0.7346268971565358,0.0,1.0,0.6012582488521409
2020-12-04,0.9720543967447777,-0.2635931797879047,0.0,1.0,0.6288205772918225
2020-12-05,0.5098045953245298,-0.4636655068212865,0.0,1.0,0.5896675769040818
2020-12-06,-0.33559764109526885,-0.5609060373707838,0.0,1.0,0.5292557390365328
2020-12-07,0.9330869123265492,-0.4843227697717977,0.0,1.0,0.6170256787479451
2020-12-08,0.39105344491902144,-0.3288852792359691,0.0,1.0,0.5873666763597695
2020-12-09,-0.31249720439058243,0.19819052306694496,0.0,1.0,0.5624247915017505
2020-12-10,-0.884152022765744,-0.04916109686672557,0.0,1.0,0.5140081527795035
2020-12-11,-0.7328185543387288,-0.8405730139783352,0.0,1.0,0.4911215541283208
2020-12-12,-1.1418360598950203,-1.139125105785949,0.0,1.0,0.45141404993258416
2020-12-13,-1.3605690489621958,0.29852094157507075,0.0,1.0,0.4967337693014816
2020-12-14,0.14642372262816405,-0.3737238548863227,0.0,1.0,0.5691897542216142
2020-12-15,-0.3957377672069845,0.6054539896430405,0.0,1.0,0.5738447317546611
2020-12-16,-0.08567926369093386,-0.7509549263447776,0.0,1.0,0.5379982604895721
2020-12-17,0.6933123453949748,-0.7573156972542407,0.0,1.0,0.589666002307405
2020-12-18,-0.7661894727074114,0.95959387816726,0.0,1.0,0.5639037800764751
2020-12-19,-0.9130256612995373,-0.68779495214787,0.0,1.0,0.48547349957386965
2020-12-20,-0.7736659413901346,-1.0426508514891926,0.0,1.0,0.47997848509527463
2020-12-21,-0.604680672244359,-0.6472272473454758,0.0,1.0,0.5077201532109813
2020-12-22,-1.1465623364790494,-0.01160309872338389,0.0,1.0,0.49807904845458906
2020-12-23,-0.7937404867534015,1.9870932203289864,0.0,1.0,0.6048795183968144
2020-12-24,-1.0389526003208196,-0.9703023653969362,0.0,1.0,0.46530722808707303
2020-12-25,-0.8203825937614599,-1.2281319506657462,0.0,1.0,0.46913566247149663
2020-12-26,-1.2093981599459338,-0.40721101631725176,0.0,1.0,0.47740633032371893
2020-12-27,-0.6682467061060542,0.06283986690834639,0.0,1.0,0.5330685473807775
2020-12-28,-1.0233088968455768,-1.3450405538239687,0.0,0.8705505632961241,0.43131863496204814
2020-12-29,-1.243263390110578,-0.9551621365263028,0.0,0.7578582832551991,0.41599609412564537
2020-12-30,-0.8079243530794704,-0.24541030774906292,0.0,0.7578582832551991,0.47459168946010427
2020-12-31,-0.660228437474638,-1.2429490824556069,0.0,0.8705505632961241,0.4597778102271258
2021-01-01,-1.0807539601383813,-1.1044632823219387,0.0,1.0,0.4569304325606939
2021-01-02,-0.7417392102664747,-1.1093650234588508,0.0,1.0,0.47932717667144964
2021-01-03,-1.2376385286714047,-1.038226750810912,0.0,1.0,0.449231316804785
2021-01-04,-0.7494972171199574,-1.1760285944487385,0.0,1.0,0.4760323274233055
2021-01-05,-0.8569646360589337,-0.41637765019733225,0.0,1.0,0.5005199555045156
2021-01-06,-1.224986134623671,1.3443993152421176,0.0,1.0,0.5493508958268436
2021-01-07,-0.762045791844712,-1.273121541356671,0.0,0.8705505632961241,0.45173280081490985
2021-01-08,-0.07678107662735299,-1.2713221000386492,0.0,0.7578582832551991,0.48058824987817933
2021-01-09,-0.6522365800519868,-1.3264278853763412,0.0,0.8705505632961241,0.4568323172669386
2021-01-10,0.382639552358309,-0.9661316324801926,0.0,1.0,0.5602538188038793
2021-01-11,1.9623553171547163,-0.9122062869553534,0.0,1.0,0.6678150925205081
2021-01-12,2.1167449392802227,-0.8653644322620926,0.0,1.0,0.6800594779410943
2021-01-13,-0.25830311403360423,-0.8810069269554326,0.0,1.0,0.5210711704412834
2021-01-14,-0.7276528757958046,-0.02114492810034431,0.0,1.0,0.525608769609432
2021-01-15,0.11221035906856225,-0.3556259556499288,0.0,1.0,0.5676629424524905
2021-01-16,0.08249750003576246,-1.1590748069228418,0.0,0.8705505632961241,0.512787634208351
2021-01-17,-0.7081417608926744,-1.2711000324792023,0.0,0.8705505632961241,0.4554106324149403
2021-01-18,-0.8316117545944608,-0.5450274935640654,0.0,1.0,0.49684973746186656
2021-01-19,-1.269567464417692,-0.9628691052111511,0.0,1.0,0.45024262298835593
2021-01-20,-0.5150240563526912,-0.7391262508934215,0.0,1.0,0.5098681357892614
2021-01-21,-0.35644256863152535,0.5413674415124554,0.0,1.0,0.5737941388209172
2021-01-22,0.3018452830790037,-0.7276483663622748,0.0,1.0,0.5648043369401722
2021-01-23,-0.1535514965505127,-0.0921717893962456,0.0,1.0,0.5609227423384556
2021-01-24,-1.0240861648337536,-0.5717830626374484,0.0,1.0,0.48290329473452276
2021-01-25,-0.8935309552954974,0.9764611276322646,0.0,1.0,0.5561171499649779
2021-01-26,-0.8581119475590898,-0.8574581021725742,0.0,1.0,0.4820651159055368
2021-01-27,-0.37103512176197945,-0.9340727008054801,0.0,1.0,0.5113446293489731
2021-01-28,0.34651863966964425,-0.05270558256524762,0.0,1.0,0.5959051767044243
2021-01-29,-0.7503639004525806,0.6600597478630669,0.0,1.0,0.5524782294641224
2021-01-30,-1.3862976633173958,3.2726256048657576,0.0,1.0,0.6075801557788403
2021-01-31,-1.0241395456432978,-0.5919086925802326,0.0,1.0,0.48206116809960387
2021-02-01,-0.08106581655697438,-1.049008701056598,0.0,0.8705505632961241,0.5064695008465955
2021-02-02,-0.6796506450715749,0.14445310317881643,0.0,1.0,0.5357088362943457
2021-02-03,-0.8665522280650412,-0.6332166185637405,0.0,1.0,0.4908458256888414
2021-02-04,-0.98337440869673,2.8318571485761286,0.0,1.0,0.6274357539442234
2021-02-05,-0.558872284815022,-1.1872304870871642,0.0,0.8705505632961241,0.468856495211452
2021-02-06,-0.8525286437334986,-0.3575305908249032,0.0,1.0,0.5032676491333958
2021-02-07,-0.01246234371137748,-0.24763497928941133,0.0,1.0,0.5638510529488494
2021-02-08,-0.6543305562901592,-0.6914230628986975,0.0,1.0,0.5025686686265437
2021-02-09,0.23242526898024096,-1.1549265266465636,0.0,0.8705505632961241,0.5229556638161612
2021-02-10,0.007292604582675989,-1.0226582075513355,0.0,1.0,0.5328754149908728
2021-02-11,2.734945671649841,-0.793286150578754,0.0,1.0,0.7242761218358748
2021-02-12,5.0,-0.8626561305821548,0.0,1.0,0.7390559945590769
2021-02-13,5.0,-1.1082894044169465,0.0,1.0,0.7288212748159606
2021-02-14,5.0,-1.1239375061344972,0.0,1.0,0.7281692705777293
2021-02-15,5.0,-1.1054493109693375,0.0,1.0,0.7289396120429443
2021-02-16,5.0,-1.098643566053537,0.0,1.0,0.7292231847477694
2021-02-17,5.0,-1.0975395814745108,0.0,1.0,0.7292691841052288
2021-02-18,4.484884381159421,-1.0723225853616258,0.0,1.0,0.730319892276599
2021-02-19,3.9056367940781924,-1.0508390014585687,0.0,1.0,0.731215041605893
2021-02-20,1.3330755322869567,1.4995821827339437,0.0,1.0,0.7263542930997114
2021-02-21,-0.2706938314663025,0.45968487822482307,0.0,0.8705505632961241,0.5566898656560327
2021-02-22,-0.29426257749208706,-1.0611052105711538,0.0,0.7578582832551991,0.4748485202150094
2021-02-23,-0.29993136076721183,-0.7744838552732565,0.0,0.6597539553864472,0.47169750862043397
2021-02-24,-0.3053522365803877,1.69943426885619,0.0,0.5743491774985175,0.561605322055093
2021-02-25,-0.30136970127875184,-0.8589994723721359,0.0,0.5,0.4441170418992442
2021-02-26,-0.29640926485424224,-0.9689022572962762,0.0,0.5,0.43986845495570576
2021-02-27,-0.29657189075461093,-0.8629156425648673,0.0,0.5743491774985175,0.45542609880093415
2021-02-28,-0.29607012523510995,-0.41544415145677405,0.0,0.6597539553864472,0.48691491198159415
2021-03-01,-0.30337199903703455,-0.7322868845109338,0.0,0.7578582832551991,0.4879419890311886
2021-03-02,-0.29117469643350663,-0.7358341850245748,0.0,0.8705505632961241,0.5055111803561609
2021-03-03,-0.28999735288855566,-0.46576573106994607,0.0,1.0,0.5362599376795153
2021-03-04,-0.29238180168948735,-0.3302451612405025,0.0,1.0,0.5417476648356799
2021-03-05,-0.3036389086224973,1.0141729761336262,0.0,1.0,0.5970146134307346
2021-03-06,-0.29873186613973757,-0.7809233031568641,0.0,0.8705505632961241,0.5031286557869001
2021-03-07,-0.30037857588783107,-0.07218025094235518,0.0,1.0,0.5519672511515465
2021-03-08,-0.29668890991749647,0.5709911258856676,0.0,1.0,0.5790120362507364
2021-03-09,-0.29992071546548676,3.6785793574418957,0.0,1.0,0.6800052856356342
2021-03-10,-0.2965047137643338,3.6534155765304015,0.0,1.0,0.6802330190823778
2021-03-11,-0.29074886216101886,1.5916365206712142,0.0,1.0,0.6219349308838993
2021-03-12,-0.2919361359435248,0.2924056816123698,0.0,1.0,0.5677211610042805
2021-03-13,-0.28929193899390276,1.2803153815978756,0.0,1.0,0.6090603449669847
2021-03-14,-0.29833698202284914,1.1752726546251655,0.0,1.0,0.6040805618078586
2021-03-15,-0.2847558399716922,0.06813962769095505,0.0,1.0,0.5588554284890104
2021-03-16,-0.27842362085712924,-0.08117655857791942,0.0,1.0,0.5530560686687781
2021-03-17,-0.2944494945268826,1.891811501140915,0.0,1.0,0.6341955129124126
2021-03-18,-0.2945129767992785,0.6656728262932597,0.0,1.0,0.583102169308934
2021-03-19,-0.28273666346968424,-0.7671371476768114,0.0,0.8705505632961241,0.5047694257765726
2021-03-20,-0.2963034883696325,0.9147211201451929,0.0,1.0,0.5933598141147409
2021-03-21,-0.30052253216140107,1.8277457527349852,0.0,1.0,0.6311212375531977
2021-03-22,-0.29487251908019124,2.692202728540245,0.0,1.0,0.6675169457504975
2021-03-23,-0.26413552733809936,0.33902967127894934,0.0,1.0,0.5715172011474163
2021-03-24,-0.26021534161805604,0.8022013331138881,0.0,1.0,0.5910773661052083
2021-03-25,-0.2817875211949622,-0.18237148189765393,0.0,1.0,0.5486153535079337
2021-03-26,-0.265794587383764,0.14019609993328608,0.0,1.0,0.5631218650049694
2021-03-27,-0.2860525970886813,-0.16771772004400526,0.0,1.0,0.5489415885255877
2021-03-28,-0.2916236443403271,-0.4122796913670248,0.0,1.0,0.5383801032370189
2021-03-29,-0.2801525656522654,1.4781930224683721,0.0,1.0,0.6179145382260312
2021-03-30,-0.28250319393938206,1.6747428009396956,0.0,1.0,0.6259474037765285
2021-03-31,-0.2940899311711622,0.5955388616868711,0.0,1.0,0.5802081238255422
2021-04-01,-0.28832663398508124,-0.2996782380869386,0.0,1.0,0.5432916311473721
2021-04-02,-0.3017110323506157,1.9889062706783796,0.0,1.0,0.6377570257882248
2021-04-03,-0.30527910505076844,-0.04638500500266411,0.0,1.0,0.5527153511215045
2021-04-04,-0.2979892704665318,-0.8919494042349155,0.0,0.8705505632961241,0.498552074620195
2021-04-05,-0.3013993211016165,0.9871876229453075,0.0,1.0,0.5960395295492801
2021-04-06,-0.2978206170114705,3.200033533676691,0.0,1.0,0.6801452921992354
2021-04-07,-0.2606367351259073,0.8681446550878957,0.0,1.0,0.5937969116202685
2021-04-08,-0.19205113355127296,-0.7014401937351518,0.0,1.0,0.5329699163576171
2021-04-09,-0.21763638543668912,-0.011365827534846369,0.0,1.0,0.5600173314902688
2021-04-10,-0.2951800145900441,-0.31138858623525517,0.0,1.0,0.5423468079341948
2021-04-11,-0.2777132387016404,0.35504667527499034,0.0,1.0,0.5712793955563485
2021-04-12,-0.2572273197391446,0.25945299158693974,0.0,1.0,0.5686620533335128
2021-04-13,-0.27373118662612356,-0.5344602687451503,0.0,1.0,0.5344820763605439
2021-04-14,-0.23113999985879707,-0.7734728546845253,0.0,0.8705505632961241,0.5079452155586436
2021-04-15,-0.25894928627260977,-0.7628120693816826,0.0,0.7578582832551991,0.4896316205125358
2021-04-16,-0.27316760392255995,-0.26619791744464516,0.0,0.6597539553864472,0.49466033981960295
2021-04-17,-0.2945760125625309,-0.4316919792156629,0.0,0.6597539553864472,0.4863375266698124
2021-04-18,-0.2662420718300787,-0.9568940761379336,0.0,0.7578582832551991,0.4810586845271941
2021-04-19,-0.21711090478122222,-0.8280170452695214,0.0,0.8705505632961241,0.5066078139561071
2021-04-20,-0.2802659405730038,1.5741608399380629,0.0,1.0,0.621905638959219
2021-04-21,-0.2817608338308379,-0.6010986373301825,0.0,1.0,0.5311701678558532
2021-04-22,-0.30305533893271314,0.7870831498399635,0.0,1.0,0.587591441981151
2021-04-23,-0.30332628251010896,0.7549060395314128,0.0,1.0,0.5862326661464683
2021-04-24,-0.2366555622896931,-0.6136152757117262,0.0,1.0,0.5336556593593652
2021-04-25,-0.24957189530160492,1.5277924736511581,0.0,1.0,0.6220198933820246
2021-04-26,-0.29248191786816335,2.28131585060908,0.0,1.0,0.6505560325841674
2021-04-27,-0.2971897301770375,1.31743280152222,0.0,1.0,0.6100803847182901
2021-04-28,-0.2655677809781836,-0.4055061464296747,0.0,1.0,0.5403993918335513
2021-04-29,-0.29143997389443044,0.7316293015859378,0.0,1.0,0.5860552226397854
2021-04-30,-0.2868813505144912,-0.7009961616192418,0.0,1.0,0.5266664032315655
2021-05-01,-0.2859640281357612,-0.684481813795884,0.0,1.0,0.5274156558827875
2021-05-02,-0.2945274999497447,0.037632790707224376,0.0,1.0,0.5569328662828181
2021-05-03,-0.2444770694854969,1.515458984962842,0.0,1.0,0.6218456530744186
2021-05-04,-0.2938066012786623,-0.06603610940240269,0.0,1.0,0.5526613886896558
2021-05-05,-0.28463264643821984,-0.6585634482267632,0.0,1.0,0.5285843465613369
2021-05-06,-0.2944831313821789,-0.6549243020410489,0.0,1.0,0.5280792786561443
2021-05-07,-0.2978525280877774,0.46502246131711694,0.0,1.0,0.5745191006823614
2021-05-08,-0.30008970519120365,0.8641987392391041,0.0,1.0,0.5910023004555491
2021-05-09,-0.2856671754176326,-0.40031326633067926,0.0,1.0,0.5392758022083796
2021-05-10,-0.26875124316094157,-0.3881378952382434,0.0,1.0,0.5409108381543438
2021-05-11,-0.28690625887970445,-0.5023576300984223,0.0,1.0,0.5349413481539188
2021-05-12,-0.30639494908853127,-0.7945835597177466,0.0,1.0,0.5214660217391919
2021-05-13,-0.29521705434810097,-0.9097577077775655,0.0,0.8705505632961241,0.49799487638048
2021-05-14,-0.2934031273084743,-0.33160468986776453,0.0,0.7578582832551991,0.5053016719232246
2021-05-15,-0.2719121297215254,0.21361284628867433,0.0,0.6597539553864472,0.5147361532552267
2021-05-16,-0.2484676360760809,-1.0195575941758261,0.0,0.5743491774985175,0.4521063011290462
2021-05-17,-0.2210612128459515,-0.8824308367504717,0.0,0.5743491774985175,0.45964701090377785
2021-05-18,-0.19620191070324006,-0.8412873722509242,0.0,0.6597539553864472,0.4758293254172959
2021-05-19,-0.16463907390881188,-0.9707465642920914,0.0,0.7578582832551991,0.48725503071552195
2021-05-20,-0.19510482592773834,-1.0466996185975062,0.0,0.8705505632961241,0.4989631119910066
2021-05-21,-0.6642445296204738,-0.14804147212466323,0.0,1.0,0.5245486366867742
2021-05-22,-0.6558069800579426,-0.6957310261250845,0.0,1.0,0.502290741907592
2021-05-23,-0.8205532825360341,-0.6929886100014715,0.0,1.0,0.4914219224142031
2021-05-24,-0.7542507303782202,-0.8962690775265554,0.0,0.8705505632961241,0.4679546575722642
2021-05-25,-0.5563273939970795,-1.008219844054403,0.0,0.7578582832551991,0.45958108938620784
2021-05-26,-0.3805190827251563,-0.9058240085379218,0.0,0.6597539553864472,0.4608524874372099
2021-05-27,-0.36465921111552085,-0.39481862089046293,0.0,0.5743491774985175,0.47039098667997364
2021-05-28,-0.3412243224112677,-0.9116703750647601,0.0,0.5,0.43926544621155045
2021-05-29,-0.6510538772710472,-1.0467352213655048,0.0,0.4352752816480621,0.4032737328722435
2021-05-30,-0.4468677552268661,-0.9550263456948657,0.0,0.37892914162759955,0.41225542315839614
2021-05-31,-0.5078090944315915,-1.0181982692835976,0.0,0.3298769776932236,0.39820267913839424
2021-06-01,-0.4690215839251209,-1.0249638156389385,0.0,0.2871745887492588,0.39410125706575827
2021-06-02,-0.6524002398347514,-1.0677461098891696,0.0,0.25,0.37451722943230115
2021-06-03,-0.7200877498407405,-1.0604500214222705,0.0,0.21763764082403103,0.36545437857496066
2021-06-04,-0.7595344092838762,-1.0573349868575985,0.0,0.21763764082403103,0.36295439438561294
2021-06-05,-0.7477125673025604,-1.0253738895117412,0.0,0.25,0.36992858345017343
2021-06-06,-0.6238640631672292,-0.9443224431501643,0.0,0.2871745887492588,0.3871384823033167
2021-06-07,-0.28139671935687577,-0.8825158889075944,0.0,0.3298769776932236,0.4189502699923754
2021-06-08,0.31363644103224453,-0.8509775679860784,0.0,0.37892914162759955,0.46729106864686965
2021-06-09,0.24822025603963885,-0.8016375284269358,0.0,0.4352752816480621,0.47343774563206287
2021-06-10,-0.085911675144005,-0.8488411164772853,0.0,0.5,0.45890417513717946
2021-06-11,-0.29037817391083165,-0.5557956022544034,0.0,0.5743491774985175,0.4686356816034554
2021-06-12,0.3581795463490276,-0.874239266164609,0.0,0.6597539553864472,0.5114150936410435
2021-06-13,2.3854886106697077,-0.9228793003433222,0.0,0.7578582832551991,0.6592580123519554
2021-06-14,3.3970322023074138,-0.8552154669350822,0.0,0.8705505632961241,0.7199486067054569
2021-06-15,5.0,-0.8406500716599201,0.0,1.0,0.7399729136808367
2021-06-16,2.276976729175017,-0.8220335750853215,0.0,1.0,0.6925470496497794
2021-06-17,0.20997473470048852,-0.7316438463313951,0.0,0.8705505632961241,0.5390957398773097
2021-06-18,0.20243312276106978,-0.6805064268206791,0.0,0.7578582832551991,0.523819849554823
2021-06-19,0.23862513397338822,-0.722494867562827,0.0,0.6597539553864472,0.5097674827577418
2021-06-20,-0.22838316160594957,-0.2226302557845671,0.0,0.6597539553864472,0.49946128854321353
2021-06-21,-0.30366899417768406,-0.2755886750215387,0.0,0.7578582832551991,0.5069512814172035
2021-06-22,-0.33079056122158,-0.7479028713482584,0.0,0.8705505632961241,0.5023672607734693
2021-06-23,-0.19307923204608737,0.022671599908971087,0.0,1.0,0.5630727011931347
2021-06-24,-0.12839989437856975,-0.007121003559022222,0.0,1.0,0.5661432985598028
2021-06-25,-0.10541874656555729,-0.20863745632400083,0.0,1.0,0.5592788562154628
2021-06-26,-0.24423632082575392,-0.637567467875604,0.0,0.8705505632961241,0.5127348519445516
2021-06-27,-0.1759696331669841,-0.7923910404714779,0.0,0.7578582832551991,0.4939311402575027
2021-06-28,-0.3026605535661017,-0.7949743617442822,0.0,0.6597539553864472,0.4706617913308819
2021-06-29,-0.28333614260406603,-0.792591294246213,0.0,0.5743491774985175,0.4592386631909144
2021-06-30,-0.1933264329908875,-0.7731444655164555,0.0,0.5,0.45489721840408853
2021-07-01,-0.1432243633168525,-0.7604342035567762,0.0,0.4352752816480621,0.44905824287788687
2021-07-02,-0.14648503514445455,-0.7437006064180873,0.0,0.37892914162759955,0.4410861769670893
2021-07-03,-0.30866572871471937,-0.7581103355716574,0.0,0.3298769776932236,0.42231590075751657
2021-07-04,-0.3160236922238541,-0.737312983515815,0.0,0.2871745887492588,0.41628656785097296
2021-07-05,-0.3351255674433622,-0.7712595415026003,0.0,0.25,0.4080224812745008
2021-07-06,-0.30681400008948884,-0.7558884254318011,0.0,0.21763764082403103,0.4056960283913137
2021-07-07,-0.29825044450837335,-0.7416837693761609,0.0,0.1894645708137998,0.4026328322641717
2021-07-08,-0.2128416867447406,-0.7156458642206792,0.0,0.16493848884661183,0.40573274986814745
2021-07-09,-0.18424766416482755,-0.6869664741371354,0.0,0.14358729437462942,0.4056313134561586
2021-07-10,-0.28435733354733733,-0.5935545362975467,0.0,0.12500000000000003,0.40006140541777974
2021-07-11,-0.17106657687273047,-0.6614496763712665,0.0,0.10881882041201553,0.40235798142148416
2021-07-12,-0.15331115357835545,-0.6644814024173096,0.0,0.09473228540689989,0.4013023741384234
2021-07-13,-0.16438480818429171,-0.6045680715040902,0.0,0.0824692444233059,0.40122106313853934
2021-07-14,-0.21894903884613143,0.14792316132577857,0.0,0.0717936471873147,0.4273359095435959
2021-07-15,-0.2015141834262214,-0.298022888132279,0.0,0.0625,0.4085231007660737
2021-07-16,-0.1110531765374314,-0.586870096778841,0.0,0.054409410206007765,0.4013049457292874
2021-07-17,-0.14442148707380326,-0.5890843495095911,0.0,0.054409410206007765,0.39898813116308135
2021-07-18,0.1570758272786852,-0.6344349633680847,0.0,0.0625,0.4184119316782422
2021-07-19,0.4947555594627836,-0.6421215106534431,0.0,0.0717936471873147,0.44199768809838935
2021-07-20,-0.22562183746525982,-0.6249143327641694,0.0,0.0824692444233059,0.39629083363397155
2021-07-21,-0.15832731396772712,-0.6209715977615207,0.0,0.09473228540689989,0.4027808719731232
2021-07-22,-0.13642404413561962,-0.5696776770449768,0.0,0.10881882041201553,0.40849131690922036
2021-07-23,-0.14836537415076392,-0.4304744982174599,0.0,0.12500000000000003,0.4159225376308882
2021-07-24,-0.062364658622684664,-0.45331412891563855,0.0,0.14358729437462942,0.4234923615431972
2021-07-25,0.20963521539078514,-0.5341860002995471,0.0,0.16493848884661183,0.441458704340563
2021-07-26,2.0502047412365236,-0.5791355254880852,0.0,0.1894645708137998,0.565969354809168
2021-07-27,2.0125973184431625,-0.5796990650069613,0.0,0.21763764082403103,0.5676646729778588
2021-07-28,0.44458510405441054,-0.5801653987490432,0.0,0.25,0.4679654486557505
2021-07-29,0.8538698979164396,-0.512902086282896,0.0,0.2871745887492588,0.5036299279116975
2021-07-30,0.7521332206294666,-0.5044770372502532,0.0,0.3298769776932236,0.5036038848105208
2021-07-31,0.5471438298316543,-0.4612294289093399,0.0,0.37892914162759955,0.49909773369502775
2021-08-01,0.025488803797499463,-0.45896508023116045,0.0,0.4352752816480621,0.4728670008240776
2021-08-02,-0.2240842950385139,-0.44246438575052643,0.0,0.5,0.46662503092449387
2021-08-03,-0.19829746287558153,-0.4970933077157904,0.0,0.5743491774985175,0.477220324611581
2021-08-04,-0.10984683002852787,-0.5537900247021004,0.0,0.6597539553864472,0.4935653869434778
2021-08-05,0.06212556671158405,-0.5770638720720024,0.0,0.7578582832551991,0.5187761189327187
2021-08-06,-0.11093908722901816,-0.5828697601762972,0.0,0.8705505632961241,0.5239004053384717
2021-08-07,-0.19386238268192774,1.3983937785613332,0.0,1.0,0.6203422485945937
2021-08-08,-0.22000871786974194,0.9324798693470095,0.0,1.0,0.599186080031476
2021-08-09,-0.12693266832457703,0.821839723054034,0.0,1.0,0.600781143905613
2021-08-10,-0.10713014237528355,1.7918812843438026,0.0,1.0,0.6425197106893062
2021-08-11,-0.0066528728821398,0.21449642829922147,0.0,1.0,0.5834938263203249
2021-08-12,0.12785627896761767,-0.25617394953686695,0.0,0.8705505632961241,0.5534324218615571
2021-08-13,0.07989688568170075,-0.5314503349169063,0.0,0.7578582832551991,0.5218614375788555
2021-08-14,0.11177852497749406,-0.578202466335762,0.0,0.6597539553864472,0.5073232255424766
2021-08-15,-0.1713371744156434,-0.5877536358358382,0.0,0.5743491774985175,0.47524016350390813
2021-08-16,-0.14929041570206825,-0.5867738090314588,0.0,0.5,0.46559839691021804
2021-08-17,-0.2741824519152179,-0.6227117495404283,0.0,0.4352752816480621,0.4460661392220103
2021-08-18,-0.3710452386600059,-0.3080500570887184,0.0,0.5,0.46242823171063635
2021-08-19,-0.2587856859599705,0.2066719997598625,0.0,0.5743491774985175,0.5025113308841072
2021-08-20,-0.20230621242220226,1.2324784595328975,0.0,0.6597539553864472,0.5618292816270243
2021-08-21,-0.06189461247697036,0.44819241710787044,0.0,0.7578582832551991,0.5532271190359765
2021-08-22,-0.1841167861248744,-0.2789073114914013,0.0,0.8705505632961241,0.5316869941072853
2021-08-23,0.012382151677599436,1.3965916124161974,0.0,1.0,0.6340167939625149
2021-08-24,0.08367869446526409,1.8367436466338192,0.0,1.0,0.6571095649074267
2021-08-25,0.20637336951650878,0.9099415839342099,0.0,1.0,0.6266724572983594
2021-08-26,0.2925376304079258,-0.24540005885021463,0.0,0.8705505632961241,0.564860090736188
2021-08-27,-0.18251352379204536,-0.48622177763916297,0.0,0.7578582832551991,0.5062519335005118
2021-08-28,-0.33165011886907236,-0.49039955598878804,0.0,0.8705505632961241,0.5130392617369476
2021-08-29,-0.19343417312314531,-0.6773011849596744,0.0,1.0,0.5338835057518039
2021-08-30,0.5195721889380339,-0.6664124700567952,0.0,1.0,0.5818709596768359
2021-08-31,1.0477496628367622,-0.5676376477174153,0.0,1.0,0.6211984088675585
2021-09-01,-0.0642669132514206,-0.4414051477626722,0.0,1.0,0.552323657959794
2021-09-02,-0.2453535763588177,-0.4275180508007344,0.0,1.0,0.540829842792715
2021-09-03,-0.22804331727405805,-0.44286364652108495,0.0,1.0,0.5413444602433509
2021-09-04,-0.16514284048351394,-0.48283671339451373,0.0,1.0,0.543872280909661
2021-09-05,-0.23989768030736827,-0.5245398090085208,0.0,1.0,0.5371509959374872
2021-09-06,-0.13139517274789092,-0.6454809164535131,0.0,0.8705505632961241,0.5199278681256628
2021-09-07,0.13210888571102788,-0.5476312336200853,0.0,0.7578582832551991,0.5246680334681781
2021-09-08,-0.14798358517557247,-0.5280103147744203,0.0,0.6597539553864472,0.4920970911806614
2021-09-09,-0.09180786193433749,-0.4789930562544693,0.0,0.5743491774985175,0.4850738084852189
2021-09-10,-0.12091642312072062,-0.0391498943932292,0.0,0.5,0.4903076595255675
2021-09-11,-0.2126662793450716,-0.04774871274221028,0.0,0.4352752816480621,0.47412401059327913
2021-09-12,-0.07201961620905921,-0.079311526886397,0.0,0.37892914162759955,0.4737334165432695
2021-09-13,-0.520635595079638,-0.4441637961754785,0.0,0.3298769776932236,0.42126568214136273
2021-09-14,0.04823358587560423,-0.431443236360844,0.0,0.2871745887492588,0.4533149591890606
2021-09-15,-0.17441596113606342,-0.553916771577808,0.0,0.25,0.4277924037751871
2021-09-16,-0.06401567202162187,-0.48398526163042166,0.0,0.21763764082403103,0.43321188208756234
2021-09-17,0.6146888907290069,-0.28757143413429065,0.0,0.1894645708137998,0.4824168019150751
2021-09-18,0.20086040187462034,-0.2768946676633106,0.0,0.16493848884661183,0.45159418896599524
2021-09-19,-0.1904044481334652,-0.33119591192009146,0.0,0.14358729437462942,0.42004463461729297
2021-09-20,0.4860521909300859,2.478577335312896,0.0,0.12500000000000003,0.5794275350333765
2021-09-21,0.014162780153357285,4.012483316198358,0.0,0.10881882041201553,0.5672670084053595
2021-09-22,-0.5340872563356674,0.541693660926984,0.0,0.10881882041201553,0.42828757517804883
2021-09-23,-0.4147539851840362,0.558312836371519,0.0,0.12500000000000003,0.43936276916987754
2021-09-24,-0.5273838623235255,1.6330619430705224,0.0,0.14358729437462942,0.4794234176292312
2021-09-25,-0.49635011802413925,-0.2508118457278276,0.0,0.16493848884661183,0.40620027188672303
2021-09-26,-0.4686353188135495,0.44317435428941426,0.0,0.1894645708137998,0.4406429291298922
2021-09-27,0.16257004785816528,0.53900903717678,0.0,0.21763764082403103,0.49094235919651485
2021-09-28,-0.1214419227834593,0.028744202439785184,0.0,0.25,0.4556015469160938
2021-09-29,-0.4367935649804798,-0.053585984306372646,0.0,0.2871745887492588,0.43672386796759133
2021-09-30,-0.34093494101689753,-0.22275591181587126,0.0,0.3298769776932236,0.44247105426052913
2021-10-01,-0.4518417288247535,-0.4457123251717996,0.0,0.37892914162759955,0.43314524244033137
2021-10-02,-0.43470496237199013,-0.3985841895887029,0.0,0.4352752816480621,0.4447032868562141
2021-10-03,-0.10494596694203974,-0.43088365071870904,0.0,0.5,0.47505011675725123
2021-10-04,0.5150029436987974,-0.4212276414656685,0.0,0.5743491774985175,0.5279347544769613
2021-10-05,0.1839371591263303,-0.257448318740576,0.0,0.6597539553864472,0.5254985573021984
2021-10-06,0.015176916400988852,-0.21401222084993898,0.0,0.7578582832551991,0.530773361046265
2021-10-07,0.17453162538139969,0.14090854960747065,0.0,0.8705505632961241,0.5730892157534899
2021-10-08,0.4784479858174996,2.262648728716862,0.0,1.0,0.7011735627510359
2021-10-09,-0.09180127842610446,4.095250392766055,0.0,1.0,0.693879914771593
2021-10-10,-0.3054858224373535,3.7285341300160013,0.0,1.0,0.6796342785041765
2021-10-11,0.20758208188556418,0.40198304633303633,0.0,1.0,0.6055880990562476
2021-10-12,-0.19370939330328554,3.8384721913234476,0.0,1.0,0.6870860404464476
2021-10-13,0.06525126582627548,1.7940106809687524,0.0,1.0,0.654100529428783
2021-10-14,0.14628469965111784,-0.01806266071689471,0.0,0.8705505632961241,0.5645822869412892
2021-10-15,-0.08264007125430334,1.9606332898379268,0.0,0.7578582832551991,0.6148624581479065
2021-10-16,-0.3933730460787114,-0.010857654679842744,0.0,0.7578582832551991,0.5120014704713722
2021-10-17,-0.1414543813770524,-0.45975546522307026,0.0,0.8705505632961241,0.5269958146849872
2021-10-18,-0.5724296458788022,1.33492651615552,0.0,1.0,0.5924599617812265
2021-10-19,-0.5965336380086261,2.931028504971238,0.0,1.0,0.6573572785065598
2021-10-20,4.237903870255874,0.41583266375190503,0.0,1.0,0.7923263609896627
2021-10-21,4.798548850178639,-0.6312958083956496,0.0,1.0,0.7486960079835147
2021-10-22,1.9869493635610243,-0.4290512172394874,0.0,0.8705505632961241,0.6701687413468416
2021-10-23,-0.5923958084932974,2.4661986477792897,0.0,0.7578582832551991,0.6019439655795304
2021-10-24,0.31380132983877174,2.389153864195218,0.0,0.7578582832551991,0.6591469088189987
2021-10-25,1.1474318591701034,-0.3020408953111994,0.0,0.8705505632961241,0.6194930044677922
2021-10-26,-0.18373541663104168,3.761660288170239,0.0,1.0,0.6877509722245972
2021-10-27,-0.6142531181464269,4.39847687459328,0.0,1.0,0.6590497921235715
2021-10-28,-0.7300595888066587,3.3709266430796396,0.0,1.0,0.6513293607462227
2021-10-29,0.1797463666229833,1.0859013784181253,0.0,1.0,0.6322289818756208
2021-10-30,0.5297052560609367,-0.2720638954263077,0.0,0.8705505632961241,0.5795602725890516
2021-10-31,-0.164257492001077,0.5876652268121202,0.0,0.7578582832551991,0.5522142941387131
2021-11-01,0.08018652376209352,-0.5216902384800903,0.0,0.8705505632961241,0.5391912594752211
2021-11-02,-0.33777021093659837,0.09237754703367147,0.0,1.0,0.5563310503972965
2021-11-03,0.29039445319868834,-0.1358032854209704,0.0,1.0,0.5887011599873722
2021-11-04,0.5884847845480576,0.20331823032717566,0.0,1.0,0.6227039119001695
2021-11-05,0.5075518901802583,1.9141266450911771,0.0,1.0,0.688592069557483
2021-11-06,-0.43563480057273524,0.8461708740670297,0.0,1.0,0.5812147997146105
2021-11-07,-0.4085004145144448,2.8862364059354633,0.0,1.0,0.6680264892796813
2021-11-08,-0.5223658494078324,2.9783483437987117,0.0,1.0,0.6642734576977576
2021-11-09,0.13993213814268746,0.8812036665079162,0.0,1.0,0.6210456286473424
2021-11-10,-0.5938852450417508,2.6329307420435257,0.0,1.0,0.6451130979156968
2021-11-11,0.4273191082668267,0.10685700597277087,0.0,1.0,0.6079403157999873
2021-11-12,0.19773199829619803,3.3473685818014323,0.0,1.0,0.7131821332197466
2021-11-13,-0.3666700720692358,1.580353114625996,0.0,1.0,0.6164033749714675
2021-11-14,0.1523079520848718,0.15997244572949268,0.0,1.0,0.591819382044387
2021-11-15,-0.1383559898551867,0.9773288290778553,0.0,1.0,0.6064983018878982
2021-11-16,0.24233659627269094,2.686179565712668,0.0,1.0,0.7030799216562073
2021-11-17,-0.12405761334978423,3.665277969231302,0.0,1.0,0.6917294924433477
2021-11-18,0.023656179333193472,0.4106568547128651,0.0,1.0,0.5936877809019157
2021-11-19,-0.24775593068999302,1.3280592866360248,0.0,1.0,0.6138187415638349
2021-11-20,-0.4062915896086018,1.3528531377139663,0.0,1.0,0.6042827747641751
2021-11-21,-0.5975951417792229,0.4945736286063577,0.0,1.0,0.55576755840665
2021-11-22,-0.144332624161466,-0.6359139297022981,0.0,0.8705505632961241,0.5194639958127252
2021-11-23,-0.7294256539897898,1.001237952897855,0.0,1.0,0.568089871104758
2021-11-24,-0.6097748102350918,1.453652827273757,0.0,1.0,0.5949172137874005
2021-11-25,-0.8525836028593373,0.40928364436527276,0.0,1.0,0.5352145783245972
2021-11-26,-0.691178347367636,-0.6927826793755908,0.0,0.8705505632961241,0.48063808302926003
2021-11-27,-0.6312828463217406,-0.8267030646400633,0.0,0.7578582832551991,0.4621472583734945
2021-11-28,-0.6697663952445398,-0.8733553403501982,0.0,0.6597539553864472,0.44292219444373954
2021-11-29,0.4180388791404827,-0.7039171397482573,0.0,0.5743491774985175,0.5096917544112991
2021-11-30,-0.43222065983519237,-0.5041376565108588,0.0,0.5,0.45017955365636814
2021-12-01,-0.04240154539956748,-0.7976938363812952,0.0,0.5743491774985175,0.4750883637489192
2021-12-02,-0.3956096379477779,-0.7549805535286402,0.0,0.6597539553864472,0.4661315943810886
2021-12-03,-0.30396613676944256,0.03844219863407215,0.0,0.7578582832551991,0.5200160916467367
2021-12-04,-0.12445997993592976,-0.8104986823548878,0.0,0.8705505632961241,0.5135144740672364
2021-12-05,-0.7540667990847391,-0.13984942854753676,0.0,1.0,0.5189018205382033
2021-12-06,-0.0876245050207331,0.9085748409281184,0.0,1.0,0.6070156513706227
2021-12-07,-0.48814236503026065,-0.0022191317724973743,0.0,1.0,0.5423647118407953
2021-12-08,-0.5665614832416673,-0.6594398918112567,0.0,0.8705505632961241,0.4903351567861718
2021-12-09,-0.4803651199488985,2.5654441944917594,0.0,1.0,0.6498691667738967
2021-12-10,-0.5112196967118235,2.6578922545959296,0.0,1.0,0.6516641974940421
2021-12-11,-0.5254930263862609,0.755368600893127,0.0,1.0,0.5714408232781295
2021-12-12,-0.8039842617338414,1.910155980742663,0.0,1.0,0.6009908817486882
2021-12-13,-0.725555180694306,1.5113688069004059,0.0,1.0,0.5896033549078965
2021-12-14,-0.6839354296342993,1.8804376058438235,0.0,1.0,0.607755871601206
2021-12-15,-0.7005735934392112,3.207940373613463,0.0,1.0,0.6532950937707193
2021-12-16,0.17840556147300435,-0.3384426654990597,0.0,1.0,0.5727919263690728
2021-12-17,-0.31424503573512474,-0.3790256893006969,0.0,1.0,0.538257593896796
2021-12-18,-0.9282284287233876,1.053440039506472,0.0,1.0,0.5570114397312105
2021-12-19,-0.5599386583063602,-0.8742282172997756,0.0,0.8705505632961241,0.481827164886504
2021-12-20,-0.448916745295999,-1.0107951577459238,0.0,0.7578582832551991,0.4666344945624665
2021-12-21,-0.5956876416406988,-1.0247562247067603,0.0,0.6597539553864472,0.44155240783580546
2021-12-22,-0.7880144022813721,-1.046361999943804,0.0,0.7578582832551991,0.4425460323385299
2021-12-23,-0.5259969467623146,-0.6831379068494393,0.0,0.8705505632961241,0.49205204192487106
2021-12-24,-1.0041980333162326,1.6114228808449023,0.0,1.0,0.5751960844807887
2021-12-25,-0.28009306727224975,-0.2847458223025941,0.0,1.0,0.5444627195859086
2021-12-26,-0.778453978703564,-0.1944633721327226,0.0,1.0,0.5150004275808989
2021-12-27,-0.8915525187076243,-0.8569260075072308,0.0,0.8705505632961241,0.4604404996011091
2021-12-28,-0.7337580802850957,-0.5964762890092797,0.0,0.7578582832551991,0.46490835842722017
2021-12-29,-0.3576753914095039,-0.5393463466431592,0.0,0.6597539553864472,0.47764530277053524
2021-12-30,-0.6523120355545668,-1.0135769029291017,0.0,0.5743491774985175,0.4254325366324273
2021-12-31,-0.8756689393140162,-0.948802850576432,0.0,0.5,0.4020886186050476
2022-01-01,-0.8742704771322631,0.143604745159493,0.0,0.5,0.447698832572828
2022-01-02,-0.26357481170523983,-0.6949407731732464,0.0,0.5743491774985175,0.46462485696220973
2022-01-03,-0.0076600076039791505,-0.9831916544415341,0.0,0.6597539553864472,0.48248610719930457
2022-01-04,-0.8363759895162156,0.23513420165539456,0.0,0.7578582832551991,0.4927176015895069
2022-01-05,-0.6300089870453551,-1.09893026023233,0.0,0.8705505632961241,0.4677932245150479
2022-01-06,-0.5707042988915345,-0.708446370321718,0.0,1.0,0.5074344479771594
2022-01-07,-0.23495554137063404,-0.6944518032346926,0.0,1.0,0.5304008054405123
2022-01-08,-0.708560593151438,0.4940894544053666,0.0,1.0,0.5483496877234612
2022-01-09,-0.7999370268687382,-0.12343405470552554,0.0,1.0,0.5165277792626872
2022-01-10,-0.35210140256503114,-0.753354353081769,0.0,0.8705505632961241,0.5007193929450094
2022-01-11,-0.37351964055119047,-0.9573939939953984,0.0,0.7578582832551991,0.47388601670172553
2022-01-12,-0.47578434995614266,-1.0362044246786117,0.0,0.6597539553864472,0.4490689522826154
2022-01-13,-0.5040895678220386,-1.02646769166256,0.0,0.5743491774985175,0.43477691828403514
2022-01-14,-0.5369121328788021,-0.7221485611285413,0.0,0.5743491774985175,0.4452687110525016
2022-01-15,-0.7558623847147862,0.8847880018836926,0.0,0.6597539553864472,0.5104384344054684
2022-01-16,-0.307320102829915,-0.8495261049278591,0.0,0.7578582832551991,0.48279381459429144
2022-01-17,-0.09555911033790208,-0.9804559117394066,0.0,0.8705505632961241,0.5083596474827499
2022-01-18,-0.7958399511628527,0.4331198103255525,0.0,1.0,0.5399906620193745
2022-01-19,-1.073758729336251,-0.15748644172506915,0.0,1.0,0.49685414963903873
2022-01-20,0.06335076237364302,-0.1632722657115635,0.0,1.0,0.5724203730869277
2022-01-21,2.8965678721137427,-0.6822039721203287,0.0,1.0,0.7396793593025692
2022-01-22,0.43027566035774434,-0.9128399744639075,0.0,0.8705505632961241,0.546232629582272
2022-01-23,-1.369030124342593,-1.0423985585823412,0.0,0.7578582832551991,0.4039767942578428
2022-01-24,-1.1759804794775703,-1.021727580860817,0.0,0.6597539553864472,0.40299241214026177
2022-01-25,-1.0706982504088847,-0.9524367774056092,0.0,0.5743491774985175,0.4000876275389516
2022-01-26,-0.858988115012444,-0.5793530492573815,0.0,0.5,0.4185944152801128
2022-01-27,-0.2121207758347121,-0.7840151241467354,0.0,0.5,0.45319131810490526
2022-01-28,-0.422784373152464,-0.5214997965111828,0.0,0.5743491774985175,0.4612375935599808
2022-01-29,-0.0033459097393208374,-0.8731843385259737,0.0,0.6597539553864472,0.4873573518867635
2022-01-30,-0.3353034231138975,-0.7780581170933057,0.0,0.7578582832551991,0.48390609273513235
2022-01-31,0.017582635266639446,-0.8596472446416143,0.0,0.8705505632961241,0.5209361249854607
2022-02-01,-0.31001465124385935,-0.40172591046433903,0.0,1.0,0.5375937769810619
2022-02-02,-0.7804486205198939,-0.290566941481211,0.0,1.0,0.51086313607029
2022-02-03,2.2835201568979233,-0.32822371591876665,0.0,1.0,0.7135586889632464
2022-02-04,5.0,-0.34591621035535264,0.0,1.0,0.760586824568527
2022-02-05,0.7110820004486037,-0.7350033624383996,0.0,0.8705505632961241,0.5723629110893922
2022-02-06,0.031187900005574386,-0.49996349244514604,0.0,0.7578582832551991,0.5199261236367705
2022-02-07,-0.07468769988369253,-0.8267038904025774,0.0,0.6597539553864472,0.48453791788228023
2022-02-08,0.908988272218517,-0.32189116444389293,0.0,0.5743491774985175,0.5583394629208499
2022-02-09,0.13121565634354945,-0.7486191549129632,0.0,0.5,0.47755524563486323
2022-02-10,0.0027450342040433173,-0.8135605273543871,0.0,0.5743491774985175,0.47743702359861434
2022-02-11,-0.36397288282993545,-0.041754936415109675,0.0,0.6597539553864472,0.4979584454353419
2022-02-12,-0.590316987599009,0.7981326717685843,0.0,0.7578582832551991,0.5325798046387036
2022-02-13,-0.20343597597210913,-0.7182640179214129,0.0,0.8705505632961241,0.5120925186828859
2022-02-14,-0.28578462247221204,0.018330340279942948,0.0,1.0,0.5567114560135169
2022-02-15,-0.5967186757823105,1.951236224781877,0.0,1.0,0.6165202643137575
2022-02-16,-0.665132054530077,3.0928345921599627,0.0,1.0,0.6556578630313282
2022-02-17,-0.524935463649455,2.8389169991286773,0.0,1.0,0.658292510720398
2022-02-18,0.8576356147891608,-0.36343391098486316,0.0,1.0,0.6170326280282415
2022-02-19,-0.29881420596591846,-0.8254407619293951,0.0,0.8705505632961241,0.5012682723496326
2022-02-20,-0.35346715347666774,0.9407797709422726,0.0,1.0,0.5906346802241502
2022-02-21,-0.5475916553860626,1.8110088416241523,0.0,1.0,0.6139525913752689
2022-02-22,-0.4369262028053763,2.4211322375968876,0.0,1.0,0.6467520963795119
2022-02-23,-0.343272285377016,-0.0008813485285447377,0.0,1.0,0.5520784581195096
2022-02-24,0.5470722987367321,-0.5709078008993428,0.0,0.8705505632961241,0.5682662460393948
2022-02-25,1.7129475584126717,-0.6118886012797483,0.0,0.7578582832551991,0.6273798879958017
2022-02-26,0.3639334814933981,-0.7466130824055095,0.0,0.6597539553864472,0.5171164469739641
2022-02-27,0.35446955303221855,-0.7894146787627082,0.0,0.7578582832551991,0.5294177677419816
2022-02-28,0.5841412569106517,-0.7727304868296193,0.0,0.8705505632961241,0.562328231337228
2022-03-01,0.2917149441767794,-0.7690663894299616,0.0,1.0,0.5624032300522036
2022-03-02,0.010300830412711135,-0.8106093791030368,0.0,1.0,0.5419113312315542
2022-03-03,-0.3129616479311775,-0.7872683726350171,0.0,1.0,0.5213330412781292
2022-03-04,-0.3906565764240775,0.5598875927113371,0.0,1.0,0.5722848779347006
2022-03-05,-0.49869957662527037,2.7696720150599208,0.0,1.0,0.6571563621858121
2022-03-06,0.26988692420425475,-0.07785751823610897,0.0,1.0,0.5897483983537791
2022-03-07,0.1961994274699809,0.12471800304087981,0.0,1.0,0.5932765452913688
2022-03-08,1.1200471376984023,-0.6303481170314079,0.0,1.0,0.6234053043035849
2022-03-09,2.207352452067756,-0.2082203913705321,0.0,1.0,0.7134809804974116
2022-03-10,0.32310655281684436,0.27321719227516855,0.0,1.0,0.6079244865325883
2022-03-11,-0.2492898403301287,1.2083598267588735,0.0,1.0,0.6087290034262779
2022-03-12,1.1580918476834214,-0.3446270581691776,0.0,1.0,0.6378466624218457
2022-03-13,-0.15698064364912592,0.9006860761867018,0.0,1.0,0.6020632102645042
2022-03-14,-0.5516881671227756,1.6148408336202664,0.0,1.0,0.6055058235926595
2022-03-15,0.1712169267818573,-0.6482428597432068,0.0,1.0,0.5594043426294902
2022-03-16,0.8750336438078107,0.3014684810963668,0.0,1.0,0.6458967629662027
2022-03-17,-0.4819537238481201,2.990488702750776,0.0,1.0,0.6674734476914077
2022-03-18,-0.34341218558337183,1.552457703010857,0.0,1.0,0.6167915919198943
2022-03-19,1.1322208373072808,-0.15490830653906815,0.0,1.0,0.6440268763813576
2022-03-20,0.6117485901581329,2.058838561349446,0.0,1.0,0.7015681794001025
2022-03-21,-0.4409712620259475,3.528620242626335,0.0,1.0,0.6706019158649369
2022-03-22,-0.2212406980892943,1.6114566650474942,0.0,1.0,0.6273946478376926
2022-03-23,0.08986603893188286,0.7151458728480988,0.0,1.0,0.6107888139641297
2022-03-24,1.1631257202833436,-0.21286955571270486,0.0,1.0,0.6436721498641935
2022-03-25,1.8528471525351575,0.04901559452060991,0.0,1.0,0.7005654599407026
2022-03-26,0.5310765485979664,-0.4750951251324645,0.0,1.0,0.5906094730260117
2022-03-27,0.5169142069731409,0.30345861631393206,0.0,1.0,0.6221050561446233
2022-03-28,-0.11360281881148218,0.5536468844956502,0.0,1.0,0.5904950989332199
2022-03-29,0.10078647277417856,1.037370456760064,0.0,1.0,0.6249428672166146
2022-03-30,-0.12767712783033913,0.5769617540880626,0.0,1.0,0.59052826456498
2022-03-31,1.9089059002061706,-0.48295847511714884,0.0,1.0,0.6821371235505302
2022-04-01,1.6099854706536338,0.3662548029258067,0.0,1.0,0.6975929814988175
2022-04-02,0.26794274318419975,-0.7574581088383171,0.0,0.8705505632961241,0.5418846795051021
2022-04-03,0.9608085084288535,0.1810262857006072,0.0,0.7578582832551991,0.6102754049543955
2022-04-04,0.044761563095171264,-0.5635649614616056,0.0,0.8705505632961241,0.5350848153065298
2022-04-05,1.2152651027302086,0.10466088813022908,0.0,1.0,0.6603785438541069
2022-04-06,2.293740434858793,0.29689297145610943,0.0,1.0,0.7402865694679241
2022-04-07,0.7740802128754988,-0.24504676037803633,0.0,1.0,0.616395065842615
2022-04-08,0.9673494545929062,-0.6563423911946488,0.0,0.8705505632961241,0.5927249485008353
2022-04-09,1.0841119044477794,0.5102009275273085,0.0,1.0,0.6685324989434898
2022-04-10,-0.35526450103344104,1.8228424617297143,0.0,1.0,0.6272674691698421
2022-04-11,2.409188925082054,-0.377407982053369,0.0,1.0,0.7198872624199133
2022-04-12,1.533649181633944,0.6983083043629765,0.0,1.0,0.7063394581240536
2022-04-13,0.8083561798238117,0.6538469072566534,0.0,1.0,0.656134033123948
2022-04-14,3.2317175840188956,-0.47134699448194345,0.0,1.0,0.7553605418965857
2022-04-15,0.2696162958103708,0.5449794684991116,0.0,1.0,0.6156818975748211
2022-04-16,0.8375742765807886,-0.6594343773243199,0.0,0.8705505632961241,0.5839444372112912
2022-04-17,0.35806648347970166,-0.6329262267029171,0.0,1.0,0.5724991727860252
2022-04-18,1.3439731970587516,-0.34804174754262024,0.0,1.0,0.6500964736563076
2022-04-19,0.1667992036654775,1.0660514081359833,0.0,1.0,0.6305387555833645
2022-04-20,-0.052239587473342876,0.9046682659940865,0.0,1.0,0.6092118719181975
2022-04-21,1.2692012423360985,0.331576268099294,0.0,1.0,0.6734290939932105
2022-04-22,0.18105155485342905,1.8788425401019389,0.0,1.0,0.665355209494476
2022-04-23,-0.22314859576348461,0.9103987282412759,0.0,1.0,0.5980567072924876
2022-04-24,-0.24888198652973756,-0.43578020303283554,0.0,1.0,0.5402503591049828
2022-04-25,0.016287452579605274,0.00038839867585189125,0.0,1.0,0.5761020134501342
2022-04-26,-0.022176531909050657,-0.5978618838533801,0.0,1.0,0.5486106527121725
2022-04-27,0.009571196039235959,0.8302867329726076,0.0,1.0,0.6102333602764745
2022-04-28,-0.07246272684597407,0.853740610415273,0.0,1.0,0.6057416769775715
2022-04-29,0.11153385515370773,0.9896387133461158,0.0,1.0,0.623670536733002
2022-04-30,0.526305684815793,-0.02219913852762893,0.0,1.0,0.6091620815490684
2022-05-01,0.9083498453483734,-0.08342326253498597,0.0,1.0,0.6320806870842671
2022-05-02,-0.2795156093230657,0.6386252354055442,0.0,1.0,0.5829750108536933
2022-05-03,0.42936389667611696,-0.3840579141434807,0.0,1.0,0.5876218466890961
2022-05-04,0.22495902653401356,0.16529390789149281,0.0,1.0,0.5968845145977464
2022-05-05,0.7774406102276433,-0.5616694176897989,0.0,1.0,0.6034264816114346
2022-05-06,3.9746131586872946,-0.864763753361364,0.0,0.8705505632961241,0.7195507614376951
2022-05-07,4.265261019514863,-0.6273667194194124,0.0,1.0,0.7488597200241912
2022-05-08,1.5385876415075592,-0.033286356844932696,0.0,1.0,0.6761855778986319
2022-05-09,1.5306706459800354,0.11481307879688718,0.0,1.0,0.681828588015206
2022-05-10,0.9134828805457649,-0.20745178804103914,0.0,1.0,0.6272550342013411
2022-05-11,1.8662735767902972,0.08631783583146548,0.0,1.0,0.7030148149456642
2022-05-12,4.129634903734281,0.19393524450512203,0.0,1.0,0.7830806351877134
2022-05-13,5.0,-0.8733248315400977,0.0,1.0,0.738611465352496
2022-05-14,4.672633756992439,-0.9246086177576894,0.0,1.0,0.736474640926763
2022-05-15,5.0,-0.9699043893766263,0.0,1.0,0.7345873171093072
2022-05-16,2.0572905447398346,-0.8606317434931331,0.0,1.0,0.6762930470037751
2022-05-17,0.5120868135017531,-0.14938237414448954,0.0,1.0,0.6029148553107632
2022-05-18,0.4503148521695795,-0.707409474329607,0.0,1.0,0.575545595380905
2022-05-19,0.0926413878171624,-0.6935663029161787,0.0,1.0,0.5522774965663034
2022-05-20,0.22119954275410372,-0.3344797077584703,0.0,1.0,0.5758099816936707
2022-05-21,0.4003332074473307,-0.23461283483601414,0.0,1.0,0.5919133457116549
2022-05-22,-0.4687230823739876,-0.7488150855326734,0.0,1.0,0.5125511659445394
2022-05-23,-0.26607131610724716,-0.7411224005489835,0.0,1.0,0.5263818122366426
2022-05-24,-0.5152369768978445,-0.9346181392555318,0.0,0.8705505632961241,0.4822910302322485
2022-05-25,-0.47556444421959027,-0.8062592499227103,0.0,0.7578582832551991,0.47338031079352755
2022-05-26,-0.0011470098222037628,-1.1005101336255412,0.0,0.8705505632961241,0.5096515282718742
2022-05-27,0.8598304286499142,-0.8008776717281618,0.0,1.0,0.5989521255879876
2022-05-28,0.787659485338754,0.6314979377940024,0.0,1.0,0.653823046430667
2022-05-29,0.7555035242983206,0.850144895215261,0.0,1.0,0.6607896055871906
2022-05-30,0.015540918493979186,0.2800504415172174,0.0,1.0,0.5877048296294827
2022-05-31,0.0859287073135249,-0.3261116300895452,0.0,1.0,0.567140595900504
2022-06-01,0.35640938593564897,-0.9012570752117803,0.0,1.0,0.5612082475952191
2022-06-02,0.3135235365338486,-0.7647041178421646,0.0,1.0,0.5640388975254997
2022-06-03,-0.37061588490545583,-1.1315143972497954,0.0,0.8705505632961241,0.4837284256153135
2022-06-04,-0.3852426945821087,-1.0164735020856561,0.0,0.7578582832551991,0.4706428335959036
2022-06-05,-0.4551612100134286,-1.040929425539,0.0,0.6597539553864472,0.4502469532429469
2022-06-06,0.004547743852978365,-0.9761361452437763,0.0,0.5743491774985175,0.47078322016315216
2022-06-07,0.037254623130671134,-0.8543069818921166,0.0,0.5,0.46688751729653993
2022-06-08,-0.07954082836625898,-0.9552484093081363,0.0,0.5743491774985175,0.46604763767918805
2022-06-09,-0.06522605438272326,-0.9706938544142388,0.0,0.6597539553864472,0.4791691124151923
2022-06-10,1.13025706250393,-1.060084458065236,0.0,0.7578582832551991,0.5698590275691571
2022-06-11,0.1258373920888955,-0.9989233262373628,0.0,0.8705505632961241,0.5223499387071215
2022-06-12,-0.19708930955074136,-0.12194053481301916,0.0,1.0,0.5567798570794081
2022-06-13,-0.25503552737246493,0.44059255766785044,0.0,1.0,0.5763556547446628
2022-06-14,-0.29153093992722734,0.10262612903177892,0.0,1.0,0.559840692714509
2022-06-15,-0.08368804070452823,0.6851529024155694,0.0,1.0,0.5979688348870136
2022-06-16,0.08897695276500055,-0.2514293166567585,0.0,1.0,0.5704555753236351
2022-06-17,0.745586389614019,-0.5987520628846944,0.0,1.0,0.5997577566874057
2022-06-18,-0.18508206467860644,-0.9682833228209927,0.0,0.8705505632961241,0.5028986417316369
2022-06-19,-0.40085569072584004,-0.8349157719902933,0.0,0.7578582832551991,0.4771668726069616
2022-06-20,-0.4644238652840395,-0.6184988736865042,0.0,0.6597539553864472,0.4672307158854268
2022-06-21,-0.5394045309480303,-1.1989572618938913,0.0,0.7578582832551991,0.4527618878461657
2022-06-22,0.3272153756229558,-1.3407575959722182,0.0,0.8705505632961241,0.5215320430371065
2022-06-23,2.055200418934992,-1.351744699459669,0.0,1.0,0.6556906654515133
2022-06-24,0.34954747438373823,-0.797261784358355,0.0,0.8705505632961241,0.545666508438403
2022-06-25,-0.40961079066501666,-0.9978771299805946,0.0,0.7578582832551991,0.469793142694754
2022-06-26,-0.6958886019869334,-1.1040215149697994,0.0,0.6597539553864472,0.4315696233850966
2022-06-27,-0.763674142703064,-1.2383182297835285,0.0,0.5743491774985175,0.40864417420359306
2022-06-28,-0.6836593051575512,-1.2112467140387888,0.0,0.5,0.40395409990454706
2022-06-29,-0.7755788039360286,-1.2529213856742512,0.0,0.4352752816480621,0.3863809809150469
2022-06-30,-0.42114560035057635,-1.1294966482385855,0.0,0.37892914162759955,0.4067006375441605
2022-07-01,-0.5415673733740858,-1.0852065487286648,0.0,0.37892914162759955,0.40051794015550657
2022-07-02,-0.6917331235302491,-1.1441286396747656,0.0,0.4352752816480621,0.3965037240254108
2022-07-03,-0.8823848539436767,-1.101508267060407,0.0,0.5,0.395278165276238
2022-07-04,-0.8103180616910426,-0.9202775171697257,0.0,0.5743491774985175,0.4187862759633029
2022-07-05,-0.6636362672033701,-0.9373058367465479,0.0,0.6597539553864472,0.44066626562996963
2022-07-06,-0.7489059306876535,-0.9425123401573915,0.0,0.7578582832551991,0.44948033293587836
2022-07-07,0.3798671796582255,-1.0119658652473267,0.0,0.8705505632961241,0.5387418187529951
2022-07-08,1.6296390729635473,-0.9822945605892763,0.0,1.0,0.6427136648396834
2022-07-09,0.779050280524833,-1.0107276564289231,0.0,1.0,0.5848230330171171
2022-07-10,2.564087791793692,-0.9548014817279152,0.0,1.0,0.7061557910475831
2022-07-11,5.0,-0.9323608258941919,0.0,1.0,0.7361516322544087
2022-07-12,1.945053103731654,-0.7696662966525795,0.0,1.0,0.6726007778882529
2022-07-13,2.182486219495068,-0.8788815014661266,0.0,1.0,0.6838790187385826
2022-07-14,1.678891599538791,-0.9197017448153887,0.0,1.0,0.6486052006019449
2022-07-15,0.7901316872995695,-0.8928341006627429,0.0,1.0,0.5904740249590237
2022-07-16,0.33097499327192065,-0.8381778971387509,0.0,1.0,0.5621409205040134
2022-07-17,0.7118938987876718,-0.8216352107716858,0.0,1.0,0.5882247928036912
2022-07-18,3.849391980139285,-0.8566435276843434,0.0,1.0,0.7393065196798191
2022-07-19,1.3852207989819971,-0.584443788883815,0.0,1.0,0.6429962287286409
2022-07-20,1.4777184510069348,-0.4845855248967577,0.0,1.0,0.6533234998630975
2022-07-21,0.2082226165356896,-0.36106779325936017,0.0,0.8705505632961241,0.554419600877658
2022-07-22,-0.19416003366394,-0.5388967096809509,0.0,0.7578582832551991,0.5032807106739776
2022-07-23,-0.3941602600319612,-0.6223755618807113,0.0,0.6597539553864472,0.4717534275608067
2022-07-24,-0.5500287116325638,-0.7015662148654116,0.0,0.5743491774985175,0.4452518702298813
2022-07-25,-0.4180669086657477,-0.8095388816150788,0.0,0.5,0.43839808602165525
2022-07-26,-0.2906491647173168,-0.6689572010229188,0.0,0.4352752816480621,0.44304146455676663
2022-07-27,-0.34880891048877616,-0.7049191846475737,0.0,0.5,0.44737443994043274
2022-07-28,-0.1806990126286419,-0.6110386436782049,0.0,0.5743491774985175,0.4736458322962764
2022-07-29,-0.3508736704676972,-0.5597758597348006,0.0,0.6597539553864472,0.4772475211211706
2022-07-30,-0.4847165136547306,-0.6467213892817882,0.0,0.7578582832551991,0.4794175836912233
2022-07-31,-0.5399832595827337,-0.5112366673977783,0.0,0.8705505632961241,0.49828217271399566
2022-08-01,-0.5315710377234701,-0.03682957760762601,0.0,1.0,0.5380273650847843
2022-08-02,-0.5891292267532539,-0.06898808543330555,0.0,1.0,0.5328502146567288
2022-08-03,-0.45751410169828943,0.15470381664223937,0.0,1.0,0.5509450522468741
2022-08-04,0.4702389703063254,-0.010607122408706246,0.0,1.0,0.6059073012533923
2022-08-05,0.009563799887559574,-0.30857783295612495,0.0,0.8705505632961241,0.5433627614470841
2022-08-06,-0.5477842898426394,-0.7369826782977615,0.0,0.7578582832551991,0.47145217823636393
2022-08-07,-0.602961584443806,-0.7345113256326756,0.0,0.6597539553864472,0.45316101577701856
2022-08-08,-0.24954422928829317,-0.8241438871376828,0.0,0.7578582832551991,0.4877031319049902
2022-08-09,-0.05952651173940276,-0.8377282693449865,0.0,0.8705505632961241,0.5167088058224173
2022-08-10,0.3971330457968888,-0.8555622605071551,0.0,1.0,0.5658271088653278
2022-08-11,-0.14356140059311573,-0.8294637984344375,0.0,0.8705505632961241,0.5114508328534427
2022-08-12,-0.3406716641239058,-0.9017648771383291,0.0,0.7578582832551991,0.47839376166592246
2022-08-13,-0.336856069176428,-0.930180092481133,0.0,0.6597539553864472,0.462748518176158
2022-08-14,-0.48496803499433755,-0.9059079049049645,0.0,0.6597539553864472,0.4538857282706377
2022-08-15,-0.49452349463936895,-0.4928389690214823,0.0,0.7578582832551991,0.48517555246976013
2022-08-16,0.2578059479616516,-0.4570075585098272,0.0,0.8705505632961241,0.553727666087286
2022-08-17,1.6600370824759711,-0.6500729096174974,0.0,1.0,0.6585827675976691
2022-08-18,0.46025124534677087,-0.7790675519020941,0.0,1.0,0.5732222683605308
2022-08-19,-0.6109632670242464,-0.6424473141107503,0.0,0.8705505632961241,0.4880830619381876
2022-08-20,-0.6701545466013168,-0.5242190572367627,0.0,0.7578582832551991,0.47215931199666034
2022-08-21,-0.7188240428204746,-0.6636867894882618,0.0,0.6597539553864472,0.4483878742245912
2022-08-22,-0.7504561698451987,-0.6407996016991389,0.0,0.5743491774985175,0.43442198189763365
2022-08-23,-0.7251863727624331,-0.6118686156648645,0.0,0.5,0.42615971616313514
2022-08-24,-0.6605678477847388,-0.7290641925309528,0.0,0.4352752816480621,0.415875761039437
2022-08-25,-0.5496143558552554,-0.7452282978761875,0.0,0.37892914162759955,0.41414723510894846
2022-08-26,-0.34882100172410935,-0.8010133973339008,0.0,0.3298769776932236,0.41785125498346376
2022-08-27,-0.5174110437625875,-0.8145034192585316,0.0,0.2871745887492588,0.3996444762591108
2022-08-28,-0.5841562541264711,-0.7526367105015757,0.0,0.3298769776932236,0.4041779334413198
2022-08-29,-0.5589900715582278,-0.8092009347510875,0.0,0.37892914162759955,0.4108566608589628
2022-08-30,-0.48239192841155015,-0.7724172886235042,0.0,0.4352752816480621,0.42594777666046
2022-08-31,-0.5821922254290669,-0.8380812319844639,0.0,0.5,0.42626713363870955
2022-09-01,-0.5553743666452464,-0.7951659615533989,0.0,0.5743491774985175,0.44099550378370295
2022-09-02,-0.5227469182356549,-0.8273880260859039,0.0,0.6597539553864472,0.4546387976720108
2022-09-03,-0.6754465818877837,-0.8401090399625645,0.0,0.7578582832551991,0.45864442703065417
2022-09-04,-0.676815917182396,-0.8275414247461952,0.0,0.8705505632961241,0.47598063065116747
2022-09-05,-0.6401733676566596,-0.8062313119037448,0.0,1.0,0.49872880416023335
2022-09-06,-0.5452824889934431,-0.7860201553750144,0.0,1.0,0.5058969942598115
2022-09-07,-0.5377124835183348,-0.7622108358224263,0.0,1.0,0.5073937162728432
2022-09-08,-0.4614827759640401,-0.7340986255915953,0.0,1.0,0.5136470388694142
2022-09-09,-0.38904018149851255,-0.6431337827099429,0.0,1.0,0.5222667469538516
2022-09-10,-0.6064502019718663,-0.3790019042335749,0.0,0.8705505632961241,0.4993608250198953
2022-09-11,-0.6054146529862009,-0.43777465902518026,0.0,0.7578582832551991,0.48007715482981733
2022-09-12,-0.5483058462298117,-0.6965223930350052,0.0,0.6597539553864472,0.4583876038495211
2022-09-13,-0.5338771906440417,-0.6320540527190459,0.0,0.5743491774985175,0.44922497838521463
2022-09-14,-0.6066328320245892,-0.4203788681310572,0.0,0.6597539553864472,0.4660051183342005
2022-09-15,-0.6416920683454085,-0.41337129616049373,0.0,0.7578582832551991,0.4786754672585654
2022-09-16,-0.6088604994383449,0.19215166311373397,0.0,0.8705505632961241,0.5229982038282679
2022-09-17,-0.6410028243717703,5.0,0.0,1.0,0.6572664783752153
2022-09-18,-0.5385039706107696,4.142470212166978,0.0,1.0,0.6640997352926153
2022-09-19,-0.20428862332989214,2.112863936518673,0.0,1.0,0.6494167557996186
2022-09-20,-0.001956559101831368,2.0593780664638905,0.0,1.0,0.66067698216254
2022-09-21,-0.05772566318252047,1.1720790654912694,0.0,0.8705505632961241,0.6005708346777202
2022-09-22,0.03372125979891643,-0.3471137170631319,0.0,0.7578582832551991,0.5264637549305771
2022-09-23,-0.1082236727387902,1.0362862002200575,0.0,0.6597539553864472,0.5599267734678834
2022-09-24,-0.5513015890531701,2.4247431856963826,0.0,0.5743491774985175,0.5754299034252488
2022-09-25,-0.6278339256417974,2.0316358161244885,0.0,0.5,0.5427958972957339
2022-09-26,-0.5859529853655582,0.11562852555635822,0.0,0.5743491774985175,0.4769066994985887
2022-09-27,-0.5921216185456039,3.839126187943941,0.0,0.6597539553864472,0.6094883187382601
2022-09-28,-0.5865359886286616,0.7309606069598791,0.0,0.7578582832551991,0.5300330352030307
2022-09-29,-0.4983059335328098,0.7079718057443558,0.0,0.8705505632961241,0.5518610141649128
2022-09-30,-0.5719052821954322,3.6374408387639163,0.0,1.0,0.6618729811869712
2022-10-01,-0.6768288370641113,3.469877175921542,0.0,1.0,0.6548780775290592
2022-10-02,-0.7033468769613865,2.852510871066212,0.0,1.0,0.646964827830333
2022-10-03,-0.5461727909884884,3.2606555551209286,0.0,1.0,0.6635884806007675
2022-10-04,-0.5448040216876234,3.7866144602526868,0.0,1.0,0.6636797318874919
2022-10-05,-0.5189961041737361,0.1282259198291766,0.0,0.8705505632961241,0.5263255908757186
2022-10-06,-0.42063850636109357,-0.08271936679323834,0.0,0.7578582832551991,0.5071895351144886
2022-10-07,-0.5077046294335998,-0.1487124122255498,0.0,0.6597539553864472,0.48391976750299587
2022-10-08,-0.5560778552037524,0.04313900106118783,0.0,0.5743491774985175,0.4758779779887437
2022-10-09,-0.5877914454084084,-0.1888494083073265,0.0,0.5,0.4529451782933009
2022-10-10,-0.5945197463327386,-0.00882497719677526,0.0,0.4352752816480621,0.45028893510849444
2022-10-11,-0.6387257189787343,4.459951788977211,0.0,0.37892914162759955,0.5642576566455577
2022-10-12,0.5373116511117898,3.6315226183842073,0.0,0.3298769776932236,0.6353023233947694
2022-10-13,0.13061382772736985,-0.0679475778309864,0.0,0.37892914162759955,0.48771581068300685
2022-10-14,-0.4698810883551965,0.23734229715402463,0.0,0.4352752816480621,0.4688551487382806
2022-10-15,-0.40387249250719254,0.9175736007040343,0.0,0.5,0.5113074005288553
2022-10-16,-0.7369964551192546,0.5166123843208751,0.0,0.5743491774985175,0.4835447956301971
2022-10-17,-0.8346779924182093,-0.511369988258622,0.0,0.6597539553864472,0.44701081096931056
2022-10-18,-0.7248419083968524,0.27802504852388915,0.0,0.7578582832551991,0.501940325616985
2022-10-19,-0.4877962556936548,-0.40340203541663694,0.0,0.8705505632961241,0.5062544159724818
2022-10-20,-0.2566845071420727,0.2777725872011434,0.0,1.0,0.5694615573239095
2022-10-21,-0.49271666010718507,1.9166291856919855,0.0,1.0,0.6220117720633538
2022-10-22,-0.9199718221144291,4.551936613213372,0.0,1.0,0.6386685451923714
2022-10-23,-1.0074186759288242,4.337560937774512,0.0,1.0,0.6328387549380784
2022-10-24,-0.9320475025470886,1.4201746468617324,0.0,1.0,0.572037443449433
2022-10-25,0.07434633993781317,0.27631818141885944,0.0,1.0,0.59146968022164
2022-10-26,0.06942800319654306,0.4535119910411961,0.0,1.0,0.5985248665064861
2022-10-27,-0.969164520102495,3.2282881913961803,0.0,1.0,0.635389031993167
2022-10-28,-0.9154917019619788,1.2631696168693962,0.0,1.0,0.5665992872387596
2022-10-29,-0.3793503605457075,-0.36372001611707416,0.0,0.8705505632961241,0.5151375597864933
2022-10-30,0.08237587131554153,-0.4775358778630888,0.0,0.7578582832551991,0.5242731389983539
2022-10-31,-0.10388970036025796,-0.44771463264585054,0.0,0.8705505632961241,0.5300018281101577
2022-11-01,-0.697094147299308,1.104664562267121,0.0,1.0,0.5745547469411763
2022-11-02,-0.9226966511621999,2.558053864522296,0.0,1.0,0.620072467610949
2022-11-03,-0.9985043992179198,3.5498651982274336,0.0,1.0,0.6334330400521387
2022-11-04,-0.7604314448941681,2.327252222381136,0.0,1.0,0.6212734129396028
2022-11-05,-0.9271694461259257,0.16162471844723986,0.0,1.0,0.5199230668602399
2022-11-06,-0.3751724528547748,1.6572097828057901,0.0,1.0,0.619038910759923
2022-11-07,0.1771623295665494,-0.36768609719801226,0.0,0.8705505632961241,0.5520731524156047
2022-11-08,-0.13596518666816496,0.7669475354634379,0.0,1.0,0.597891801533099
2022-11-09,-0.47645570148527305,3.024133535575359,0.0,1.0,0.6682362865676484
2022-11-10,2.9795239802982,1.590741004691495,0.0,1.0,0.839915807215359
2022-11-11,0.23493988829795956,2.172711512931386,0.0,1.0,0.681192305592005
2022-11-12,-0.2423228550600363,0.3027077500689945,0.0,1.0,0.5714579659155391
2022-11-13,-0.5494130496981093,1.318663956333272,0.0,1.0,0.5933167948673458
2022-11-14,-0.6770072045249245,0.5820249866691185,0.0,1.0,0.5541172274762183
2022-11-15,1.0989506534155915,-0.41640889068558906,0.0,0.8705505632961241,0.6114955909435585
2022-11-16,0.5190023751520796,-0.530225076841804,0.0,0.8705505632961241,0.5680900313028154
2022-11-17,-0.10867050114809663,-0.2761648757589134,0.0,1.0,0.5562484301001722
2022-11-18,-0.7430942876636442,0.11222951004625843,0.0,1.0,0.5301366104076846
2022-11-19,0.3741107749123129,0.021215940160390637,0.0,1.0,0.6008247158341705
2022-11-20,0.27158777210549917,0.16587558274752184,0.0,1.0,0.60001733408818
2022-11-21,0.07260800242749396,-0.39169642634301854,0.0,0.8705505632961241,0.5441024335586258
2022-11-22,-0.4777726049718543,-0.4445687129881303,0.0,0.8705505632961241,0.5052073811217896
2022-11-23,-1.1051011401792599,-0.3498721888756504,0.0,1.0,0.4867485827848973
2022-11-24,-1.1193019165346771,1.305777805284425,0.0,1.0,0.5547872807845392
2022-11-25,-0.6872884613542986,0.7939961178746632,0.0,1.0,0.5622639408211578
2022-11-26,-0.7105317522517076,-0.351005959811938,0.0,1.0,0.5130059681910555
2022-11-27,-0.1604984178158192,-0.4999922197929444,0.0,0.8705505632961241,0.5240496808153247
2022-11-28,-0.38418186386494857,1.1900628421798527,0.0,1.0,0.5989738274998306
2022-11-29,-0.0368435602799254,2.658644599784212,0.0,1.0,0.6833206209723471
2022-11-30,-0.6287798293213983,-0.21592145228334675,0.0,1.0,0.524084617533434
2022-12-01,-0.465547789471746,0.6360870115925015,0.0,1.0,0.5704671061849045
2022-12-02,-0.9128928065302077,2.5673935095432543,0.0,1.0,0.6211152091289551
2022-12-03,-0.3967985895121901,0.2534128458495678,0.0,1.0,0.5591056292762526
2022-12-04,-0.6292572267635668,-0.00015885291211505955,0.0,1.0,0.5330428993444241
2022-12-05,-0.5337783125731199,1.718829529067386,0.0,1.0,0.6110326762062664
2022-12-06,-0.16123759950694452,0.1973801910624378,0.0,1.0,0.5724750013271387
2022-12-07,-0.3635533088346464,-0.2876797639861591,0.0,1.0,0.5387764559116003
2022-12-08,0.06260639788023148,-0.014413232630394944,0.0,1.0,0.5785732084990823
2022-12-09,-0.40896883453948274,-0.6562375270990434,0.0,0.8705505632961241,0.5009747652293263
2022-12-10,-0.7453118856190771,-0.8378012022207104,0.0,0.8705505632961241,0.47098674202728386
2022-12-11,-0.5903558378805105,-0.5585052036533572,0.0,1.0,0.5123718939890761
2022-12-12,-0.7826632690446319,1.8389234087829167,0.0,1.0,0.599444257429646
2022-12-13,-0.6848701730862411,2.023654781943996,0.0,1.0,0.6136609377085838
2022-12-14,-0.4786420108010707,-0.46085999459970833,0.0,1.0,0.5238880328382741
2022-12-15,-0.3007391881159559,-0.8126828266998524,0.0,0.8705505632961241,0.5016715208408611
2022-12-16,-0.6106732730297441,-0.8501321760271219,0.0,0.8705505632961241,0.4794488589579723
2022-12-17,-0.6172944226891628,-0.4500174466004421,0.0,1.0,0.5150963115457041
2022-12-18,-0.7490359021402401,-0.509612343593604,0.0,1.0,0.5038304255409172
2022-12-19,-0.19338363683987875,-0.49689978303292853,0.0,1.0,0.5414035999176361
2022-12-20,-0.31322524168822313,-0.6365338688528216,0.0,1.0,0.5275960726852509
2022-12-21,-0.4462567893239179,-0.2826764463200237,0.0,1.0,0.5334713621150712
2022-12-22,-0.7121620093619244,-0.18167336606540033,0.0,1.0,0.5199528091231467
2022-12-23,5.0,-0.40882273055414914,0.0,1.0,0.7579657195602438
2022-12-24,5.0,-0.9763001636603846,0.0,1.0,0.7343208265141506
2022-12-25,2.1289182992720552,-1.1147991194861702,0.0,1.0,0.6704779233062133
2022-12-26,-0.20265005504797887,-0.918956959214494,0.0,1.0,0.5232001230295309
2022-12-27,-0.20321165609202724,-0.19777779590996522,0.0,1.0,0.5532118147642829
2022-12-28,-0.37048316126350045,0.9266155776262354,0.0,1.0,0.5889101049835265
2022-12-29,-0.34227843123376206,-0.00983315775422507,0.0,1.0,0.5517717230113232
2022-12-30,-0.2976484669105391,-0.8033682052002904,0.0,0.8705505632961241,0.5022656781503706
2022-12-31,-0.3450524659448514,1.0066736150373967,0.0,1.0,0.5939412362302348
2023-01-01,-0.3429597738677703,0.08000556916509823,0.0,1.0,0.5554695804573611
2023-01-02,-0.34619880137373077,1.1650454018315757,0.0,1.0,0.6004636383180669
2023-01-03,-0.2775392068917254,-0.0529489023946092,0.0,1.0,0.5542911819407763
2023-01-04,-0.24635379012070877,-0.5260926416665312,0.0,1.0,0.5366558872558473
2023-01-05,-0.07871385250785,0.24094758932692847,0.0,1.0,0.5797918927214321
2023-01-06,-0.2949311218559018,-0.25242575289085506,0.0,1.0,0.544820185505821
2023-01-07,-0.2530727361957066,-0.22249903845218952,0.0,1.0,0.5488576909847783
2023-01-08,-0.1749143359849852,0.7391021633235461,0.0,1.0,0.594134967739482
2023-01-09,0.007502052930301673,1.132535704047052,0.0,1.0,0.6226891245306473
2023-01-10,-0.0521164852661837,0.897200771739832,0.0,1.0,0.6089089331380808
2023-01-11,-0.1411808150882907,1.5746843264541983,0.0,1.0,0.6311997925963723
2023-01-12,-0.03211001509277019,1.1543336370266293,0.0,1.0,0.6209565672032582
2023-01-13,0.00415989468220696,1.0236440934938404,0.0,1.0,0.6179291635410571
2023-01-14,-0.3019642158243669,0.17801360377382014,0.0,1.0,0.5622862857689515
2023-01-15,-0.36645846397251847,0.8356966801526651,0.0,1.0,0.5853901307415266
2023-01-16,-0.27049627346351635,0.8586947264420361,0.0,1.0,0.5927458620375171
2023-01-17,-0.16993069132346317,-0.7155050308204182,0.0,1.0,0.533858577627585
2023-01-18,-0.24004087458942383,0.6452676860773311,0.0,1.0,0.5858834286139272
2023-01-19,-0.24104319029918558,-0.757550396282754,0.0,1.0,0.5273658541349396
2023-01-20,-0.2702104208053322,-0.24921435045181484,0.0,1.0,0.5466020406774855
2023-01-21,-0.3333550371600087,-0.4796445334577711,0.0,1.0,0.5327911419619257
2023-01-22,-0.28112418639658265,-0.8550887920894636,0.0,1.0,0.5206296879031669
2023-01-23,-0.2548281661021895,-0.6753153672256357,0.0,1.0,0.5298733152921192
2023-01-24,-0.2407430680753439,-0.28735533208936004,0.0,1.0,0.5469773232912538
2023-01-25,-0.2630931985009198,-0.6658556452974939,0.0,1.0,0.5297164682125431
2023-01-26,-0.1754558426705978,-0.3145886949152693,0.0,1.0,0.550195081533824
2023-01-27,-0.24415553289063072,0.762825975981173,0.0,1.0,0.5905073801398402
2023-01-28,-0.3379991100406082,0.5874156373507897,0.0,1.0,0.5769423775535757
2023-01-29,-0.2939525965974362,-0.304448412743944,0.0,1.0,0.5427178096958399
2023-01-30,-0.11665666189807525,-0.6938483063922544,0.0,1.0,0.5383125431071177
2023-01-31,0.1576777484722732,-0.3447693834695003,0.0,1.0,0.5711464589202557
2023-02-01,0.17150425140616757,-0.33483884525506025,0.0,1.0,0.5724819982081171
2023-02-02,0.007421318726603654,-0.996505593190846,0.0,0.8705505632961241,0.5145562726932403
2023-02-03,-0.15670856199362798,-0.8652176204351606,0.0,0.7578582832551991,0.4921807708372396
2023-02-04,-0.29279392655978936,0.21152910035276798,0.0,0.7578582832551991,0.5279728598989926
2023-02-05,-0.329337849921045,-1.1266814791071795,0.0,0.8705505632961241,0.4866816662035498
2023-02-06,-0.358295903577318,1.7597841277165445,0.0,1.0,0.6244379450830349
2023-02-07,-0.35235981614562606,2.974247073675967,0.0,1.0,0.6754363069934569
2023-02-08,-0.27772769547373216,0.41852925760761334,0.0,1.0,0.5739235393687351
2023-02-09,-0.2612556510633759,-0.1626420322029847,0.0,1.0,0.5508062052539839
2023-02-10,-0.2992735677866476,0.5773839597067882,0.0,1.0,0.5791060938020064
2023-02-11,-0.17565822757315486,-0.41346957364178694,0.0,1.0,0.546061552593382
2023-02-12,-0.2649636862329849,-0.7225756260863172,0.0,1.0,0.5272284364975378
2023-02-13,-0.1998279885651315,-0.4888703789942407,0.0,1.0,0.5413085349708979
2023-02-14,-0.29922097192247243,5.0,0.0,1.0,0.6800519352051685
2023-02-15,-0.2886741227952429,1.529365398812578,0.0,1.0,0.6194786167641746
2023-02-16,-0.28134212784763496,2.165724312132212,0.0,1.0,0.6464823711489999
2023-02-17,-0.022461581230707645,0.27969383058153613,0.0,1.0,0.5851564708588501
2023-02-18,-0.19300090122541266,1.4685445632191945,0.0,1.0,0.6233226300524389
2023-02-19,-0.3053134644495646,1.4587735009976497,0.0,1.0,0.6154279982449311
2023-02-20,-0.28218634502419127,2.9487217882230428,0.0,1.0,0.6790509848410141
2023-02-21,-0.23479778514837618,2.174697995860941,0.0,1.0,0.6499592308176475
2023-02-22,-0.2414223279701184,3.6952086949610776,0.0,1.0,0.6839051781353255
2023-02-23,-0.19888764898974398,1.0577728273086267,0.0,1.0,0.6058146912052099
2023-02-24,-0.22237920607782055,-0.01085980803134379,0.0,1.0,0.559722227593506
2023-02-25,-0.20592906545622652,-0.2914728778958708,0.0,1.0,0.5491266923905903
2023-02-26,-0.24980179303447483,0.7797245066171301,0.0,1.0,0.5908350682400821
2023-02-27,-0.24750173573519446,1.258543907049271,0.0,1.0,0.6109392137447067
2023-02-28,-0.09729092134367871,1.59700068299436,0.0,1.0,0.6350556337018531
2023-03-01,-0.1276835898076996,0.4026287003984452,0.0,1.0,0.5832639565294219
2023-03-02,-0.13687116424569584,0.3184944705846945,0.0,1.0,0.5791458586579826
2023-03-03,-0.2044682464934738,0.021984637093264845,0.0,1.0,0.5622848101126544
2023-03-04,-0.006094962134877023,1.230702328950113,0.0,1.0,0.6258729328972629
2023-03-05,0.05245070719476067,2.0989439971165034,0.0,1.0,0.6659527136928384
2023-03-06,-0.07696706618772796,0.5021644105941543,0.0,1.0,0.5907923793622413
2023-03-07,0.14850218397809864,0.011354325035034453,0.0,1.0,0.5853732424749997
2023-03-08,-0.005614555736639228,0.4360863203629903,0.0,1.0,0.592795959632682
2023-03-09,0.04247369116146617,0.826806461734711,0.0,1.0,0.6122818486497107
2023-03-10,0.11867413903887265,1.8674464782628077,0.0,1.0,0.6607218791968752
2023-03-11,-0.07606127448645279,2.6350388120998054,0.0,1.0,0.6797225322050617
2023-03-12,-0.04700068401197272,0.4158771207185544,0.0,1.0,0.5891948344291416
2023-03-13,-0.07229636260302214,0.1604694337968078,0.0,1.0,0.5768664689013322
2023-03-14,-0.14235620739423863,-0.3933206746164093,0.0,1.0,0.549121224731367
2023-03-15,-0.182636417016259,2.524385344257956,0.0,1.0,0.6680069615429975
2023-03-16,-0.26565532040924,3.7991095150937206,0.0,1.0,0.6822896453060506
2023-03-17,-0.172289393273343,0.36540107460610693,0.0,1.0,0.5787390852236983
2023-03-18,0.05124455863863437,0.07254913485669087,0.0,1.0,0.5814391845282711
2023-03-19,0.12478590825630399,0.3111532187680042,0.0,1.0,0.5962837779990872
2023-03-20,-0.15307502276244764,2.367876557185713,0.0,1.0,0.6634565216985748
2023-03-21,-0.30236346912232015,1.5819320605403722,0.0,1.0,0.6207562712476942
2023-03-22,-0.27350302815160893,1.3016737656676132,0.0,1.0,0.61100287169271
2023-03-23,-0.09398101521129477,0.08975038780829458,0.0,1.0,0.572474198477926
2023-03-24,0.06273858866592061,0.5347452309969571,0.0,1.0,0.6014636238692679
2023-03-25,0.06976846037826745,1.0125672589137469,0.0,1.0,0.6218415331466239
2023-03-26,2.933262104570998,0.23451771551148742,0.0,1.0,0.7803223784510451
2023-03-27,3.229319151721242,0.36984259310412193,0.0,1.0,0.7904101080460051
2023-03-28,5.0,0.27281866645220304,0.0,1.0,0.7863674444355084
2023-03-29,1.8064877585326868,1.3484925441783187,0.0,1.0,0.7516197065762757
2023-03-30,-0.8009803854139681,1.9427272488122647,0.0,1.0,0.6025482763395799
2023-03-31,-0.08618994601159406,2.041889179364497,0.0,1.0,0.6543327194060811
2023-04-01,1.0777258067824773,1.5773559891569529,0.0,1.0,0.7125715533337049
2023-04-02,0.7982279776518424,0.7075473144139359,0.0,1.0,0.6576963366107035
2023-04-03,0.3025814584241676,1.0249272737746442,0.0,1.0,0.6378774003022213
2023-04-04,0.1456230709169203,0.9396938027131597,0.0,1.0,0.6238621131741764
2023-04-05,-0.08330867041157473,-0.060319791845417255,0.0,1.0,0.5669327639790026
2023-04-06,1.2569149232521464,-0.511768098019291,0.0,1.0,0.6374706574660061
2023-04-07,-0.41381211387532235,-0.5732368403363519,0.0,1.0,0.5235276573942972
2023-04-08,0.5572615379896722,-0.09763071498779825,0.0,1.0,0.6080828227414865
2023-04-09,-0.09183380139819868,-0.748064807449756,0.0,1.0,0.5377083795963803
2023-04-10,-0.06191053029436272,-0.7944594412353783,0.0,1.0,0.5377701545955684
2023-04-11,0.03542673452840487,-1.0139192591024027,0.0,1.0,0.5351151465059603
2023-04-12,-0.29735959053554234,1.404387248740029,0.0,1.0,0.6136921626617984
2023-04-13,-0.6965522332499422,1.4297841374928422,0.0,1.0,0.5881375235122056
2023-04-14,-0.8645496417374546,1.5249462782114196,0.0,1.0,0.5809027854763122
2023-04-15,0.3197983253902983,-0.031549628849099856,0.0,1.0,0.5950053204906408
2023-04-16,-0.17615700399314124,-0.6214969806252707,0.0,1.0,0.5373604922077376
2023-04-17,1.4310070007768059,0.12255488934468917,0.0,1.0,0.6755069204411491
2023-04-18,-0.7157403916487649,0.34269613654367037,0.0,1.0,0.5415629795794019
2023-04-19,-0.4530867831641403,0.2727825358394838,0.0,1.0,0.5561601534490358
2023-04-20,0.5181961498041147,-0.37984616716304026,0.0,1.0,0.5937194863551477
2023-04-21,3.5064846302628876,-0.40444133858089093,0.0,1.0,0.7581482775591296
2023-04-22,4.1862063728294405,-0.2181654195060789,0.0,1.0,0.7659097741872467
2023-04-23,0.2864552865589922,-0.6552104946764845,0.0,1.0,0.566796581825746
2023-04-24,1.3886069928585385,-0.05512641046809872,0.0,1.0,0.6652768657543985
2023-04-25,-0.45582902639051714,-1.0978231467692254,0.0,1.0,0.49886876712524786
2023-04-26,-0.20104183854111363,-1.1606002077643143,0.0,1.0,0.513238868773746
2023-04-27,-0.007357466768246319,-1.0314132258561142,0.0,1.0,0.5315339511381122
2023-04-28,3.2477318038771315,-0.1456700592826534,0.0,1.0,0.7689304141965562
2023-04-29,-0.8852901740793242,-0.4065962409287503,0.0,1.0,0.49903914502268043
2023-04-30,1.0486427636473246,-0.4708553477612969,0.0,1.0,0.625290544753101
2023-05-01,-0.605063228299464,-1.0219152625757448,0.0,1.0,0.4920826488393797
2023-05-02,-0.12796890429719038,-0.9627221561493225,0.0,1.0,0.5263553165406322
2023-05-03,-0.1537979935250429,-0.9352094191342754,0.0,1.0,0.5257797413010691
2023-05-04,0.01737201606246425,-0.8213762036415263,0.0,1.0,0.5419341259191007
2023-05-05,0.2566937641394354,-0.9194609324332539,0.0,1.0,0.5538020454245769
2023-05-06,0.9929944041239824,-0.1538134719519834,0.0,1.0,0.634790732276933
2023-05-07,1.2644585593416233,0.001235658351739629,0.0,1.0,0.6593487230540974
2023-05-08,2.134539711292835,-0.8070322405648063,0.0,1.0,0.6836763040626554
2023-05-09,0.4023658638703032,-1.1755658985718918,0.0,1.0,0.5528424784841914
2023-05-10,-0.45924257742461416,-0.787250720497083,0.0,1.0,0.5115817148176472
2023-05-11,-0.5905998976276999,-0.864148781897424,0.0,1.0,0.4996204742457607
2023-05-12,1.4907024298330698,-0.8462602540420406,0.0,1.0,0.639119318070453
2023-05-13,-0.6018299399424342,-1.208721568525326,0.0,1.0,0.48451460531528256
2023-05-14,-0.06756719890803525,-1.0265783990376576,0.0,1.0,0.5277214201128952
2023-05-15,0.7510715271503352,-1.5552463639885996,0.0,1.0,0.5602695033104974
2023-05-16,1.51814455599502,-1.7201649566796715,0.0,0.8705505632961241,0.5851186816991003
2023-05-17,1.3002395331149001,-1.71965777952167,0.0,0.7578582832551991,0.5537089705492038
2023-05-18,-0.20333941857071716,-1.6351456093540029,0.0,0.6597539553864472,0.44227606501350253
2023-05-19,-0.3116060462568414,-1.612874526945673,0.0,0.5743491774985175,0.4231755349182519
2023-05-20,-0.7741083162321505,-1.5265558668536043,0.0,0.5,0.38478628446562313
2023-05-21,-0.4175855950064173,-1.3831454449401,0.0,0.4352752816480621,0.4048211923742773
2023-05-22,-0.7367528626803983,-1.4563095496185186,0.0,0.37892914162759955,0.3720429491646752
2023-05-23,-0.588291027772501,-1.4943961639214594,0.0,0.3298769776932236,0.37299563797242263
2023-05-24,-0.7429722861373044,-1.4737012910287028,0.0,0.2871745887492588,0.3571404821103726
2023-05-25,-0.8332049351858142,-1.4413354454241392,0.0,0.25,0.3468973607616066
2023-05-26,-0.7782739007128733,-1.394718745620707,0.0,0.21763764082403103,0.3476474383418837
2023-05-27,-0.8894341686635352,-1.3979341313701692,0.0,0.1894645708137998,0.3358768189040773
2023-05-28,-0.870497790262876,-1.3719968283714805,0.0,0.16493848884661183,0.3345410527939884
2023-05-29,-0.9372398647057876,-1.3404113719640414,0.0,0.14358729437462942,0.32820496267730687
2023-05-30,-0.9300111770030663,-1.3060489180113801,0.0,0.16493848884661183,0.33332132327631314
2023-05-31,-0.9800694263901085,-1.0755802445214424,0.0,0.1894645708137998,0.3432658803410027
2023-06-01,-1.0310700774989487,-1.1117146150638009,0.0,0.21763764082403103,0.34258619866268303
2023-06-02,-0.9341422348264086,-1.203601707111424,0.0,0.25,0.3500737798819301
2023-06-03,-0.7914878880307409,-1.236610809391248,0.0,0.2871745887492588,0.3637848787190374
2023-06-04,-0.8317261308148955,-1.1289454412043638,0.0,0.3298769776932236,0.3719937445494753
2023-06-05,-0.7751949461352674,-1.1661128353354777,0.0,0.37892914162759955,0.3815716733628106
2023-06-06,-0.6739489234183126,-1.1822939718070333,0.0,0.4352752816480621,0.39609911519402874
2023-06-07,-0.31124760553126646,-1.1674790824953103,0.0,0.5,0.43060519786061097
2023-06-08,-0.19417958677428207,-1.0719055229898586,0.0,0.5743491774985175,0.453544340715248
2023-06-09,-0.13954902012171683,-0.9689926135429152,0.0,0.6597539553864472,0.4742851330688978
2023-06-10,-0.743187183049705,-0.8425992455418497,0.0,0.7578582832551991,0.45402462838738916
2023-06-11,-0.07213229730518472,-0.9107358870030114,0.0,0.8705505632961241,0.5128264360489475
2023-06-12,-0.2781089706052502,-0.7878970269191502,0.0,1.0,0.5236303591713521
2023-06-13,-0.35594105257783987,-0.6762488220127992,0.0,1.0,0.5230935622442774
2023-06-14,1.5115437137896368,-0.22665687778396662,0.0,1.0,0.6663255443449773
2023-06-15,1.4523398655237265,0.12299488844199877,0.0,1.0,0.6769474447199985
2023-06-16,2.229551160099497,-0.6139723808660125,0.0,1.0,0.6980545614705493
2023-06-17,0.7780169094903459,-0.7060488958203436,0.0,1.0,0.5974490899735088
2023-06-18,3.412236239836213,-0.9577272618665271,0.0,1.0,0.7350946974222281
2023-06-19,4.552154203659684,-0.9299627633564632,0.0,1.0,0.7362515515268141
2023-06-20,5.0,-0.9360324101344034,0.0,1.0,0.7359986495777332
2023-06-21,5.0,-0.8152103565869389,0.0,1.0,0.7410329018088776
2023-06-22,0.168635629195502,-0.7232623629357371,0.0,1.0,0.5561064434907111
2023-06-23,-0.08125062166707261,-0.5733241179693884,0.0,1.0,0.5456947869734706
2023-06-24,-0.012231682478043081,-0.6188337459912976,0.0,1.0,0.5483998150851598
2023-06-25,1.0897724327932092,-0.6707990117120795,0.0,1.0,0.6197015366982107
2023-06-26,4.33638713636444,-0.8008724632587679,0.0,1.0,0.7416303140308848
2023-06-27,1.078318832735508,-0.2794453938686133,0.0,1.0,0.6352443641045084
2023-06-28,-0.04894420791984612,0.07969311634845533,0.0,1.0,0.5750575993198626
2023-06-29,-0.23796419960352905,-0.15106347875752135,0.0,1.0,0.5528414084115347
2023-06-30,-0.2873030054227252,-0.39967966268401167,0.0,1.0,0.5391931470266512
2023-07-01,-0.12251843778617719,-0.8091743832952769,0.0,0.8705505632961241,0.513699089338037
2023-07-02,0.2144376653011344,-0.8061498575879625,0.0,0.7578582832551991,0.5193850094421903
2023-07-03,0.14969651792775876,-0.8441213493483498,0.0,0.6597539553864472,0.4987711382803031
2023-07-04,-0.2578181480549491,-0.8591140321023149,0.0,0.5743491774985175,0.45816808208351795
2023-07-05,-0.32313128125850066,-0.6664011858618686,0.0,0.5,0.45069119850518874
2023-07-06,-0.4252519479686702,-0.7972418538447505,0.0,0.4352752816480621,0.4287227518057667
2023-07-07,-0.42376124575111634,-0.2230989289119636,0.0,0.5,0.46245346157859385
2023-07-08,-0.3672069287385438,-0.7966876660373016,0.0,0.5743491774985175,0.4534765952906538
2023-07-09,-0.33049807297410777,-0.78853362878157,0.0,0.6597539553864472,0.4690743205771279
2023-07-10,-0.3059967675208429,-0.7212827965408696,0.0,0.7578582832551991,0.4882255081310208
2023-07-11,-0.294404196964827,-0.5696682303661973,0.0,0.8705505632961241,0.5122194617648387
2023-07-12,-0.3018325062939419,0.10417822891827261,0.0,1.0,0.5592185924519986
2023-07-13,0.523583300984424,-0.43920085128517933,0.0,1.0,0.5916055179287458
2023-07-14,0.21422138643116118,-0.14477025987392522,0.0,1.0,0.583249331600664
2023-07-15,0.4962955084560799,-0.3600811509654115,0.0,1.0,0.5930829859401798
2023-07-16,0.3937274019199783,-0.4726908042002387,0.0,1.0,0.581553043286322
2023-07-17,0.3902995532969136,-0.6432445790587761,0.0,0.8705505632961241,0.5548006972534305
2023-07-18,0.3817407847975874,0.9710509562789581,0.0,0.7578582832551991,0.6045885846530756
2023-07-19,-0.1738725062071378,0.6538168958891988,0.0,0.7578582832551991,0.5543296127365207
2023-07-20,0.2847813625839869,-0.5739094504386268,0.0,0.8705505632961241,0.5506551148984083
2023-07-21,0.7479781699560414,-0.8512665658115831,0.0,1.0,0.5893957710882535
2023-07-22,0.01814446704349975,-0.646629297671753,0.0,0.8705505632961241,0.5298493282276623
2023-07-23,0.04278077138883466,-0.6904481224726312,0.0,0.8705505632961241,0.529665964150648
2023-07-24,0.2374276196553153,-0.23398887455609998,0.0,1.0,0.5810789715371836
2023-07-25,-0.17690961049310844,0.5912442056889982,0.0,1.0,0.5878412012041677
2023-07-26,-0.37139806480178633,0.20303097296009354,0.0,1.0,0.5586997528865515
2023-07-27,-0.3044320881049975,-0.2874115770922874,0.0,1.0,0.5427290450808215
2023-07-28,-0.29464902291203376,-0.25095819186409385,0.0,1.0,0.5449001404781939
2023-07-29,-0.21782979383503356,-0.4531043935128088,0.0,0.8705505632961241,0.5221812485090493
2023-07-30,-0.15009509038985583,-0.7025033156027578,0.0,0.8705505632961241,0.5163052736516467
2023-07-31,0.9904205537204944,-0.6918964631010112,0.0,1.0,0.6121990176188242
2023-08-01,2.029365585412665,-0.18907276729138559,0.0,1.0,0.7024130070570367
2023-08-02,-0.09078744379985132,-0.12745458187643316,0.0,1.0,0.5636368961684919
2023-08-03,0.13221191177828773,-0.09565015837315552,0.0,1.0,0.5798287041863378
2023-08-04,0.5023904842749136,-0.22592430731538138,0.0,0.8705505632961241,0.579661770641272
2023-08-05,1.3557432617745284,-0.02097371362602542,0.0,1.0,0.6645089793838842
2023-08-06,4.07543731418667,0.27269246199067854,0.0,1.0,0.7863621859162783
2023-08-07,4.690542738911226,-0.1779427929822958,0.0,1.0,0.7675857169590711
2023-08-08,0.4950904277158899,0.07185918531138329,0.0,1.0,0.6110001612357003
2023-08-09,0.34798020081112263,1.1935931215724356,0.0,1.0,0.6479317267862597
2023-08-10,2.5892744433415853,0.1429663645734196,0.0,1.0,0.7535752280799982
2023-08-11,4.044427988746626,0.596278596666067,0.0,1.0,0.7998449415277529
2023-08-12,0.8194144631948737,0.5507718849027565,0.0,1.0,0.652576459417273
2023-08-13,0.4815219490698382,0.16460080457011855,0.0,1.0,0.6139598301284108
2023-08-14,0.824390691314057,0.7668419067492693,0.0,1.0,0.66191112553549
2023-08-15,3.324838139540278,-0.9147456681029109,0.0,1.0,0.7368855971623788
2023-08-16,4.144807935571427,0.3967245627908836,0.0,1.0,0.7915301901162868
2023-08-17,3.507268719676773,0.36568564960978733,0.0,1.0,0.7902369020670745
2023-08-18,3.720639264785365,-0.46767251932520765,0.0,1.0,0.7555136450281164
2023-08-19,0.6022823025419802,0.4497948730893725,0.0,1.0,0.6338936065481892
2023-08-20,-0.043495109799896924,-0.2579576912389676,0.0,1.0,0.5613520888783833
2023-08-21,0.6144154602590475,-0.1351526084666848,0.0,1.0,0.6103296719978246
2023-08-22,-0.4296612427083301,1.1237109505670266,0.0,1.0,0.5931772067597374
2023-08-23,0.24804342020983006,-0.4414426372802262,0.0,1.0,0.5731427847939793
2023-08-24,3.1114445474236234,-0.5471996552350885,0.0,1.0,0.7522000143652047
2023-08-25,3.6739390384381645,-0.5902263063809852,0.0,1.0,0.7504072372341256
2023-08-26,3.508682180516816,-0.9057455196545612,0.0,1.0,0.7372606033477267
2023-08-27,2.367138516896005,0.020107155676655043,0.0,1.0,0.7336470326129276
2023-08-28,1.7854275909199029,-0.08518382354155987,0.0,1.0,0.6904791800804285
2023-08-29,-0.2384725773732294,0.44065481576491894,0.0,1.0,0.5774624454986563
2023-08-30,0.9534937418253702,0.30979974449184455,0.0,1.0,0.6514745721421848
2023-08-31,1.6586134831239683,0.7492672775925746,0.0,1.0,0.7167937021079552
2023-09-01,-0.19549810374310259,1.831310289569228,0.0,1.0,0.638271388482511
2023-09-02,-0.3777937098570938,1.5784009745381582,0.0,1.0,0.6155804599486171
2023-09-03,-0.44753992653347363,1.658964229067674,0.0,1.0,0.6142875144422548
2023-09-04,-0.5737578676396297,3.433350263596123,0.0,1.0,0.6617494754906914
2023-09-05,-0.6137068372446293,1.9134435220741295,0.0,1.0,0.6138130242701135
2023-09-06,-0.07827513384779144,-0.08794190717925329,0.0,1.0,0.5661174116110117
2023-09-07,1.3723623533011893,-0.23251303280755833,0.0,1.0,0.6568027805197644
2023-09-08,1.7915316283896934,0.5856180751769042,0.0,1.0,0.7188361950250173
2023-09-09,1.4585490388892381,-0.42199705338632826,0.0,1.0,0.6546533920348522
2023-09-10,-0.6343824821370062,0.07086876900950367,0.0,0.8705505632961241,0.5162432843940142
2023-09-11,-0.7387582258966431,-0.21002387329765962,0.0,0.7578582832551991,0.4806771993744345
2023-09-12,-0.7386310435126658,-0.37982932910812844,0.0,0.8705505632961241,0.49051429288073556
2023-09-13,-0.7491141882498469,0.6752729708871862,0.0,1.0,0.553195427903643
2023-09-14,-0.7481905874753617,0.23484412773045854,0.0,1.0,0.5349057994904117
2023-09-15,-0.7541503360298382,0.4708006494864939,0.0,1.0,0.544340004659948
2023-09-16,-0.7539461595288715,-0.07390058968356443,0.0,1.0,0.52165773146126
2023-09-17,-0.7029639960103532,0.27332520893285217,0.0,1.0,0.539524283971512
2023-09-18,-0.6286648569609886,1.6916857860254528,0.0,1.0,0.6035759172869947
2023-09-19,-0.6874899215190762,3.0540649645150597,0.0,1.0,0.6541673385653949
2023-09-20,-0.2890350274753668,-0.3769696991715442,0.0,1.0,0.5400239273694946
2023-09-21,-0.4635535379252628,-0.5435961892369113,0.0,0.8705505632961241,0.5020291740811965
2023-09-22,-0.6436197715234627,1.090825034808099,0.0,1.0,0.5775430583487733
2023-09-23,-0.5522242264455479,1.3030646415238774,0.0,1.0,0.5924794116337917
2023-09-24,-0.3738946929377058,0.7529118376109409,0.0,1.0,0.5814450137046088
2023-09-25,-0.5464532946282626,0.834014331526137,0.0,1.0,0.5733203775050383
2023-09-26,-0.45728484782408113,0.8835345406346681,0.0,1.0,0.5813282826715058
2023-09-27,-0.2979388311135618,1.9894931905693156,0.0,1.0,0.6380329608661507
2023-09-28,-0.5085646681254091,3.8475534575450228,0.0,1.0,0.6660956887916394
2023-09-29,-0.5982471933809247,3.9678940495127355,0.0,1.0,0.660116853774605
2023-09-30,-0.7007872095769602,2.291125997506004,0.0,1.0,0.6237444359242862
2023-10-01,-0.672711571711015,0.7863557731952094,0.0,1.0,0.5629173857690661
2023-10-02,-0.671068571839311,0.9368581527594886,0.0,1.0,0.5692978515756913
2023-10-03,-0.596117735127111,4.367447133471976,0.0,1.0,0.6602588176581926
2023-10-04,-0.661808931870805,-0.17142021508648217,0.0,1.0,0.5237368955800096
2023-10-05,-0.6956333143147276,0.44926975183927664,0.0,1.0,0.5473440187056547
2023-10-06,-0.7004281416574973,0.09401274687506286,0.0,1.0,0.5322219883426278
2023-10-07,-0.7166036483492604,0.03780860181312443,0.0,1.0,0.5288017818522628
2023-10-08,-0.7073607005754899,0.09758818394280669,0.0,1.0,0.5319087942925843
2023-10-09,-0.6453425469019507,0.4962355899330001,0.0,1.0,0.5526536464537449
2023-10-10,-0.6788762037058566,2.005422187691552,0.0,1.0,0.6133008442400909
2023-10-11,-0.7097985492109745,2.8769300233012647,0.0,1.0,0.6475521810234878
2023-10-12,-0.6672009412961254,4.081374255309143,0.0,1.0,0.655519937246925
2023-10-13,-0.5075361334782292,2.5559855461222076,0.0,1.0,0.64766365552321
2023-10-14,-0.6141574728707083,0.8757635192238068,0.0,1.0,0.5705463151096114
2023-10-15,-0.6671166800700918,0.5917377505266201,0.0,1.0,0.5551812942672697
2023-10-16,-0.6397788543488178,0.8797322678665355,0.0,1.0,0.5690035875378512
2023-10-17,-0.6515336519317964,1.0917179676811695,0.0,1.0,0.577052671857929
2023-10-18,-0.6344619149635539,3.8867576385787403,0.0,1.0,0.6577025390024298
2023-10-19,-0.11207109962689453,0.3093143382893011,0.0,1.0,0.5804166907869279
2023-10-20,-0.00958276536843216,1.1250531986458032,0.0,1.0,0.6212383655856797
2023-10-21,-0.5235694966031188,1.3268856535322437,0.0,1.0,0.5953822691236356
2023-10-22,-0.6878251221483116,1.8280004217518369,0.0,1.0,0.6053116760964391
2023-10-23,-0.6750059032728135,1.421311424345177,0.0,1.0,0.5892209157961948
2023-10-24,-0.5993953431913235,0.6932869026539955,0.0,1.0,0.5639272647311616
2023-10-25,-0.5794117255945839,0.603729424554853,0.0,1.0,0.5615279443168133
2023-10-26,-0.6273563927429018,2.2944852978686985,0.0,1.0,0.628779794561669
2023-10-27,-0.5433640713446424,1.41980767020395,0.0,1.0,0.5979343815021884
2023-10-28,-0.6301555575882941,-0.47956563861427176,0.0,1.0,0.5130077278851858
2023-10-29,-0.6770002604929845,1.7378726914463054,0.0,1.0,0.6022780114440638
2023-10-30,-0.4785993026642548,0.35726787385276854,0.0,1.0,0.557979541232915
2023-10-31,-0.4976577822981607,0.4910290069296005,0.0,1.0,0.562282356468856
2023-11-01,-0.5841041039489903,1.0125948481436742,0.0,1.0,0.5782511784093871
2023-11-02,-0.6653608529716218,0.10176002412227857,0.0,1.0,0.5348826108069868
2023-11-03,-0.670478364284492,-0.46071517202684414,0.0,1.0,0.5111049768799154
2023-11-04,-0.5604892332146438,-0.9306962530910312,0.0,0.8705505632961241,0.47943762506798276
2023-11-05,-0.6204615095235284,-0.7368077143210877,0.0,1.0,0.5029355779350528
2023-11-06,-0.5244868738838838,1.035441568299642,0.0,1.0,0.5831776070868928
2023-11-07,-0.4586009940253738,0.5522486028821997,0.0,1.0,0.5674369588517334
2023-11-08,-0.11884348842061536,0.7417500847981047,0.0,1.0,0.5979833543052133
2023-11-09,-0.4351145119110747,0.5297536864543213,0.0,1.0,0.568065436141525
2023-11-10,-0.5256534015170066,-0.6307612304160903,0.0,1.0,0.5136747219648625
2023-11-11,-0.3401265071121416,-0.6214662971482974,0.0,1.0,0.5264304704780115
2023-11-12,-0.45333297126662747,-0.3528173934100815,0.0,1.0,0.5300770771901381
2023-11-13,-0.4804992135526607,0.3696630509961925,0.0,1.0,0.5583693462213307
2023-11-14,-0.3338051227945101,0.4027792296685977,0.0,1.0,0.5695287930498909
2023-11-15,-0.3204494102056912,-0.25529965844956465,0.0,1.0,0.5429992202175554
2023-11-16,-0.4847700419804498,1.3608930312139214,0.0,1.0,0.5993858735018834
2023-11-17,-0.443122898275338,0.4152018834041603,0.0,1.0,0.5627585519234841
2023-11-18,-0.4881625627521152,-0.26062701405644645,0.0,1.0,0.5315963702308404
2023-11-19,-0.5092800913203994,0.42621587760249485,0.0,1.0,0.5588069888120774
2023-11-20,-0.5152774552328973,0.8743188447230664,0.0,1.0,0.5770781215146012
2023-11-21,-0.49872241899497427,3.5963012280199003,0.0,1.0,0.6667518387336684
2023-11-22,-0.45505102164631495,-0.33804789949005615,0.0,1.0,0.5305779360781601
2023-11-23,-0.4661844012404405,-0.20622854598580834,0.0,1.0,0.5353281838345619
2023-11-24,-0.48693325096170276,-0.9495543669433634,0.0,1.0,0.502973017979913
2023-11-25,-0.4780180094083957,-1.3821215893953807,0.0,0.8705505632961241,0.46612631764238466
2023-11-26,-0.46277484770669663,-0.7753850230238623,0.0,1.0,0.5118406341935593
2023-11-27,-0.3538444460600175,-0.2672339812394336,0.0,1.0,0.5402756210443558
2023-11-28,-0.34715976991766345,-0.3617890694847913,0.0,1.0,0.5367814707769561
2023-11-29,-0.425906851683809,-0.5396254202732107,0.0,1.0,0.5241218173763623
2023-11-30,-0.46113371428065125,0.6960512073030314,0.0,1.0,0.5732598860189162
2023-12-01,-0.33387393836247004,-0.03009176454330724,0.0,1.0,0.5514879139198642
2023-12-02,-0.34658923422683313,1.8970177072753185,0.0,1.0,0.6309364555213494
2023-12-03,-0.35759850282339767,3.2483646572341174,0.0,1.0,0.6761600998117735
2023-12-04,-0.23728992879529118,0.7733650999533151,0.0,1.0,0.5914042172450354
2023-12-05,-0.20861824167282722,1.1918856743883322,0.0,1.0,0.6107540203213254
2023-12-06,-0.25571764514717865,1.5136621529508234,0.0,1.0,0.6210214133631391
2023-12-07,-0.5056722024445348,2.526362982738327,0.0,1.0,0.6465536441177947
2023-12-08,-0.7172025313589179,1.139009721004737,0.0,1.0,0.5746452362846028
2023-12-09,-0.7150886971292035,0.8850970766140762,0.0,1.0,0.5642064650503062
2023-12-10,-0.5349491852752302,1.077011507205418,0.0,1.0,0.5842122004485437
2023-12-11,-0.2428924320854463,-0.5336457722356615,0.0,1.0,0.5365719306844844
2023-12-12,-0.6298315683659913,-0.7924333435379823,0.0,1.0,0.49999317279485134
2023-12-13,-0.8492926072292961,-0.757925678199226,0.0,1.0,0.4868002562597459
2023-12-14,-0.8075537014046891,-0.7791032118471977,0.0,1.0,0.4887004527460542
2023-12-15,-0.5917854937721674,-0.5381048129909575,0.0,1.0,0.513126599873899
2023-12-16,-0.4785070417583918,1.5421967032392876,0.0,1.0,0.6073577265177442
2023-12-17,-0.4147051945872338,-0.3056223569986377,0.0,1.0,0.5346187221525746
2023-12-18,-0.5925450675762274,-0.3342475326237611,0.0,1.0,0.5215700149689282
2023-12-19,-0.6641527409449631,1.933114288934097,0.0,1.0,0.6112695793092565
2023-12-20,-0.8083567353217798,0.15959628540582202,0.0,1.0,0.5277593962037906
2023-12-21,-0.669565056274801,-1.0647108613781444,0.0,1.0,0.48599937702425733
2023-12-22,-0.5851997806635111,-0.6563146344682387,0.0,1.0,0.508640238186256
2023-12-23,-0.7456407994514676,-0.9652940705269681,0.0,1.0,0.4850700270979452
2023-12-24,-0.8737199960459748,-0.6384515710825701,0.0,1.0,0.49014985146849455
2023-12-25,-0.5989631063101664,-0.9230003058887495,0.0,1.0,0.496610780167291
2023-12-26,-0.6318191245287079,-1.480890780419018,0.0,0.8705505632961241,0.451757527008379
2023-12-27,-0.598988471071236,-0.7391346410782739,0.0,1.0,0.5042701585503229
2023-12-28,-0.30025059793608505,-0.5052482353822012,0.0,1.0,0.533931283663336
2023-12-29,-0.5342695626736875,0.008713938961968705,0.0,1.0,0.5397451099451696
2023-12-30,-0.3823369605694009,-0.13259655732637848,0.0,1.0,0.5439860127401076
2023-12-31,-0.6317866198335333,-0.827610201507919,0.0,1.0,0.49839713361493454
2024-01-01,-0.5406875045400319,-1.1043227894111483,0.0,1.0,0.4929407168052
2024-01-02,-0.39495162344075063,-0.2730141349863236,0.0,1.0,0.5372943028128532
2024-01-03,-0.32230455308257216,0.3703813470667348,0.0,1.0,0.5689455859222758
2024-01-04,-0.48526687852584,-0.9959149425214952,0.0,1.0,0.5011524188265484
2024-01-05,-0.6091709386528728,-1.4702196881328642,0.0,0.8705505632961241,0.4537120349120245
2024-01-06,-0.25538584967292455,0.16924420444665217,0.0,1.0,0.5650261185404155
2024-01-07,-0.4490717745891545,3.4398409532006067,0.0,1.0,0.6700618816940563
2024-01-08,-0.799022632865604,2.023579388483142,0.0,1.0,0.6060476323290906
2024-01-09,-0.40494300938358635,-0.41702170087837676,0.0,1.0,0.5306278951711619
2024-01-10,-0.18863542473349135,0.1740829699133512,0.0,1.0,0.5696777620974902
2024-01-11,-0.37209160821261417,0.506118208059804,0.0,1.0,0.5712821514549843
2024-01-12,-0.6246202418654533,1.5367290527613109,0.0,1.0,0.5973890277406911
2024-01-13,-0.3944919297908115,0.4686308756508008,0.0,1.0,0.568226824499396
2024-01-14,-0.05191413482798111,-0.5437256681354926,0.0,1.0,0.5488838215058224
2024-01-15,5.0,-1.0295921840638762,0.0,1.0,0.7321003256640052
2024-01-16,5.0,-1.264915593715513,0.0,1.0,0.722295183595187
2024-01-17,0.7248345102538489,0.07405348124247316,0.0,1.0,0.6264078624020263
2024-01-18,-0.35895199635051184,-0.5296498541989765,0.0,1.0,0.5290011229850086
2024-01-19,-0.3531873715039926,0.6660544496113278,0.0,1.0,0.5792064439668725
2024-01-20,-0.11190483461343749,-0.8675320177740662,0.0,1.0,0.5313925102851847
2024-01-21,-0.38251140695520897,-0.6745059560123081,0.0,1.0,0.5213948247024732
2024-01-22,-0.2509809289588046,-0.7352528197443849,0.0,1.0,0.527632403913397
2024-01-23,-0.253326812192073,-0.11045618628630523,0.0,1.0,0.5535092047585991
2024-01-24,-0.20009595132793292,0.1046866985632544,0.0,1.0,0.56602221568494
2024-01-25,-0.23513951005642672,-0.6179048294617973,0.0,1.0,0.5335779981019967
2024-01-26,-0.3063157956584058,-1.3964993049407122,0.0,0.8705505632961241,0.4769740604113286
2024-01-27,-0.37406334078449494,-0.45121398853696176,0.0,0.7578582832551991,0.4949406035802734
2024-01-28,-0.22447559309271367,-0.385056585036802,0.0,0.7578582832551991,0.5076696785722321
2024-01-29,-0.24827498790886768,-1.3298207929892818,0.0,0.8705505632961241,0.48362171892594075
2024-01-30,-0.24196415394776116,-0.9489818365680998,0.0,1.0,0.5193281465464785
2024-01-31,-0.23782047212653695,-0.3991049696891291,0.0,1.0,0.5425159281211839
2024-02-01,-0.36802206661704306,0.8913278516681091,0.0,1.0,0.587603856045035
2024-02-02,-0.3412765574310047,-0.8101934993581332,0.0,1.0,0.5184901670313442
2024-02-03,-0.3707062106329164,-0.4490000943213381,0.0,1.0,0.5315779153610831
2024-02-04,-0.37632372250889845,1.4119418921483555,0.0,1.0,0.6087426640055883
2024-02-05,-0.3269031105492603,-0.514235515316996,0.0,1.0,0.5317799794918412
2024-02-06,-0.18415683275606196,-0.6015113862452097,0.0,1.0,0.5376599033893789
2024-02-07,-0.3519312047230543,3.0011208870961714,0.0,1.0,0.6765379196851298
2024-02-08,-0.3128547235709071,2.895673609786702,0.0,1.0,0.6747960855030521
2024-02-09,-0.2388653440144615,1.20583626081783,0.0,1.0,0.6093188212664455
2024-02-10,-0.17885791152675062,-0.787775369768475,0.0,1.0,0.5302521654911969
2024-02-11,-0.2701392620835586,-0.10502915278913423,0.0,1.0,0.5526145011615489
2024-02-12,-0.24688755182010017,-0.6070834251231618,0.0,1.0,0.5332456871651949
2024-02-13,-0.08887744828107967,-0.4900074246909059,0.0,1.0,0.5486578607524737
2024-02-14,-0.3132308036448615,1.0707022978419773,0.0,1.0,0.5987305421670917
2024-02-15,-0.21457406074776805,-0.5949774047079174,0.0,1.0,0.5359043374206522
2024-02-16,-0.26657244730729013,1.8609223789044487,0.0,1.0,0.6347669359671994
2024-02-17,-0.3022548715829998,-0.7386869714692055,0.0,1.0,0.5240710514165832
2024-02-18,-0.09569438636427631,0.028834980312715367,0.0,1.0,0.5698218317554113
2024-02-19,-0.21989260814451067,0.5254594168439789,0.0,1.0,0.5822346351588651
2024-02-20,-0.12658252559067829,-0.42547014103254005,0.0,1.0,0.548833242417599
2024-02-21,-0.26669650239633125,1.2823549978423772,0.0,1.0,0.6106516914170104
2024-02-22,-0.28682293170958195,2.4564589714729816,0.0,1.0,0.6582309283640688
2024-02-23,-0.1623646061745019,-0.8738372265628361,0.0,1.0,0.5277658084815817
2024-02-24,-0.07880000892499849,-0.12650119530547524,0.0,1.0,0.5644757829339387
2024-02-25,-0.2335344930279723,1.5870031407844636,0.0,1.0,0.6255561646641545
2024-02-26,-0.024840118203680362,1.0799169413925263,0.0,1.0,0.6183405313444432
2024-02-27,-0.12076387874311982,2.9030163796996793,0.0,1.0,0.6879080905712787
2024-02-28,-0.2484009675438638,0.855110316996238,0.0,1.0,0.5940695320385857
2024-02-29,-0.13668067521358343,0.840942344653125,0.0,1.0,0.600927219346308
2024-03-01,-0.12688635818255956,-0.03248686947882982,0.0,1.0,0.5651872898928781
2024-03-02,-0.12150518750005823,1.058851139874644,0.0,1.0,0.6110184516614396
2024-03-03,-0.13615929979965213,1.5009459266441147,0.0,1.0,0.6284621269568613
2024-03-04,-0.029856205877994143,0.2307917241196423,0.0,1.0,0.5826259081131189
2024-03-05,0.5178851733200238,-0.5333992110532552,0.0,1.0,0.587300711094116
2024-03-06,0.7266052852003415,0.7610045092395419,0.0,1.0,0.6551488735650037
2024-03-07,0.07308223691223084,1.3700846911639988,0.0,1.0,0.6369590112593154
2024-03-08,-0.10228101624463011,1.6070082387401512,0.0,1.0,0.6351399421978643
2024-03-09,-0.20371040303753035,1.1938163704569402,0.0,1.0,0.6111616552332038
2024-03-10,0.2602642257076686,1.2564519068330635,0.0,1.0,0.6447031111652223
2024-03-11,0.07281733803083575,1.0385482319444435,0.0,1.0,0.6231273321997409
2024-03-12,-0.1129110556628943,0.8791862026278983,0.0,1.0,0.6041053547319695
2024-03-13,-0.09269177128595256,1.5424633768995404,0.0,1.0,0.6330898559517507
2024-03-14,-0.025213514848937503,0.474027705068445,0.0,1.0,0.5930702533879227
2024-03-15,0.31358372767058645,3.22521793830686,0.0,1.0,0.7209055818447058
2024-03-16,-0.06875484697947648,0.9138416075615533,0.0,1.0,0.6084930771830996
2024-03-17,0.04976749439645762,2.2165732930380875,0.0,1.0,0.6706750535030175
2024-03-18,0.01909082107967859,1.7570231523477813,0.0,1.0,0.6494820194198028
2024-03-19,0.2185070117245621,1.2269611821815005,0.0,1.0,0.6406905167058667
2024-03-20,-0.11094038555478442,1.4095364641231412,0.0,1.0,0.6263346603014786
2024-03-21,0.08178237184980013,0.7754045697442417,0.0,1.0,0.6127606818626634
2024-03-22,0.35448179239914995,1.55201113942796,0.0,1.0,0.663299250302775
2024-03-23,0.113204234068005,2.7710441565278483,0.0,1.0,0.6980071221265274
2024-03-24,-0.3035582800314395,5.0,0.0,1.0,0.6797627813312374
2024-03-25,-0.2579461970620824,1.9133554573005862,0.0,1.0,0.637526730916719
2024-03-26,0.11855927013393343,0.17220718632319645,0.0,1.0,0.5900792507723954
2024-03-27,0.040058583888118594,1.2632928120463476,0.0,1.0,0.630307772761139
2024-03-28,0.25416821795057437,1.8969792618023116,0.0,1.0,0.670985350438468
2024-03-29,-0.25568042634441834,4.310126560066976,0.0,1.0,0.6829546382437055
2024-03-30,-0.2912782448021942,-0.601415820413034,0.0,1.0,0.5305224578293107
2024-03-31,-0.2458838432135772,-0.002827738390622433,0.0,1.0,0.5584899213528189
2024-04-01,-0.09593660580118944,-0.3737292041237247,0.0,1.0,0.5530321761080988
2024-04-02,-0.15575373777869198,1.0067649072113467,0.0,1.0,0.6065649552818934
2024-04-03,-0.13320784457880397,-0.051070044471047245,0.0,1.0,0.5639915585084528
2024-04-04,0.41962564101956434,-0.360500212991537,0.0,1.0,0.5879542005266569
2024-04-05,-0.16345814551220844,2.0417444866943684,0.0,1.0,0.6491754772447847
2024-04-06,-0.34065784454583115,4.7614856759203095,0.0,1.0,0.677289477030278
2024-04-07,-0.30906778687290387,1.4687004909654042,0.0,1.0,0.615591334665365
2024-04-08,0.17711524632293535,-0.062373540669866716,0.0,1.0,0.5842087855602847
2024-04-09,-0.18470491891805754,0.9066200926305498,0.0,1.0,0.6004621759317358
2024-04-10,-0.16916221974551388,0.0764844498887901,0.0,1.0,0.566909370762332
2024-04-11,-0.027629581502978198,0.08521977244099736,0.0,1.0,0.5767088517515097
2024-04-12,0.5610053435188362,0.29814547265957647,0.0,1.0,0.6248230842620714
2024-04-13,-0.3176062891920456,2.645142290747434,0.0,1.0,0.6640405095016734
2024-04-14,-0.2695142336864938,-0.26960324357313775,0.0,1.0,0.5457989159386863
2024-04-15,0.28160418188387254,-0.542554119666533,0.0,1.0,0.5711671904728194
2024-04-16,0.09189662332922782,0.8904639500501232,0.0,1.0,0.6182291061407037
2024-04-17,4.11534463622147,-0.12074177515482262,0.0,1.0,0.7699690927018824
2024-04-18,3.3149273123068848,0.2642925688959532,0.0,1.0,0.7860121903706647
2024-04-19,-0.31377954914515915,-0.7700784078233748,0.0,1.0,0.5219947630643489
2024-04-20,0.15286718351560288,-0.5398211367210703,0.0,1.0,0.562698598204329
2024-04-21,-0.8568450050153825,-0.9470039904630165,0.0,1.0,0.47841850006301545
2024-04-22,-0.04199612018225395,0.3069439681038523,0.0,1.0,0.5849895906588436
2024-04-23,-0.8387535095900027,1.4810849355580733,0.0,1.0,0.5807949716755862
2024-04-24,-0.45742981188830073,-1.0049472109710913,0.0,1.0,0.5026318787503178
2024-04-25,0.2202140623479659,-0.3618864846702998,0.0,1.0,0.5746023339619353
2024-04-26,-0.8394898952684022,-0.28050205940416434,0.0,1.0,0.5073464211735997
2024-04-27,0.2253986964997836,-0.3728046284510072,0.0,1.0,0.5744930535811936
2024-04-28,0.11669339265333639,-0.9339171921485115,0.0,1.0,0.5438663431707011
2024-04-29,5.0,-1.0319580671948805,0.0,1.0,0.7320017472002134
2024-04-30,1.3599253499099844,-0.06985349572332951,0.0,1.0,0.6627511276721936
2024-05-01,0.5039355689129991,-0.47822700267123436,0.0,1.0,0.5886695794828986
2024-05-02,0.04496208885182133,-0.7164820954895154,0.0,1.0,0.548144051944725
2024-05-03,4.302430837229037,-0.8852962706637016,0.0,1.0,0.7381126553890125
2024-05-04,-0.15457457587263593,-0.8904077316384713,0.0,1.0,0.5275947061235546
2024-05-05,-0.38425102017705676,-0.8324166219397332,0.0,1.0,0.514699239407374
2024-05-06,-0.40982846501929465,0.09018325173552072,0.0,1.0,0.5514357378210271
2024-05-07,-0.13704931131353099,-0.595076732034333,0.0,1.0,0.5410685154110008
2024-05-08,5.0,-0.5673929567663897,0.0,1.0,0.7513586268014004
2024-05-09,5.0,-0.6384401207948542,0.0,1.0,0.7483983283002145
2024-05-10,-0.31724296706447036,-0.9215821405246218,0.0,1.0,0.5154512130071761
2024-05-11,-0.1888001064185024,-1.1034844629773846,0.0,1.0,0.5164348069480421
2024-05-12,-0.41997665031685744,-1.0671294924025618,0.0,1.0,0.5025378277954361
2024-05-13,-0.17846149184950882,-0.37996044844029625,0.0,1.0,0.5472708818583538
2024-05-14,0.9258734786719816,-0.9300654387842301,0.0,1.0,0.5979721719621226
2024-05-15,1.3136043241916948,-0.29893296478880765,0.0,1.0,0.650118081413246
2024-05-16,-0.3340391830308001,-1.0715324935891113,0.0,1.0,0.5080835338984003
2024-05-17,-0.11383825206054991,-1.1037520700275993,0.0,0.8705505632961241,0.5020036981058986
2024-05-18,1.9801291025228407,-1.0535730812865052,0.0,1.0,0.6631097284479184
2024-05-19,-0.19819697715010134,-0.12457491589485488,0.0,1.0,0.5565962466943744
2024-05-20,-0.3869647120548548,-0.39606881287854484,0.0,1.0,0.5326994853264037
2024-05-21,-0.36130860717327334,-0.6365484211800629,0.0,1.0,0.5243899086392791
2024-05-22,-0.21765131291780568,-0.8392525801565616,0.0,1.0,0.525521054965623
2024-05-23,-0.2326616152470895,-0.5178685375370395,0.0,1.0,0.5379113699194841
2024-05-24,0.7937691677948181,-0.4428548663189172,0.0,1.0,0.609465658423033
2024-05-25,1.8410674839234855,-0.2587924893047196,0.0,1.0,0.6869548118738691
2024-05-26,0.4757202904506752,-0.0363482999539546,0.0,1.0,0.6052001735319636
2024-05-27,4.374745754596927,-0.4196299124961774,0.0,1.0,0.7575154203126593
2024-05-28,0.4132750536604569,-0.45209303401866374,0.0,1.0,0.5837144604932528
2024-05-29,-0.2727542176645685,-0.6425029139158039,0.0,1.0,0.530045430742537
2024-05-30,-0.3882301329095522,-0.5621717355305513,0.0,1.0,0.5256941688255903
2024-05-31,-0.35882097911713035,-0.917754472697229,0.0,1.0,0.5128388316964735
2024-06-01,-0.36617185006504793,-0.8888204467924276,0.0,1.0,0.513554358045979
2024-06-02,-0.4388045793281586,-0.668734096910803,0.0,1.0,0.517882440673506
2024-06-03,-0.32001084550922204,-0.5254491854156281,0.0,1.0,0.5317722275737341
2024-06-04,-0.26709128784148006,-0.7066077478124565,0.0,1.0,0.5277519246517156
2024-06-05,0.15642602394555316,-0.5831233903074058,0.0,1.0,0.561131593666895
2024-06-06,0.02912148788424615,-0.39359120564506234,0.0,1.0,0.5605417989570721
2024-06-07,0.12574027861993656,-0.3573636698744399,0.0,1.0,0.5684925323298942
2024-06-08,-0.3824155553583538,0.2186146552737318,0.0,1.0,0.5586145736125152
2024-06-09,-0.3162872135619839,-0.8052387232951482,0.0,1.0,0.5203625722919032
2024-06-10,-0.2303331160491689,-0.8218832170656951,0.0,1.0,0.5253993248856516
2024-06-11,-0.18674313553470587,-0.7719683892199616,0.0,1.0,0.5303851080801879
2024-06-12,-0.2446951492083745,-0.7878510943181347,0.0,1.0,0.5258598611228528
2024-06-13,-0.08303554713607277,-0.657048732636147,0.0,1.0,0.5420872663310891
2024-06-14,-0.12401636155483713,-0.6540229544521269,0.0,1.0,0.5394812861275056
2024-06-15,-0.28566879384251026,-0.6852036522302632,0.0,1.0,0.5274052615675717
2024-06-16,-0.39110273200665996,-0.4503706118889065,0.0,1.0,0.5301610423708516
2024-06-17,-0.41272684203331045,-0.02384146355405004,0.0,1.0,0.5464914828830273
2024-06-18,-0.45587726341822565,0.10066201825330441,0.0,1.0,0.5488024331993393
2024-06-19,-0.48280108338757827,-0.6996940739612885,0.0,1.0,0.5136593413591077
2024-06-20,-0.5079935678869444,-0.7323179841601806,0.0,1.0,0.5106205128008628
2024-06-21,-0.4217327711596273,-0.9262189171391684,0.0,0.8705505632961241,0.4888746115363115
2024-06-22,-0.4188289490099999,-0.614722733008461,0.0,0.7578582832551991,0.48514336534559405
2024-06-23,-0.35072631108371854,-0.8884646830930577,0.0,0.6597539553864472,0.4635619774401752
2024-06-24,0.07128674342310655,-0.7659762409016878,0.0,0.6597539553864472,0.49679986616527055
2024-06-25,-0.19411878209457942,-0.6255575781457631,0.0,0.7578582832551991,0.4996725912592344
2024-06-26,-0.31386009864063064,-0.8933557846301191,0.0,0.8705505632961241,0.49743542022545495
2024-06-27,-0.12109986185870338,-0.6937008897863245,0.0,1.0,0.5380224721349897
2024-06-28,-0.40956372230663257,-0.25872503420756016,0.0,1.0,0.5369155420875762
2024-06-29,-0.42787221587759355,-0.5848465630526696,0.0,1.0,0.5221065788142992
2024-06-30,-0.43797231339141807,-0.8516876966922258,0.0,0.8705505632961241,0.490897442906148
2024-07-01,-0.37874684294009997,-0.20029872753334946,0.0,1.0,0.5414044301567704
2024-07-02,-0.31358412417761505,0.2125296351836541,0.0,1.0,0.562949793187478
2024-07-03,-0.34785037092837356,-0.6706625048679231,0.0,1.0,0.5238657042352783
2024-07-04,-0.43205042340283006,-0.8620744673095152,0.0,0.8705505632961241,0.4908594534630002
2024-07-05,-0.31380435213558083,-0.744840637708498,0.0,1.0,0.5230446832864406
2024-07-06,-0.37253922138018186,-0.7266011078408051,0.0,1.0,0.5198890057479544
2024-07-07,-0.4268276871729653,-0.12501743632925227,0.0,1.0,0.5413357610080834
2024-07-08,-0.468732109022,-0.5403057054656363,0.0,1.0,0.5212384550041319
2024-07-09,-0.3177954183767331,-0.09302178242235648,0.0,1.0,0.549937731173953
2024-07-10,-0.316388423333531,-0.517353368608215,0.0,1.0,0.5323510480857557
2024-07-11,-0.36303492578772034,-0.700598323242269,0.0,1.0,0.5216060748123909
2024-07-12,-0.3777340242443262,-0.6834317943075846,0.0,1.0,0.5213414069542289
2024-07-13,-0.4885549299311401,-0.6190155480001736,0.0,1.0,0.5166373568379168
2024-07-14,-0.5227814764591376,-1.0887803310523951,0.0,0.8705505632961241,0.4753646389366264
2024-07-15,-0.49586763717116006,-1.0849765043499826,0.0,0.7578582832551991,0.4604135456622866
2024-07-16,-0.40606394896897496,-1.1173546665818703,0.0,0.7578582832551991,0.46505136811610365
2024-07-17,-0.2589145881343057,-1.1608938991782245,0.0,0.8705505632961241,0.48995103281970553
2024-07-18,-0.3331935748882427,6.680920436329479e-05,0.0,1.0,0.552789878724299
2024-07-19,-0.3707802017144509,0.851940155604371,0.0,1.0,0.5857788263692187
2024-07-20,-0.3109900546988415,-0.19716731713054111,0.0,1.0,0.5460520248063048
2024-07-21,-0.29733740765870426,0.2193834207385878,0.0,1.0,0.5643184820201942
2024-07-22,-0.33554004729329373,0.5104196611919999,0.0,1.0,0.5738981493967804
2024-07-23,-0.3744301000056146,0.43191928284917447,0.0,1.0,0.5680346301183413
2024-07-24,-0.3715238311541141,-0.29402313475713937,0.0,1.0,0.5379807806415117
2024-07-25,-0.38375932482688824,-0.4146780779551321,0.0,1.0,0.5321377917634104
2024-07-26,-0.3533128035788896,-0.5288738233114822,0.0,1.0,0.5294094037900957
2024-07-27,-0.3963377170277533,-1.0230983569956347,0.0,1.0,0.5059483873233317
2024-07-28,-0.44296237605224803,-0.012176358222924203,0.0,1.0,0.5449618266705617
2024-07-29,-0.4173996189341455,-0.10408788249855205,0.0,1.0,0.5428363636336173
2024-07-30,-0.29746558880249285,-0.27421166970492916,0.0,1.0,0.5437434745087951
2024-07-31,-0.37013921180425097,0.044719886482678474,0.0,1.0,0.5521873811498282
2024-08-01,-0.33918439382829196,-0.890672525489119,0.0,1.0,0.5152763518494006
2024-08-02,-0.07862325933620899,-1.2461232867662257,0.0,0.8705505632961241,0.4984192302567453
2024-08-03,1.1617297942124771,-0.32992843212435213,0.0,1.0,0.6387016349423171
2024-08-04,-0.037581016470379855,0.31659849634807513,0.0,1.0,0.5856862029164778
2024-08-05,-0.22811492351114374,0.9725103613004238,0.0,1.0,0.6003136034867748
2024-08-06,0.20036811821916503,0.3337978239517582,0.0,1.0,0.6022661172126009
2024-08-07,3.442105221272029,-0.15191013507102563,0.0,1.0,0.7686704110387073
2024-08-08,1.265735078449323,0.6028264116945252,0.0,1.0,0.6845001057172267
2024-08-09,-0.24495060995891507,-0.5469880375234407,0.0,1.0,0.535878791105929
2024-08-10,-0.44505620361383286,-0.7715541579502803,0.0,1.0,0.5131814965111495
2024-08-11,-0.5038989829648887,1.068409257871875,0.0,1.0,0.5859237868803355
2024-08-12,-0.4400183964885449,-0.8806803997838137,0.0,1.0,0.5089704235764382
2024-08-13,-0.4554397448640942,-0.8959975477019007,0.0,1.0,0.5073041191881479
2024-08-14,-0.39929770907754464,-0.5387727882396767,0.0,1.0,0.5259312865515106
2024-08-15,-0.06810438236673222,-1.149523890586437,0.0,1.0,0.5225628790677831
2024-08-16,0.496034450680393,-1.2689669999941788,0.0,0.8705505632961241,0.535777922873354
2024-08-17,0.6073743493731608,-0.799541779076752,0.0,1.0,0.5821773824966794
2024-08-18,0.12659428634242906,-0.3904814851733507,0.0,1.0,0.5671695572072724
2024-08-19,0.7146822518868668,0.6023449282394945,0.0,1.0,0.6477431888024368
2024-08-20,2.243057507403794,0.03332859802165001,0.0,1.0,0.7259258587444883
2024-08-21,3.0660194715403755,-0.35717371586797164,0.0,1.0,0.7601177618388345
2024-08-22,0.1799193051356733,0.3219737316148925,0.0,1.0,0.6004101924929988
2024-08-23,-0.1408954452777329,-0.07839848045503287,0.0,1.0,0.5623403669625248
2024-08-24,-0.4044229152038284,0.9307923394666596,0.0,1.0,0.586821486464189
2024-08-25,-0.5312577254460364,0.4346916304960699,0.0,1.0,0.5576949695742671
2024-08-26,-0.4775416296841177,-0.9504321736556536,0.0,1.0,0.5035625507854066
2024-08-27,-0.5072155707385055,-0.29271291966843427,0.0,1.0,0.5289892569645815
2024-08-28,-0.4842241336049739,0.07219260950287125,0.0,1.0,0.5457264164889547
2024-08-29,-0.4953315460276632,0.22374802811430008,0.0,1.0,0.5513007314362517
2024-08-30,-0.48122166572186786,-0.5516018819736664,0.0,1.0,0.5199351438696395
2024-08-31,-0.419010821742995,0.8234961568683443,0.0,1.0,0.581378285086648
2024-09-01,-0.29797983683466933,0.8640421755573128,0.0,1.0,0.5911364348592434
2024-09-02,-0.5388293634854276,-0.09107771243400366,0.0,1.0,0.5352831377495547
2024-09-03,-0.6037067664871983,-0.38459368796225196,0.0,1.0,0.5187281452357596
2024-09-04,-0.5011257528028829,0.4735222771090719,0.0,1.0,0.5613217113593525
2024-09-05,-0.33317343771003166,0.6315586140830519,0.0,1.0,0.5791033797394585
2024-09-06,-0.32963368277988675,0.3964612866747534,0.0,1.0,0.5695436414261223
2024-09-07,-0.5603864819930804,1.0750108319430107,0.0,1.0,0.5824330191980868
2024-09-08,-0.5533397477573174,1.9290362572148962,0.0,1.0,0.6184871942001329
2024-09-09,-0.4976379537193361,0.816803012876358,0.0,1.0,0.5758575952885592
2024-09-10,-0.3887196587644744,0.32095420131795,0.0,1.0,0.5624584478039496
2024-09-11,-0.3153524506393383,-0.19537055036974527,0.0,1.0,0.5458360636919715
2024-09-12,-0.12067084882748517,0.20924234805645706,0.0,1.0,0.5756737079138534
2024-09-13,-0.22641984423797953,0.07713781743174399,0.0,1.0,0.5631194194437907
2024-09-14,-0.27181576029400867,-1.7116460095025707,0.0,0.8705505632961241,0.4661429500788776
2024-09-15,-0.2606517501150363,-1.6101958711603455,0.0,0.8705505632961241,0.47111430652173514
2024-09-16,-0.34827765302082103,0.3316803043100335,0.0,1.0,0.5656015024781967
2024-09-17,-0.2832219122675687,1.6048479979758228,0.0,1.0,0.6229872057644881
2024-09-18,-0.3120330512389723,1.1015298690830062,0.0,1.0,0.6000948744625271
2024-09-19,-0.005391108447210246,-0.10486141191932279,0.0,1.0,0.5702713672735475
2024-09-20,-0.011720810804827196,-0.6070747358983218,0.0,1.0,0.5489238319505815
2024-09-21,-0.3323370363361361,0.5248462371267787,0.0,1.0,0.5747127907912067
2024-09-22,-0.5714967010378025,-0.3496100820602103,0.0,1.0,0.5223331331783044
2024-09-23,-0.1136037285880039,-0.24288769776452496,0.0,1.0,0.5573060973539445
2024-09-24,-0.14427105842286186,0.6005377209627637,0.0,1.0,0.5904043344785911
2024-09-25,0.06416735934868022,0.7147796582629117,0.0,1.0,0.6090603097175333
2024-09-26,-0.03766069374607852,1.131890895395188,0.0,1.0,0.619651407725061
2024-09-27,0.01917561907848485,1.0555156103377228,0.0,1.0,0.6202581917026375
2024-09-28,-0.08306970558508092,1.1033643808640958,0.0,1.0,0.6154355354969986
2024-09-29,0.0460148739645779,1.5831555524840015,0.0,1.0,0.6440324729511386
2024-09-30,2.6022340622407856,1.7812040713919086,0.0,1.0,0.8226991071240486
2024-10-01,0.6037459391758878,1.659031326819584,0.0,1.0,0.6843760345625418
2024-10-02,0.4680948449300732,1.902148687103126,0.0,1.0,0.6854625182913019
2024-10-03,0.0472016474925007,2.3359538275542406,0.0,1.0,0.6754781859809268
2024-10-04,0.028224583950059595,0.2713204989037736,0.0,1.0,0.5881866597176613
2024-10-05,-0.0031439268067572856,0.9262163715200474,0.0,1.0,0.6133827536928849
2024-10-06,0.05888394240688774,0.32592189732913834,0.0,1.0,0.59250567521584
2024-10-07,4.193383566142415,0.7292174519120045,0.0,1.0,0.8053840604963336
2024-10-08,2.084428315771029,2.231111697709087,0.0,1.0,0.8069248751226139
2024-10-09,0.3150194375122165,1.4512817455625706,0.0,1.0,0.6564713685659216
2024-10-10,0.11931605196332219,0.9277676554233114,0.0,1.0,0.6216113891068594
2024-10-11,-0.2722321681608935,-0.04611592320193739,0.0,1.0,0.5549296919891931
2024-10-12,0.028396312958147804,0.31900695932176093,0.0,1.0,0.5901850441689499
2024-10-13,0.2417205624072016,-0.041591001662531775,0.0,1.0,0.5893817457578746
2024-10-14,0.33937016023332545,-0.45453489586953627,0.0,1.0,0.5786857233543244
2024-10-15,-0.04233172482586351,1.6092524830182966,0.0,1.0,0.6392300718040381
2024-10-16,-0.38474793396443413,0.7513742451133448,0.0,1.0,0.5806573979487605
2024-10-17,-0.5984618592479385,2.785148350739464,0.0,1.0,0.6511503906642818
2024-10-18,-0.6901420866600798,4.547396697342765,0.0,1.0,0.6539905275559947
2024-10-19,-0.6792260489773422,2.3971939964036935,0.0,1.0,0.6296013465849978
2024-10-20,-0.5517845258554661,-0.9175187894451527,0.0,1.0,0.4999844153827543
2024-10-21,-0.48441715223047904,1.126633138999026,0.0,1.0,0.5896485706429275
2024-10-22,0.5429657069590085,0.4575036348464877,0.0,1.0,0.6302603652492043
2024-10-23,1.9626406961559688,0.29722784743533126,0.0,1.0,0.7182272067202033
2024-10-24,0.016389382548386584,1.4515392321172067,0.0,1.0,0.6365734268414427
2024-10-25,1.08397659000663,1.3370461380296979,0.0,1.0,0.7029753617516794
2024-10-26,0.7520054735861824,-0.7190925534462937,0.0,1.0,0.59517150851215
2024-10-27,-0.11548060766026085,-0.7838490097502011,0.0,1.0,0.534640917416391
2024-10-28,-0.5891824517810295,5.0,0.0,1.0,0.6607211698812647
2024-10-29,-0.6758697737048773,4.958311873773896,0.0,1.0,0.6549420150863415
2024-10-30,-0.3741340369568676,3.9629935342547324,0.0,1.0,0.6750577308695422
2024-10-31,0.15016938524578283,0.5808981709351282,0.0,1.0,0.6092153828053493
2024-11-01,-0.2158472515759961,1.5522117417091073,0.0,1.0,0.6252856724661464
2024-11-02,-0.6782442848886605,0.718102546958032,0.0,1.0,0.5597046537973407
2024-11-03,-0.6392958754318725,1.0747016239558471,0.0,1.0,0.5771595093027022
2024-11-04,-0.5842593340873817,-0.24741035879888498,0.0,1.0,0.5257406127775544
2024-11-05,-0.20809194115398252,-0.08087307465947088,0.0,1.0,0.5577574924789233
2024-11-06,-0.30839675597026966,0.3187118868571686,0.0,1.0,0.5677198782210308
2024-11-07,-0.5736143933830169,-0.0005690558288124986,0.0,1.0,0.5367353297815984
2024-11-08,-0.44471088118714963,1.0283721465414792,0.0,1.0,0.5882014473600851
2024-11-09,-0.46606935215005807,1.9551553503512127,0.0,1.0,0.6253935161212967
2024-11-10,0.21167657853716698,-0.9170428881582559,0.0,1.0,0.5509016515625504
2024-11-11,0.34902778728000916,-0.7025289342591896,0.0,1.0,0.5689964802245344
2024-11-12,-0.3410658682174101,3.8161492620946165,0.0,1.0,0.6772622754521727
2024-11-13,-0.12664596523871827,5.0,0.0,1.0,0.6915569356507522
2024-11-14,-0.28304171704572834,0.6997538559209081,0.0,1.0,0.5852869628603227
2024-11-15,-0.7103089189843758,3.3767796211951207,0.0,1.0,0.6526460720677083
2024-11-16,-0.6131845925006131,3.1976125221611884,0.0,1.0,0.6591210271666258
2024-11-17,-0.29822646540422804,-0.05479181964024921,0.0,1.0,0.5528352431547078
2024-11-18,-0.4321702980730953,2.445926449694696,0.0,1.0,0.6481022488657393
2024-11-19,0.6386155579664436,0.36247680712122743,0.0,1.0,0.6326775708278141
2024-11-20,0.08045244072752876,0.5593702485878862,0.0,1.0,0.6036705897396639
2024-11-21,0.35507127416604495,0.3115550410910662,0.0,1.0,0.6116528783231975
2024-11-22,0.24337856813119532,-0.4473846158641023,0.0,1.0,0.5725842122144088
2024-11-23,-0.6748301532251699,0.022430532725176127,0.0,1.0,0.5309459286485376
2024-11-24,-0.3689412466112409,4.205126408335406,0.0,1.0,0.6754039168925839
2024-11-25,-0.4545534433374824,0.9958210282775872,0.0,1.0,0.586188979955734
2024-11-26,-0.3132756191469264,-0.2879045606613138,0.0,1.0,0.5421189353626502
2024-11-27,-0.5261797186193189,2.3036395897310653,0.0,1.0,0.6359063349975065
2024-11-28,-0.49174984594631294,-0.2674321376694967,0.0,1.0,0.5310736712006835
2024-11-29,-0.23574229547885622,-0.7723761611636044,0.0,1.0,0.5271015069195928
2024-11-30,-0.5308765664787424,-0.6287841783811691,0.0,1.0,0.5134088881355352
2024-12-01,-0.5405926988967836,-1.1191471669659834,0.0,0.8705505632961241,0.47291193927771713
2024-12-02,-0.22077084654352452,-1.0652755183073965,0.0,1.0,0.5158954636342902
2024-12-03,-0.4515798745989988,-1.038741802929319,0.0,1.0,0.5016137665713452
2024-12-04,-0.2892623571643025,-0.26129809170431306,0.0,1.0,0.5448284223680335
2024-12-05,-0.36588208702270164,-0.8364067969847786,0.0,1.0,0.5157575776574541
2024-12-06,-0.1613598733406807,-0.5874993141602858,0.0,1.0,0.5397635370206094
2024-12-07,-0.5215779640275766,-0.6690202847881608,0.0,1.0,0.5123522905319882
2024-12-08,-0.606618701875718,-0.17956831175617724,0.0,1.0,0.5270767402184448
2024-12-09,-0.5226119981442469,-0.5481660956014355,0.0,1.0,0.5173189461403238
2024-12-10,-0.6156081254398927,-0.0777397707281638,0.0,1.0,0.5307203011903336
2024-12-11,-0.3704458796966973,-0.6777625344802402,0.0,1.0,0.5220635024168768
2024-12-12,-0.6758131304420095,0.7070605210178494,0.0,1.0,0.5594066463462765
2024-12-13,-0.7962469358083432,0.14596525060482493,0.0,1.0,0.5279987563879782
2024-12-14,-0.4509163466408863,-0.10531366433939164,0.0,1.0,0.5405508408764663
2024-12-15,-0.561053059821322,-0.08347603361569797,0.0,1.0,0.5341182946112578
2024-12-16,-0.55223507533078,-0.614676731888788,0.0,1.0,0.5125727978159152
2024-12-17,-0.35439333065399037,0.5710492768871186,0.0,1.0,0.5751674978266973
2024-12-18,-0.4587984202216627,0.6769610146718946,0.0,1.0,0.5726201475965514
2024-12-19,-0.20265580492985144,1.2747040456352983,0.0,1.0,0.614602281572814
2024-12-20,-0.46518478877852637,-0.3500804618014749,0.0,1.0,0.5294009948397035
2024-12-21,-0.5337444874649144,-0.21948757712179895,0.0,1.0,0.5302717184555975
2024-12-22,-0.5821734200321094,0.8730256863177718,0.0,1.0,0.5725645089277666
2024-12-23,-0.46289648022251717,-0.22769199740786497,0.0,1.0,0.5346530680931711
2024-12-24,-0.5182607150515897,-0.6421534926773169,0.0,1.0,0.5136928901350059
2024-12-25,-0.40450915776851337,-0.43986179162321604,0.0,1.0,0.5297051481644651
2024-12-26,-0.5688544746586648,-0.9720499066092751,0.0,1.0,0.4965742889140359
2024-12-27,-0.3666515497528385,-0.5648138810547801,0.0,1.0,0.5270226516391949
2024-12-28,-0.5184220306011414,-0.5040086172513286,0.0,1.0,0.5194381722411185
2024-12-29,-0.48053382193540756,-0.8045886612940581,0.0,1.0,0.5094398843170538
2024-12-30,-0.5613802129970938,2.5208436447281874,0.0,1.0,0.6426098043305349
2024-12-31,-0.5073853266285867,-1.068748595020385,0.0,1.0,0.49664312009891154
2025-01-01,-0.6350533988033623,-1.282396755849849,0.0,0.8705505632961241,0.4598124930804508
2025-01-02,-0.5624500559398161,-1.0193306843541081,0.0,1.0,0.4950312177559244
2025-01-03,-0.3639067034820526,-0.8704535395822145,0.0,1.0,0.5144706556186043
2025-01-04,-0.7377860587695521,1.7264805202480558,0.0,1.0,0.5977509510923655
2025-01-05,-0.8447008601135051,5.0,0.0,1.0,0.6436866093257664
2025-01-06,0.4707777394985111,-0.494947914267201,0.0,1.0,0.5857623528721008
2025-01-07,1.1246713293113006,-0.776594700129658,0.0,1.0,0.617619976115351
2025-01-08,1.7257298475016065,-0.5885079258679599,0.0,1.0,0.6655274929222754
2025-01-09,0.7885411760222355,-0.5082358642750157,0.0,1.0,0.6063929173900234
2025-01-10,-0.11456675044373262,-0.8244075064535775,0.0,1.0,0.5330119038681855
2025-01-11,-0.3360707005337821,0.17076050656965866,0.0,1.0,0.5597103077381503
2025-01-12,-0.7550649712506372,-0.9088867485854063,0.0,1.0,0.4867920540588989
2025-01-13,-0.057830791240783413,-0.819042454693616,0.0,1.0,0.5370178449717138
2025-01-14,-0.05917407254318845,-0.7648196549228967,0.0,1.0,0.5391875762086668
2025-01-15,0.1315018114878046,-0.37196755472964166,0.0,1.0,0.5682681393187853
2025-01-16,0.6257720257854955,-0.28688061258428216,0.0,1.0,0.604764776194688
2025-01-17,-0.16065881581250005,1.5672853931407764,0.0,1.0,0.629592970326699
2025-01-18,-0.6881778598392206,-0.3951430897680085,0.0,1.0,0.5126571806037183
2025-01-19,0.3140549706242601,-0.07089521439537178,0.0,1.0,0.5929830307751436
2025-01-20,0.5387841934697037,-0.8253727819717583,0.0,1.0,0.5765284136491571
2025-01-21,1.8199508552164907,-0.8130348873001937,0.0,1.0,0.6624536033769247
2025-01-22,1.9996498642213152,-0.2810470224684233,0.0,1.0,0.6965996983452367
2025-01-23,-0.396142382863944,-0.9212490732370119,0.0,1.0,0.5102051297575283
2025-01-24,0.15197861376873803,0.9008628996547636,0.0,1.0,0.6226678617368644
2025-01-25,-0.6299647205754202,-0.4046002854138059,0.0,1.0,0.5161440067360635
2025-01-26,-0.498691106432946,-0.7634794691554606,0.0,1.0,0.5099422816896595
2025-01-27,0.23564583926198815,-0.6806014530121642,0.0,1.0,0.5623513287419591
2025-01-28,0.0225005498864011,-0.390972036679773,0.0,1.0,0.5602095351307695
2025-01-29,-0.47478795897812204,-0.4806890805544965,0.0,1.0,0.5233187577116879
2025-01-30,-0.4849843967954643,0.05508168411532816,0.0,1.0,0.5449627770517744
2025-01-31,-0.7597055302258768,0.16631326381322897,0.0,1.0,0.5312826839771594
2025-02-01,0.08086532957677532,1.597925820937878,0.0,1.0,0.6469712645108633
2025-02-02,-0.8579221340003211,0.14267656615926874,0.0,1.0,0.5237500479899481
2025-02-03,-0.48056236403820385,0.945125949724085,0.0,1.0,0.5823427569692899
2025-02-04,-0.30875814593660034,-0.4891506966216829,0.0,1.0,0.5340348445783232
2025-02-05,-0.9713565533068168,-0.019755422147524914,0.0,1.0,0.509419753856732
2025-02-06,-0.6517618982020437,-0.13563266235243465,0.0,1.0,0.525897845855179
2025-02-07,-0.18852546011740362,-0.3907844539397729,0.0,1.0,0.5461489504113493
2025-02-08,-0.39065927873587447,0.43761023286728573,0.0,1.0,0.5671898077870786
2025-02-09,0.0359572922497105,-0.601074216896905,0.0,1.0,0.5523523937792764
2025-02-10,0.0871723043300667,-0.19723034469587575,0.0,1.0,0.572593555926343
2025-02-11,-0.21885270697630896,-0.5191895883056058,0.0,1.0,0.5387769200221793
2025-02-12,-0.31849356893715985,-0.41905321093771736,0.0,1.0,0.5363065449484512
2025-02-13,0.8783403198138963,-0.1030064191686627,0.0,1.0,0.6292640871888988
2025-02-14,0.11987953048870285,-0.04160134849654384,0.0,1.0,0.5812585791785576
2025-02-15,-0.9252282196902797,0.6720288077416665,0.0,1.0,0.5413193190098842
2025-02-16,-0.901955589153499,-0.4685741996198942,0.0,1.0,0.4953457024056045
2025-02-17,-0.6262982383983777,0.6812123515115766,0.0,1.0,0.5616306320864238
2025-02-18,-1.1121633094542265,-0.8816337707758386,0.0,1.0,0.464121038920725
2025-02-19,0.23658174260340492,-0.5793830299852332,0.0,1.0,0.5666311565908423
2025-02-20,5.0,-0.3060619359301856,0.0,1.0,0.7622474193362423
2025-02-21,1.912250700573407,-0.7519635643123641,0.0,1.0,0.6711515648585454
2025-02-22,0.3406331471738145,-0.7498468468555314,0.0,1.0,0.5664652578592738
2025-02-23,-0.23469464092095382,-0.8027069140649737,0.0,1.0,0.5259075691858959
2025-02-24,-0.1473889397438884,-0.6535156489502698,0.0,1.0,0.5379442519774795
2025-02-25,-0.1504814220674752,-0.6376371385966068,0.0,1.0,0.5383996910873098
2025-02-26,-0.2917832420044266,0.4378833590425571,0.0,1.0,0.5737929238264781
2025-02-27,-0.3808778793219489,-0.6558569087458987,0.0,1.0,0.522280770180791
2025-02-28,-0.03968053388074372,-0.006714619773603804,0.0,1.0,0.572074855250717
2025-03-01,-0.08103615173079291,-0.7081815195122227,0.0,1.0,0.5400900265716045
2025-03-02,-0.04358729813350159,2.3044537440283035,0.0,1.0,0.6681130861256126
2025-03-03,-0.17299044544292838,-0.29724636571640684,0.0,1.0,0.5510820383989545
2025-03-04,-0.4178476299062999,0.5892530420793557,0.0,1.0,0.5716957014262198
2025-03-05,-0.1344759848069156,-0.3987950130928071,0.0,1.0,0.5494184754673387
2025-03-06,0.05426719477748284,1.2173222813151456,0.0,1.0,0.6293395747066299
2025-03-07,-0.22534125521459275,-0.5283847606261246,0.0,1.0,0.5379612179596054
2025-03-08,0.32709918376410974,-0.532270391675864,0.0,1.0,0.5746286792644464
2025-03-09,-0.3341423338967035,-0.6803986625385883,0.0,1.0,0.5243739001344453
2025-03-10,0.4230363144220892,-0.32927556586774476,0.0,1.0,0.5894826057169833
2025-03-11,-0.24973543091342898,0.3484961179215123,0.0,1.0,0.5728716428525011
2025-03-12,-0.12128700637603758,0.3722957462521511,0.0,1.0,0.5824265223354371
2025-03-13,-0.2080304315816315,-0.47097065152532114,0.0,1.0,0.5415075274143362
2025-03-14,-0.0069769417666790045,0.277519234576798,0.0,1.0,0.586098171989588
2025-03-15,-0.17466293842829395,0.13881694555184224,0.0,1.0,0.5691398435027739
2025-03-16,0.013571696819419995,-0.9953332119414565,0.0,1.0,0.5344325626237341
2025-03-17,0.5923120094499839,1.3819077632745613,0.0,1.0,0.6720669574331056
2025-03-18,-0.39770440882176317,1.0320966766577733,0.0,1.0,0.5914904009392897
2025-03-19,-0.32472822927944606,2.294392815026964,0.0,1.0,0.6489511520074938
2025-03-20,0.36372546367111547,-0.4770314401892831,0.0,1.0,0.5793720542368542
2025-03-21,-0.12182786392648665,1.4595601584276576,0.0,1.0,0.6276931490060533
2025-03-22,0.08135337177056322,0.6010247608144601,0.0,1.0,0.6054662564853067
2025-03-23,-0.38168127312391703,0.526609750301749,0.0,1.0,0.5714966547209784
2025-03-24,-0.15981008667832328,-0.22541287961160267,0.0,1.0,0.5549537909042951
2025-03-25,4.223904707608575,0.07676408037335579,0.0,1.0,0.7781985033488898
2025-03-26,2.856616369010405,-0.08552798416190288,0.0,1.0,0.7618774252606144
2025-03-27,-0.3363037437662897,0.24040523544435977,0.0,1.0,0.5625966352257624
2025-03-28,-0.16384172863692048,0.295512078193203,0.0,1.0,0.5763902213489221
2025-03-29,-0.24133597928065526,1.0847862930681078,0.0,1.0,0.6041103635924608
2025-03-30,-0.12615149013881244,-0.1418443610356604,0.0,1.0,0.5606797189475934
2025-03-31,0.15955493595283834,-0.31515471337609724,0.0,1.0,0.5725055493395186
2025-04-01,0.3665128803905439,1.6632091209702438,0.0,1.0,0.6687345720664631
2025-04-02,1.183359901800866,0.35194352038591065,0.0,1.0,0.6685549734694707
2025-04-03,1.1629001905221275,-0.10814639576463023,0.0,1.0,0.6480205795446157
2025-04-04,0.16770132991534828,-0.40822311953233326,0.0,1.0,0.5691707920138427
2025-04-05,-0.383782794921319,0.995034249625103,0.0,1.0,0.5908742407396247
2025-04-06,-0.4251129439817957,-0.6132079055017303,0.0,1.0,0.5211088076719749
2025-04-07,0.03640450539956145,-0.8424194707469914,0.0,1.0,0.5423261557455128
2025-04-08,0.06920810602272952,-0.019785241899156505,0.0,1.0,0.5787894886557171
2025-04-09,-0.31964640405905764,2.1563608821158464,0.0,1.0,0.6435386098175564
2025-04-10,0.4121189701567267,-0.4315126478076964,0.0,1.0,0.5844949043517944
2025-04-11,0.20884292718403774,-0.5218722811399847,0.0,1.0,0.5671781834314366
2025-04-12,-0.0722191607509218,2.540682415904124,0.0,1.0,0.6760471566126104
2025-04-13,-0.21734203521710493,2.4825830336315184,0.0,1.0,0.663951490720173
2025-04-14,1.0138375823547237,1.2332834444252998,0.0,1.0,0.6939759823413691
2025-04-15,1.298336853579579,-0.5050001018490152,0.0,1.0,0.6405141193282631
2025-04-16,-0.21522111223975274,0.7704684185759836,0.0,1.0,0.5927547766246825
2025-04-17,-0.23236766899716962,1.61600758476014,0.0,1.0,0.6268424714318612
2025-04-18,-0.06924813166280416,1.3398433260187206,0.0,1.0,0.6262102631399264
2025-04-19,-0.4017406189875483,0.34860635005090024,0.0,1.0,0.562742556652951
2025-04-20,-0.44006247413448185,-0.4975307048221879,0.0,1.0,0.52493205569011
2025-04-21,0.771967051780402,-0.18710356953815002,0.0,1.0,0.618668488054604
2025-04-22,-0.15336757599757062,-0.15887487430356212,0.0,1.0,0.5581557085041803
2025-04-23,-0.1558723549440787,-0.8205898076919595,0.0,1.0,0.5304172676832298
2025-04-24,-0.17210435711821762,-0.30374387579821976,0.0,1.0,0.550870381367193
2025-04-25,-0.1360799310934874,-0.6959057173596327,0.0,1.0,0.5369319330371162
2025-04-26,-0.15425592263057497,-0.9372761384606787,0.0,1.0,0.5256630993887668
2025-04-27,-0.30031649069173044,-0.09821740287686143,0.0,1.0,0.5508865088340155
2025-04-28,-0.0005108886386415199,0.5352517513374239,0.0,1.0,0.5972680970631499
2025-04-29,-0.11478024196232423,-0.45600633827496284,0.0,1.0,0.5483477197743883
2025-04-30,-0.22415278605401706,-0.7514647184119612,0.0,1.0,0.5287454509959005
2025-05-01,0.009028533551732979,-0.7009590055884574,0.0,1.0,0.5463952770039299
2025-05-02,0.2998381508302776,-0.21689090370390296,0.0,1.0,0.5859520890676893
2025-05-03,-0.43904921744615805,-1.021772955415326,0.0,1.0,0.503156179027951
2025-05-04,-0.40924931839078754,0.7695342431894048,0.0,1.0,0.5797806389068394
2025-05-05,-0.5112353912001326,-0.06772831399843252,0.0,1.0,0.5380956275033898
2025-05-06,-0.5056862984243846,-0.6295907607575166,0.0,1.0,0.5150546317401445
2025-05-07,-0.12837686297601034,-0.8377398047582663,0.0,1.0,0.5315357172700049
2025-05-08,-0.1819974152758486,-1.107313970113708,0.0,1.0,0.5167287568935389
2025-05-09,-0.22122894848266608,-0.761957310864277,0.0,1.0,0.5285031821484774
2025-05-10,-0.4524110638308651,-0.783430839647114,0.0,1.0,0.5121963107593126
2025-05-11,-0.4302559746666786,-1.140377708785905,0.0,1.0,0.49880053048947537
2025-05-12,-0.31403488421463405,-0.2945009328733536,0.0,1.0,0.5417934688493014
2025-05-13,0.47050839785883686,1.0753915633820696,0.0,1.0,0.6511752083315087
2025-05-14,0.8212735824175618,0.740829644286857,0.0,1.0,0.6606194740064565
2025-05-15,0.7653331534220938,-0.12697593848996383,0.0,1.0,0.6207315461243911
2025-05-16,0.6820748853355342,-0.34214912983325774,0.0,1.0,0.6062154452793166
2025-05-17,0.521000687919024,-0.38274928204184877,0.0,1.0,0.5937854924428579
2025-05-18,-0.4568504163913414,0.1673996020092852,0.0,1.0,0.5515182889909642
2025-05-19,-0.4722357264972877,0.11406363625045947,0.0,1.0,0.54827026974395
2025-05-20,0.14022101501001893,-0.6144828837556109,0.0,1.0,0.5587446141775175
2025-05-21,3.540597211642735,-0.49968147770382637,0.0,1.0,0.7541799384290072
2025-05-22,-0.18167027330077173,-0.8360961557037614,0.0,1.0,0.5280513086256252
2025-05-23,-0.527212699693349,-0.5199897845228842,0.0,1.0,0.5181862456653232
2025-05-24,-0.5947667451838322,-0.29111588530455795,0.0,1.0,0.5232190551000546
2025-05-25,-0.38487096844394525,-0.7592945739987577,0.0,1.0,0.5177046615204555
2025-05-26,-0.4864924579959634,-1.151402976808342,0.0,1.0,0.49459204543325486
2025-05-27,-0.6254073886722441,-1.234190131945485,0.0,1.0,0.48188158525745517
2025-05-28,-0.47596473590928934,-1.291982207548256,0.0,1.0,0.4894364256248701
2025-05-29,-0.6278792029883964,-1.234321714563663,0.0,1.0,0.4817113150272877
2025-05-30,-0.5059080545234623,-1.2889033828541863,0.0,1.0,0.4875684887461781
2025-05-31,-0.28207786497430026,-1.1582997569735711,0.0,1.0,0.5079323191278146
2025-06-01,-0.28138925186150987,-1.338675445253171,0.0,0.8705505632961241,0.48104515748476917
2025-06-02,-0.29579682913874206,-0.6608604893468589,0.0,1.0,0.5277443576679648
2025-06-03,-0.5551416676720197,-0.39556075280301467,0.0,1.0,0.5215088574550731
2025-06-04,-0.2934086336205439,-0.9768071298090079,0.0,1.0,0.5147391273499218
2025-06-05,-0.41829987601735974,-1.0160782195842475,0.0,1.0,0.5047767491161658
2025-06-06,-0.584836622560298,-0.9208428560258317,0.0,1.0,0.49764243949490383
2025-06-07,-0.20648686605633462,-0.8709279431846384,0.0,1.0,0.5249455446302178
2025-06-08,0.8418238338428782,-0.7989174397579681,0.0,1.0,0.5978333622662766
2025-06-09,-0.2585616405270095,-0.9733073096587764,0.0,1.0,0.5172080860624171
2025-06-10,-0.07538080041702967,-1.1124648122076002,0.0,1.0,0.5236219127968814
2025-06-11,-0.26383050147545384,-1.0133651832844346,0.0,1.0,0.5151877505981184
2025-06-12,-0.5336888082777386,-0.8967451459311413,0.0,1.0,0.5020563650343532
2025-06-13,-0.5564109631896714,-1.0556313679332407,0.0,1.0,0.4939212954568035
2025-06-14,-0.5671764104010034,-0.9544295356055768,0.0,1.0,0.49742034198970075
2025-06-15,-0.5798981289875274,-0.7249908532797632,0.0,1.0,0.5061321725141747
2025-06-16,-0.5228404139967139,-0.9202306863031287,0.0,1.0,0.5018010271375888
2025-06-17,-0.5556445494400066,0.7578563023640906,0.0,1.0,0.56953437596917
2025-06-18,-0.6804968092464154,-0.1867030830073108,0.0,1.0,0.5218542509249344
2025-06-19,0.13478218937837194,-0.8869246752817541,0.0,1.0,0.5470302844884851
2025-06-20,-0.3660044004041979,0.5712583152099041,0.0,1.0,0.5744021364401328
2025-06-21,-0.7169595951141347,0.9351807532778361,0.0,1.0,0.5661685583789675
2025-06-22,-0.804823456247508,0.9308162028964756,0.0,1.0,0.5601291113708526
2025-06-23,-0.76317464781415,0.13065962706850348,0.0,1.0,0.5295658412735776
2025-06-24,-0.7117305032036809,-0.525130425909945,0.0,1.0,0.5056708653735069
2025-06-25,-0.5930495558135834,-0.7656741123315112,0.0,1.0,0.5035602749319482
2025-06-26,-0.6685777087726377,-1.0316824624985312,0.0,1.0,0.4874413834777187
2025-06-27,-0.6997250591144888,-0.9941466015383448,0.0,1.0,0.48692888766160314
2025-06-28,-0.5391832752396513,-0.9359409731507476,0.0,1.0,0.5000569077694088
2025-06-29,-0.5529613234903247,-0.9583329188267411,0.0,1.0,0.4982053734828642
2025-06-30,-0.5975646188464575,-0.9889684679085105,0.0,1.0,0.49395533924738155
2025-07-01,0.17382739300346722,-0.8236250716784441,0.0,1.0,0.5522707815469626
2025-07-02,0.2567426817089942,-0.7728492135321406,0.0,1.0,0.5599141282167605
2025-07-03,-0.5536619054312606,-0.6234938796854436,0.0,1.0,0.5121102946510225
2025-07-04,-0.729978162727937,-0.8539758079242248,0.0,1.0,0.4907524638212949
2025-07-05,-0.852720217616141,-0.7003768925099925,0.0,1.0,0.48896961497100766
2025-07-06,-0.6467037391239521,-0.6456056017091589,0.0,1.0,0.5049861839871883
2025-07-07,-0.5622642317166018,-0.635708910335674,0.0,1.0,0.5110278466215735
2025-07-08,-0.4771151247966466,-0.8486729146668966,0.0,1.0,0.5078309535691029
2025-07-09,-0.43029592156472285,-0.7427617097771771,0.0,1.0,0.5153652006549695
2025-07-10,-0.6080737554304401,-0.3530761198914281,0.0,1.0,0.5197502446424945
2025-07-11,-0.5771046210610302,-0.07207919186835686,0.0,1.0,0.5335230589347498
2025-07-12,-0.6493712505842144,-0.7331922822939769,0.0,1.0,0.5011589048654701
2025-07-13,-0.3921487148722789,-0.606125616392463,0.0,1.0,0.5236015183254955
2025-07-14,-0.060005556007180015,-0.4855169432018928,0.0,1.0,0.5507697569661092
2025-07-15,0.09780092302211747,-0.4340266494530044,0.0,1.0,0.5634356178075993
2025-07-16,-0.5109461246085597,-0.3749383798996612,0.0,1.0,0.5253144925302768
2025-07-17,-0.3432056916768387,-0.919348795623419,0.0,1.0,0.513813420737235
2025-07-18,-0.1076874435396626,-0.7722406567544919,0.0,1.0,0.5356441430659187
2025-07-19,-0.5525629878921551,-0.19785558469564668,0.0,1.0,0.5299184847782044
2025-07-20,-0.6143969298437948,-0.025151877057379462,0.0,1.0,0.5329922097996895
2025-07-21,-0.5666200598305408,-0.3866129257691822,0.0,1.0,0.5211164574375814
2025-07-22,-0.32196104364808564,-0.4036103862923764,0.0,1.0,0.5367188309946119
2025-07-23,-0.4132460754921899,-0.32045469468850973,0.0,1.0,0.5340979826884995
2025-07-24,-0.1928857497249871,-0.686308167586362,0.0,1.0,0.5335447763689025
2025-07-25,0.5705257017012612,-0.7922649486294504,0.0,1.0,0.580024007253857
2025-07-26,0.7371422746059718,-0.85603081938332,0.0,1.0,0.5884748674994265
2025-07-27,-0.6463367570538014,-0.27139696521727663,0.0,1.0,0.5206026759790268
2025-07-28,-0.5975407379657446,-0.46090185670421746,0.0,1.0,0.5159597067729413
2025-07-29,-0.0018931101086332174,-0.5388548782829653,0.0,1.0,0.552421506064301
2025-07-30,1.1434776138555696,-0.6941828561317088,0.0,1.0,0.6223075552515501
2025-07-31,5.0,-0.5380126575016972,0.0,1.0,0.7525828059374293
2025-08-01,1.7139537169041676,-0.5370309994718475,0.0,1.0,0.6668872894822843
2025-08-02,0.4824588701876627,-0.5207342081837454,0.0,1.0,0.5854666660048549
2025-08-03,-0.14799575617418326,0.07133961360552649,0.0,1.0,0.5681061001552847
2025-08-04,-0.0675823548656925,-0.36452170981016224,0.0,1.0,0.5553061051001971
2025-08-05,-0.12327666912546124,0.08307574333785787,0.0,1.0,0.57024304469738
2025-08-06,-0.32395282798796415,0.8321739900892475,0.0,1.0,0.5880770610545211
2025-08-07,-0.22875607379328444,0.9095384945853641,0.0,1.0,0.597647032354838
2025-08-08,-0.13768377731292378,1.3525626287961072,0.0,1.0,0.6221778577123096
2025-08-09,-0.2707217926542092,0.4399310078603715,0.0,1.0,0.5752823391505683
2025-08-10,-0.47835825620097766,-0.08535777097526225,0.0,1.0,0.5395528757959656
2025-08-11,0.9540832760073792,-0.34642777826138804,0.0,1.0,0.6241710609729342
2025-08-12,1.780955027203078,-0.13419401894476377,0.0,1.0,0.6881389176908401
2025-08-13,2.814202318117786,0.4308263203932834,0.0,1.0,0.7805645845575726
2025-08-14,1.7608321299852514,0.7310861830992657,0.0,1.0,0.7228507329614863
2025-08-15,0.5317838573613995,0.7436948893973714,0.0,1.0,0.6414395442156505
2025-08-16,-0.18695418658011242,0.12061667912016268,0.0,1.0,0.567562082524666
2025-08-17,0.04636344763473577,0.1436143237045759,0.0,1.0,0.5840748266633398
2025-08-18,0.7423101757641013,-0.1857310654999369,0.0,1.0,0.6167485506551095
2025-08-19,2.4172058116817654,-0.6450227822355811,0.0,1.0,0.7092711048523018
2025-08-20,2.6049483731625824,-0.23874504858996953,0.0,1.0,0.73871551451959
2025-08-21,0.33310871163736144,-0.3044309822224643,0.0,1.0,0.5845226231832215
2025-08-22,-0.38519583169044636,-0.42550853829223695,0.0,1.0,0.5315907554584605
2025-08-23,-0.5083005800101108,-0.3661401631453815,0.0,1.0,0.525857454534935
2025-08-24,-0.21344663158157007,-0.3190651968614313,0.0,1.0,0.5474758413586691
2025-08-25,-0.2387787478557135,-0.13225782493023053,0.0,1.0,0.5535706741041929
2025-08-26,-0.2997594445585865,-0.28055660792563303,0.0,1.0,0.5433261783658596
2025-08-27,-0.6413385165749343,-0.3375414987537052,0.0,1.0,0.5181798697802668
2025-08-28,0.4361666365631002,0.20435282292015258,0.0,1.0,0.6125924767258797
2025-08-29,0.8462223821827772,-0.4246098138430554,0.0,1.0,0.6137227499020579
2025-08-30,0.5893950705814804,-0.16472335993028764,0.0,1.0,0.6074295313750034
2025-08-31,-0.6161298384990872,-0.4044099496095345,0.0,1.0,0.5170742628663303
2025-09-01,-0.5294939970071783,-0.23648803221702672,0.0,1.0,0.5298467321904787
2025-09-02,-0.3507212480241465,-0.3732282668639646,0.0,1.0,0.5360674056790584
2025-09-03,-0.38024974353506763,-0.10348525302479206,0.0,1.0,0.5453381315549625
2025-09-04,0.42428118498479106,0.5494824300538281,0.0,1.0,0.6261805135845623
2025-09-05,0.08115649607377534,1.4224576562348106,0.0,1.0,0.6396795020813688
2025-09-06,-0.37486909099539234,-0.2460628260527927,0.0,1.0,0.5397561095147742
2025-09-07,-0.5387198855105079,-0.4043413825122621,0.0,1.0,0.5222377833612886
2025-09-08,-0.5621731576868424,0.41396896930652816,0.0,1.0,0.5547704965419825
2025-09-09,-0.5846173387426512,1.14272824861374,0.0,1.0,0.5836391877760624
2025-09-10,-0.6890847849967632,0.912800378968351,0.0,1.0,0.5670943634572304
2025-09-11,-0.518567348846651,0.4039560994080604,0.0,1.0,0.5572603475522258
2025-09-12,-0.48578330685249715,0.23666796756265465,0.0,1.0,0.5524756115249442
2025-09-13,-0.5772762872123939,-0.8374978180424778,0.0,1.0,0.5016191717674039
2025-09-14,-0.16340733040221378,-1.3573963349886764,0.0,1.0,0.5075479973486576
2025-09-15,-0.3084324497083614,-1.311615146114123,0.0,1.0,0.4997872055980208
2025-09-16,-0.2618980420448314,-1.0149286265964361,0.0,1.0,0.5152514377554931
2025-09-17,-0.17468997036243697,-0.802876039433234,0.0,1.0,0.5299008336661195
2025-09-18,-0.34415475821094704,-1.0289007727749302,0.0,1.0,0.5091854839203148
2025-09-19,-0.31968958840578726,-1.1670719243246594,0.0,1.0,0.5050593639260867
2025-09-20,-0.41123493598361943,-0.06923524676241884,0.0,1.0,0.5446995356526579
2025-09-21,-0.4021109745536274,-0.935305333808027,0.0,1.0,0.5092215461210904
2025-09-22,2.185305737471717,1.849797539266534,0.0,1.0,0.7977619466342201
2025-09-23,0.5936245090959275,1.745419423097185,0.0,1.0,0.6873007765687779
2025-09-24,0.2968335835566474,2.4374588497255374,0.0,1.0,0.6963496909756739
2025-09-25,-0.21325119363972495,0.22657263716854326,0.0,1.0,0.570223780306041
2025-09-26,-0.0070245364446127195,-0.4726553321398312,0.0,1.0,0.5548377253978662
2025-09-27,-0.2882081025002315,0.1960290670548502,0.0,1.0,0.5639540042939367
2025-09-28,-0.2520680285548696,-0.8120759577570954,0.0,1.0,0.5243589665231297
2025-09-29,-0.2578167557154041,-0.48722231384349335,0.0,1.0,0.5375112865421608
2025-09-30,0.779982597445445,0.3595131670220914,0.0,1.0,0.6419785551222835
2025-10-01,0.36281972161273957,1.8702217459212351,0.0,1.0,0.6771138875209007
2025-10-02,0.04864709121036549,1.9376462595153177,0.0,1.0,0.6589784002271626
2025-10-03,-0.2684320943842338,1.4675354754540384,0.0,1.0,0.6182518385183027
2025-10-04,-0.48177963870157575,2.6729674133807424,0.0,1.0,0.6542549996440926
2025-10-05,-0.33039910186730115,4.233067248507153,0.0,1.0,0.6779733932088466
2025-10-06,-0.20292524512703566,0.39574257003819496,0.0,1.0,0.5779609240764558
2025-10-07,0.01804329885645721,-0.776247442764301,0.0,1.0,0.543859243141918
2025-10-08,0.8934439938269108,0.24913998861307016,0.0,1.0,0.644943765780672
2025-10-09,0.22984754611188754,0.8504645052268056,0.0,1.0,0.6257591907919094
2025-10-10,-0.3180881026522267,0.2376162967186536,0.0,1.0,0.5636948055197954
2025-10-11,-0.390973737417476,1.7282466720074228,0.0,1.0,0.6209453621724775
2025-10-12,-0.14273798307137922,3.391989461936398,0.0,1.0,0.690484134461908
2025-10-13,1.5528821016242438,-0.28532161635279507,0.0,1.0,0.6666370727602497
2025-10-14,0.8674986257313978,-0.5540664833674026,0.0,1.0,0.6097471382417847
2025-10-15,1.380497188622613,0.8938823879982484,0.0,1.0,0.7042782454081012
2025-10-16,0.45966233957823077,1.2421437901409698,0.0,1.0,0.6574001472277559
2025-10-17,-0.44433569666492545,0.24044014162099744,0.0,1.0,0.5553959594565465
2025-10-18,0.09652184396551998,1.952614843703874,0.0,1.0,0.6627937414186961
2025-10-19,-0.3091458888565744,1.0341377062017025,0.0,1.0,0.597479345167966
2025-10-20,-0.3389684080000118,5.0,0.0,1.0,0.6774021061333325
2025-10-21,0.288328111190996,0.5366152853249875,0.0,1.0,0.6165808443012742
2025-10-22,-0.06770189951130966,1.5874075365218223,0.0,1.0,0.6366285207209886
2025-10-23,-0.6558180848268349,-0.2799689576909357,0.0,1.0,0.5196134211077554
2025-10-24,-0.4992607542627391,0.3255550346051084,0.0,1.0,0.5552807428243636
2025-10-25,-0.39816440756150095,-0.25840325615535115,0.0,1.0,0.5376889038227604
2025-10-26,-0.16746769845199935,-0.6873127269783094,0.0,1.0,0.5351974564791039
2025-10-27,-0.2418982868295881,-1.249300296604874,0.0,1.0,0.5068192685194911
2025-10-28,-0.4808254087686347,1.5519783068020172,0.0,1.0,0.607610735532175
2025-10-29,-0.9129192505866148,5.0,0.0,1.0,0.6391387166275591
2025-10-30,0.11323570461862209,-0.2644731740758632,0.0,1.0,0.5715293313880805
2025-10-31,-0.7123853668650274,-0.9444780734235403,0.0,1.0,0.488154389149684
2025-11-01,-0.4167382680465054,-0.6214340770505964,0.0,1.0,0.5213243622531248
2025-11-02,-0.49074585074857874,-0.6486107769169823,0.0,1.0,0.5152581609118871
2025-11-03,-0.7123934683170918,-0.6057443019590729,0.0,1.0,0.5022677561972325
2025-11-04,-0.8067174045995487,1.482734665875106,0.0,1.0,0.5829994507714928
2025-11-05,0.5891514135366177,0.22698883659443717,0.0,1.0,0.6237346290938761
2025-11-06,0.3871453981891105,0.2520210843427967,0.0,1.0,0.6113105717268906
2025-11-07,2.4927675041740756,1.3014365336886233,0.0,1.0,0.7954110225152977
2025-11-08,1.0853591970851113,0.6408761324257596,0.0,1.0,0.6740604519900808
2025-11-09,-0.997474078835058,4.826943689684042,0.0,1.0,0.6335017280776628
2025-11-10,0.089245854421915,-0.6344680758822014,0.0,1.0,0.5545135537997027
2025-11-11,-1.010581840860828,3.7419498547714927,0.0,1.0,0.6326278772759448
2025-11-12,-0.043573670363352204,-0.5210578642329826,0.0,1.0,0.5503843442994023
2025-11-13,-0.4540649903312497,-0.6328907610047043,0.0,1.0,0.5183585522693874
2025-11-14,-0.6841299751969675,-0.46583686565578275,0.0,1.0,0.5099814655845446
2025-11-15,-0.5510248824251571,0.5149606610928172,0.0,1.0,0.5597217020505236
2025-11-16,0.7515882701005326,-0.7858103455306339,0.0,1.0,0.5923637869429258
2025-11-17,0.4292705983309232,0.09996381124403368,0.0,1.0,0.607783198690563
2025-11-18,1.3539591154375852,-0.016033361254301676,0.0,1.0,0.6645958843102432
2025-11-19,0.7145731917761583,-0.7407399097367985,0.0,1.0,0.5917740498793773
2025-11-20,-0.35289119452279166,-0.7676397171604715,0.0,1.0,0.5194889321501276
2025-11-21,-0.19468470947025862,-0.5864148317873761,0.0,1.0,0.5375870680441754
2025-11-22,-0.4601439600811376,-0.7921908660107295,0.0,1.0,0.5113157832441438
2025-11-23,-1.0544801787212048,-0.9529822365472996,0.0,1.0,0.46499372822911555
2025-11-24,-0.6265435719839809,-0.05960135002378614,0.0,1.0,0.5307470389500769
2025-11-25,-0.4481440693077547,-0.1661334923333235,0.0,1.0,0.5382014998655946
2025-11-26,-0.6078523887171531,-0.31414033930104024,0.0,1.0,0.5213873266146465
2025-11-27,-0.7861034415806685,-0.6638017006025669,0.0,1.0,0.4949346997028484
2025-11-28,-1.2678322555864197,2.0330876480900364,0.0,1.0,0.5751898349646569
2025-11-29,-1.2274381398355272,1.694612976036271,0.0,1.0,0.5637796646791429
2025-11-30,-0.4994472558238987,-0.27937074353983354,0.0,1.0,0.5300630686309137
2025-12-01,0.9225675756415043,-0.5112016360490474,0.0,1.0,0.6152044368740567
2025-12-02,3.0140914157462797,0.4540049366133204,0.0,1.0,0.7939168723588884
2025-12-03,-0.7701405510538061,0.6474796105702211,0.0,1.0,0.5506356137035054
2025-12-04,1.0260547644206863,-0.06646890892642254,0.0,1.0,0.6406341130894448
2025-12-05,1.3779624480008401,-0.3886771544532953,0.0,1.0,0.650669281764502
2025-12-06,-0.3499343041591573,0.23098383682952653,0.0,1.0,0.5612953729239532
2025-12-07,-1.0332152062632352,-0.42434627637156536,0.0,1.0,0.48843789140030247
2025-12-08,-0.05522376128387117,-0.5987417025625613,0.0,1.0,0.5463708449743019
2025-12-09,-0.934537329466092,-0.242122622304418,0.0,1.0,0.5026090687729098
2025-12-10,-0.8789912571273615,0.6995531783280506,0.0,1.0,0.545548631955178
2025-12-11,-0.40665226052821235,0.4754487764601284,0.0,1.0,0.5677002149839578
2025-12-12,-0.8966426110994158,-0.39843434208945877,0.0,1.0,0.49862239500631156
2025-12-13,-0.4570115233646166,-0.2101171286869199,0.0,1.0,0.5357776847470707
2025-12-14,-0.23069121719500607,0.10587326940956325,0.0,1.0,0.5640319717457314
2025-12-15,1.360288076376139,0.15969208428309908,0.0,1.0,0.6723397086035384
2025-12-16,-0.9751786534922419,-0.6958228735240508,0.0,1.0,0.48099547003701515
2025-12-17,-0.5675936442949366,-0.3239113280661318,0.0,1.0,0.5236641183775821
2025-12-18,-0.5457211784392465,2.5204080105413103,0.0,1.0,0.6436355885432715
2025-12-19,-0.7690236350490856,3.507519889612428,0.0,1.0,0.6487317576633943
2025-12-20,-1.2823381849433222,0.9700677603791559,0.0,1.0,0.5299302776862433
2025-12-21,-0.5419129013259207,-0.4687079677646584,0.0,1.0,0.5193429745880779
2025-12-22,-0.4669261020446043,0.8046602258679215,0.0,1.0,0.5773991026081898
2025-12-23,-1.3337891452937816,0.2627417460330275,0.0,1.0,0.49702829639845736
2025-12-24,-1.4459220530557013,0.01567122090229494,0.0,1.0,0.4792581640005489
2025-12-25,-1.2617052159129711,0.5391515743664895,0.0,1.0,0.5133509678710724
2025-12-26,-0.658825356765293,0.3154094756323852,0.0,1.0,0.5442203710336632
2025-12-27,-1.076701186690742,0.2824979241757988,0.0,1.0,0.5149906677279422
2025-12-28,-1.5723147981023178,1.6879007811430156,0.0,1.0,0.5405082126741378
2025-12-29,-0.6619345170323742,-0.18324597376702909,0.0,1.0,0.5232357832908822
2025-12-30,-0.04401514868181047,-0.4627035811668435,0.0,1.0,0.5527863408725942
2025-12-31,-1.0964622084831042,-1.0642261952723295,0.0,1.0,0.4575597612981127
