date,lmp_zscore,congestion_frac_z,reserve_tightness_z,event_flag,gsi
2018-01-01,,,,0.8705505632961241,
2018-01-02,,,,1.0,
2018-01-03,,,,1.0,
2018-01-04,,,,1.0,
2018-01-05,,,,1.0,
2018-01-06,,,,1.0,
2018-01-07,,,,1.0,
2018-01-08,,,,1.0,
2018-01-09,,,,0.8705505632961241,
2018-01-10,,,,0.7578582832551991,
2018-01-11,,,,0.6597539553864472,
2018-01-12,,,,0.5743491774985175,
2018-01-13,,,,0.5,
2018-01-14,,,,0.4352752816480621,
2018-01-15,,,,0.37892914162759955,
2018-01-16,,,,0.3298769776932236,
2018-01-17,,,,0.2871745887492588,
2018-01-18,,,,0.25,
2018-01-19,,,,0.21763764082403103,
2018-01-20,-1.1891766881871566,-1.136364670640824,-1.4322068675192692,0.1894645708137998,0.2790524828822496
2018-01-21,-1.1849765591515191,-1.2995396979960046,-2.2211830443314575,0.16493848884661183,0.2425554138226751
2018-01-22,-1.1485586569155204,-1.2060359226982582,-1.7311223012631818,0.14358729437462942,0.26201194354062624
2018-01-23,-1.0823769927305245,-1.1909050441560811,-1.3501584053795896,0.12500000000000003,0.276965210132142
2018-01-24,-0.9495346054377451,-1.0689785261877067,-0.6922943396070464,0.10881882041201553,0.31040326612123004
2018-01-25,-0.7071167180748196,-0.8833686153944719,-0.5439874244447649,0.09473228540689989,0.3371287884831185
2018-01-26,-0.7538094981229846,-0.7633525288770121,-0.3398485986557612,0.0824692444233059,0.34398177813022934
2018-01-27,-0.9376462257910988,-1.0144325991590966,-1.3124574364076416,0.0717936471873147,0.28724269251347356
2018-01-28,-0.8695034969525488,-0.9474673971662271,-1.7724212911765496,0.0625,0.277849582282019
2018-01-29,-0.7660930689184621,-0.9147315861265517,-0.6325479090941802,0.054409410206007765,0.3228897938779247
2018-01-30,-0.6610743663292875,-0.6536960535408067,0.12665574772496488,0.047366142703449944,0.3650178196768636
2018-01-31,-0.6328388606232174,0.010149284700671805,0.14612137663740285,0.04123462221165295,0.3942895353739749
2018-02-01,-0.7592115938769382,-0.6142258959478846,-0.7663599143116542,0.03589682359365736,0.3286323411390357
2018-02-02,-0.319176592202534,-0.663275814486,0.2442523052118037,0.03125,0.38891431175664126
2018-02-03,-0.36402839776132284,0.4948446967717206,0.238912363264402,0.027204705103003893,0.43339442038899756
2018-02-04,-0.8267418532162164,-0.5029536387958421,-0.7407346442072864,0.02368307135172497,0.327788780731608
2018-02-05,-0.675618920453857,-0.8124906093590514,-0.05903322450150568,0.020617311105826482,0.3472297857622728
2018-02-06,-0.6839126094823843,-0.6624488597364614,-0.026816253961301637,0.017948411796828663,0.3536021768496361
2018-02-07,-0.6639946142059193,-0.5443923101608517,-0.30423071053497197,0.015625000000000007,0.3502534057784042
2018-02-08,-0.5963172786875139,-0.5337620559540757,-0.06582332866609156,0.013602352551501933,0.36285167101660154
2018-02-09,-0.7014561223838884,-0.7409508804823438,-0.02199736863996822,0.01184153567586249,0.3484062898843569
2018-02-10,-0.8135886125675924,-0.7630255676065784,-1.0104699510363269,0.01030865555291324,0.3068319938102792
2018-02-11,-0.8071801202893161,-0.6088591762910577,-1.6364311022113809,0.008974205898414338,0.2926172871129677
2018-02-12,-0.7564113686593138,-0.5947788792354385,-0.8430626884548907,0.007812500000000002,0.3228599075060728
2018-02-13,-0.6021557189316629,-0.6338767748835661,-0.37055663148926754,0.0068011762757509715,0.3471130418427943
2018-02-14,-0.7265404423994593,-0.6229920392716698,-0.6892689133632356,0.005920767837931244,0.3285184536006317
2018-02-15,-0.7851840601197885,-0.4482040374698129,-1.379832451719305,0.00515432777645662,0.3087579618732635
2018-02-16,-0.6762562412297595,-0.4517493548703295,-1.4936677432593948,0.004487102949207169,0.3119775014654869
2018-02-17,-0.6739903704608874,-0.3596361808883234,-1.095946843569457,0.003906250000000001,0.3291368438132788
2018-02-18,-0.7100355651561446,0.06969877769491879,-1.1070539530279424,0.0034005881378754853,0.34417670117996196
2018-02-19,-0.6727948419890502,0.171407414844264,-1.280101138226725,0.0029603839189656215,0.34506300579952837
2018-02-20,-0.6845566772748287,0.1139654419857709,-1.292218107312741,0.0025771638882283094,0.34142408593722817
2018-02-21,-0.5739620724415907,-0.08751157268511818,-1.4009312671031264,0.002243551474603584,0.3367283701264337
2018-02-22,-0.6222509362157139,-0.325736480839234,-1.179598450737863,0.001953125,0.3309172712760556
2018-02-23,-0.6378423063827355,-0.644888149848395,-1.1495360779184483,0.0017002940689377426,0.3175440148438602
2018-02-24,-0.6719332914236827,-0.26077129535608046,-1.4406847143863981,0.0014801919594828095,0.32153818157962694
2018-02-25,-0.6359882957501529,0.04430656840575295,-1.7917192197478697,0.0012885819441141558,0.32491620060025095
2018-02-26,-0.5150112446251885,-0.020506608724006274,-1.2582289868184922,0.001121775737301792,0.3480387751281327
2018-02-27,-0.48109521084495216,0.22851167505906902,-0.757615645350994,0.0009765625,0.3773409352677646
2018-02-28,-0.6013279030616825,0.0876230985171129,-1.2486046416568193,0.000850147034468872,0.34706980290071054
2018-03-01,-0.5436243023357339,0.11857313267031791,-1.1015908721426078,0.0007400959797414059,0.3570902456977553
2018-03-02,-0.49882844579485286,-0.1615559479047164,-0.8788789645521482,0.0006442909720570772,0.35581395061171694
2018-03-03,-0.5008782183007024,0.6476882454775278,-0.9100444758312887,0.0005608878686508959,0.38834444632743825
2018-03-04,-0.4885931876006345,0.408700098621021,-1.3570152912381206,0.0004882812500000004,0.36429569074872953
2018-03-05,-0.3081369190891144,0.6596618396085849,-0.4439510336581738,0.0004882812500000004,0.41721832310997764
2018-03-06,-0.35195504124206345,0.6925228884777566,-0.5238717818210775,0.0005608878686508959,0.41301319139003073
2018-03-07,-0.3944936180739073,-0.0001934231199007594,-0.5297054375492812,0.0006442909720570772,0.3811321618925762
2018-03-08,-0.18011489518316307,0.8350837762838146,-0.2650051855395445,0.0007400959797414059,0.4390650058785911
2018-03-09,-0.05581349856474783,0.5457395779789309,-0.1315971948125336,0.000850147034468872,0.4397591980728915
2018-03-10,-0.4256159765954591,0.4857629123891813,-0.5485542671154491,0.0009765625,0.3987270650476703
2018-03-11,-0.31342664499829004,1.377097337808676,-1.2448000572155058,0.001121775737301792,0.4201588771955539
2018-03-12,0.21649952178441714,1.9461866775579457,-0.29499811919680896,0.0012885819441141558,0.5108844296689324
2018-03-13,0.9212602203524062,1.7447110044626246,-0.04635414878698272,0.0014801919594828095,0.5577905303771261
2018-03-14,0.8965865035367561,1.6889597093803748,0.11416859999606177,0.0017002940689377426,0.5592064189035088
2018-03-15,0.20183336426674656,0.6692869317362345,-0.03324822326413216,0.001953125,0.4655272077479885
2018-03-16,0.038370208604882654,0.13015348588500023,-0.22046336741517628,0.002243551474603584,0.42596882962621857
2018-03-17,-0.4546216858507905,0.13140463842984054,-0.8407971202863558,0.0025771638882283094,0.3725270847848798
2018-03-18,-0.5079744468210484,0.2707510387692936,-1.4276978996771743,0.0029603839189656215,0.35527045775925636
2018-03-19,-0.13409043988914174,0.475448072465813,-0.5927870244169859,0.0034005881378754853,0.4166214944335812
2018-03-20,-0.027207216311994083,0.47569181483592116,-0.2470949304701372,0.003906250000000001,0.4353561176816926
2018-03-21,0.005474708382924553,1.596290452649566,-0.0592675927832233,0.004487102949207169,0.4905745617688672
2018-03-22,0.3401541977911402,1.2803231789060028,-0.11110402677535414,0.00515432777645662,0.4980934272477828
2018-03-23,0.0027792518171428494,0.5009829775512351,-0.1817866520222681,0.005920767837931244,0.4408881342940585
2018-03-24,-0.3814299994297426,1.0019129232431474,-1.0635468933889058,0.0068011762757509715,0.40688631850154744
2018-03-25,-0.5048309960841859,0.23973830013509725,-1.3276116796679216,0.007812500000000002,0.35825184844441926
2018-03-26,0.027565318485623814,1.1972038722190126,-0.29505525985523945,0.008974205898414338,0.46823213813108794
2018-03-27,-0.07546258732487394,1.4320300070640264,-0.6054144345277762,0.01030865555291324,0.46100289498802066
2018-03-28,-0.41968153823399096,0.28070947081721553,-0.8957216107694831,0.01184153567586249,0.38063630206084786
2018-03-29,-0.5470601661043131,0.6533152481028435,-1.3340906314749184,0.013602352551501933,0.37332145609755896
2018-03-30,-0.5619397674845646,0.6183813693225257,-1.522197073390485,0.015625000000000007,0.36490708677645145
2018-03-31,-0.6114578363540796,-0.09115466976090521,-1.7883966910724107,0.017948411796828663,0.32351707173680094
2018-04-01,-0.6279699110474903,-0.9092922352072264,-2.192414220923723,0.020617311105826482,0.27526028543161607
2018-04-02,-0.3698344225426445,-0.1771751036608653,-0.9395832624572964,0.02368307135172497,0.3651950944654698
2018-04-03,-0.39747337984927306,-0.2948294520432865,-0.8589907523633319,0.027204705103003893,0.36166489486158443
2018-04-04,-0.39048925808302926,-0.39302202037459216,-1.0020877687288592,0.03125,0.35387603965456144
2018-04-05,-0.028827688522197716,-0.6217473937058351,-0.33519465782402047,0.03589682359365736,0.3913833809723583
2018-04-06,-0.29211906440482804,-0.3491196002845941,-0.7394265027379763,0.04123462221165295,0.3725163889349688
2018-04-07,-0.18265177729489107,0.16172457494897555,-1.3283252479024703,0.047366142703449944,0.3823891519453164
2018-04-08,-0.07202349059353609,0.7792312832267237,-1.2387193771109302,0.054409410206007765,0.41953716972208127
2018-04-09,0.46341043081888017,-0.028348467141397993,-0.22077719694679723,0.0625,0.45672860269214055
2018-04-10,-0.07764049992236352,-0.7468279212264578,-0.2934668489873369,0.0717936471873147,0.38969295539925936
2018-04-11,0.011034652573608904,-0.988678342567732,-0.4448568848426124,0.0824692444233059,0.3820825363999939
2018-04-12,-0.37986297783975165,-0.5991212623583103,-1.1911102765424555,0.09473228540689989,0.34921858247204013
2018-04-13,-0.5353626281456942,-0.3582603409036133,-1.5458412270465283,0.10881882041201553,0.33917642607955456
2018-04-14,-0.29161257704220067,-0.38220834837942586,-1.5259748021422312,0.12500000000000003,0.3575179869433029
2018-04-15,-0.03991674066493105,-0.4472785671967208,-1.6351879952168715,0.14358729437462942,0.37073410463810663
2018-04-16,-0.08954350737562249,-0.9285652989048107,-0.6206044455205311,0.16493848884661183,0.3843941705302321
2018-04-17,0.6370709470724624,-0.855219772064846,-0.32105855543917927,0.1894645708137998,0.44955497307622627
2018-04-18,0.7518893029376581,-0.8360162442227024,-0.3781971408035053,0.21763764082403103,0.4603310181167191
2018-04-19,-0.07803853750645326,-1.2061005913107217,-0.984091823220991,0.25,0.3742401787542567
2018-04-20,0.48891057464714965,-1.2461333873936078,-0.41718190004046296,0.2871745887492588,0.434841938812783
2018-04-21,-0.22704685661601928,-0.645065089855476,-1.71680465666518,0.3298769776932236,0.37524055558009806
2018-04-22,-0.5404442712289017,-0.3512573120243945,-2.272894610985724,0.37892914162759955,0.35541087812833927
2018-04-23,-0.20297491468447526,0.04313924314567079,-1.6062798612286469,0.4352752816480621,0.4250144376916924
2018-04-24,-0.08140256224860389,0.1477516609823137,-1.4185128220049659,0.5,0.4534457209908573
2018-04-25,-0.2627627336670894,0.42559265593748935,-1.2854060410543855,0.5743491774985175,0.4685210203425542
2018-04-26,-0.31234570787787225,0.09035303331535048,-1.3912940786082462,0.6597539553864472,0.4605282865506403
2018-04-27,-0.32088799205980617,-0.16026432224464573,-1.4638802547318566,0.7578582832551991,0.461812521099704
2018-04-28,-0.38504897763676427,0.9928645640913333,-1.7554247186345109,0.8705505632961241,0.5127678522012895
2018-04-29,-0.28304477271506895,0.8077267641522999,-2.065096480267326,1.0,0.5209490809830971
2018-04-30,-0.11741476629985063,0.6755001783046678,-1.8279563113312498,1.0,0.5343863126316628
2018-05-01,-0.22200709533298993,1.7877941561113533,-1.014321288535508,1.0,0.6008802405312568
2018-05-02,0.87376500731003,1.8154451407377266,0.24558590855464013,1.0,0.7170807449698954
2018-05-03,2.053041662213259,1.6886275316428976,1.085438571567375,1.0,0.8184102103515839
2018-05-04,1.8078694637825965,1.0249327556228272,0.8330952791672172,1.0,0.7660000050420316
2018-05-05,0.03579169647656288,1.2275456932222262,0.02568872795686917,1.0,0.6293901412479259
2018-05-06,-0.5587894924914266,1.5314768368806628,-1.8142410709145405,1.0,0.5410841996734479
2018-05-07,-0.6216192030547929,1.0924720613940195,-0.8027742104287119,1.0,0.5523192486734743
2018-05-08,-0.5023646260833184,0.6986011295723284,-0.3214458965407141,1.0,0.559902542108602
2018-05-09,-0.3316819987202999,1.0815421901238655,0.10644230215210745,1.0,0.6015002014122114
2018-05-10,0.18637069981721385,1.092794622654712,0.034065429059021435,1.0,0.6340933369003946
2018-05-11,0.19205250176128547,1.822433033668152,-0.09870056918324513,1.0,0.6604481908808172
2018-05-12,1.682696018663649,2.9733951622711907,-0.5019792465753438,1.0,0.7943385581196981
2018-05-13,0.29404130981439397,1.357503749247836,-0.9259971978737384,1.0,0.6202988369438283
2018-05-14,2.5979835953663404,1.3425533029817407,0.923937814863559,1.0,0.8349365544774473
2018-05-15,5.0,2.088287902104496,2.254220702747371,1.0,0.9371526860125998
2018-05-16,0.1317440671250307,0.27595908262505586,0.9349322636277004,1.0,0.6264456417053028
2018-05-17,-0.3150401630748582,0.4002614714324092,0.22010885233858557,1.0,0.5780118455159794
2018-05-18,-0.4145624578762414,1.1383329422236956,-0.21620457301041573,1.0,0.5875862229672241
2018-05-19,-0.49676292450266857,1.217972536114358,-1.1337410566944683,1.0,0.5548399588147714
2018-05-20,1.0511833534480663,2.247966674011958,0.1531212041944294,1.0,0.7438482084535171
2018-05-21,0.9327783103075626,1.5318882738046122,1.144188315342368,1.0,0.7391535092737752
2018-05-22,0.7574148581659096,1.5829517200794962,0.6113377031515667,1.0,0.7118285689860919
2018-05-23,1.165809247526567,1.0462611067831864,1.3004396915703678,1.0,0.7396628190034161
2018-05-24,0.8591217378257451,1.1732985786801837,1.910636676776233,1.0,0.7448501125259318
2018-05-25,1.4260511803539797,0.7865749518411308,2.6299837317748262,1.0,0.7905101594094733
2018-05-26,0.4472035812236695,0.43179855307836607,1.9380836022817771,1.0,0.6874079652025692
2018-05-27,-0.10845641635602325,-0.4429447550869976,1.1440036357909973,1.0,0.5874469953073401
2018-05-28,-0.454007458541771,-0.7520512594983246,1.0508837772239366,1.0,0.5484268261922496
2018-05-29,1.2935199667293638,-0.040683415891036016,3.142503167684067,1.0,0.7595395221198312
2018-05-30,-0.28992147382243083,-0.47708072876663915,2.2116035791935427,1.0,0.6095136573530129
2018-05-31,-0.7941118238979745,-0.21816147972442573,1.179226904791328,1.0,0.5522767135779949
2018-06-01,1.955414669217432,0.8244422037762213,2.259710791073316,1.0,0.8150364294742819
2018-06-02,-0.45183528588476163,-0.4041328062510804,1.150495617992873,1.0,0.56638863461365
2018-06-03,-0.9952285041645683,-1.054511111349261,0.04353873033486941,1.0,0.46616476109397187
2018-06-04,-0.6467417844869684,-0.8431410465670046,0.18733845218972078,1.0,0.502997619166901
2018-06-05,-0.7479275652992345,-1.453107856421145,0.0008915468292407018,1.0,0.46462171985681133
2018-06-06,-0.7274268632685549,-0.9051028827398832,-0.2924090338286761,1.0,0.4790452878736453
2018-06-07,-0.4216949245114041,-1.442274429746629,0.8825487137976985,1.0,0.5162105275863869
2018-06-08,-0.11318686305569137,-1.575245687586169,1.39574229366166,1.0,0.5483437152689189
2018-06-09,-0.1407423609239653,-0.7291904868485208,0.8773290701660635,1.0,0.5644785413252494
2018-06-10,-0.8435334162332118,-0.6806536960424757,0.051309414661461855,1.0,0.4921141820713981
2018-06-11,-0.8008450236697952,-0.9952743103489108,-0.36123083749473556,1.0,0.46809954090765116
2018-06-12,-0.9097347697012962,-1.3764545231266452,0.5141425508837547,1.0,0.4741368285857619
2018-06-13,-0.006251344082951868,-0.6151643399306087,1.8771548128479474,1.0,0.6115232233256261
2018-06-14,-0.11532886214675538,-0.030562027258247363,1.9046487916064545,1.0,0.6295262844413378
2018-06-15,-0.09725147947065946,-0.7486979050283239,1.720433170221809,1.0,0.5946685943331695
2018-06-16,-0.24813485508970715,-0.9393997961738402,1.7831749858485637,1.0,0.578755184348395
2018-06-17,0.11477332085602561,-0.9112881136521799,2.720895811340671,1.0,0.6353777436995833
2018-06-18,3.445210039388977,-0.9384786494032065,4.05377159450346,1.0,0.8358967229415332
2018-06-19,0.48547780948507135,0.3216437901647259,2.964791026930784,1.0,0.7195933794535612
2018-06-20,0.3615395850307754,0.6367417887982691,1.8254405686922563,1.0,0.6864815658250548
2018-06-21,-0.540035294554519,-0.8711047485646716,1.1794794827877417,1.0,0.5420175985990956
2018-06-22,-0.9308993491765082,-1.0684475517023084,0.5636452607961255,1.0,0.4872095707605074
2018-06-23,-0.6537587573211256,-0.6481596249087297,-0.06985580460004183,1.0,0.5020809049873932
2018-06-24,-0.3074039398482514,-0.8754370419805554,1.0506378366387492,1.0,0.5530511218155517
2018-06-25,-0.3483621164906267,-1.2612532757356776,1.113825953247368,1.0,0.5363511708532173
2018-06-26,-0.5673618104597421,-1.1154187192321858,0.8519262003292833,1.0,0.5190976393456522
2018-06-27,-0.6065101915867791,-0.9374546140517923,0.7682739228536785,1.0,0.5211145090705127
2018-06-28,-0.04051753261685701,-1.0965354225300536,2.231504141864163,1.0,0.600993326615596
2018-06-29,0.6921222002822589,-1.4248463572326162,2.731244470707574,1.0,0.6528143641577108
2018-06-30,-0.6367460682407574,-1.5944225659231333,1.913541068620873,1.0,0.5299006908245147
2018-07-01,1.4701708264937583,-0.6770586076015318,2.56817559310544,1.0,0.7304064662197015
2018-07-02,2.8797850684864783,-0.8715203085991977,2.718507044108348,1.0,0.821289226511077
2018-07-03,1.0068083224883297,-1.1783351758115015,2.611740497530543,1.0,0.6800812724247609
2018-07-04,-0.2554545038382515,-1.1991640024349088,1.9184364984273012,1.0,0.5719524162569054
2018-07-05,-0.08064735635508602,-1.3366388359800359,2.1924363536480085,1.0,0.5870114365320931
2018-07-06,-0.6553233291123041,-1.1523357849105722,1.3798405759569392,1.0,0.5292924728864705
2018-07-07,-1.0803968245512794,-0.8876443796394746,0.08314838250487377,1.0,0.46875997529509905
2018-07-08,-0.5708171249617984,-0.7316620964972956,0.3505534418126626,1.0,0.5181447190422482
2018-07-09,-0.11657160862123736,-1.1150359355729962,1.6362471417593025,1.0,0.5753103001683528
2018-07-10,0.1217575670688726,-1.3453973563586978,1.9598752613784773,1.0,0.592388123335595
2018-07-11,0.08510223430228019,-0.9265112925521412,1.579897804974388,1.0,0.5947321052629592
2018-07-12,-0.13909865003069227,-1.049977328358473,1.2441700349299898,1.0,0.5634500358140172
2018-07-13,0.022260302003397365,-1.2618177941808382,1.4700483626144183,1.0,0.5729098907965056
2018-07-14,0.06460849581943476,-1.190136556459827,1.05435533241359,1.0,0.5648633876159226
2018-07-15,0.01697139904135493,-1.2529969210549519,0.9528413735751667,1.0,0.5556846006779729
2018-07-16,0.4440315396365851,-1.223129956985349,1.8978419691712716,1.0,0.6168997534070918
2018-07-17,-0.4408762299911413,-1.189746760871823,1.3922089367334238,1.0,0.5424424341887121
2018-07-18,-0.3300274406225527,-1.248013266668513,0.7960989398726354,1.0,0.5275342491763964
2018-07-19,-0.029654288190545244,-1.0138001302225361,0.8876652459973824,1.0,0.5603702168946041
2018-07-20,-0.4797330287964487,-0.8494841787366607,0.4027282040092807,1.0,0.5210468974331852
2018-07-21,-0.9797032828471269,-0.41942694290718713,-0.3323839133217848,1.0,0.48113086141166594
2018-07-22,-0.9444784719859213,-0.9112410454916801,-0.3599705863072535,1.0,0.4620673720952102
2018-07-23,-0.6370420052901522,-1.035909819089571,0.6176149025399459,1.0,0.5099547872699226
2018-07-24,-0.70395534861135,-0.8914714119756639,0.7155464972067206,1.0,0.514776551167148
2018-07-25,-0.6074248143713467,-1.1018650299994521,0.7962562976856489,1.0,0.5151358460481213
2018-07-26,-0.09147429648242233,-1.0385500056435077,1.1730810618902816,1.0,0.564731498729035
2018-07-27,-0.3293984765184759,-0.8781034909470139,0.6637999864806574,0.8705505632961241,0.5191617068197498
2018-07-28,-0.7796018335569246,-1.2214314517939524,-0.04756794098050671,0.7578582832551991,0.43422671172705335
2018-07-29,-0.9914576471074408,-1.1455757826849473,-0.21337422354671545,0.6597539553864472,0.4030211184373744
2018-07-30,-0.5999026826388176,-1.188872980269144,-0.19301868569333114,0.5743491774985175,0.4151885340811978
2018-07-31,-0.8935564205502082,-1.199138216439096,-0.5725819425638358,0.5,0.3713794148595626
2018-08-01,-0.34398659735122084,-1.0627485094973634,0.7409644818587188,0.4352752816480621,0.44777648059002845
2018-08-02,-0.3692043490179147,-1.0674752019187292,0.7211055962049511,0.37892914162759955,0.43678446776983026
2018-08-03,-0.5027411942692606,-1.070129622808186,0.6544788444884784,0.3298769776932236,0.4181926942353077
2018-08-04,-0.20100124679969064,-0.8442956913450335,0.9546525721721967,0.2871745887492588,0.45131887045877295
2018-08-05,-0.2488415853655048,-0.9032898443979929,1.1889460634284927,0.25,0.44790501957333306
2018-08-06,0.11485619123186176,-0.52945420999848,1.548128444411102,0.21763764082403103,0.4948464149361622
2018-08-07,0.0011968273789901463,-0.932323674419728,1.3934328825727047,0.1894645708137998,0.4611004170989375
2018-08-08,0.006860674165210818,-0.7527515802325789,1.3247825313671047,0.16493848884661183,0.4629929201405519
2018-08-09,-0.1691254361511067,-0.6091531991037505,1.4312433565037528,0.14358729437462942,0.4575897936669228
2018-08-10,-0.24694559759467438,-0.6618141846032974,0.9654977423690269,0.12500000000000003,0.4318946272141852
2018-08-11,-0.635713487519997,-0.7692960021654438,-0.03153411534418989,0.10881882041201553,0.36583678662543606
2018-08-12,-0.6577172493197702,-0.7583467681491802,-0.0914066641633022,0.09473228540689989,0.3607173553780577
2018-08-13,-0.2089239882368252,-0.8969392670601194,0.4251977086014612,0.0824692444233059,0.4002429082735846
2018-08-14,-0.15632555193614872,-0.7737970223827234,0.5425023314684183,0.0717936471873147,0.4111892120653544
2018-08-15,-0.17870402317679895,-0.7043931216452258,0.9934613794550994,0.0625,0.42622706436816565
2018-08-16,-0.23869164542172408,-0.7267020993534402,0.9139808558910815,0.054409410206007765,0.417435409559429
2018-08-17,0.06983160687102956,-0.8535751252941266,0.9664255577393462,0.047366142703449944,0.43340891690097577
2018-08-18,-0.206094845411962,-0.8244304045347316,-0.001541257315063967,0.04123462221165295,0.3830428948715012
2018-08-19,-0.7701033875744769,-0.390754720227047,-0.8021241545646727,0.03589682359365736,0.3360253792058007
2018-08-20,-0.4261844753599207,-0.5026449915851258,-0.295372134599361,0.03125,0.37048592250664636
2018-08-21,-0.9383046592082716,-0.6849543731956952,-0.30025734549163424,0.027204705103003893,0.3279787180853574
2018-08-22,-0.6853378925105559,-0.8076614943473915,-0.4153883604125967,0.02368307135172497,0.3353644269238271
2018-08-23,-0.7802479609222899,-0.5441824863950105,-0.8342761256925503,0.020617311105826482,0.3255925914815109
2018-08-24,-0.8775255646810778,-0.8129145781731667,-0.8136218863891982,0.017948411796828663,0.3081983871539306
2018-08-25,-0.36826615076795494,0.36545648243228723,-1.1675172131981255,0.015625000000000007,0.37910278627687743
2018-08-26,0.09971222877210663,0.3536817635125198,0.31747829980649855,0.013602352551501933,0.4590071849407707
2018-08-27,0.5980590914086116,-0.5651421663417588,1.7764947095275538,0.01184153567586249,0.502315736498632
2018-08-28,1.6255673167147173,-0.6470632397400073,2.0489116691780342,0.01030865555291324,0.5762535400973522
2018-08-29,1.227070191261559,-0.43079338415800666,1.4972149055767283,0.008974205898414338,0.5401082494815067
2018-08-30,0.09328320568220703,0.4225851477302822,0.7708392317354936,0.007812500000000002,0.47569311092542527
2018-08-31,-0.6905121788057322,0.6045433498619472,-0.07161454155407847,0.0068011762757509715,0.40278818604675903
2018-09-01,-0.38193508504881385,-0.1554908920764384,-0.7560635419907318,0.005920767837931244,0.36874487093622615
2018-09-02,-0.08563622493076602,-0.04539753227331828,0.1777579854608874,0.00515432777645662,0.4240977698417254
2018-09-03,0.2860048613954977,0.16334413952822316,0.9012491786579149,0.004487102949207169,0.4815877013043541
2018-09-04,1.8701409864229337,-0.8721888007399299,1.8348911169727806,0.003906250000000001,0.5750838404631246
2018-09-05,1.7829245906495732,-0.5091209604511291,1.738183279011592,0.0034005881378754853,0.581097796878909
2018-09-06,0.1338741276524074,-0.4095149552545063,1.000897241138338,0.0029603839189656215,0.45066911766701223
2018-09-07,-0.42612955382034756,0.7950489491514051,0.0008988428994502705,0.0025771638882283094,0.4301349386398347
2018-09-08,-1.2099263510981646,0.036604570037246674,-1.2634493378610623,0.002243551474603584,0.3040849884708295
2018-09-09,-1.3606288628873309,0.7124466914208546,-2.8935717145118582,0.001953125,0.2678172662163183
2018-09-10,-0.296820687655397,2.651064010884089,-2.216588303565484,0.0017002940689377426,0.4420417219346351
2018-09-11,-0.22984148521249234,1.8055331257379628,-1.7541621498637314,0.0014801919594828095,0.42665773835671367
2018-09-12,-0.17728032259551477,1.7735697962449446,-0.9203911876140914,0.0012885819441141558,0.4565936343749858
2018-09-13,-0.24695955040779155,1.617458300830375,-0.6597954029333241,0.001121775737301792,0.45410521210356397
2018-09-14,-0.31743599462158945,0.8862485669903679,-0.6372720900511517,0.0009765625,0.4196687053564543
2018-09-15,-0.21626413444273315,0.07071065393539507,-0.9727682954898192,0.000850147034468872,0.38123058048996894
2018-09-16,-0.36020848681692275,0.3579460449574866,-0.738222782755691,0.0007400959797414059,0.3914041077238719
2018-09-17,-0.09397678267283052,0.12486840483029352,-0.5706955532611806,0.0006442909720570772,0.4050111898935095
2018-09-18,1.2225035278958951,-0.3913253731771484,-0.2473196714648363,0.0005608878686508959,0.4820351554421483
2018-09-19,2.3987511058074733,0.8826109447376558,-0.03031114426165435,0.0004882812500000004,0.6207550671300122
2018-09-20,1.968439938934582,1.2433646528751838,-0.0791418515323619,0.00042507351723443593,0.6054618891086113
2018-09-21,1.1259133058869515,0.43143528636517814,-0.5806990149768401,0.00037004798987070263,0.49873623069026524
2018-09-22,-0.9486824281795507,2.713348912800726,-1.5693819958707942,0.0003221454860285383,0.4225462981152713
2018-09-23,-1.1498989198741287,1.4794026501767765,-2.82949473472836,0.0002804439343254482,0.31570742453162726
2018-09-24,-0.7230947527676491,0.3958810581313237,-2.1416294959532602,0.00024414062500000016,0.3219376984662699
2018-09-25,-0.19898505655493992,0.2783692717007395,-1.4287091582541105,0.00021253675861721797,0.3757412911225238
2018-09-26,-0.4910644113479252,1.2508375216436858,-1.0054308007238133,0.00018502399493535113,0.41089399622040507
2018-09-27,-0.7801622071474401,3.2390239295838397,-1.4211578917242689,0.00016107274301426942,0.4506414173774805
2018-09-28,-0.8193545493013221,4.48334152163715,-2.1951987140460636,0.0001402219671627241,0.4222241062067842
2018-09-29,-0.6731127672195233,5.0,-2.3285349075685167,0.00012207031250000008,0.4275262958132896
2018-09-30,-1.0839759554692736,4.623841448079766,-2.512145385240489,0.00010626837930860897,0.39401269705092845
2018-10-01,2.3681661667419114,4.676507035441485,-1.0298950592434997,9.251199746767573e-05,0.6735617859409643
2018-10-02,3.101424603162835,3.0211335773926815,-0.9596956637012716,8.053637150713471e-05,0.718022224999017
2018-10-03,5.0,4.703418313617033,-0.49775371795778517,7.011098358136205e-05,0.7334187260489443
2018-10-04,1.7673372651684556,3.370346327241603,-0.7023361627594985,6.103515625000003e-05,0.6444204341926846
2018-10-05,-0.2148402216623072,1.4884060653495674,-1.0760636100938374,5.313418965430448e-05,0.4368334210707317
2018-10-06,-0.13210377766631307,1.7739127847897669,-1.6869604218901184,4.6255998733837856e-05,0.4338810385252922
2018-10-07,3.383455028879417,3.4673822049734455,-0.9624018278349354,4.026818575356735e-05,0.7179259793000319
2018-10-08,4.088156552687921,3.0059135885363006,-0.22112408008131265,3.5055491790681016e-05,0.7426344556543916
2018-10-09,1.3054900567473915,0.815396815947937,-0.10669776607325365,3.0517578125000014e-05,0.5424555232152671
2018-10-10,0.45635914404411315,-0.09946685750482157,-0.48557831999834705,2.656709482715224e-05,0.43509753160451914
2018-10-11,-0.48277973049433087,0.09712070886752805,-0.785691539356544,2.3127999366918925e-05,0.3706751320578785
2018-10-12,-0.5945309815123054,-0.47755368898496847,-1.4134547891951372,2.0134092876783674e-05,0.3183543913322329
2018-10-13,-0.7294531403705655,-0.48058187380482476,-2.189671525926683,1.7527745895340508e-05,0.28335912419775616
2018-10-14,-0.4981801316913839,-0.46413458335183283,-2.1773434609216915,1.5258789062500007e-05,0.2998732237018844
2018-10-15,-0.2740598211811649,-0.5003789460617563,-1.5401070206544867,1.3283547413576118e-05,0.334545314345645
2018-10-16,-0.4851581400604517,-0.2540597387305611,-1.5949353064439171,1.1563999683459462e-05,0.3289075259340184
2018-10-17,-0.3778959682451906,-0.6901503328632697,-1.5822693788530091,1.0067046438391835e-05,0.3183098690095499
2018-10-18,-0.28627371676086527,-0.38056194383546826,-1.5207267026792992,8.763872947670252e-06,0.3393687623810967
2018-10-19,-0.04651092255075064,0.4872254959882896,-1.4376618085052424,7.629394531250002e-06,0.394279418288467
2018-10-20,-0.7376503192199207,-0.4436899846823678,-1.807765597028684,6.641773706788058e-06,0.29707837238867324
2018-10-21,-0.3388708035564844,-0.5926867934589157,-1.6212719977037786,5.78199984172973e-06,0.32367179741196317
2018-10-22,0.3043681689500238,-0.32001368245426753,-1.0771414268428858,5.033523219195918e-06,0.3960533486281272
2018-10-23,-0.25544143764530997,-0.4023330846332769,-1.329371166908521,4.381936473835126e-06,0.3468949773574465
2018-10-24,-0.03251032366820821,-0.5566154228340394,-1.222156196953809,3.814697265625001e-06,0.358902368110164
2018-10-25,0.3208688371900369,-0.3235503895596664,-0.9945369788461458,3.320886853394029e-06,0.3997592550858395
2018-10-26,-0.23129618433499274,-0.5261778664581457,-1.1267165309608724,2.890999920864865e-06,0.3500993925598702
2018-10-27,-0.36320037846435405,-0.8016801625390543,-1.3129357020787247,2.5167616095979584e-06,0.3236191554415331
2018-10-28,-0.42145036380527506,-0.4595417520455628,-1.4649531501821296,2.5167616095979584e-06,0.3289243419192537
2018-10-29,-0.2540019611830015,-0.7570969520530602,-1.092182654584999,2.890999920864865e-06,0.3401151747494106
2018-10-30,-0.23362479805827044,-0.5543655001749374,-0.9483816252687136,3.320886853394029e-06,0.35471422824623045
2018-10-31,-0.6980567423910805,-0.8165423591173296,-1.1884461326910127,3.814697265625001e-06,0.3048259866589286
2018-11-01,-0.4423183321800079,-0.46369961154151695,-1.1048044550935063,4.381936473835126e-06,0.3393651361611238
2018-11-02,-0.5227481471428611,-0.651654699351814,-1.153378137607945,5.033523219195918e-06,0.32455266149236844
2018-11-03,-0.6529608354503013,-0.10938847127490528,-1.2379055706742161,5.78199984172973e-06,0.33564877294436135
2018-11-04,-0.6723451169319803,-0.19252995247584861,-1.3000023451767615,6.641773706788058e-06,0.32882249561153826
2018-11-05,-0.0501835892946114,-0.4570350530329431,-0.8698404065012316,7.629394531250002e-06,0.37361776436312527
2018-11-06,-0.4064073427411587,-0.230664343419371,-0.8618717727957558,8.763872947670252e-06,0.35956741832919925
2018-11-07,-0.13595533845818092,-0.23274830900449145,-0.815740479843843,1.0067046438391835e-05,0.3790486252897718
2018-11-08,-0.06428499913657883,0.3438530652895803,-0.7142544079906448,1.1563999683459462e-05,0.4112347987782249
2018-11-09,-0.14993021018104255,-0.09082949641241946,-0.5813485926785528,1.3283547413576118e-05,0.3918437964135733
2018-11-10,-0.14914264243978903,-0.21552497059713013,-0.6509784519062115,1.5258789062500007e-05,0.38437995715061934
2018-11-11,-0.051891230261581586,0.6659312036244539,-0.6665066455773123,1.7527745895340508e-05,0.427073459109554
2018-11-12,-0.08122586974688552,0.09045776648846227,-0.24358650059619927,2.0134092876783674e-05,0.4152374857146184
2018-11-13,-0.01776672418159634,-0.21876565167781462,-0.1895378757269772,2.3127999366918925e-05,0.4083858562436571
2018-11-14,0.09343769505480488,0.18886697210667053,-0.06464705525953711,2.656709482715224e-05,0.4369477200636711
2018-11-15,0.44968891686161044,-0.21249380980598026,0.26421477611292493,3.0517578125000014e-05,0.4549370892226744
2018-11-16,0.024048651531957576,-0.21968351657843713,0.11383149958365227,3.5055491790681016e-05,0.42124940522125265
2018-11-17,-0.4236443513545486,-0.2750283841196202,-0.33897408206528395,4.026818575356735e-05,0.3740044313970662
2018-11-18,-0.43099251061726807,-0.45069504007239264,-0.6899576526735854,4.6255998733837856e-05,0.3544965559331897
2018-11-19,-0.251237190714242,-0.4442266109796991,-0.3374420043830576,5.313418965430448e-05,0.37850131514390933
2018-11-20,-0.19682953822983842,-0.687266468619082,-0.15462938577715368,6.103515625000003e-05,0.3780967703397481
2018-11-21,-0.231407295180598,-0.5785378437193999,-0.18001870448173954,7.011098358136205e-05,0.3794769966644644
2018-11-22,-0.4136992863844524,-0.945251912669838,-0.2855558624187291,8.053637150713471e-05,0.3485281029215617
2018-11-23,-0.28018684916571207,-0.07700313672296992,-0.4032631079979837,9.251199746767573e-05,0.38968418589184955
2018-11-24,-0.47732908824410725,-0.7542292741203612,-0.4556459532987314,0.00010626837930860897,0.34657958284231644
2018-11-25,-0.474565961867589,-0.6946071729692087,-0.7949194108594718,0.00012207031250000008,0.337941300520003
2018-11-26,-0.1542222114969355,-0.623253012786937,0.0793929194549716,0.0001402219671627241,0.3914171076443221
2018-11-27,-0.10423595203648393,-0.06884252523154567,0.6953487901314539,0.00016107274301426942,0.43838495189542054
2018-11-28,1.5397431335664682,0.9310139036438806,0.8462294673759428,0.00018502399493535113,0.594677190734698
2018-11-29,0.25064863298207374,-0.2544475418239488,0.7990493502716965,0.00021253675861721797,0.4577747868123229
2018-11-30,-0.4678254575756855,-0.9468973461010654,0.37105118640067275,0.00024414062500000016,0.36676257404784907
2018-12-01,-0.5189463125453133,-0.4632773516368781,-0.4191812795119351,0.0002804439343254482,0.3571697134518602
2018-12-02,-0.6073074042861385,-0.8295823988976915,-0.5744036995716466,0.0003221454860285383,0.3308484382640363
2018-12-03,-0.33582313090241267,-0.46838017363701384,0.11809635541747758,0.00037004798987070263,0.3870880030840268
2018-12-04,0.2519248443853803,-0.4720045088561888,0.7865683582102766,0.00042507351723443593,0.4484108413912785
2018-12-05,0.09412599180026136,-0.5970803034812646,1.2733339109336645,0.0004882812500000004,0.4489144260269203
2018-12-06,0.4816691799080576,-0.04140478580232201,1.2510728515832261,0.0005608878686508959,0.4971726408185123
2018-12-07,-0.11071601758735417,-0.6765137722121486,0.9292509043819017,0.0006442909720570772,0.42050253211054217
2018-12-08,-0.4374966510460882,-0.9240717403841253,0.7837107537517262,0.0007400959797414059,0.38356527360294096
2018-12-09,-0.3892373850602679,-0.8849974169464228,0.8390465210820447,0.000850147034468872,0.3902716880477864
2018-12-10,-0.11327851791618393,-0.6592269087192353,1.4451087187169953,0.0009765625,0.4382970859411861
2018-12-11,-0.12509942953392744,-0.6870455503963575,1.5735829026192738,0.001121775737301792,0.44065416987912764
2018-12-12,-0.3563476298135233,-0.489671041803553,1.128145285522476,0.0012885819441141558,0.4186386614129834
2018-12-13,-0.5471151928859951,-0.7411959764371227,0.7870723453674235,0.0014801919594828095,0.38410026176222345
2018-12-14,-0.5613544065847683,-0.8149831624026557,0.4366468877571486,0.0017002940689377426,0.3684286814964838
2018-12-15,-0.5895348349643711,-0.7880824452318298,-0.11132333317709524,0.001953125,0.34944310009514584
2018-12-16,-0.5478228596873652,-0.9354482178098863,-0.1681467227000321,0.002243551474603584,0.34423310890995323
2018-12-17,-0.4150340686735298,-0.8906700029678599,0.56632811507322,0.0025771638882283094,0.3794839903837788
2018-12-18,-0.2014043750259577,-0.625474731674972,0.883480225188388,0.0029603839189656215,0.41540499293927013
2018-12-19,-0.31644622846589565,-0.6747907526060177,1.286608903581437,0.0034005881378754853,0.41918435508375207
2018-12-20,-0.5588502667428692,-0.5538851649964861,0.6334618088518097,0.003906250000000001,0.3863660981373488
2018-12-21,-0.7259710365058665,-0.8008035020128169,0.42647595892551743,0.004487102949207169,0.3581240490556399
2018-12-22,-0.7281735400649949,-0.7657951120027291,-0.31771057377829953,0.00515432777645662,0.33472976436941176
2018-12-23,-0.7054648440070592,-0.7834626164213413,-0.3682722899940448,0.005920767837931244,0.3339371068911951
2018-12-24,-0.7430895164916981,-0.809588714373885,-0.5676252622061101,0.0068011762757509715,0.32382717016946727
2018-12-25,-0.7509117600386706,-0.8194293594535068,-0.7847710545957681,0.007812500000000002,0.31580916586700025
2018-12-26,-0.6533359827423681,-0.8142918299669241,0.2973307885406,0.008974205898414338,0.3587725987380025
2018-12-27,-0.7545545207732303,-0.6950924917821375,0.4274394649057465,0.01030865555291324,0.36152845862065747
2018-12-28,-0.8635514227822674,-0.6623852266972121,0.04210472560732397,0.01184153567586249,0.3430102419070885
2018-12-29,-0.85573858316499,-0.6477920532018289,-0.6892618415575804,0.013602352551501933,0.3200243837363972
2018-12-30,-0.8574795632529463,-0.7367777383203087,-0.5968689837894259,0.015625000000000007,0.31958374056014316
2018-12-31,-0.8889516052464036,-0.7053823084812609,-0.618222587324238,0.017948411796828663,0.3184304723222369
2019-01-01,-1.044956172597807,-0.8233990520525069,-0.9892094979916459,0.020617311105826482,0.2911469080574442
2019-01-02,-0.5786117439272782,-0.6751372316966977,0.5108016812343074,0.02368307135172497,0.37887434916138807
2019-01-03,-0.8179580036889527,-0.05912091444378782,0.5465546328954006,0.027204705103003893,0.3903052885142093
2019-01-04,-0.9276127069528155,0.15731796786601787,0.4830467090804138,0.03125,0.39050312516691016
2019-01-05,-1.1340156413197728,-0.7525915507136074,-0.17507063623616084,0.03589682359365736,0.3175898116301248
2019-01-06,-1.46581826193483,-1.063731121422557,-0.5719242372233957,0.04123462221165295,0.2700777045693729
2019-01-07,-0.6795592918234173,2.0561224332639223,0.7764848907720082,0.047366142703449944,0.4983555663623534
2019-01-08,-1.0745958318569422,0.036951827077467816,0.6160599168918792,0.054409410206007765,0.38359667943172887
2019-01-09,-0.6816757270946677,-0.036921134659054465,1.4616355629386533,0.0625,0.4361127563475167
2019-01-10,-0.07449253893564002,0.5620447514204553,1.9469772338615288,0.0717936471873147,0.5191206502536245
2019-01-11,0.3798477358432733,1.1200055068030736,1.831526602080896,0.0824692444233059,0.570411351905872
2019-01-12,-0.8343013190437163,0.44561909852350445,1.1109187386223618,0.09473228540689989,0.439187841934012
2019-01-13,-0.9131921096687936,-0.827715990890213,0.9145711317648625,0.10881882041201553,0.37644088718895263
2019-01-14,-0.4341361081687163,-0.5715736342788794,1.653064599055474,0.12500000000000003,0.44609417799564804
2019-01-15,0.12390452550688494,0.2646387818098118,1.7306184114606475,0.14358729437462942,0.5235122921474172
2019-01-16,0.09743747541898357,-0.10496157287116538,1.4436508123671945,0.16493848884661183,0.4999848998975319
2019-01-17,0.08552903216618173,-0.6893167256802762,1.1551060995105276,0.1894645708137998,0.46890362751348824
2019-01-18,-0.8399912736957051,-0.8998127300631841,1.0163088728832734,0.21763764082403103,0.3980309932207008
2019-01-19,-0.8780075983167464,0.048018916691956834,0.23146182188192727,0.25,0.413682342370446
2019-01-20,-0.140462334010167,-0.5273501752439973,1.6364155048218771,0.2871745887492588,0.4912862922372737
2019-01-21,3.9766063275726586,5.0,3.275695349303148,0.3298769776932236,0.8994815466539836
2019-01-22,3.8294823809004597,2.858956136570749,3.0414977411578863,0.37892914162759955,0.9009625436012545
2019-01-23,-0.29216344391812604,-0.1199869407230734,1.5328389693408058,0.4352752816480621,0.516908905767233
2019-01-24,-0.9798601262727877,-0.12760854919327677,0.6817519827595567,0.5,0.45208403479074616
2019-01-25,-0.3144277274025754,-0.05721290162667618,1.1544350352849668,0.5743491774985175,0.5262878250729933
2019-01-26,-0.4826870262484327,-0.5651252890530762,0.9672701044701745,0.6597539553864472,0.5004794079965326
2019-01-27,-1.0009454315652182,-0.7728688712687447,0.19816502033137223,0.7578582832551991,0.44635167809211335
2019-01-28,-0.4861751174429832,-0.2845193255531796,1.069404542821953,0.8705505632961241,0.5469627561942357
2019-01-29,-0.509936934762232,-0.06567640998788622,1.6566385289668566,1.0,0.5934889715652513
2019-01-30,1.8813891564503478,-0.17644677521786684,3.120144701491173,1.0,0.7930739947959455
2019-01-31,3.2613445836254287,2.337979522717694,3.0069916417008806,1.0,0.9724158134465707
2019-02-01,1.9359772783115738,0.23347071120106794,2.0877850480772286,1.0,0.7833859331233904
2019-02-02,-0.39035869026874526,-0.6601302839254597,1.481940361348801,0.8705505632961241,0.5514512553579015
2019-02-03,-1.2658616459458818,0.26444259196577274,-0.3202619486722992,0.7578582832551991,0.4546310091347183
2019-02-04,-1.029803024726544,-0.4185357716604626,-0.2764712617956317,0.6597539553864472,0.4286548591138239
2019-02-05,-1.071217156731803,-0.7566230851867483,-0.9419869619412093,0.5743491774985175,0.37681237222850267
2019-02-06,-1.1509894664858475,-0.7441830508442698,-0.9007412698825841,0.5,0.36223503278634617
2019-02-07,-1.180596790093097,-0.5993829124192753,-0.9742946467871763,0.4352752816480621,0.3541340633306272
2019-02-08,-0.7140979031126384,-0.46512835616987336,-0.2378248916748592,0.37892914162759955,0.4069249998070573
2019-02-09,-0.5698553897666286,0.9622803059223998,-0.13764390276628644,0.3298769776932236,0.47199806999076543
2019-02-10,-0.4900278663974066,1.7997110381071277,-0.17604718322566434,0.2871745887492588,0.5045273843661698
2019-02-11,-0.466086083215714,0.3665115134580583,0.4227671111055007,0.25,0.46079114454988823
2019-02-12,-0.8254834486526986,-0.5230962767266341,0.3091306322862163,0.21763764082403103,0.3911220924260222
2019-02-13,-0.5632850362224212,0.5605958249981879,0.14040184542186307,0.1894645708137998,0.4439055707628952
2019-02-14,-0.5008756729107326,-0.14747569586154505,0.16294862281049824,0.16493848884661183,0.4156358618990618
2019-02-15,-0.6863986130917855,-0.4034726329632881,-0.6905262747820822,0.14358729437462942,0.36094928441720225
2019-02-16,-0.7713257331377202,0.13422350157715357,-1.0021917012281496,0.12500000000000003,0.3645145403155951
2019-02-17,-0.8092910467999777,0.18445768820913663,-0.6846151426053398,0.10881882041201553,0.3722353188636732
2019-02-18,-0.6620090935196015,0.3584976696653918,0.10380879572964133,0.09473228540689989,0.4134735993367743
2019-02-19,0.5439912963343567,1.50337534615207,0.5407951670598101,0.0824692444233059,0.5543036180774495
2019-02-20,-0.2986712265792454,1.191566514996981,0.3765093459405627,0.0717936471873147,0.4780565482957072
2019-02-21,-0.6314062588937581,0.5007687133001812,0.19314461548673642,0.0625,0.419584766310815
2019-02-22,-0.5463973945430503,0.66696687074755,-0.8230974732165737,0.054409410206007765,0.39708862240195997
2019-02-23,-0.7966751688601298,0.6198115476135229,-0.938223438220152,0.047366142703449944,0.37354461002473394
2019-02-24,-0.8083243075632496,0.021630768804254547,-1.3379607316938447,0.04123462221165295,0.33359949713791376
2019-02-25,0.19130474684194645,1.6792337641201185,-0.05141054940432381,0.03589682359365736,0.5113925618533725
2019-02-26,0.3627560496227031,1.5407847863707147,0.21911634668623026,0.03125,0.5253744809631676
2019-02-27,0.22706015787162961,0.42173292126104645,0.09945646915844092,0.027204705103003893,0.4651054703147176
2019-02-28,-0.14280205549779987,0.0892928469417618,-0.32089381483038404,0.02368307135172497,0.412056398464466
2019-03-01,-0.0029996564588232045,0.7599479723354692,-0.1550080785554868,0.020617311105826482,0.4543901824640808
2019-03-02,-0.04780982647215277,-0.09589229359329937,-0.4176499989895737,0.017948411796828663,0.4065877611386742
2019-03-03,-0.24275858319151578,0.193719633342154,-0.5292332277808499,0.015625000000000007,0.40159038825046034
2019-03-04,0.7479728772719952,0.7957381299132666,0.46981563415932354,0.013602352551501933,0.5257214879192219
2019-03-05,1.5950723141286463,0.6510942273345265,1.1881739179827748,0.01184153567586249,0.5998491080316536
2019-03-06,2.0575142469402707,1.5885562073195993,1.3761422047093006,0.01030865555291324,0.675775163590915
2019-03-07,1.1421090940952903,0.7626765604670361,1.0441643444359474,0.008974205898414338,0.5690704053251062
2019-03-08,0.1491586428940388,0.15213221277959327,0.3278363983347133,0.007812500000000002,0.4533825066699094
2019-03-09,-0.1633376374688328,0.7141198890028541,-0.13976982199079716,0.0068011762757509715,0.44022700191886616
2019-03-10,-0.15281007457173013,0.4910370659994586,-1.3486691132508173,0.005920767837931244,0.39120501751252457
2019-03-11,-0.053929111585309074,0.7601721948852586,-1.016992362949893,0.00515432777645662,0.4199519710826705
2019-03-12,1.4955305318602143,1.5861560316245917,-0.38347958560764,0.004487102949207169,0.5786822826971653
2019-03-13,0.8491302201815263,1.1868484220716353,-0.19371887458514508,0.003906250000000001,0.5251893406122484
2019-03-14,-0.6525980739162017,0.48717011976354213,-1.396330097773909,0.0034005881378754853,0.3557579683572851
2019-03-15,-0.7195499319322974,0.7897610445559582,-1.8763818394382734,0.0029603839189656215,0.3478347110009142
2019-03-16,-0.30836279686236445,0.46720280157777894,-1.8495530197217767,0.0025771638882283094,0.3626440708674249
2019-03-17,-0.15491641826999425,0.13523806124016424,-1.862174395402233,0.002243551474603584,0.35857121087479005
2019-03-18,1.0591684627976259,0.29532408542456723,-0.45577357759845505,0.001953125,0.4930169172425835
2019-03-19,1.3644635935895855,0.6854287720132975,0.08280290305929758,0.0017002940689377426,0.5475389126188436
2019-03-20,0.8295776004065342,0.3189565317190218,-0.23182520785006921,0.0014801919594828095,0.486089550714315
2019-03-21,-0.006573306897879405,-0.1419271620787297,-0.9922377028177948,0.0012885819441141558,0.38576684498455155
2019-03-22,-0.05967149463843681,-0.41076625625265406,-0.8471589611769359,0.001121775737301792,0.37583627400160774
2019-03-23,-0.08851136713342395,-0.1951719429533677,-1.1872089536071122,0.0009765625,0.3715399304894777
2019-03-24,-0.5326053812087832,-0.4639477148022223,-2.050639780098452,0.001121775737301792,0.30197542682663536
2019-03-25,-0.386255243863055,0.01697122711589733,-1.3860083809729153,0.0012885819441141558,0.3539497927981453
2019-03-26,0.5538772540204547,-0.16747456059225996,-0.600566380381566,0.0014801919594828095,0.4351501930245564
2019-03-27,0.5106183721233195,-0.727904452011581,-0.14818322327585512,0.0017002940689377426,0.42402747597555096
2019-03-28,-0.340706392919335,-0.9474993481511012,-0.6549097252011005,0.001953125,0.34126974554237843
2019-03-29,-0.6848813702872465,-1.139533457282619,-1.7423900904136262,0.002243551474603584,0.27411754430147744
2019-03-30,-0.9503030698626765,-1.0991887410102192,-2.1044006197753076,0.0025771638882283094,0.24608681839111976
2019-03-31,-1.0460061301074262,-1.0805450407581034,-2.375643542207875,0.0029603839189656215,0.23149948747549964
2019-04-01,1.0174348795104171,-0.45218408194462967,-0.29416379292518524,0.0034005881378754853,0.4646926170095101
2019-04-02,0.2933190623404095,-0.9245743509085033,-0.4802317608167879,0.003906250000000001,0.3906088850076135
2019-04-03,-0.2656024035071658,-0.5707482977543528,-0.7424500774127906,0.004487102949207169,0.3594367235550457
2019-04-04,-0.45833211159999393,-1.0200930956278154,-1.362454361824398,0.00515432777645662,0.3072986506811633
2019-04-05,-0.39287023443098074,-0.9864501528893527,-1.3352392887739217,0.005920767837931244,0.3140867002174373
2019-04-06,-0.4526016923436022,-0.5695777179131869,-1.6079779231330964,0.0068011762757509715,0.3185150612676365
2019-04-07,-0.386215981569095,0.3318888853508901,-2.368376670145135,0.007812500000000002,0.33530695744684297
2019-04-08,0.13076849140472516,1.027192551037139,-1.5851738254003598,0.008974205898414338,0.425024592424946
2019-04-09,-0.15738664883781836,2.299452241242253,-1.4549855038897854,0.01030865555291324,0.46336484833251684
2019-04-10,-0.06350206938540626,0.637897123530281,-1.488638949265472,0.01184153567586249,0.3995005075639316
2019-04-11,-0.5242001947152279,0.27368711763413295,-1.4193279924839255,0.013602352551501933,0.35618637005366816
2019-04-12,-0.7726805277625972,-0.6787262760566508,-1.3616062917789635,0.015625000000000007,0.3021645769208343
2019-04-13,-0.9223551341755869,-0.303099097019257,-1.706441068051612,0.017948411796828663,0.29669142151362915
2019-04-14,-0.8037258909977474,-0.42392072294719385,-1.7132108861547328,0.020617311105826482,0.2997404776047333
2019-04-15,-0.18348867828730275,-0.772836134996207,-1.262619033335978,0.02368307135172497,0.34203107541423067
2019-04-16,-0.3711199439424688,-0.2691563650272343,-1.1068762256170463,0.027204705103003893,0.35622865343924975
2019-04-17,-0.4709225132440596,-0.16670392596382858,-1.3421986359081208,0.03125,0.34660671433829915
2019-04-18,-0.700381708354421,-0.8826820360648374,-1.2622941837478892,0.03589682359365736,0.30483751868778936
2019-04-19,-0.8049847152121418,-0.9594663872209924,-1.1645921874921819,0.04123462221165295,0.29872203993365776
2019-04-20,-0.9458494469167408,-1.0689348534535024,-1.4965743287714899,0.047366142703449944,0.27462352842478915
2019-04-21,-1.0164617858584895,-1.0550034645302129,-1.850105361074345,0.054409410206007765,0.2597686360824315
2019-04-22,-0.8763322969559032,0.32266993290711926,-1.3296542859864806,0.0625,0.34507561787452046
2019-04-23,-0.36447416215514,1.2167021978072905,-1.0133449709657834,0.0717936471873147,0.42838852881086553
2019-04-24,-0.096523462065316,1.6268276230909309,-0.9411601315300695,0.0824692444233059,0.4673479691035946
2019-04-25,-0.00862034676636232,1.4125783787955544,-1.060306125224068,0.09473228540689989,0.4621490479689567
2019-04-26,-0.3992663065462499,-0.7313437306700755,-1.0398306453624104,0.10881882041201553,0.3495713923353855
2019-04-27,-1.079852115370738,0.36991654378400457,-1.4458941725596395,0.12500000000000003,0.338976575880963
2019-04-28,-0.8387388277472185,-0.34177005594301174,-1.6459787317263415,0.14358729437462942,0.3215157955845429
2019-04-29,-0.5991328896990572,-0.785141814544547,-1.075679822938857,0.16493848884661183,0.34122834430973664
2019-04-30,-0.19733930734281166,-1.3259776362489821,-1.0243279858014325,0.1894645708137998,0.3508703974287939
2019-05-01,0.7419131228168674,2.6267767372438526,-0.7180050789581304,0.21763764082403103,0.5926220490646187
2019-05-02,1.3051661381269255,1.6554140776299178,-0.2080006837594284,0.25,0.6115533063177273
2019-05-03,-0.09386610382050052,1.6764244640790658,-0.4128790012281146,0.2871745887492588,0.5179068340200461
2019-05-04,-0.5481101958618716,0.4257939003976285,-0.941857937895011,0.3298769776932236,0.42428701484992626
2019-05-05,-0.8940861856351613,0.2482037159419577,-1.4572373078905407,0.37892914162759955,0.3840008701030261
2019-05-06,-0.7021322931799768,0.27371596308241497,-0.807098541564368,0.4352752816480621,0.4279840197781659
2019-05-07,-0.7842123258136496,1.245894516903275,-0.44329626863784893,0.5,0.4848549075287982
2019-05-08,-0.9617467344772677,1.1510401760078355,-0.49151851296428944,0.5743491774985175,0.4786119845611433
2019-05-09,-1.0907607503764123,0.8413403081018429,-0.4927248802283642,0.6597539553864472,0.46987739344617097
2019-05-10,-0.8065022391612724,1.6400142588042381,-0.5622385858510054,0.7578582832551991,0.5345045677993381
2019-05-11,-0.9373367548628945,0.7093921535746329,-0.8794697201803983,0.8705505632961241,0.4933358165631554
2019-05-12,-1.3371263970216274,-0.4164831905894887,-1.659480574385389,1.0,0.41318875477781647
2019-05-13,-1.0780305330312676,-0.533127929258826,-0.7742399345421342,1.0,0.45510963626072665
2019-05-14,-0.9380335646300493,-0.6928212438127972,-0.824177689712092,1.0,0.45612428754206047
2019-05-15,-0.8644110047797876,-0.08471379224805368,-0.9637685425144866,1.0,0.4817172402538624
2019-05-16,-0.4606019580817807,0.9759271249334065,-0.5272920060353385,1.0,0.5673804327989287
2019-05-17,1.0525291875360112,2.2380373215125826,-0.11869029616169637,1.0,0.7344638243600352
2019-05-18,0.15114229588347697,1.8725132595550658,-0.07392281552840563,1.0,0.6606334450227461
2019-05-19,-0.2033520292874366,1.7975279699088815,0.5818457981829596,1.0,0.6557350567331396
2019-05-20,1.4153672248184825,3.410963578981853,1.2708886303623776,1.0,0.8367207693333115
2019-05-21,-0.3930706959969442,1.118482190456027,0.587501607800484,1.0,0.6149820984625544
2019-05-22,-0.12193019950765283,1.3608860338689266,0.09165210815118018,1.0,0.6266299750490678
2019-05-23,0.8178879308123942,2.3169075484142194,0.7789347536245657,1.0,0.7520281683589044
2019-05-24,0.4944996925681405,2.8688547374983036,0.8643443875178074,1.0,0.7563137398175656
2019-05-25,0.39087910121025404,2.4606791724541828,0.3116636438392746,1.0,0.7139756937275837
2019-05-26,0.13547139450734103,0.9245293141403943,0.7690498687100615,1.0,0.648188476680008
2019-05-27,-0.820324474058548,0.21306812685503698,0.6395153412448852,1.0,0.5505067183898862
2019-05-28,1.4122260683306402,1.1345651615724774,2.214847805863823,1.0,0.7902502131496901
2019-05-29,2.905795496156366,4.110279647387526,2.0867942861668958,1.0,0.9632795092826544
2019-05-30,1.3721273046156917,2.0179720703959005,1.4563907251655637,0.8705505632961241,0.7796862652408127
2019-05-31,-0.7149780192572507,0.2674247439560658,0.7323017737616017,0.7578582832551991,0.5265662979946859
2019-06-01,-0.433095591920782,-0.3362534605745063,0.8386335594529954,0.6597539553864472,0.509033944971077
2019-06-02,-1.0179390962371608,0.056357303038896134,0.30436342968355257,0.5743491774985175,0.45578343882503936
2019-06-03,-1.2190790373227416,0.5832964946843413,-0.07886682431587794,0.5,0.4404031906464689
2019-06-04,-0.9927250015454475,0.4974019586575238,0.30460208881683554,0.4352752816480621,0.4549881100488042
2019-06-05,0.5325377552483801,-0.20625649482068523,1.833743910208346,0.37892914162759955,0.5698726646501149
2019-06-06,0.2365565968936266,-1.1451746712720214,2.742187284132922,0.4352752816480621,0.5497523635415477
2019-06-07,-0.838620051031882,-1.139688684497847,1.6968313816161742,0.5,0.4531660141310034
2019-06-08,-1.3384571265837035,-0.7821759190835642,0.4197407499144601,0.5743491774985175,0.4033225965545309
2019-06-09,-1.4482959244801117,-0.8165320275138691,-0.0037825819064399293,0.6597539553864472,0.3932617777993338
2019-06-10,-0.5260144202391545,0.2832181504475517,0.8341860208958024,0.7578582832551991,0.543218071437511
2019-06-11,-0.8104027444450242,-0.40118531796179946,0.9581745061431419,0.8705505632961241,0.5167788301544468
2019-06-12,-1.0854708751581275,-0.07166057122620421,0.3831257334433256,1.0,0.5124202756364772
2019-06-13,-1.4123105144372397,-0.5204893536226323,-0.16183906014713162,1.0,0.4537642739650033
2019-06-14,-1.3966387215949936,-0.450960358741786,-0.2977243947820219,1.0,0.4531765904533587
2019-06-15,-1.00811443007358,-0.054781626274675255,-0.5045441828926567,1.0,0.488691664137228
2019-06-16,0.06620189285086013,0.46678341361984416,0.6816683685553854,1.0,0.6215850473760637
2019-06-17,0.2501381637003267,0.4173138505694951,2.2407383538166408,1.0,0.6837552331476388
2019-06-18,-0.41313218821905195,0.09743466941595055,2.234653917861012,1.0,0.6260060959397616
2019-06-19,-0.24618893438120734,-0.3316711325990055,2.375198225836607,1.0,0.6239410480441813
2019-06-20,0.03236351323091318,-0.08811370379015136,2.019875957553617,1.0,0.6408153618092586
2019-06-21,-0.44339649521395436,0.07705165256655762,1.116015841219087,1.0,0.5858512472166458
2019-06-22,-0.909929970140705,0.18839018420840564,0.3785098201973877,1.0,0.5348045870058828
2019-06-23,-0.18408404549935678,0.4356730177640912,1.1974203727633073,1.0,0.6207947851323236
2019-06-24,1.002715048965537,1.0218954179466897,2.6684427988941755,1.0,0.7733747389752871
2019-06-25,0.9104524253868758,0.5330371502041639,2.99295830560592,1.0,0.7576719864711626
2019-06-26,0.9451561552732608,-0.2725348283409202,3.5096018416273504,1.0,0.7266547925040124
2019-06-27,1.412318000959967,-0.12859359453547445,3.364445145357842,1.0,0.7637964669583531
2019-06-28,2.1296417699458097,-0.16748859334021643,3.092089618113108,1.0,0.8099974266072117
2019-06-29,0.3124260974847236,-0.2716833643544314,2.4968587510675246,1.0,0.6677368913531311
2019-06-30,-0.8918321283555661,-0.36753693115277414,1.3600840775645873,1.0,0.5455666218970829
2019-07-01,0.7098635836421557,-0.4459462532489867,2.5021033014430367,1.0,0.6871465884055372
2019-07-02,1.4615052695654056,-0.41075309478982047,2.882847188423125,1.0,0.7514138786355554
2019-07-03,1.4035155167665856,-0.6452069108230883,2.417100295696896,1.0,0.7222540896900402
2019-07-04,-0.02177899878587346,-0.8972854439693876,1.7556043076646908,1.0,0.594681316837707
2019-07-05,0.6465980145477446,-1.0349564778493336,2.199467845165975,1.0,0.6482989425649932
2019-07-06,0.10053927564665137,-1.0693323194269024,1.7201742064266696,0.8705505632961241,0.5750688297756301
2019-07-07,-0.6400602504122999,-1.1549354399137008,1.2145410611757117,0.7578582832551991,0.4883704511702461
2019-07-08,0.027156918551394186,-0.642841641367023,1.2824647381028504,0.6597539553864472,0.5417373107578625
2019-07-09,2.295791083305636,-0.9036124484328754,2.0768314716818423,0.5743491774985175,0.6957823125498449
2019-07-10,1.954433689208147,-0.5528892861227713,2.4498452290963293,0.5,0.6889200333286386
2019-07-11,1.2556303637566921,0.033695328435062066,1.8280655872802771,0.4352752816480621,0.636339474758459
2019-07-12,0.8341406622022812,-0.9780889088149821,1.7435124139547222,0.37892914162759955,0.5548121246554919
2019-07-13,1.2610072545238697,-0.028458172734181643,1.6104825161428766,0.3298769776932236,0.6110456902964132
2019-07-14,1.0285414168564844,0.09517710132702027,1.663818018815258,0.2871745887492588,0.5960719292852888
2019-07-15,1.014206057568656,0.2690878568822194,1.9845699921473232,0.25,0.6074780642795804
2019-07-16,0.8441476880972426,-0.5035083756529989,1.9706810846010783,0.21763764082403103,0.5586320124979152
2019-07-17,2.6305138161483352,-0.1826226858037036,2.0746482107198094,0.1894645708137998,0.6903329351474651
2019-07-18,2.0358152889444043,-0.5433276574557039,1.7329775222245687,0.16493848884661183,0.6205890576034501
2019-07-19,2.7920254022717503,-0.20685831271629487,2.3558729448282034,0.14358729437462942,0.7025831227720724
2019-07-20,1.2565936433382319,-1.0532461434276015,2.188444388794576,0.12500000000000003,0.5565857998728847
2019-07-21,0.49611279543325987,-1.0415504989856919,1.6560501420945852,0.10881882041201553,0.4862007433694353
2019-07-22,-0.418756721123582,-1.209704242939452,1.1195945734143729,0.09473228540689989,0.3982082037274648
2019-07-23,-0.978708368846328,-0.12781609200579258,0.23352627720037542,0.0824692444233059,0.3745817008135119
2019-07-24,-0.2793633062294224,-0.3204022193668514,0.4576716578107158,0.0717936471873147,0.4190504561162075
2019-07-25,-0.1638490383679878,-0.49769144500774265,0.734857945648107,0.0824692444233059,0.43020523875191097
2019-07-26,0.6960991720902082,-0.22277991085440715,0.8899098444103697,0.09473228540689989,0.5059976194784609
2019-07-27,-0.10642595352887826,0.27416849857555414,0.8295962280076183,0.10881882041201553,0.4733046545341125
2019-07-28,0.3454384705791735,-0.9152078493440041,1.1473951363131925,0.12500000000000003,0.46689207552638445
2019-07-29,1.4962494610153254,-1.5062361582469868,1.5111629798969335,0.14358729437462942,0.5339003176268229
2019-07-30,0.7312940822904819,-1.5239462161148727,1.3681991627364987,0.16493848884661183,0.4806025918994542
2019-07-31,-0.77152682747883,-1.5994711917275253,0.627670577000966,0.1894645708137998,0.3562622833682
2019-08-01,0.4550077637245835,-1.179690282337347,0.9368330532928625,0.21763764082403103,0.47005350371761623
2019-08-02,-0.03492209333443678,-0.757489663895343,0.7359847505055641,0.25,0.4531426161322504
2019-08-03,-0.13981115217612958,-0.03505559702960856,0.5653299026847224,0.2871745887492588,0.4761391250472372
2019-08-04,0.4002237591913671,0.5579240257198532,0.6614231400169505,0.3298769776932236,0.5464574030056336
2019-08-05,0.4733511033899983,0.18291786131146634,1.0328287277716026,0.37892914162759955,0.5554453132838377
2019-08-06,0.3767733222478049,-0.8255807354547129,0.8883204072641359,0.4352752816480621,0.5106209966619212
2019-08-07,-0.07632540176294933,-1.1173830595091159,0.7778345683047927,0.5,0.4742818313464167
2019-08-08,-0.1332669695318878,-1.0220713488756463,0.9666327643027767,0.5743491774985175,0.49190269792959246
2019-08-09,-0.6137536895200238,0.016375584882077996,0.5414803068284639,0.6597539553864472,0.5017778402710009
2019-08-10,-0.9888793316803599,0.7928664892031957,-0.29298558318395435,0.7578582832551991,0.49602337132025726
2019-08-11,-0.33366751585152876,1.0053421862103515,-0.2728001926942567,0.8705505632961241,0.5661340014399394
2019-08-12,0.7196249995128638,-0.10494637936879048,0.6807235713685481,1.0,0.6412930198727762
2019-08-13,0.2802841853983714,-0.04751582349091211,0.33728143106067393,1.0,0.6029485007497926
2019-08-14,-0.2950515535274835,-0.22342155720599177,0.6507868864759001,1.0,0.5677135610971148
2019-08-15,0.11476422124107473,0.7324532019538307,0.4265613765139567,1.0,0.6273885440479465
2019-08-16,-0.21768055551723917,0.8669870536776286,0.5738723292624746,1.0,0.615741501177501
2019-08-17,0.2602871601340132,-0.002155265197404032,0.27627216252028863,0.8705505632961241,0.5820543312041373
2019-08-18,-0.143831412683613,-0.4731109228911154,0.6872202010427562,0.8705505632961241,0.5491882085631399
2019-08-19,1.7916536141430681,-0.6610380520505527,1.3699853151876114,1.0,0.712566499280352
2019-08-20,0.9043315960194729,-0.6161364256036184,1.0757241009534146,1.0,0.6454738920329279
2019-08-21,0.7219405657750386,-0.6335356416025947,1.0272601442984188,1.0,0.6309740574615084
2019-08-22,-0.39186936984962223,-0.8730820087141291,0.7303861790274675,0.8705505632961241,0.517425748775604
2019-08-23,-1.0209778862234087,1.3873158655737234,-0.13605087431684307,0.7578582832551991,0.5238833486617297
2019-08-24,-1.5182678993959957,1.990712928740361,-1.7100052953558234,0.6597539553864472,0.4486914288672217
2019-08-25,-1.4792333134664286,2.131804012842196,-1.706786628233958,0.5743491774985175,0.44446910198764195
2019-08-26,-1.0678024053883863,2.408367099825376,-1.3577615954866862,0.5,0.483903082283942
2019-08-27,-1.0495687722594,1.5258089788352627,-0.9148403480708863,0.4352752816480621,0.45340073661235575
2019-08-28,-0.6903893230040733,1.5156730846036799,-0.6515155357865241,0.37892914162759955,0.4772492770428042
2019-08-29,-0.0985798980790383,2.189739111765825,-0.3802213166765419,0.3298769776932236,0.5464746392164056
2019-08-30,-0.15472979210632654,1.5829225235976863,-0.205735012974787,0.2871745887492588,0.516858140222711
2019-08-31,-1.302016039425518,-0.018022933402159186,-1.0119896067051146,0.25,0.34121498825637164
2019-09-01,-0.8722551152533292,2.140451962975022,-1.53980309082417,0.21763764082403103,0.43735403386986965
2019-09-02,-0.38602756915471015,2.0993139326538293,-0.7001551203677737,0.1894645708137998,0.49181742419340635
2019-09-03,0.0655300170831646,1.6308614770611791,0.044610057133689415,0.16493848884661183,0.5235490045812082
2019-09-04,0.28178573719927724,1.1992622938284017,0.326361304126529,0.16493848884661183,0.5293744615206779
2019-09-05,-0.6036605803389076,2.0344036293405043,-0.36814962499996834,0.1894645708137998,0.4856708106553315
2019-09-06,-0.5090696324453892,2.6001718279625696,-1.429779040925702,0.21763764082403103,0.484388862094829
2019-09-07,-0.9105393514720016,1.5051373208548375,-1.8134954717622649,0.25,0.4040615825454093
2019-09-08,-1.0156076852737144,2.0084735322325713,-1.795252268767766,0.2871745887492588,0.4242136641782394
2019-09-09,0.6689952594057376,2.882971212378837,-0.7625525320990578,0.3298769776932236,0.6137866133935157
2019-09-10,2.4943304007385927,2.743923694002517,0.28020331887708855,0.37892914162759955,0.7717983291727206
2019-09-11,3.2880566693832787,0.9597588011152803,1.1280357472916305,0.4352752816480621,0.7678824338700669
2019-09-12,3.26581024886705,2.0239777083338013,0.6521021092727208,0.5,0.8060691414896657
2019-09-13,-0.03699983998605613,1.2883550081053594,-0.2695518782406136,0.5743491774985175,0.5533821166887435
2019-09-14,-0.037787315466448416,2.261546992101331,-1.7486757416319134,0.6597539553864472,0.5573858722266956
2019-09-15,-0.16926491445123956,1.463757969159467,-1.256040024194031,0.7578582832551991,0.5465163294333739
2019-09-16,2.6977532192971894,1.2571479457005772,-0.23955334451312896,0.8705505632961241,0.779828852034651
2019-09-17,0.043697991672731105,0.6839892669701665,-0.8729352602908932,1.0,0.5773149102255759
2019-09-18,-0.18294115933895042,0.3576099689988314,-1.292819941743471,1.0,0.5346103400275724
2019-09-19,-1.1910366196378313,0.41601598975986553,-1.5769586524782486,1.0,0.4603662698481974
2019-09-20,-0.6917783531671658,-0.045052555990322395,-1.2443300634343155,1.0,0.48552658450811503
2019-09-21,-0.059839071817592966,1.838771282942846,-1.2892616326604607,1.0,0.6046508109127637
2019-09-22,0.38077774186723395,2.2250312261442136,-0.6539050248325192,1.0,0.6712979830527406
2019-09-23,2.5980459744304674,2.6384623137011114,-0.33268720066255797,1.0,0.847049421344159
2019-09-24,0.33482429149910115,1.3544838788876392,-1.0294932091207176,1.0,0.6194420074162345
2019-09-25,0.23184422901076027,1.7064280712151705,-1.3331468001633895,1.0,0.6171192248959032
2019-09-26,0.5121542992405554,2.045453493982207,-1.256522781347498,1.0,0.6524867561537124
2019-09-27,0.803439726331185,3.092041528317896,-1.5053363683862717,1.0,0.7033847694758699
2019-09-28,2.2976556524341225,3.6109850229108367,-1.3081593179509132,1.0,0.8095717328972444
2019-09-29,1.8112560472718542,3.9072381060973385,-1.4350804392406107,1.0,0.7729143885101033
2019-09-30,-0.38222544916765033,3.462622964860795,-1.7026662718554668,1.0,0.6177627609936411
2019-10-01,3.103876190961696,2.5045970035566776,0.26899905684753483,1.0,0.8883248437097794
2019-10-02,5.0,1.7001987865004864,0.3466585100439031,1.0,0.857396899772317
2019-10-03,1.6441437325830994,2.24057857408021,-0.4055212309354233,1.0,0.764449648394368
2019-10-04,-0.797649983498641,1.139125684958188,-1.354508872801695,1.0,0.5241366088799586
2019-10-05,-1.1364448719813094,1.5637098734379757,-2.500020439792294,1.0,0.48105757193475185
2019-10-06,-1.1103427879861998,2.2290171504873593,-2.392933875949724,1.0,0.5140883995395692
2019-10-07,-0.830594398972811,1.0705286562878533,-1.7216639834684198,1.0,0.5068436012981925
2019-10-08,-0.8271249674894198,0.7755868481377713,-1.8263655105264596,1.0,0.4912956038222305
2019-10-09,-0.6857276495976261,0.8080731734675304,-1.9602143637367722,1.0,0.4976140601300796
2019-10-10,-0.6599770303685227,0.5751025342264944,-1.7662013218566264,1.0,0.49609075950631487
2019-10-11,-0.7691232689282806,0.4841240620372122,-1.831173906702062,1.0,0.4828578210995964
2019-10-12,-0.9081315502523007,0.5698043307735496,-2.0518125243870426,1.0,0.4698059929525098
2019-10-13,-0.8340962682578954,0.46599446074047585,-2.2163637085742294,1.0,0.4649312276945191
2019-10-14,-0.45041185520717264,-0.2198316951842231,-1.6656067165491597,1.0,0.4802926651352072
2019-10-15,-0.5687715598384918,-0.035920217760130296,-1.6307788496632305,1.0,0.4812259252819874
2019-10-16,-0.29831664960732207,0.6452196509555763,-1.535316848318002,1.0,0.5308191472053941
2019-10-17,-0.2085666264420841,1.154927889313557,-1.5364411851321664,1.0,0.558002847454187
2019-10-18,-0.3959804806500741,-0.26495368685153486,-1.588693524949733,1.0,0.48460511350619007
2019-10-19,-0.30129027869235797,0.06136209917089427,-1.82192021956025,1.0,0.49674006156728834
2019-10-20,0.13176130285425394,0.6590988729823488,-1.8236770702867326,1.0,0.5504573042216571
2019-10-21,0.20690658337534154,0.9569032768801214,-1.418520716803013,1.0,0.5813807182015941
2019-10-22,-0.12076426092460356,0.8840959081100974,-1.3455789713191573,1.0,0.5589337463989753
2019-10-23,-0.17922791004974445,0.15934497806393597,-1.4014106442191028,1.0,0.522977158608711
2019-10-24,0.5860898806068778,0.6617001963474486,-1.3197232836987678,1.0,0.5976527240983099
2019-10-25,-0.08331185798432236,0.1896184512276374,-1.3861790234965043,1.0,0.5311406774856466
2019-10-26,-0.5861535481744514,0.23938880283680092,-1.5713065250117444,1.0,0.49352074607284513
2019-10-27,-0.5305583967904365,-0.201093174260011,-1.5028259565681235,1.0,0.4811563594008663
2019-10-28,-0.33781497170026464,-0.23956783612254995,-1.182933967191089,1.0,0.5030658764751731
2019-10-29,-0.34726859853557557,-0.4088139756096743,-1.1045458408477296,1.0,0.49799664975230085
2019-10-30,-0.3585990156343136,-0.18008213950739538,-1.0123976811561108,1.0,0.5098433871063672
2019-10-31,-0.49716366100038345,0.025923724976014886,-1.1031450850067248,1.0,0.5061644083070843
2019-11-01,0.16588999018241246,0.4754110030601473,-0.9260961297718916,1.0,0.574998253480604
2019-11-02,-0.14514786160258206,0.2937336748692371,-1.022477691446423,1.0,0.543479789297832
2019-11-03,0.033156447717397564,0.904955791570762,-1.1271286736239785,1.0,0.577345965375809
2019-11-04,0.5666589503058961,0.7364490814147067,-0.636422266830515,1.0,0.6222485661849887
2019-11-05,0.21857390258772813,0.5909824370674844,-0.7351726203929353,1.0,0.5896901077038958
2019-11-06,0.08498178399765959,0.10682320900096652,-0.6781385280434533,1.0,0.5625118017067692
2019-11-07,0.16693293919129462,-0.6401480463586317,-0.4930445667930033,1.0,0.5430212084547099
2019-11-08,0.4092088913265128,-0.33021177827789966,-0.21587727585606778,1.0,0.581325859464986
2019-11-09,0.02540753810973549,-0.16489083976258156,-0.26119647272423857,1.0,0.5611168351264002
2019-11-10,-0.5717178957082127,-1.1045248123799234,-0.7072336078165355,1.0,0.46728915284307115
2019-11-11,-0.37298766511709786,-1.094583787392772,-0.5091923261646258,1.0,0.4875534203120071
2019-11-12,0.6161835216824478,-1.2056489031233908,0.49324066945389045,1.0,0.5822848861304849
2019-11-13,2.647797313041628,-1.2715402146697512,0.6997532172987075,1.0,0.7218640858348259
2019-11-14,2.119734696455315,-1.7395608133996143,0.5324820779364056,1.0,0.6615833484699173
2019-11-15,0.2643084717153655,-1.7475271436115292,0.11048098572269331,1.0,0.5234896333213004
2019-11-16,-0.38232133594683065,-1.10846972593865,-0.3190471753341384,1.0,0.4926907665116297
2019-11-17,-0.4540649522012513,-0.9281353522851109,-0.4771135423306963,1.0,0.4901529120970137
2019-11-18,-0.15334556934501284,-1.5146597457602586,-0.07713145517201858,1.0,0.49909509079792114
2019-11-19,0.2808277631841972,-0.7554969848852051,-0.13930440560271345,1.0,0.5575993296553058
2019-11-20,0.023026951247453593,-0.4461324961846138,-0.15421069160732734,1.0,0.5528059196885604
2019-11-21,-0.1780899892181906,-0.11460318243454823,-0.09255042093504127,1.0,0.5552671874195131
2019-11-22,-0.5461926125894723,-1.2571645661425637,-0.34130597036983934,1.0,0.47482843655910045
2019-11-23,-0.5786816079005226,-0.9295207030142741,-0.427299193194413,1.0,0.48344789040788994
2019-11-24,-0.7307703333220924,-1.3719734208392256,-0.4987672590608628,1.0,0.452490843274864
2019-11-25,-0.1651483261733643,-0.9338850212378542,-0.04310858314491849,1.0,0.5236412829320345
2019-11-26,-0.2190372956161984,-1.0937320370194898,-0.14225477134710784,1.0,0.5100835197048711
2019-11-27,-0.9384324997621464,-0.768075983029194,-0.4703158048442668,1.0,0.4647574738948316
2019-11-28,-0.9585747686382559,-1.4706714501697025,-0.5954249248318798,1.0,0.42996954083931604
2019-11-29,-0.9186990539137699,-1.7849445116946414,-0.686147690363633,1.0,0.4165091187396842
2019-11-30,-0.970385151414777,-1.8506130880652287,-0.7559557278304398,1.0,0.40800025364194903
2019-12-01,-0.8945262647305683,-1.7008975517052145,-0.3196939977361611,1.0,0.4338377177723729
2019-12-02,-0.15953823207081147,-1.0429674036629426,0.6374627620028729,1.0,0.5421559014427524
2019-12-03,0.014986627461528743,-0.9206286670059914,0.6502795574114213,1.0,0.5593155659525664
2019-12-04,-0.5372783461325449,-1.6034923069571256,0.6078808554827697,1.0,0.4926319593173758
2019-12-05,-0.043355395287740794,-1.2089747472936787,0.4034771643169265,1.0,0.5351849313208116
2019-12-06,-0.3147276319596596,-0.9719340492873263,0.3760140734474165,1.0,0.5260547082639647
2019-12-07,-0.5928350093590588,-0.8983024468441173,-0.09472875552352258,1.0,0.49489077224010714
2019-12-08,-0.7317211315158229,-0.7813680130909256,-0.061203189379340495,1.0,0.4916214843741785
2019-12-09,-0.6525010775191118,-1.1943860758198095,0.20256847948216225,1.0,0.48848612432230587
2019-12-10,-0.20432459226442237,-1.2978430436995934,0.5324871677127764,1.0,0.5250511392853147
2019-12-11,0.25019217119425036,-1.0562857406543322,1.3672633227478626,1.0,0.593243016310615
2019-12-12,1.15927045456333,-1.037065099437311,1.6013608984385634,1.0,0.6624523477756196
2019-12-13,-0.2461212245695246,-0.7590260858299397,1.1577726112235727,1.0,0.56555825182657
2019-12-14,-0.6205076032966557,-0.2609084086771365,0.27978321527466116,1.0,0.532087749927831
2019-12-15,-0.6701607469247921,-0.1678628106847185,0.19599640433591936,1.0,0.5298615465710146
2019-12-16,-0.36331978135408427,-0.036638885174843046,1.1977947554296922,1.0,0.589178552875099
2019-12-17,-0.41956109801197106,-1.2880285550605937,1.1944765592875264,1.0,0.5331772889812614
2019-12-18,-0.11339522227464305,-1.4102403835107173,1.8539774345269042,1.0,0.5704795503529742
2019-12-19,1.133910532813901,-0.714809148102437,2.2110643541605994,1.0,0.6945124661553452
2019-12-20,0.9959275298001025,-1.261796853507064,1.8240779907735123,1.0,0.6496228994496629
2019-12-21,-0.3048225702150806,-1.5556881222765837,0.9446411737265256,1.0,0.5213461960150212
2019-12-22,-0.6659319515334297,-1.0550937821548587,0.3073677714382352,1.0,0.4968878880225934
2019-12-23,0.15464626236216136,-0.5876367328771608,0.34697454060789457,1.0,0.5723907049745256
2019-12-24,-0.7115157912239636,-1.4986399609575924,-0.1474374251907258,1.0,0.4602077013721452
2019-12-25,-1.1017022170875177,-1.6584665457028143,-0.8092694892858596,1.0,0.4054747631470196
2019-12-26,-0.8994284068149442,-1.5881872695337855,-0.3588590577923189,1.0,0.436901668055352
2019-12-27,-0.8910361800230053,-1.5486642864338294,-0.5285484911997369,1.0,0.4334516263570656
2019-12-28,-0.9313743671703758,-1.3927439369631607,-0.6504001518585247,1.0,0.43319737308655915
2019-12-29,-0.9711865728677687,-1.6686944089924176,-0.821668774786575,1.0,0.41333633560791216
2019-12-30,-0.8546956662143635,-1.3326236633907573,-0.060893260360143954,1.0,0.4604645275990894
2019-12-31,-1.189959918472162,-1.092336867237379,-0.1715636646568941,1.0,0.4444365138117353
2020-01-01,-1.1725395892127803,-1.5468947799895036,-0.2334216576011089,1.0,0.424596022966215
2020-01-02,-0.10994443325090185,-1.441372213882188,0.6220122947658362,1.0,0.5283469386970433
2020-01-03,-0.6834721404671621,-1.1738939308690166,0.1051821206886782,0.8705505632961241,0.46461159870002144
2020-01-04,-1.0834499821773929,-1.3587779009719403,-0.41637591941021307,1.0,0.4322750580006691
2020-01-05,-0.8992762247117674,-1.1892361029919858,0.28180292724255457,1.0,0.4748901783026346
2020-01-06,0.24545701973302203,-0.7146145880752859,0.698820993947374,1.0,0.5848822266106437
2020-01-07,0.27677354520346953,-1.0406587945843668,1.100472173426039,1.0,0.5867731923534173
2020-01-08,-0.5846864880908307,-1.380185709769022,1.3370283571051624,1.0,0.5230807747904075
2020-01-09,1.250643944468036,-0.747895196198023,1.7524632669090778,1.0,0.6856294053532541
2020-01-10,-1.0637607962958433,-1.3762736561311046,0.9098560372622244,1.0,0.4770664124835552
2020-01-11,-1.3684863794809603,-1.3223975894802988,-0.5209833089730727,1.0,0.41130156484048774
2020-01-12,-0.9032028540307645,-0.4623588419752155,-0.9640969864034216,1.0,0.4633849584355343
2020-01-13,-0.6947951299099667,-1.1189622970025712,0.12493153226026082,1.0,0.48622128003957044
2020-01-14,-0.800466549632425,-1.1728449481064873,0.08943391172878677,1.0,0.4757481542443609
2020-01-15,-0.8334916172211201,-1.2303829458070628,-0.04735581182447069,1.0,0.4665894090491487
2020-01-16,-0.5192383131521203,-0.8678327307544819,0.6963841426715173,1.0,0.5274372200974725
2020-01-17,1.178848007691257,-0.6741143962802786,1.3652310749052174,1.0,0.6710094698312462
2020-01-18,-0.7199006165206814,-0.8780335976570898,1.0977333246897012,1.0,0.5270130031525658
2020-01-19,-0.4262614384087916,-1.157101914205717,0.9317118418779425,1.0,0.5294270524101071
2020-01-20,-0.19761634944990045,-1.1650249162373536,1.9250502634190616,1.0,0.5774512139740856
2020-01-21,1.0235797394268835,-1.2912423742421615,2.310877537475189,1.0,0.6664661349508753
2020-01-22,-0.00042848168819438985,-0.832404630642231,2.269716281917084,1.0,0.6159451176745969
2020-01-23,-0.4647072694909338,-0.6071477549001258,1.4919230212469707,1.0,0.5684524596213316
2020-01-24,-0.9250905694768796,-0.9368634244495443,0.507873380485924,1.0,0.4912204320323411
2020-01-25,-1.162414727883194,-1.207871097378163,-0.5665184284068839,1.0,0.42829377480346753
2020-01-26,-1.0156489857639623,-1.0823974668954957,-0.39954822060656775,1.0,0.4488718991415379
2020-01-27,-0.24408749739018343,0.1522553284922475,0.38968577668023907,1.0,0.5780609980838394
2020-01-28,-0.6811076589912005,-0.5211222130262259,0.5771799987145679,1.0,0.5271187304816461
2020-01-29,0.1866056869513388,0.40243722961172285,0.5501157942176194,1.0,0.6225457901711651
2020-01-30,0.6894738315472625,0.14837742483868968,0.9855909572377338,1.0,0.6600003467126875
2020-01-31,-0.4913956793613063,-0.20299582200451424,0.540444357800395,1.0,0.5517969407190714
2020-02-01,-0.9191199817926915,-0.8135440906611997,-0.9351436634552488,1.0,0.448656208654429
2020-02-02,-1.0603208581934904,-0.9843875288168165,-1.0127729241272316,1.0,0.4295366982821589
2020-02-03,-1.0049843737662492,0.18156268710303394,-0.6386538044608875,1.0,0.4942776935628469
2020-02-04,-1.0398241849413867,-0.9042305120271927,-0.7994347750056432,1.0,0.44135429050258645
2020-02-05,-0.6898468363050576,-0.4632357915298892,0.16869744023482527,1.0,0.5153319676070783
2020-02-06,-0.7313233512255304,-0.14170984036615594,0.08211089377722317,1.0,0.5230775630289489
2020-02-07,-0.4340372228156833,-0.3319914263752388,0.29535401756278357,1.0,0.5420763429654123
2020-02-08,-0.5406596358557366,1.3432084510045355,0.18372629326670162,1.0,0.6010472528436966
2020-02-09,-0.797212297162013,-0.04915688127847066,-0.5933426756285021,1.0,0.5000262209483128
2020-02-10,-0.6750202477898519,0.037602596115898695,-0.15170671166847538,1.0,0.5265085345965566
2020-02-11,-0.8281531694057471,-0.2003154572254575,-0.26653344951533636,1.0,0.5025588630047116
2020-02-12,-0.8802010832629139,-0.6855619309773169,0.21961100387823815,1.0,0.4950752141210255
2020-02-13,-0.8229280082348372,-0.13630449759553825,0.1786534812736624,1.0,0.5204138947603189
2020-02-14,-0.059438935473781915,-0.3854429419797425,1.0484768227516692,1.0,0.5899265091443142
2020-02-15,-0.2996670738071381,0.8457864658490227,1.1177611828591567,1.0,0.6275220039185386
2020-02-16,-0.9589439809123611,-1.020951926280321,-0.07522687260777834,1.0,0.4660231752572366
2020-02-17,-1.0209328832604578,-0.998010359638541,-0.29022990228374984,1.0,0.45567971272157193
2020-02-18,-0.8640147942608601,-0.8269406284741716,-0.5119527096681137,1.0,0.46587806387391506
2020-02-19,-0.3805346519137381,-0.45979986226358877,-0.22751556173588844,1.0,0.5228888435535717
2020-02-20,-0.3691311405447376,0.10700866138464107,0.9180054798418263,1.0,0.5854501341827718
2020-02-21,1.9759417233900785,1.1066270673358127,1.7294872299573993,1.0,0.8104884836969107
2020-02-22,-0.11468579308711985,1.1811605036877497,0.358549776200447,1.0,0.6285209606545299
2020-02-23,-0.8558309664616387,-0.25612712548678074,-1.3077999980371353,1.0,0.4636793054060371
2020-02-24,-0.5635924151124942,-0.09318907736751063,-0.3438333837340892,1.0,0.5220831813110511
2020-02-25,-0.9077013136469194,-0.4299918891959291,-0.7351397751110853,1.0,0.4720655912033388
2020-02-26,-0.7760723739619072,0.2862132994259892,-0.4320093125762632,1.0,0.5207870854594137
2020-02-27,-0.3297296489186211,1.029798493252949,0.5728591571785523,1.0,0.6150215991969166
2020-02-28,-0.2683202962166308,-0.59338572054896,0.7027696455665656,1.0,0.5558132300815701
2020-02-29,-0.8727787720970616,-1.4625210955051033,-0.04195958413326984,1.0,0.45447771674304094
2020-03-01,-0.8258841363166275,2.262583636161072,-0.9825268473919957,1.0,0.581464480839203
2020-03-02,-0.35107681654613815,1.924774083068573,-0.6417321442652467,1.0,0.6104027275492732
2020-03-03,-0.3927120138682095,2.10296802682116,-1.1947176839112736,1.0,0.5966189440626253
2020-03-04,-0.607438058330222,0.16227130096936324,-1.0716920515680592,1.0,0.5055423652661066
2020-03-05,0.37098753872663026,0.2896489051072638,-0.7565891594943343,1.0,0.5865815683114336
2020-03-06,0.2261267342120993,2.547551879871904,-0.500008558737365,1.0,0.6795561586508905
2020-03-07,-0.13868481095080595,2.327186599013259,-0.4836174630000707,1.0,0.6465998721288297
2020-03-08,-0.6832825804981225,0.3704633827544776,-1.397432167925514,1.0,0.49830272998404457
2020-03-09,0.11578403169052078,1.5378833090243125,-0.9967665884395462,1.0,0.6135718537073962
2020-03-10,-0.012375680106628692,0.24323805685358418,-1.66532971681257,1.0,0.5287988831347051
2020-03-11,0.1036003442687305,0.3376678851384538,-1.4790530302466407,1.0,0.5466744171571296
2020-03-12,0.5035774058207062,0.7606121267279408,-1.1608388192453913,1.0,0.6015693716935315
2020-03-13,-0.757302957651395,0.21961695609354515,-1.6309465005364459,1.0,0.4792989593092566
2020-03-14,-0.6793970905768586,-0.1730856601093173,-1.849476073959497,1.0,0.46084575565833796
2020-03-15,-0.41252346477699,-0.3574631325500702,-1.78185286553085,1.0,0.4732090429742528
2020-03-16,1.1499538278693986,-0.35051514588060323,-0.5530165356626225,1.0,0.6186249062575141
2020-03-17,-0.13087650167275924,-0.029729261582227138,-0.9411440673368019,1.0,0.5336647117446632
2020-03-18,-0.48962675365990455,-0.5519417730583934,-1.1936155830758692,1.0,0.479573456442711
2020-03-19,-0.9947143675982124,0.00393343592947431,-1.4414733185774764,1.0,0.4608004913712648
2020-03-20,-0.9334265742499801,0.7087979861304761,-1.6806862618143654,1.0,0.4862819357449589
2020-03-21,-0.9717261408693922,-0.2893444153142704,-1.8225229337257065,1.0,0.437411475513089
2020-03-22,-1.0795646308516336,-1.1754130763879822,-1.7355914493355507,1.0,0.3962004314492068
2020-03-23,-0.9205293642479419,0.34855958084006533,-0.7194312016512429,1.0,0.5041736515300985
2020-03-24,-0.9635529417477869,-0.36141966699289624,-1.156572294044876,1.0,0.45715157462394773
2020-03-25,-0.7891087810272484,0.5119295057152168,-1.243637697019567,1.0,0.502268554102332
2020-03-26,-0.8675439498288696,-0.28768974786795304,-1.5689504863685,1.0,0.4528783143046273
2020-03-27,-1.2658862894977636,0.43597968452129005,-1.9671993332063564,1.0,0.4432000897816576
2020-03-28,-1.5007880804950084,-1.4229749259214073,-2.1903703262999095,1.0,0.34264449517694384
2020-03-29,-1.3491131406752654,-1.1193319224406606,-2.155518978469759,1.0,0.36656966123762946
2020-03-30,-1.0169664829281069,-1.2028839982976638,-1.8800698359193988,1.0,0.3944130733450769
2020-03-31,-0.9837842860863384,-0.6903485148362641,-1.7490391654700363,1.0,0.4223485539603985
2020-04-01,-1.06144496726104,2.227635213881052,-1.3198554167658323,1.0,0.5530599555354467
2020-04-02,0.06006998769479099,1.0198747235713528,-1.4646378975664656,1.0,0.5726781827429103
2020-04-03,-0.8289333361553692,-0.1238312334352908,-1.7138849442768211,1.0,0.45744864472061086
2020-04-04,-1.2229802711150373,-1.028008314867876,-2.000190300799096,1.0,0.3839612921128661
2020-04-05,-1.1692559403375105,-0.6111286866472418,-2.2032792617628525,1.0,0.39814326664176913
2020-04-06,-0.7820597837792913,1.5076930200079597,-1.9621914345776978,1.0,0.5202768424291223
2020-04-07,-0.7652893654989964,0.7922564417531124,-1.7604405797904952,1.0,0.4983100413800967
2020-04-08,-0.4999525543117105,2.3602156787954485,-1.6316454428941507,1.0,0.5856239682325579
2020-04-09,-0.6961004059385233,0.7139437118525762,-1.605983036155865,1.0,0.504808193059427
2020-04-10,-0.8300276917237867,-0.5227933035382352,-1.5164338214791777,0.8705505632961241,0.4279165566827672
2020-04-11,-0.8971175729804629,-1.559294706356291,-1.3926977672244714,0.7578582832551991,0.3674770326172545
2020-04-12,-0.7647780414317865,-1.548858888266119,-1.948808708561828,0.6597539553864472,0.34348181324936544
2020-04-13,-0.5436797906127968,-0.2992546087471988,-1.3123570894409624,0.5743491774985175,0.41869287890475915
2020-04-14,-0.30020179272659425,0.07672347178038504,-1.3237748289384161,0.5,0.4390575308444626
2020-04-15,-0.0873922302268051,0.9338820346058196,-0.8283165469744,0.4352752816480621,0.4957663434415181
2020-04-16,0.5216337213290628,1.0766175253478136,-0.9263550606283565,0.37892914162759955,0.5305955142012911
2020-04-17,-0.14649927613202135,1.3432186658871015,-0.9193610140388894,0.3298769776932236,0.49003700552251506
2020-04-18,-1.0521789404967519,0.3387235850530559,-1.190469102820757,0.3298769776932236,0.3787674632373855
2020-04-19,-0.898766384924847,0.4106188728180124,-1.5459268226468423,0.37892914162759955,0.38749983786167264
2020-04-20,-0.21625111991729562,0.2542376594831293,-1.3186548315543947,0.4352752816480621,0.4425126256793735
2020-04-21,-0.04179052653665633,-0.031042998809014656,-1.3054030159990604,0.5,0.452407072747212
2020-04-22,-0.19336978126752963,-0.9006873287481216,-0.9225376324554531,0.5743491774985175,0.4299811647605889
2020-04-23,-0.5332758169846238,-1.0908994808667511,-1.1890450147493705,0.6597539553864472,0.4033223933145652
2020-04-24,-0.712592365062527,-1.1548139373891704,-1.2157507055573795,0.7578582832551991,0.40253031390765
2020-04-25,-0.8124346682652106,-0.5160623744655097,-1.5111141771525178,0.8705505632961241,0.42954720176892436
2020-04-26,-0.6414017870536439,-1.0360806835788807,-1.551310816166049,1.0,0.4373594918417687
2020-04-27,-0.16200623874974435,-0.6820986998851463,-0.9477099826150981,1.0,0.5041884721676326
2020-04-28,-0.16689632851829278,0.07230882134987066,-1.1404974455064163,1.0,0.5288698641381445
2020-04-29,-0.5845256068192352,1.0309373117897478,-1.2468383944168462,1.0,0.5374260677227289
2020-04-30,-0.7107444748102258,0.9740422080448646,-1.1664311225586805,1.0,0.5293210895958983
2020-05-01,-0.8232082577749066,0.4216637536391367,-1.2884356879761873,1.0,0.49474091628409733
2020-05-02,-0.9443731104887203,1.0523301719346836,-1.481979066978314,1.0,0.5064895808987534
2020-05-03,-0.2913127960444626,1.9667535996645151,-1.4173818004892362,1.0,0.5902811535667495
2020-05-04,-0.1048744357175038,2.742208967217598,-1.1702963622993425,1.0,0.6432571991762549
2020-05-05,0.02051194391625932,1.6452521185974605,-1.046602521624092,1.0,0.6100328838151751
2020-05-06,0.38211884151599984,1.5376663770303478,-0.8196275444365344,0.8705505632961241,0.6178056881571987
2020-05-07,0.44644650686533305,-0.20007417371012284,-0.9500353724049884,0.7578582832551991,0.5284375732945474
2020-05-08,-0.5918384365465313,1.0455283417677437,-0.8233394210514483,0.6597539553864472,0.500626231076806
2020-05-09,-0.5562451161346833,0.6865420821090734,-0.8854906272987467,0.5743491774985175,0.47315893472705195
2020-05-10,-0.38044845787425624,2.7045576380971004,-1.0063267904145972,0.5,0.5537824447152755
2020-05-11,-0.45612575360461444,0.21215234086800208,-0.6096120410535494,0.4352752816480621,0.44840218817461686
2020-05-12,-0.3192495485186551,-0.6500002709524936,-0.6188568934762806,0.37892914162759955,0.4128441602706664
2020-05-13,-0.02226737794959528,-0.4724464958242353,-0.8458657674118446,0.3298769776932236,0.4251162585509392
2020-05-14,-0.7421787785309152,-0.3112329611890784,-0.8540375179082403,0.2871745887492588,0.37716164576384154
2020-05-15,0.7822600532451249,2.1347572230896077,-0.026520060334858927,0.25,0.6027148858339133
2020-05-16,0.08527795864934327,0.8002736724609841,-0.25074150163383885,0.21763764082403103,0.48831752966497394
2020-05-17,-0.8011703204625199,-0.9777409785412107,-0.7680229930896445,0.1894645708137998,0.3336683570490301
2020-05-18,-0.4952831866918667,2.3868619031915475,-0.4487949527294979,0.16493848884661183,0.5012146417561986
2020-05-19,-0.6240847319274467,3.329689796593481,-0.6513728909075465,0.14358729437462942,0.5082200156641131
2020-05-20,-0.779802318147696,1.7790071313144769,-0.7978020999431749,0.12500000000000003,0.4392950725968176
2020-05-21,-0.4340033756404955,0.6755027091165392,-0.8526740615287702,0.10881882041201553,0.41211274218133276
2020-05-22,-0.17743163724634514,0.8052323799528114,-0.4996137377718412,0.09473228540689989,0.4442786249002511
2020-05-23,1.145745112527454,1.7366349654803594,-0.163961550143295,0.0824692444233059,0.580647799388898
2020-05-24,0.8375298587341745,1.3211038773475552,-0.039177779235198204,0.0717936471873147,0.5453444399086838
2020-05-25,2.109199332823473,1.9974213652366337,0.9343338650951227,0.0625,0.6893586412429288
2020-05-26,1.992001628651887,1.4723338764082332,3.1818367521814537,0.054409410206007765,0.7273087649580368
2020-05-27,3.063606082121988,1.2665014644054045,2.837775537697549,0.047366142703449944,0.7794683336789943
2020-05-28,4.570956057345772,1.9809433060615167,2.7702818702934078,0.04123462221165295,0.8060672267607581
2020-05-29,3.438258372253745,3.1797656174677225,2.5771426255235523,0.03589682359365736,0.8412892777231671
2020-05-30,0.325667986812592,1.5061284970898239,1.0760477596933615,0.03125,0.5500223118226941
2020-05-31,-0.9579675962080598,-0.8319623577990822,-0.19555398739600854,0.027204705103003893,0.32403263486341793
2020-06-01,-0.3953080780997715,1.5070048481593128,0.016113230971386762,0.02368307135172497,0.4655275652017915
2020-06-02,3.6520845651672857,2.1314597599192817,2.3616707790532367,0.020617311105826482,0.7956257792976186
2020-06-03,5.0,4.628071425063362,3.8118390666350916,0.017948411796828663,0.8526922617695244
2020-06-04,4.083759059686368,3.182520200826908,3.9597369659925796,0.015625000000000007,0.8523437500000001
2020-06-05,2.3890263659990265,0.4405777130959878,3.478426183863328,0.013602352551501933,0.7046661819949933
2020-06-06,0.9524653808954419,0.9288136799791582,2.872525126617341,0.01184153567586249,0.6247253299641186
2020-06-07,-0.20567938684778436,-0.2525270313288363,1.633221748690091,0.01030865555291324,0.45675310452738627
2020-06-08,1.032158314960291,-0.4638487412522438,2.5725030273696814,0.008974205898414338,0.5615797552422608
2020-06-09,3.0866670354631007,1.1581306118037973,3.727523561602942,0.007812500000000002,0.7744273171584917
2020-06-10,1.0675068240053707,-0.5729592436287861,3.6957267333415236,0.0068011762757509715,0.5733139962238547
2020-06-11,0.17586700248245934,-1.0202064134501285,2.277609923395041,0.005920767837931244,0.4710243122272664
2020-06-12,-0.0019047645963809984,-1.0123172495397386,1.7418110593226657,0.00515432777645662,0.4415266481066429
2020-06-13,-0.5609615187843092,-0.9754140062245126,0.7616681119734503,0.004487102949207169,0.37302231766318744
2020-06-14,-0.6669714714263526,-0.43077655020157546,-0.3620890184955121,0.003906250000000001,0.35110251586332714
2020-06-15,-0.2982171659164305,-0.08728465706866745,0.4602500318147591,0.0034005881378754853,0.4173337508422168
2020-06-16,-0.13307957982325097,-0.20993966971526354,0.962972335631677,0.0029603839189656215,0.4399236772158813
2020-06-17,-0.14212282681786825,0.02939218617529209,1.0776242448383937,0.0034005881378754853,0.4531807156847405
2020-06-18,-0.03196327258765022,-0.3309841127608052,1.657012186545438,0.003906250000000001,0.46489778751397104
2020-06-19,0.09234652981559476,-0.7006461957336627,1.9838540370608642,0.004487102949207169,0.4687643771765469
2020-06-20,-0.1987472434527627,-0.4907154393267533,1.5480330693303734,0.00515432777645662,0.44367795860868203
2020-06-21,-0.2912934878060314,-0.9984931899993426,1.7295498358160124,0.005920767837931244,0.4225163275991821
2020-06-22,0.9361421465405805,-0.9061598854825355,2.5097097892829328,0.0068011762757509715,0.5343299839583935
2020-06-23,0.7729319304925228,-0.3286410711980369,2.1757474565490296,0.007812500000000002,0.5365322076178843
2020-06-24,-0.02575853532070528,-1.1118915112182663,1.5996989812792717,0.008974205898414338,0.4316233816052631
2020-06-25,-0.12980507454095125,-1.1674845612725668,1.545439045641775,0.01030865555291324,0.4207620714985758
2020-06-26,0.6335487996068497,-0.5128937184636733,1.6775075610815866,0.01184153567586249,0.5035591640919026
2020-06-27,0.9511854768031806,0.8360679624282554,1.4815607776585942,0.013602352551501933,0.5746742423594011
2020-06-28,0.3998681804147433,-0.09013071633196199,1.8102336978630635,0.015625000000000007,0.5105873054425866
2020-06-29,3.5055132821868056,0.9632393127403,2.4192232054717366,0.017948411796828663,0.7484680066494281
2020-06-30,-0.16608517156383815,0.3650196544445994,1.5944340254716318,0.020617311105826482,0.48537720501253084
2020-07-01,0.853551093380253,0.08625155175674168,1.9876664625951321,0.02368307135172497,0.5553052303378109
2020-07-02,1.5380369970646,-0.17580837092465693,2.2983107572102592,0.027204705103003893,0.6009015153549053
2020-07-03,1.2725699355420326,-0.23257037781875642,2.286681165776337,0.03125,0.5810577688195652
2020-07-04,0.3430790835801461,-0.1572447068489837,1.7406418102942596,0.03589682359365736,0.5047259933354926
2020-07-05,1.1746156799291954,-0.1370118082743979,1.983314880216469,0.04123462221165295,0.5698945759894766
2020-07-06,1.7885885330556386,-1.0479436030455764,2.4467793699438762,0.047366142703449944,0.5892391524804569
2020-07-07,1.3388833732070713,-0.7904929384258061,2.0708447846887763,0.054409410206007765,0.5585112567999233
2020-07-08,2.4497775310951826,-0.8723664034211563,2.1429959815801194,0.0625,0.6327781013164681
2020-07-09,1.3233896256873061,0.9887772420652284,2.2803693743758275,0.0717936471873147,0.6412063863558297
2020-07-10,0.9236783498821078,-0.5685948968161044,1.6377892670220031,0.0824692444233059,0.5298504648556989
2020-07-11,1.2231604779462313,-0.2429398690866083,1.1834839812329645,0.09473228540689989,0.5500808461699406
2020-07-12,0.4393721944432975,-0.2538075925482571,0.8839364650039929,0.10881882041201553,0.48950353516864464
2020-07-13,0.40598701755308864,-0.9890155644248768,1.3924282760071545,0.12500000000000003,0.47602109518607455
2020-07-14,0.6368900359584709,-0.7734797712600047,1.472328664488994,0.14358729437462942,0.5058467282338922
2020-07-15,1.3824146111259163,-1.0645705807644026,1.5393260677875809,0.16493848884661183,0.5488555087964555
2020-07-16,0.5777037579588814,-0.4908594677642003,1.2900555972266743,0.1894645708137998,0.5144826449033763
2020-07-17,1.7843408065213855,0.11739265968832084,1.680363847408216,0.21763764082403103,0.6375051889589843
2020-07-18,1.1076167545917113,-0.025601858743935828,1.667720383050814,0.25,0.5908650522934772
2020-07-19,2.6583753803117722,0.02192109016543391,1.5163642468568896,0.2871745887492588,0.6967600673186297
2020-07-20,4.137746108527485,0.5099110224306551,1.858689594532108,0.3298769776932236,0.7576841590729978
2020-07-21,0.8440370915051183,-0.4019251487214035,1.6535449130492434,0.37892914162759955,0.5764797932493975
2020-07-22,0.8265699536316092,-1.0072395083574255,1.4346770276116074,0.4352752816480621,0.5512502105614775
2020-07-23,0.04697210067574056,-1.0551593785998197,1.2720302325021886,0.5,0.5015675070201299
2020-07-24,0.2804084822760489,-1.2097847567839022,0.9814892882757834,0.5743491774985175,0.5121548868530444
2020-07-25,0.32100490485344707,-0.9678260108603726,1.1678277038711402,0.6597539553864472,0.5439649266413861
2020-07-26,0.7518192243377048,-1.0369781409115089,1.4346910168414269,0.7578582832551991,0.5934156354675282
2020-07-27,1.9989705985125872,-0.9578543243684667,1.585335282390502,0.8705505632961241,0.7017812036262552
2020-07-28,0.747255248670012,-1.2264575638317907,1.3965580980952668,1.0,0.6202665546881851
2020-07-29,1.200974007864212,-1.178942623065512,1.4037150134355678,1.0,0.6527328250110701
2020-07-30,0.4851533474927093,-1.008440981153967,1.0796125290438088,1.0,0.6013122665862257
2020-07-31,-0.6863753848883439,-1.360249280515152,0.38453705059575843,1.0,0.48538248933917105
2020-08-01,-0.2619209744831668,-0.4808550268905714,0.29628253789422426,1.0,0.5473790601771559
2020-08-02,0.06709134424897235,-0.4695753265813965,0.4526925400338505,1.0,0.5749968690101683
2020-08-03,-0.09795782428292502,-1.1677166059941633,0.5070899415677053,1.0,0.536717617850305
2020-08-04,-0.47130458085323124,-0.7626360522925091,-0.15012994298499024,1.0,0.5067988609980971
2020-08-05,-0.06350678968710627,-0.4715087618243302,0.20719789612824507,1.0,0.5580266121491206
2020-08-06,0.11685603625533826,0.056103463643066245,0.12364564613570309,1.0,0.5892495682733404
2020-08-07,0.14896930512013257,0.701882811530105,0.22698839755920497,1.0,0.6217426840737367
2020-08-08,-0.1032504759660733,0.5452436419430806,0.241845843564067,1.0,0.598896648135359
2020-08-09,0.3194880847187556,0.2710254141007504,0.7793810377812858,1.0,0.6335712991614911
2020-08-10,0.9797922493746111,-0.5756801626649259,1.311057366713497,1.0,0.6600347220710521
2020-08-11,1.0600808932357193,-0.6821627839320724,1.1619826078265203,1.0,0.6559813638127623
2020-08-12,0.5848631906022712,-0.6282465720189332,0.9175257509566688,1.0,0.6183981305712515
2020-08-13,0.04426531397481179,-0.8582680866786484,0.6503188439801875,1.0,0.5638671454527167
2020-08-14,-0.019013247367842743,-0.9526823806049514,0.655316429742565,0.8705505632961241,0.5364638164694416
2020-08-15,-0.39646304681443995,0.35463066341366534,-0.16804687186147796,0.7578582832551991,0.5214225879475041
2020-08-16,-0.46918024764256633,1.162454191088981,-0.8726759907875068,0.6597539553864472,0.5120308017342534
2020-08-17,0.3212821639073485,0.8937459292117343,0.01434374700442234,0.5743491774985175,0.5702887261692372
2020-08-18,0.01704130959225204,0.5378912623448692,-0.141233334864293,0.5,0.5188404454083766
2020-08-19,-0.5089453478910979,0.5439719441452697,-0.34432188642395356,0.4352752816480621,0.46754970384639055
2020-08-20,0.16069657716534624,1.34360131903425,-0.12431791115033328,0.37892914162759955,0.5443919343099124
2020-08-21,0.3786214323219565,1.1541537404698594,0.15855883582930372,0.3298769776932236,0.5530980091893349
2020-08-22,0.02726909430247995,0.5660676688993924,0.042322620645070176,0.2871745887492588,0.4948910348248645
2020-08-23,0.44316524973390065,1.3126628733377306,0.3010910831793279,0.25,0.5567750058106431
2020-08-24,1.4890037701653254,1.0815571818823007,1.3384710558839892,0.21763764082403103,0.6465931485758551
2020-08-25,4.478007779184413,2.4445694860754146,1.2052752836362965,0.1894645708137998,0.7954525903297555
2020-08-26,0.7071336667641701,0.6101713855766924,0.5892123633942332,0.16493848884661183,0.5419472376234398
2020-08-27,1.4213436977329863,-0.2856819613742382,1.3027373484602944,0.14358729437462942,0.5728155038964767
2020-08-28,0.3293359466738024,-0.10170147331755672,0.7611203043783668,0.12500000000000003,0.48683884520263426
2020-08-29,-0.4728177872745444,1.0351361984185037,-0.49853514137552174,0.10881882041201553,0.43631447413175295
2020-08-30,-0.9272306087181428,2.7585756098239282,-1.3514446066244123,0.09473228540689989,0.4472869657516754
2020-08-31,-1.2222608725254311,2.001564453123801,-2.041966393237367,0.0824692444233059,0.37121930093404665
2020-09-01,0.15495956006283393,1.5844889380172935,-0.8181726853217656,0.0824692444233059,0.4864489735743465
2020-09-02,0.4191491216797391,1.1916308629626706,0.11027112037669018,0.09473228540689989,0.5204801075590185
2020-09-03,0.7872238533042085,2.275636830248388,0.28132437017312933,0.10881882041201553,0.5980000935482034
2020-09-04,-0.13175651452129197,1.9615132851929193,-0.44816936088903464,0.12500000000000003,0.5017569738853177
2020-09-05,-1.0912217088614853,1.2707016322947036,-1.5506903410262585,0.14358729437462942,0.3750462035434994
2020-09-06,-0.9475720008132056,1.0623460794238935,-1.849520852856138,0.16493848884661183,0.36918303148690235
2020-09-07,-0.596692735480442,0.41315981798590573,-1.3889563800249798,0.1894645708137998,0.3845566163386206
2020-09-08,0.3246205067108063,0.5942555358514873,-0.18613203224630256,0.21763764082403103,0.49784325948992697
2020-09-09,-0.2674545807432424,1.517470864065184,-0.508621394015277,0.25,0.4909436008193239
2020-09-10,0.4872213392683434,0.5468860284339648,-0.48572244689892075,0.2871745887492588,0.5071537805517297
2020-09-11,-0.029838969821955347,1.5234595697362456,-1.0208145142215652,0.3298769776932236,0.5019426135974779
2020-09-12,-0.7181126067164282,2.2027294150846304,-2.137665721299427,0.37892914162759955,0.45449006571492345
2020-09-13,0.49771243901686146,4.09331291708134,-1.958541026156846,0.4352752816480621,0.5831874206431052
2020-09-14,2.3001329547527183,3.943236212720835,-1.8850491073295872,0.5,0.7155072267391951
2020-09-15,-0.5861873983889502,2.3276445785335835,-2.437494662380375,0.5743491774985175,0.4878085854250678
2020-09-16,-0.2764034360302477,1.5261134987295244,-2.302469848096257,0.6597539553864472,0.4923752650831389
2020-09-17,-1.2513973765109818,0.6854746096986543,-2.305811620627123,0.7578582832551991,0.4069533054374209
2020-09-18,-1.524533315775033,0.7176995168867253,-2.376869578317951,0.8705505632961241,0.4046221907024316
2020-09-19,-1.6196046735776086,2.352494438423648,-2.7753568702052513,1.0,0.472535061022303
2020-09-20,-1.5652494935357197,2.3849745829931126,-2.926524643079436,1.0,0.47247315328635053
2020-09-21,-1.3653147084244164,0.756672204552467,-2.3558061566099675,1.0,0.4369801560743928
2020-09-22,-1.3411630545690558,0.585813954668191,-2.1788332786702953,1.0,0.4373702685175611
2020-09-23,-0.6260561536736641,1.6205879428608605,-1.8074880604081918,1.0,0.5405378186940185
2020-09-24,-1.0906708273383845,0.18229718975842393,-1.8223406231756218,1.0,0.4491396403115213
2020-09-25,-1.1403860015506293,-0.3224718748892311,-1.685461760419637,1.0,0.4293558797622522
2020-09-26,-0.8526560291214509,1.0837424683583219,-1.849285401711816,1.0,0.5016693541831062
2020-09-27,-0.6626082431344661,1.4431509403645024,-1.6420337191781547,1.0,0.5362229490002847
2020-09-28,-0.13049480532140437,1.6480932828818653,-1.117858017138404,1.0,0.597708965860704
2020-09-29,-0.8517944336740124,0.7073348446616448,-1.3617232660350942,0.8705505632961241,0.4828777985758832
2020-09-30,-1.2585044786321145,-0.3818212159334881,-1.6167510078456642,1.0,0.42129878383244157
2020-10-01,-0.8521498957961207,1.3223468566795178,-1.7489456159849477,1.0,0.5149896054424069
2020-10-02,-1.2168805185752887,1.5751076543378715,-1.779866406731952,1.0,0.5001752374679936
2020-10-03,-1.1534190724962454,1.1126940371334078,-1.9202470295086627,1.0,0.4804594123971868
2020-10-04,-0.9678103113905309,0.4424595597086457,-1.9455331320320113,1.0,0.4640640231607578
2020-10-05,-0.7568153483276832,1.6283960437463902,-1.5697822599120486,1.0,0.5400694032705191
2020-10-06,-0.6990810406532687,0.7198879003351826,-1.4890071812547179,1.0,0.5087563537619242
2020-10-07,-0.07442605485432163,1.3539738167627102,-1.2909489701686043,1.0,0.5834222063692047
2020-10-08,-0.32579081113100533,1.385378578361065,-1.3558171389866158,1.0,0.5658108153900901
2020-10-09,-0.9685497147228083,0.9681723971740441,-1.497083790808082,1.0,0.500867742540462
2020-10-10,-0.7133278636988847,1.0927638572909835,-1.5552938846621405,1.0,0.5211335069851274
2020-10-11,-0.5441255767725988,1.500721406991899,-1.5492057098101293,1.0,0.5496148298461516
2020-10-12,-0.22062752794461754,1.3140482762442771,-1.1660919563987402,1.0,0.5761737777672457
2020-10-13,-0.22201260491171113,0.2697287190734977,-1.24445377798518,1.0,0.529956063701109
2020-10-14,-0.5432614929918713,0.36750119135003706,-1.1988122557381262,1.0,0.5141347082488559
2020-10-15,-0.022689864580581826,0.7949548660224492,-1.1481753305439357,1.0,0.5683379507607653
2020-10-16,-0.2088788796374875,0.7086971091514083,-1.2185813823348177,1.0,0.5499844081609823
2020-10-17,-0.5452978831766819,0.9411196322750103,-1.3514733397282142,1.0,0.5328110144754062
2020-10-18,-0.6025146229662286,0.513117085978723,-1.4008517149496567,1.0,0.5095171798863763
2020-10-19,-0.03154223149220977,0.872427690929641,-1.0249149709416638,0.8705505632961241,0.5556670904856176
2020-10-20,0.4171087659403717,2.2479349642276754,-0.9460619048257729,1.0,0.6649358110779855
2020-10-21,1.0704369143134345,2.0932604961207377,-0.8513622993474523,1.0,0.7052029049810113
2020-10-22,1.0243774837198087,1.79296311711406,-0.7324323282907391,1.0,0.6935842178513818
2020-10-23,-0.12485995052936028,1.883606746637385,-0.8349977543761871,1.0,0.6173263592620608
2020-10-24,-0.4973281717550091,0.8084791678829943,-1.055176156507865,1.0,0.5403588819945286
2020-10-25,-0.4794205802824205,-0.427559520012584,-1.1508889256555863,1.0,0.4868606837921281
2020-10-26,-0.03320476902153628,-0.2285585339105319,-0.7931055351063521,1.0,0.5368262253154137
2020-10-27,-0.1523923339808884,-0.26675328287802724,-0.8128898597895878,1.0,0.52662946228837
2020-10-28,-0.04055028500655946,-1.088565837127629,-0.7974855747385475,1.0,0.5003568852946266
2020-10-29,-0.251635582857334,-1.3752370202722501,-0.6743307295761592,1.0,0.478445060978962
2020-10-30,0.15088884565785687,-1.8253778890764472,-0.7543524708481608,0.8705505632961241,0.4644393464651518
2020-10-31,-0.3421708117772414,-2.009293474513666,-0.819851629974914,0.7578582832551991,0.4048184059325639
2020-11-01,-0.30604710468274976,-1.5874416631290935,-0.8168901718521071,0.6597539553864472,0.41018687797033465
2020-11-02,3.267399199145887,-0.817718482555559,-0.22080492454109518,0.5743491774985175,0.6697206090335928
2020-11-03,0.5437550280363221,-1.4706005051212936,-0.29008695452577504,0.5743491774985175,0.4764581256296194
2020-11-04,-0.09292723691454534,-1.4572899288843717,-0.6213467936096552,0.6597539553864472,0.43633597068982677
2020-11-05,-0.23740127809659226,-1.7952482466891997,-0.7349612388926822,0.7578582832551991,0.42355127237336765
2020-11-06,-0.5663084566095506,-1.5108490814526696,-0.8195513345836805,0.8705505632961241,0.42755826450713136
2020-11-07,-0.7951569009447244,-1.410824086738567,-0.9490161645950642,1.0,0.4315713308364093
2020-11-08,-0.8811091245723736,-1.4538062572438408,-0.997427768694868,1.0,0.4224365386868528
2020-11-09,-0.5626539460760712,-1.5210484106814826,-0.49734675143187385,1.0,0.45753449476880437
2020-11-10,-0.6202824861729416,-0.7850862253447173,-0.4316650461480558,1.0,0.4865470733275056
2020-11-11,0.5630776664360516,-0.9128094865374812,-0.42262934909705296,1.0,0.5604171375201067
2020-11-12,-0.18342732167905657,-1.1086214502269849,-0.4564570046259881,1.0,0.5013637179744056
2020-11-13,-0.1126411908885033,-1.1014044926486237,-0.526067990637568,1.0,0.5040631337258216
2020-11-14,-0.5569213795744243,-1.375900231442988,-0.6080575301455279,1.0,0.4602741473800629
2020-11-15,-0.5988279533177839,-0.9209691626243816,-0.7171165671519224,1.0,0.47280053576440106
2020-11-16,0.27795188643150054,-1.374216708552189,-0.1859349599502659,1.0,0.53007326424075
2020-11-17,0.28170940975181336,-1.443561412727669,0.2341761836581576,1.0,0.5414381079084066
2020-11-18,0.6845147629157706,-0.9816670130599653,0.33702998395886863,1.0,0.5909658581155152
2020-11-19,1.6393021496744886,-0.32366262767528126,0.33958965112077616,1.0,0.6821205221958552
2020-11-20,-0.14052886892128302,0.6541638524895902,-0.11678777450248064,1.0,0.588995310108898
2020-11-21,-0.556462614423806,0.18659676878243694,-0.6347912406245727,1.0,0.5245176497168621
2020-11-22,-0.39017729259784006,-0.5490836316162901,-0.5463431312009634,1.0,0.5078982581360998
2020-11-23,0.5425491198932588,0.27454282926959506,0.1492691004030475,1.0,0.6275848625592186
2020-11-24,0.7831601955161855,-0.018474482814804495,0.22521540544211807,1.0,0.6339480897651995
2020-11-25,-0.6852285313701678,-0.8571107476868528,0.15946024544837076,1.0,0.49892049160331564
2020-11-26,-1.1620537533383153,-0.9042701852603546,-0.3397713583324003,1.0,0.4485261134471842
2020-11-27,-1.108646232325178,-0.5924685818540444,-0.8770202172166033,1.0,0.4471700530271828
2020-11-28,-1.2495672609732789,0.004825310025343817,-0.6642388869275956,1.0,0.4697552742885842
2020-11-29,-0.8581734509576056,0.15469849600702187,-0.3986795588989199,1.0,0.5109448886398216
2020-11-30,-1.2431121900562767,-0.7793290632951713,-0.4479332356271872,1.0,0.4447227018380432
2020-12-01,0.6826940333274526,0.03655798524872185,1.6309582852783056,1.0,0.6764014611164705
2020-12-02,2.1499669092603653,0.33272157048732953,1.6047889829567645,1.0,0.7856874921528887
2020-12-03,3.788961695232644,0.5272190661162002,1.597962869577459,1.0,0.8502328900740904
2020-12-04,-0.35926496515804346,-0.877484226595614,1.0812556282519945,1.0,0.5505290138230464
2020-12-05,-0.45798467611155763,-0.467552135070068,0.6716838941973342,1.0,0.5473758124378878
2020-12-06,-0.08990833578675116,-0.37947854455697555,0.9895665362844308,1.0,0.5861800561338237
2020-12-07,2.739225076563182,0.7235586355291994,2.4937667567837303,1.0,0.8708888401440531
2020-12-08,2.246628451504116,0.4740537218967809,2.4946519564031595,1.0,0.827682533726079
2020-12-09,2.046023581820707,0.6552186680998571,2.450123121151524,1.0,0.8203731206639253
2020-12-10,1.3612970619370082,0.47384213808835324,1.8420098075402076,1.0,0.7468968868008222
2020-12-11,0.48689710883558013,-0.5438402955510316,1.1983374760608478,1.0,0.6247443774764406
2020-12-12,-0.9298546740002409,-1.0538058825669312,0.3489665902612702,1.0,0.48073332963507076
2020-12-13,-0.4061048454142778,-0.6325721724852151,0.20433902901964648,1.0,0.528380470752819
2020-12-14,1.0244288600897242,-0.6091680630192482,2.4625604202668727,1.0,0.6999986020557422
2020-12-15,1.472754401549995,-0.20130954437284024,2.55703722350837,1.0,0.7500303032047437
2020-12-16,0.6016590086496594,-0.4829279484551229,3.0126578339253283,1.0,0.6949886027243471
2020-12-17,0.9885427260962242,-1.171950085788759,2.472763282232695,1.0,0.6744970375729732
2020-12-18,2.4246517058644397,-0.6679100964074458,2.2186090831493197,1.0,0.7827674958122964
2020-12-19,2.5764862542237603,0.7086500381234025,1.9828505743397298,1.0,0.8423878543480501
2020-12-20,-0.28307238927675443,-1.5391419707184912,1.2889269291373713,1.0,0.5349618229061917
2020-12-21,-0.16098174337697826,-1.4607556782964115,1.4193379128269874,1.0,0.5507143276067507
2020-12-22,-0.5897702431008829,-1.4945883869984142,1.2847566742019207,1.0,0.5162326901417379
2020-12-23,-0.3051429232961145,-1.5866841364598236,1.2349890963861248,1.0,0.5297116026406372
2020-12-24,-0.9927685680382194,-1.5860145871221978,0.62424155119957,1.0,0.4635395393740128
2020-12-25,-0.29300469615188546,-0.6481957029654051,1.2201846197270771,1.0,0.5691310199572184
2020-12-26,0.6620573763289903,0.7830838076668014,1.4738490024457487,1.0,0.7008939504895745
2020-12-27,-0.10260304112230928,-0.8929752667488767,1.3793638047999208,1.0,0.5769312879706402
2020-12-28,0.44935308307276717,-1.38093953404446,0.9785489291025093,0.8705505632961241,0.5606186070841677
2020-12-29,-0.29811173292921556,-1.3135239730836064,1.570795678405252,0.7578582832551991,0.516434317361357
2020-12-30,-0.70023986869298,-1.2623457471444421,1.4466118481348562,0.6597539553864472,0.47290309086857857
2020-12-31,-1.1344480590518355,-1.271204114671515,0.6497464967877524,0.5743491774985175,0.40421388446960055
2021-01-01,-1.1026364969139268,-0.9240351849247412,0.49116167402990996,0.5,0.40436148996820437
2021-01-02,-1.0610053628604001,-0.9688008715736706,0.19788094454543556,0.4352752816480621,0.3857869298924609
2021-01-03,-0.8946421750275501,-1.1211829630769548,0.42187090833418517,0.37892914162759955,0.389542966391903
2021-01-04,0.014342720522676617,0.14041928955354166,1.1209321921643804,0.3298769776932236,0.5186529381590389
2021-01-05,0.27881395354084765,0.34831594644480574,1.2433487816292172,0.2871745887492588,0.5426219090379528
2021-01-06,0.9217994561192137,-0.11766764286918316,1.3065130067289217,0.25,0.5626009121793623
2021-01-07,0.5352921833140706,-0.08241875302335801,1.18731132764835,0.21763764082403103,0.5294747212235145
2021-01-08,0.6198881484691428,-0.004071115456688645,1.2664215679280826,0.25,0.5458702990181835
2021-01-09,-0.5310852897823843,-0.31068421585102596,1.0688009449363098,0.2871745887492588,0.4553520248309808
2021-01-10,-0.6880153269726337,-0.44074330770222325,0.4261621082799301,0.3298769776932236,0.4244549573108796
2021-01-11,1.3372708726195628,-0.6116214070443086,1.522203408961093,0.37892914162759955,0.5962466510906343
2021-01-12,0.5008186559558702,-0.8267310117730345,1.4962149153748203,0.4352752816480621,0.5391059076662182
2021-01-13,1.2276406938133804,-0.9235445258596935,1.345492944538237,0.5,0.5882114558280127
2021-01-14,0.45341868071987634,-1.0414284998223202,0.847761282983582,0.5743491774985175,0.5262461439462921
2021-01-15,-0.06243236854310093,-1.0164338165005364,0.5747775849049818,0.6597539553864472,0.4966087792144041
2021-01-16,-0.7650587212751712,0.1863679997610479,0.17421970844282578,0.7578582832551991,0.5012474846747397
2021-01-17,-0.7704399216980979,-0.9879448590609204,0.050743204970553964,0.8705505632961241,0.4647469940860256
2021-01-18,-0.40607973657620366,-0.8647232511372779,1.051422522830359,1.0,0.5469452995252119
2021-01-19,-0.1542986971657575,-0.9594846711174583,1.016664557763861,1.0,0.5586237108178509
2021-01-20,-0.35064027753553045,-1.102484116563256,1.2254544446532611,1.0,0.5465356247959376
2021-01-21,-0.08363927327309033,-0.8900525777828026,1.145656107365285,1.0,0.5705270612863534
2021-01-22,-0.6185899552935572,-1.0567976294691326,0.6209085223106177,1.0,0.5104243858295696
2021-01-23,-0.38921588669287116,-0.1937255341607749,0.7964427773253475,1.0,0.5675284695412879
2021-01-24,-0.3288799732011769,0.09546190890097019,0.7630615683473407,1.0,0.5824876336023734
2021-01-25,-0.46008094002407596,-0.7103348581515286,1.216876583686366,1.0,0.5552932043649601
2021-01-26,-0.8288714096715247,-1.1988999589164218,0.9722079765001268,1.0,0.5021946736170517
2021-01-27,-0.5626081152026758,0.07538871460411166,1.0491853670496603,1.0,0.5756068343299816
2021-01-28,0.4182667275102722,-0.5403920052718985,1.963623801662839,1.0,0.6458222416697837
2021-01-29,1.7090127022045387,-0.570269444996527,2.041415475241387,1.0,0.7332201357801603
2021-01-30,0.3341569223394761,-0.13247804890729337,1.5250435112291763,1.0,0.6425919931591337
2021-01-31,-0.7596002283471899,-0.25592154549591256,0.4996081020111004,1.0,0.5303501904482276
2021-02-01,-0.42808028046151214,-1.1805401896072865,1.5417049060428143,0.8705505632961241,0.529244888098108
2021-02-02,-0.07963627282771449,-1.420907920977796,1.414626531996767,0.7578582832551991,0.5213193786589163
2021-02-03,0.9814350696150231,-1.3561688168130295,1.2557763154220494,0.6597539553864472,0.5747442744291607
2021-02-04,1.2468093287585609,-0.9772183489990909,1.3550525390804617,0.5743491774985175,0.5987239853030683
2021-02-05,-0.32105261056798096,-0.9593033739307596,0.5188951298945443,0.5,0.4559220230448378
2021-02-06,-0.3630054057208738,-1.2573532354356813,0.12816283964464337,0.5743491774985175,0.43883439275505415
2021-02-07,-0.20701537388502073,-1.3421436029547866,0.6266355792384135,0.6597539553864472,0.4751272709004634
2021-02-08,2.0252746782462396,-1.2593236520705269,1.7829075769715528,0.7578582832551991,0.6806554881008089
2021-02-09,0.2948761829615183,-1.1478331955794232,1.151883535240472,0.8705505632961241,0.5658107313840596
2021-02-10,0.6870875415500849,-1.1503666002675563,1.1308918266502852,1.0,0.6105702886472003
2021-02-11,0.06337260860006003,-1.227398761335571,1.4448083883583733,1.0,0.5762435051296343
2021-02-12,1.526675277327448,-1.173636393462596,1.3796979976585133,1.0,0.6738667686828389
2021-02-13,1.1958224350663285,-1.1196541066063441,1.0422077216238375,1.0,0.6428094986166188
2021-02-14,2.498264744017068,-1.0791944105038347,0.6173256497632587,1.0,0.7171620708222535
2021-02-15,3.3328973617323006,-0.6470675685265199,1.2647270424956298,1.0,0.7901964193945827
2021-02-16,3.9817093728888637,-0.5964185093708257,1.0321873970239839,1.0,0.7845554753436818
2021-02-17,5.0,-0.36766755067596796,1.502980666288016,1.0,0.8097798742647686
2021-02-18,4.851797214480772,0.25559557053890947,1.3347825464550773,1.0,0.8301425669876239
2021-02-19,4.276403806964941,-0.2622916565431629,1.1556601541933065,1.0,0.8025931861171451
2021-02-20,0.8372393951455894,-0.5501843882128492,0.7751777796564921,1.0,0.6337308694893871
2021-02-21,0.12501664808465124,0.15900954401484807,0.5052196256737831,0.8705505632961241,0.5873830795564734
2021-02-22,-0.26755893776547623,0.648687553528502,0.6100484916606029,0.7578582832551991,0.568205077756289
2021-02-23,-0.1948196602155573,1.0020944783721444,0.2829405416399038,0.6597539553864472,0.5621604039470993
2021-02-24,-0.6374165994299436,-0.6928586758157856,-0.6884985179014935,0.5743491774985175,0.4168388745737406
2021-02-25,-0.6139397411910629,-0.5303075656372805,-1.5194834326918363,0.5,0.3863250875959813
2021-02-26,-0.49525534802233345,-0.991305841495113,-0.933894171970377,0.4352752816480621,0.3848400532510782
2021-02-27,-0.7835312681537159,-1.0178206546783446,-1.372152863272866,0.37892914162759955,0.34145633064653236
2021-02-28,-0.8626005907940183,-1.1696348615022427,-3.0049855393127882,0.37892914162759955,0.27559787929527857
2021-03-01,-0.43955255722996356,0.709761408582907,-0.98852746346003,0.4352752816480621,0.4576102650074986
2021-03-02,0.8578817016817187,1.568640740361632,0.1543530075515058,0.5,0.6276972445455661
2021-03-03,0.06471005853273372,0.43876684963026796,-0.18953561635555072,0.5743491774985175,0.5274304787163693
2021-03-04,-0.4767969765754817,0.06586272358905902,-1.1965341736990294,0.6597539553864472,0.4550364358958448
2021-03-05,0.7482950370172649,1.2417069803923255,0.08397582975022719,0.7578582832551991,0.6431020634641187
2021-03-06,-0.3422155574022403,0.6411814449079496,-0.924174982568841,0.8705505632961241,0.5286782747864724
2021-03-07,-0.36317935878313057,-0.17603494711510131,-1.847769031831275,1.0,0.4818609522236196
2021-03-08,1.2903754932365759,-0.006655676705779751,0.06262047630966276,1.0,0.6628350622300198
2021-03-09,-0.4282245519165974,0.14385519991566056,-1.6077227115965824,1.0,0.49885490614882666
2021-03-10,-0.6092376768272851,0.07167830583378085,-2.4043346200094473,1.0,0.4572262636209403
2021-03-11,-0.5345337193636155,1.1206081941008046,-2.6764119104033814,1.0,0.49684269644984647
2021-03-12,-0.451272226098264,2.156155457938502,-2.738807077431732,1.0,0.5434614264264955
2021-03-13,-0.5226487618431948,1.132728794758574,-3.003856183837268,1.0,0.4873537823253943
2021-03-14,-0.5634425230525234,0.6040717573111739,-2.866246156851996,1.0,0.46706528312273077
2021-03-15,1.0184209400624167,2.273619965976791,-0.5623995037969559,1.0,0.7188822444599622
2021-03-16,0.293547356910673,3.2928946830169195,-0.8406836591906134,1.0,0.6915470351543578
2021-03-17,-0.22309761528257313,1.5011525360490365,-1.224460348258096,1.0,0.5818595030412684
2021-03-18,-0.6689870427177346,0.3590618256388388,-1.3803468266488383,1.0,0.4993502123321414
2021-03-19,-0.2304832023761525,1.370190416185028,-0.8613425365732033,0.8705505632961241,0.5685968871246112
2021-03-20,0.17991941386625604,2.0415793521721746,-1.6595664792586804,1.0,0.616741551289635
2021-03-21,-0.5535612319253772,0.5878712403740818,-2.558299421136711,1.0,0.4773139055160045
2021-03-22,0.09386142699496869,0.21095391584636466,-1.3848633671161394,1.0,0.5438850627227251
2021-03-23,-0.34420940217795937,0.38667830792298696,-1.8510647382011682,1.0,0.5064621447448882
2021-03-24,-0.5723699211212998,0.9295604614204281,-2.14603789844236,1.0,0.5040390945363525
2021-03-25,-0.5859217521481015,1.0450702932478166,-2.145827439895921,1.0,0.5079555640789215
2021-03-26,-0.593317239976442,2.4265503729669113,-2.133934967779608,1.0,0.5654206172825382
2021-03-27,-0.6389165237908677,1.398835979635855,-2.255712450417295,1.0,0.5154999825515263
2021-03-28,-0.49627370090046763,0.5122103916020486,-2.3829758258652864,1.0,0.48382465872787794
2021-03-29,-0.14174373458949702,1.663912773434142,-1.2542089587335663,1.0,0.5930731512960039
2021-03-30,-0.27868176870289835,1.2241342366994332,-1.2675493670295328,1.0,0.5651751630479654
2021-03-31,-0.5391646719251094,1.1069159399951503,-1.890922209940044,1.0,0.5221464457067891
2021-04-01,-0.4647161079171344,1.163495988501474,-0.9278442605108519,1.0,0.561569783642724
2021-04-02,0.7477490667528409,0.812127627283979,-0.5482868851642242,1.0,0.6404123594148811
2021-04-03,-0.40053138510240305,0.1569272126497056,-1.2853825870608921,1.0,0.5119904552848812
2021-04-04,-0.6777596269869742,0.5458380957450424,-2.198011780792956,0.8705505632961241,0.4598748039915652
2021-04-05,-0.5493863153362142,0.8174600808621257,-1.83611712970383,0.7578582832551991,0.4749099205116598
2021-04-06,-0.3717185502293081,1.3499092990533645,-1.6543679243842493,0.6597539553864472,0.5002824799404284
2021-04-07,-0.12892384711388014,2.0052673059970196,-1.4244463218761414,0.5743491774985175,0.5386287138378567
2021-04-08,-0.07523729518614877,1.351411391434692,-1.3142164592442631,0.5,0.5074857729892268
2021-04-09,-0.48742028778858304,0.7770484440509496,-1.5670029382644488,0.4352752816480621,0.43794019362127834
2021-04-10,-0.5808803004944577,1.5875343796882342,-1.7473854153531312,0.37892914162759955,0.4510151031864149
2021-04-11,-0.3920328143836488,1.7543036125813198,-1.9136846458521442,0.3298769776932236,0.45765252135755713
2021-04-12,0.07115906897281415,1.1261650092093196,-1.3945448376192757,0.3298769776932236,0.4796641987152503
2021-04-13,-0.15731538749702687,-0.07754987379507106,-1.3765961680777477,0.37892914162759955,0.42223389506695197
2021-04-14,0.011277154516937065,1.0879744489262564,-1.435227056819465,0.4352752816480621,0.488534469359617
2021-04-15,-0.10024210275506958,0.7017699784269045,-1.2659396823144986,0.5,0.48035961950696643
2021-04-16,0.3013717310921405,1.5889769227519934,-1.0914783582865986,0.5743491774985175,0.5610685852027001
2021-04-17,-0.13242252393745677,0.3660648941370429,-1.3994534572769755,0.6597539553864472,0.48373918039194763
2021-04-18,0.21200675195610275,1.4604392164817364,-1.7815698698600648,0.7578582832551991,0.5542784976434236
2021-04-19,0.4444558111641273,1.2493376919544605,-1.2406415719189037,0.8705505632961241,0.5959139900061662
2021-04-20,0.060574640248375715,1.8808930082742603,-1.144246947218337,1.0,0.6192672864540413
2021-04-21,0.16187903133241824,0.9502535682992662,-0.9404119816640807,1.0,0.594038768045828
2021-04-22,0.7308035342093946,1.0799125077377059,-0.3797688858902619,1.0,0.656057627240022
2021-04-23,0.7054350153221473,1.7991144871533185,-0.5082940578469859,1.0,0.6800489693912986
2021-04-24,-0.12196518213579878,0.6937186587560157,-1.361745413520763,1.0,0.550382418188422
2021-04-25,-0.2975385804272141,-0.02716466784103666,-1.5574191447678885,1.0,0.5021182619858796
2021-04-26,-0.05020998621753257,0.6755913137284227,-0.9550791644382995,1.0,0.5679663335095722
2021-04-27,2.460755866660911,0.9508857239227351,-0.5468125488400485,1.0,0.760443544646173
2021-04-28,1.2193904817326442,1.284062815620721,-0.07919328266224433,1.0,0.7071555400109649
2021-04-29,4.012406930801882,3.6960481383309816,-0.12127848239089245,1.0,0.8959573839203037
2021-04-30,0.674145943544211,2.4294352926534293,-0.463095209616406,1.0,0.7057330264429601
2021-05-01,-0.8286409714585051,-0.5055335745686815,-1.755718583011908,1.0,0.4401694168620077
2021-05-02,0.21296064892488936,1.3736157556661024,-0.8825517072910984,1.0,0.617012976171377
2021-05-03,0.21585180368604645,1.3356250227246012,-0.5180273217704944,1.0,0.6277735854669116
2021-05-04,5.0,4.437408113309757,-0.049634861736379425,1.0,0.8983455046087874
2021-05-05,0.8979153002790828,2.7964379110284088,-0.37297033396221096,1.0,0.7389469218460489
2021-05-06,-0.1743272511413829,-0.43367559991550014,-0.8344856003362053,1.0,0.5174921799162218
2021-05-07,-0.3338521704051165,-0.20790923652423676,-1.040585250835786,1.0,0.5093941287566228
2021-05-08,-0.351782251831357,-0.9271428960766418,-1.2056850871134865,1.0,0.47272739297093325
2021-05-09,-0.3019705722446476,-0.540990379220014,-1.4486301787775988,1.0,0.4840396900902696
2021-05-10,-0.23440784007822085,0.290862236059317,-0.7583969381582308,1.0,0.5462121725586491
2021-05-11,-0.3319671565337975,-0.3007741647449481,-0.9069699675175426,1.0,0.5101042671161226
2021-05-12,-0.40637805046081193,-0.430595154876011,-0.893571232705602,1.0,0.5001809574259254
2021-05-13,-0.3207212369770674,-0.768300967954817,-0.9169676427086311,0.8705505632961241,0.4716230402742091
2021-05-14,-0.38432285071683053,-0.31871345188180406,-0.9287548984208227,0.7578582832551991,0.4688189953313886
2021-05-15,-0.5053270409204915,-1.2539064332641217,-1.1319664715650966,0.6597539553864472,0.4002963068084261
2021-05-16,-0.4878011326828027,-0.9654372348828174,-1.4212337043386005,0.5743491774985175,0.39103129284785343
2021-05-17,-0.42430773533502464,-0.027031358687170885,-0.4139763151179493,0.5,0.4567873005284346
2021-05-18,-0.303442236465885,-0.20292784337981454,0.37479767605899816,0.4352752816480621,0.47409973887729134
2021-05-19,0.17034591115985642,-0.3052629148306195,1.7114237800076022,0.37892914162759955,0.537523936537108
2021-05-20,0.6246555469246043,0.06797394807119292,2.284116148903964,0.3298769776932236,0.5950947025820557
2021-05-21,0.6894775819910411,0.1459730848612349,2.275309353626831,0.2871745887492588,0.5959672174352374
2021-05-22,0.9080274850319182,1.320846213815098,1.9491068787579902,0.25,0.64304065386969
2021-05-23,0.5354332755108583,0.35166023458831225,2.825941698799334,0.21763764082403103,0.602191764225486
2021-05-24,-0.2484900657702105,-0.20477097689632948,2.110401632992121,0.1894645708137998,0.4986682782997796
2021-05-25,-0.04842425996598019,-0.2626876292126875,2.3643322842393664,0.16493848884661183,0.51437824758671
2021-05-26,1.4764485946286003,2.4177035681374868,3.0042433206430736,0.14358729437462942,0.7457056491371632
2021-05-27,0.5800241177391559,1.449401039730365,1.7604341498685432,0.12500000000000003,0.6014911228336605
2021-05-28,0.3502807317233137,2.6390545095118068,0.8535490408134331,0.10881882041201553,0.6030871111001296
2021-05-29,-0.44117040040385397,-1.0056562229918373,-0.5872641879877142,0.09473228540689989,0.3483206672265277
2021-05-30,-0.5902009556661071,-1.2016587738492652,-1.5272532395737786,0.0824692444233059,0.29704609938957677
2021-05-31,-0.5818824002985276,-1.483220267326085,-1.6086446948721962,0.0717936471873147,0.28155455275720204
2021-06-01,-0.21254030043887495,-0.7843833079485943,0.3028125333371794,0.0625,0.39761675991745626
2021-06-02,-0.4278026741357679,-0.4293137349948631,0.5856087365047636,0.054409410206007765,0.4062734521805561
2021-06-03,-0.34906238929979294,-0.023907737392312934,1.2435388882093976,0.047366142703449944,0.4492892360011648
2021-06-04,-0.126677118216786,-0.3259710292120647,2.180126591578377,0.04123462221165295,0.48182881228607205
2021-06-05,0.07793014398709533,0.4661439125786807,2.934636883768471,0.03589682359365736,0.5528237589545824
2021-06-06,0.9665308417100457,2.9075159774437775,3.212401347322614,0.03125,0.7152693885074937
2021-06-07,0.8922249709360659,0.4693094733717176,3.4673947705520978,0.027204705103003893,0.6081169318850099
2021-06-08,0.17425354705947657,-1.2580006573006717,3.189463329164399,0.02368307135172497,0.4877526697858625
2021-06-09,0.12420922940640848,-1.3083159355500955,2.7812658224552456,0.020617311105826482,0.4745689087268888
2021-06-10,-0.12850645703199756,-0.4103217633149397,2.4680150772407137,0.017948411796828663,0.4842955937372925
2021-06-11,-0.26119372492469417,0.5691728795030787,1.4447716775969,0.015625000000000007,0.48180542757087863
2021-06-12,-0.40697883508016636,-0.0014428718875018928,0.8813996066551071,0.013602352551501933,0.4292282977705719
2021-06-13,-0.19332208556631014,0.4024033808403235,1.1198908955987756,0.01184153567586249,0.467984595368598
2021-06-14,0.0034991353852001287,0.582515892529841,1.9265570831166778,0.01030865555291324,0.5152696389845829
2021-06-15,-0.2787008887009643,-0.5271888402762601,1.1421826757180453,0.008974205898414338,0.4238726258171219
2021-06-16,-0.3709219444636613,-1.2185668886320427,0.823731748998518,0.007812500000000002,0.3781278499760381
2021-06-17,-0.3854278547796906,-1.18689681997818,1.1432255630606047,0.0068011762757509715,0.38897847072564595
2021-06-18,-0.039751519485278726,-0.8144828018066032,1.5824775957938935,0.005920767837931244,0.44205048366119243
2021-06-19,0.04705546734893469,-0.2283387355684106,1.2780870292477886,0.00515432777645662,0.4619989673159733
2021-06-20,0.17491798000368391,-0.965120162388732,1.8326113184438164,0.004487102949207169,0.45820796795789004
2021-06-21,0.583723432202111,0.26994587910196144,2.1562312529545156,0.003906250000000001,0.5476229530412063
2021-06-22,-0.15879944642998955,-0.8275845041683303,1.038936453461596,0.0034005881378754853,0.4150719859003882
2021-06-23,-0.5470734383978799,-0.5166349442080107,0.20765560749034315,0.0029603839189656215,0.3743678926023305
2021-06-24,-0.20861675804383992,-1.2340400648771594,0.7273708355413055,0.0025771638882283094,0.38430614919514017
2021-06-25,-0.25064441666321524,-0.8096937674177662,0.9697424198715596,0.002243551474603584,0.40721441196362124
2021-06-26,-0.19869621029564455,-1.115435006899477,1.407986346002197,0.001953125,0.41250297430955213
2021-06-27,0.14740292023398302,-1.6109322530378247,2.0052864694000365,0.0017002940689377426,0.43480261056269814
2021-06-28,0.6566765016311408,-1.712153611764601,2.6310769990045,0.0014801919594828095,0.48536329504595677
2021-06-29,0.9959233073443622,-1.694233435497406,2.810875384690398,0.0012885819441141558,0.5146909607918627
2021-06-30,-0.09922224306089172,-1.6956154314181837,2.062681517189288,0.001121775737301792,0.41665885775375444
2021-07-01,0.39925259679953506,0.25978939042845955,1.133274143647821,0.0009765625,0.5003636868844155
2021-07-02,-0.39337109666326864,-1.3334241083611147,0.4240727266475724,0.000850147034468872,0.3574792019841584
2021-07-03,-0.4690147537327709,-0.9089055696645358,-0.14641029782256956,0.0007400959797414059,0.3510919554846685
2021-07-04,-0.13128641826152754,-0.34608047944661485,0.623184502748398,0.0006442909720570772,0.4226970125430444
2021-07-05,0.13739086019290297,-0.39095230931081404,1.7356299680210974,0.0005608878686508959,0.47580817657257723
2021-07-06,0.809866447059608,-1.1960070352431187,2.4439681085508647,0.0005608878686508959,0.5107072068008371
2021-07-07,0.48668636039048946,-1.328936063557966,2.182024947668875,0.0006442909720570772,0.4749042299458885
2021-07-08,-0.2893622093935191,-1.5558228959279023,1.3398858754734828,0.0007400959797414059,0.3856571089561801
2021-07-09,-0.24119596671687416,-1.4329013340923589,0.9785491881169273,0.000850147034468872,0.381961874957428
2021-07-10,-0.37581365535813294,-1.3568175636386597,0.29235776311334233,0.0009765625,0.3533034343032917
2021-07-11,0.5066203045830238,0.8886528588881657,0.5196046256959124,0.001121775737301792,0.5132903099763342
2021-07-12,0.07005815177852374,-0.734689985901342,1.5237373422038074,0.0012885819441141558,0.45004299273775633
2021-07-13,0.058572238721228534,-0.09374405314321957,1.3283714524055859,0.0014801919594828095,0.4694998909078897
2021-07-14,0.12114550132278647,-0.08721211951367486,1.6430290168656991,0.0017002940689377426,0.4844652064476466
2021-07-15,0.33949422059296713,-0.6855125154135943,1.700004766039041,0.001953125,0.47602972084859946
2021-07-16,0.052291701964268036,-0.9539186163799998,1.4720028980967736,0.002243551474603584,0.4381428004395342
2021-07-17,-0.15227425681715648,-0.650395162648742,0.8640600944004109,0.0025771638882283094,0.4169371621650732
2021-07-18,-0.22775104326390774,-0.8394351623971419,0.3747094169353989,0.0029603839189656215,0.38777450350155007
2021-07-19,0.03953815706480581,-0.7293013947003087,1.1408984424493482,0.0034005881378754853,0.4357883553274672
2021-07-20,0.16345035644188186,-0.5217099965902237,1.4680651623822334,0.003906250000000001,0.4636802168176073
2021-07-21,0.18087850741768188,0.22513173479909962,0.7803906917214114,0.004487102949207169,0.47312514461090277
2021-07-22,-0.040947773214016915,-0.514825945220801,0.5731424296995336,0.00515432777645662,0.42069696422465175
2021-07-23,-0.14972751314869986,-0.7990385301589485,0.6844879637614619,0.005920767837931244,0.4054292743345356
2021-07-24,-0.2155025242802773,-0.8369812388385902,0.6189854396555386,0.0068011762757509715,0.3974119711929208
2021-07-25,-0.06477917809281826,-0.472582062423225,1.0535321148529118,0.007812500000000002,0.4372800810212748
2021-07-26,0.2959155411601902,-0.8150020273242499,1.5497341778737714,0.008974205898414338,0.46377322175272345
2021-07-27,0.5666918226598522,-0.7090209703425493,1.5461047634998544,0.01030865555291324,0.4863200381959828
2021-07-28,0.5496480134938319,-0.28734563162825266,1.3536738370991024,0.01184153567586249,0.4965691578364277
2021-07-29,0.19718881358878873,0.39011323604050424,0.9583642350360855,0.013602352551501933,0.48838646645820183
2021-07-30,0.020329352776109273,0.1813341158698758,0.5769330794297473,0.015625000000000007,0.45548573099397704
2021-07-31,-0.4341518801405557,-0.05239264041870522,-0.2298460759000216,0.017948411796828663,0.3889042405460405
2021-08-01,-0.448018019284399,-0.5208716862463936,-0.5873789806033356,0.020617311105826482,0.3569424424332031
2021-08-02,0.09555100129517531,-0.6280858645557781,-0.07202902840650749,0.02368307135172497,0.4063513154857294
2021-08-03,-0.00028441538231721916,-0.6661613730364678,-0.12453260455899277,0.027204705103003893,0.3971539340448102
2021-08-04,0.15954017754014774,-0.573136427967645,0.017059653633166715,0.03125,0.4170114824584636
2021-08-05,0.7180031674254106,-0.49063484400042134,0.6131366905135096,0.03589682359365736,0.4782461725511754
2021-08-06,0.8799892917736216,-0.7368950908996666,0.9476246274935458,0.04123462221165295,0.4907346715789548
2021-08-07,0.1324881035706965,-1.01068988439772,0.1432146995171839,0.047366142703449944,0.40359920644423175
2021-08-08,0.5267281965954819,-0.46259330174189495,0.47445512939763707,0.054409410206007765,0.46481707471127554
2021-08-09,0.8226661440753112,-0.6882948396527759,1.0498953010736776,0.0625,0.495536967988611
2021-08-10,1.3462951193404218,-0.3953652781624152,1.4337838901704076,0.0717936471873147,0.5568412981163717
2021-08-11,1.9356238803395842,-0.659795108847135,1.4684116574370203,0.0824692444233059,0.5878675710654049
2021-08-12,3.302061797672911,-0.2315290133478467,1.8495534596583407,0.09473228540689989,0.6912145825768194
2021-08-13,3.013474445032299,-0.29584003308168216,1.4590423084511472,0.10881882041201553,0.6776308986317705
2021-08-14,-0.42907623363304304,-1.2461912422745323,0.39787052342989154,0.12500000000000003,0.37648263344402133
2021-08-15,-1.0806724588969103,-1.2410775086180443,-0.48188496796505054,0.14358729437462942,0.30671886843848023
2021-08-16,-0.595215764053581,-0.8973682110141544,-0.1022854919515409,0.16493848884661183,0.3692598638661119
2021-08-17,0.06318242936911948,-0.578651934206919,0.39402433570228274,0.1894645708137998,0.4466554948447991
2021-08-18,0.08205813393817991,-0.8259683468754742,0.8551556732116325,0.21763764082403103,0.4572060297067263
2021-08-19,1.283605207020529,0.10841451886678136,1.0145518370646651,0.25,0.5864093466563066
2021-08-20,0.15038281512837254,-0.7542283438575325,0.614334879457244,0.2871745887492588,0.46715335764212457
2021-08-21,0.17648235324175934,-0.0874940069597001,0.19067945208306866,0.3298769776932236,0.48895743498288224
2021-08-22,0.7604900579531875,0.3796316684375427,-0.024524994165410777,0.37892914162759955,0.547539194820403
2021-08-23,1.5124141709779384,0.43987807402069246,1.3165591996558272,0.4352752816480621,0.6533324633851284
2021-08-24,2.1121030690447418,0.5675476988195951,1.784349300332981,0.5,0.7239330020648986
2021-08-25,3.8741752755259604,0.21350302148612227,1.4401230544094177,0.5743491774985175,0.7680524376670133
2021-08-26,2.3679709758995964,-0.14325480584735342,1.5241739507426804,0.6597539553864472,0.7266646731490565
2021-08-27,1.9184305241821547,0.828165592228543,1.4812129689345575,0.7578582832551991,0.7504547760744313
2021-08-28,1.0724366906031766,1.794543758761297,0.43785614687378904,0.8705505632961241,0.7164462253788108
2021-08-29,0.36636093298689937,1.0473757559683698,-0.1294183049595828,1.0,0.638750775199156
2021-08-30,2.418179885380225,2.040597387773391,0.9297153332818233,1.0,0.8522273946253004
2021-08-31,0.10617289515476824,0.9383742411530088,-0.14055122724992214,1.0,0.6164920788166958
2021-09-01,-0.7711157010752556,-0.04870861094622568,-0.9492626790240175,1.0,0.4899206718380896
2021-09-02,-0.8278330728695251,-0.27316302545765314,-1.4364566778897878,1.0,0.4605474464849698
2021-09-03,-1.0471557028767877,0.1627672834663277,-1.9520311930129195,1.0,0.44690388351888044
2021-09-04,-0.9719215732804262,-0.5710538439326859,-2.0359135323669713,1.0,0.41854753387187726
2021-09-05,-0.8953416531485158,-0.3816344193374873,-2.0175176886286152,1.0,0.43215853269674975
2021-09-06,-0.40149748213037795,-0.37407841571656464,-1.1433740339915672,0.8705505632961241,0.475117017231151
2021-09-07,1.7167583885868924,2.109792481018485,-0.30273567131911266,0.7578582832551991,0.7309461327258726
2021-09-08,0.46210794305075714,1.6366450630249312,-0.2660094351064996,0.6597539553864472,0.6140968526338396
2021-09-09,-0.5325390928918824,-0.4816846738393895,-0.9600662510298201,0.5743491774985175,0.4235773673210169
2021-09-10,-0.5275239749530545,0.1732095385796812,-1.683461901881499,0.5,0.41593340238123316
2021-09-11,-0.1600936155658389,0.5092278524372815,-1.6799828913142403,0.4352752816480621,0.4448367820172321
2021-09-12,1.9130872715019545,1.937010716396407,-0.549040277096456,0.37892914162759955,0.6717859599575721
2021-09-13,3.8437155573570787,2.9160295092349586,0.6043123767411299,0.3298769776932236,0.8161265220968111
2021-09-14,2.413519432670852,1.61844173225671,0.6734867505443161,0.2871745887492588,0.718862114352619
2021-09-15,1.1246278358440702,-0.06744098124001162,-0.13939106190661002,0.25,0.5300187794410506
2021-09-16,0.48159408349944416,0.24007054891086255,-0.6611938090685449,0.21763764082403103,0.4777150642592354
2021-09-17,1.3349653106902022,1.1852612123286157,-0.3078095202544616,0.1894645708137998,0.5815429395066272
2021-09-18,1.9042916942503483,1.547268829740474,-0.41699353336647865,0.16493848884661183,0.6272633030706521
2021-09-19,1.2837233131961072,0.7622274851785266,-0.7967340867521255,0.14358729437462942,0.537321324026636
2021-09-20,0.29374265207385203,0.9942695390408592,-0.8714857710326425,0.12500000000000003,0.47571121523053794
2021-09-21,-0.3145059392100943,0.6144116080142911,-1.3457217885308501,0.10881882041201553,0.4010988511640299
2021-09-22,0.12639539885471193,1.74328669028556,-1.4182691475586748,0.09473228540689989,0.47299750991129164
2021-09-23,-0.7587572422588528,-1.1890825455795353,-1.731559652869146,0.0824692444233059,0.27952280935145357
2021-09-24,-1.0745909795083923,-0.7861878117347457,-2.248029111435849,0.0717936471873147,0.2564375192407284
2021-09-25,-1.0819423092241212,-0.49813209297286054,-2.466709655168285,0.0625,0.2592663536722466
2021-09-26,-0.8980652534697899,-0.23823628031799135,-2.4263456184411383,0.054409410206007765,0.2824856956716276
2021-09-27,0.15024237669224702,1.1697706185443393,-1.2283292768242318,0.047366142703449944,0.44991721306354043
2021-09-28,1.8514012402692397,3.8496830379909066,-1.273860812506453,0.04123462221165295,0.6371499155994822
2021-09-29,0.5138470055171703,1.9240789032813095,-1.5610909151395878,0.03589682359365736,0.49277458103892824
2021-09-30,-0.32347861653136184,1.545608413889547,-1.8495716580101367,0.03125,0.4108702208763025
2021-10-01,-0.029391465823859365,1.216810424047122,-1.8004763984884817,0.027204705103003893,0.4178058290962073
2021-10-02,0.2992108261603688,0.3118539655790291,-2.0391436706098207,0.02368307135172497,0.39352230865891547
2021-10-03,0.8983402934427462,1.7437043767990377,-1.5400340865540072,0.020617311105826482,0.5093018290435501
2021-10-04,2.414431576617907,1.6234136161983397,-0.9605543417943433,0.017948411796828663,0.6242781228258376
2021-10-05,1.7771320219286404,1.5391899430975007,-1.1719915105500853,0.020617311105826482,0.5716345954051764
2021-10-06,0.8211107238894356,0.5515930077802922,-1.2753395614991418,0.02368307135172497,0.4637648989029285
2021-10-07,0.8179146627693502,0.7394041757563785,-1.1903782764727167,0.027204705103003893,0.4747375813908325
2021-10-08,0.39858612773024577,0.9075819506793348,-1.2179226145822553,0.03125,0.4534784026409135
2021-10-09,-0.018304809167007944,1.5312410763850348,-1.5588174504813015,0.03589682359365736,0.4410053327612478
2021-10-10,0.3376563532704151,1.2651184197939245,-1.564698719702172,0.04123462221165295,0.45425226038445005
2021-10-11,0.44718031762696925,0.8343563188096839,-1.182453059791547,0.047366142703449944,0.4572666872046674
2021-10-12,0.4696651454985844,0.7483041315028043,-1.3172712825809496,0.054409410206007765,0.45174271729072535
2021-10-13,0.2507655819398064,0.3567357856137319,-1.2638049331868237,0.0625,0.42382986542366513
2021-10-14,0.9274204067573744,0.4893859870917433,-0.9259289369255771,0.0717936471873147,0.48712385909322564
2021-10-15,1.2298987852551075,0.8151119198763973,-0.9234558488198151,0.0824692444233059,0.5225447740480258
2021-10-16,-0.19177499769213363,-1.1482179344478345,-1.3272502237057935,0.09473228540689989,0.33434075490603987
2021-10-17,-0.3679982755217236,-0.7272371527528315,-2.0124109987475625,0.10881882041201553,0.3194076900374007
2021-10-18,0.14884398550819006,0.662220587606768,-1.5529015669140946,0.12500000000000003,0.4295020712870249
2021-10-19,-0.22008959428827538,0.23746313378442238,-1.4926076900322083,0.14358729437462942,0.3920061621102534
2021-10-20,-0.3317467299964236,0.2645524248414445,-1.406164254869164,0.16493848884661183,0.39177520053331827
2021-10-21,-0.13721405135233147,0.32091538182186,-1.386037112050201,0.1894645708137998,0.4114423193728187
2021-10-22,-0.2969315339253502,0.2774860459507935,-1.4731254892715173,0.21763764082403103,0.40030794613414716
2021-10-23,-0.17295450229766354,0.43879826531594174,-1.6257612321021016,0.25,0.4150609198315833
2021-10-24,-0.22159410724173542,0.25143635890296884,-1.5744497136428324,0.2871745887492588,0.41129810566246905
2021-10-25,0.3363384443635054,0.45489036510892344,-1.1431947230907953,0.3298769776932236,0.4777513840547292
2021-10-26,0.1052452110155768,0.07649068867619051,-1.2089610846547354,0.37892914162759955,0.4517441278515285
2021-10-27,0.052041584791035184,-0.02315183192573671,-1.1933179248658168,0.4352752816480621,0.4530188074075121
2021-10-28,0.1823853167618703,0.4113969362732139,-1.2101196103431806,0.5,0.48896323978406925
2021-10-29,-0.10911452227799912,0.7712727847312321,-1.239218773984348,0.5743491774985175,0.4947071487039008
2021-10-30,0.017026304950985477,-0.07776351244782975,-1.3715913637463064,0.6597539553864472,0.47613832182782967
2021-10-31,-0.471206958849007,0.20486119309858047,-1.625852918014797,0.7578582832551991,0.46160573101029373
2021-11-01,0.540135978503929,0.5504894429253415,-1.046655969164903,0.8705505632961241,0.5796401775444063
2021-11-02,1.2140893083845479,0.7718216339767656,-0.8064164950128588,1.0,0.6612179721409065
2021-11-03,1.7305969801059935,-0.8794324525158878,-0.5827913135992021,1.0,0.6343037360322642
2021-11-04,2.314574512339356,-0.30682328487240634,-0.46101999565198987,1.0,0.7011533307645406
2021-11-05,3.2460157490898,0.8817033642177333,-0.3531745615687302,1.0,0.7999651547901147
2021-11-06,0.8378378448283847,-0.01426849210696254,-0.8129250289172248,1.0,0.6031638348535281
2021-11-07,-0.3334970196287745,0.04416529991420821,-1.0735594543982159,1.0,0.5188217710412332
2021-11-08,0.5648472996574705,0.6917106844370827,-0.7186251465754274,1.0,0.6175235936095289
2021-11-09,0.13316799379637342,-0.17553733698314203,-0.8607647870551263,1.0,0.5478716509769564
2021-11-10,0.25391006430581964,-0.6601124190141723,-0.8726557208635786,1.0,0.5353341294660114
2021-11-11,0.02141756377405711,1.4768098620656955,-0.8112400843420302,1.0,0.6109202456929401
2021-11-12,-0.19892085888507696,1.1959486524704563,-0.8503721361866564,1.0,0.5832240653877087
2021-11-13,-0.009619875541140301,2.530128406345202,-0.7886364792829332,1.0,0.6534928092522098
2021-11-14,0.18749227511655642,2.7049499039128793,-0.5822731598752241,1.0,0.6807966256749663
2021-11-15,0.3837667572731503,1.6671764623824443,-0.12265527903679432,1.0,0.6659616271162522
2021-11-16,0.8546643110517764,2.8333537984821286,-0.1720316893866866,1.0,0.7442996393606509
2021-11-17,0.1463940922496727,2.238922626347219,-0.37853146499178053,1.0,0.6654303334147197
2021-11-18,0.12998388077473275,2.6502664831715697,-0.45222690804766247,1.0,0.6790191319155422
2021-11-19,1.1829069394965348,3.105086972358929,-0.1845772447267835,1.0,0.7727078878088763
2021-11-20,0.8447088539572316,2.7230237339862504,-0.2193056959025625,1.0,0.7374630559831572
2021-11-21,-0.30887693365034724,1.800517143064222,-0.6359179172368812,1.0,0.60823248814309
2021-11-22,0.9686092315053847,2.30401469747749,0.07756260753599897,0.8705505632961241,0.7187425659075397
2021-11-23,1.9745794789790343,1.6815766767967368,0.389069349816959,0.7578582832551991,0.7533520476139781
2021-11-24,1.8905104882974484,1.9355954791841548,0.4347382664608607,0.6597539553864472,0.7451382130424988
2021-11-25,-0.7143563129546762,0.5683121912117867,-0.15185813947103788,0.5743491774985175,0.48214635907925574
2021-11-26,-0.17117712257038936,-0.35428361036315426,-0.1386783047496262,0.5,0.46920376457185514
2021-11-27,-0.0984722068749343,0.5813295288194231,-0.19711113377218178,0.4352752816480621,0.5013781710306169
2021-11-28,-0.5909022841400913,-0.8200184861700218,-0.2815844091009533,0.37892914162759955,0.39889230174101786
2021-11-29,0.7142621382444274,0.1464273740005439,0.740580119119168,0.3298769776932236,0.5528861670909403
2021-11-30,-0.2813899282998261,0.5300922488741129,0.6779373268830868,0.2871745887492588,0.49400194769159134
2021-12-01,0.656635987502382,1.1855547526104002,0.41155707202527714,0.3298769776932236,0.5813739629137515
2021-12-02,-0.9485715872265775,-0.6918673444540988,0.04066753209654971,0.37892914162759955,0.39112904381333236
2021-12-03,-0.8377673097283515,-0.6358100602958754,-0.27368666066779945,0.4352752816480621,0.3988251637307311
2021-12-04,-1.071944411403074,-0.7284972730181898,-0.38149403538037124,0.5,0.38546651835135815
2021-12-05,-1.6384626408569987,-0.6422269941753969,-0.3879718697025096,0.5743491774985175,0.36222968015358586
2021-12-06,-0.8604602394638128,0.5099810457891025,0.32693302004856223,0.6597539553864472,0.4987460549198776
2021-12-07,-0.45462415743203294,0.7130322544679281,1.2093835181164307,0.7578582832551991,0.5783929265328558
2021-12-08,-0.3442184148414468,-0.339755738149694,1.1469731504787206,0.8705505632961241,0.5567106394313757
2021-12-09,0.654067290622074,0.08293388349389283,1.2359932806949543,1.0,0.6632598405435489
2021-12-10,-0.821715433773638,-1.8231169023576157,0.7906646455073405,1.0,0.4706112550004349
2021-12-11,-1.9013541136727266,-0.11481469914249828,-0.22415745141224888,1.0,0.43598719824380583
2021-12-12,-1.380502530968465,1.8348102511993252,0.022180282320252126,1.0,0.5601562678127493
2021-12-13,0.06700669715674633,1.9512821751166887,1.1134340327534227,1.0,0.6978850048654258
2021-12-14,-0.792766127833513,-0.552214035137308,0.9979437999285721,1.0,0.5324048000113304
2021-12-15,-1.4012359766111353,-0.7131612709096662,0.421342485693923,1.0,0.46591396479448566
2021-12-16,-1.5410410375457713,0.44138080236447436,0.014349829067862667,1.0,0.4911331252310638
2021-12-17,-1.2243213710788066,0.10158550017648364,-0.055908337562042415,1.0,0.495747693183365
2021-12-18,-1.6367453115712158,-1.9469914541464401,-0.286194838183086,1.0,0.3752191740330477
2021-12-19,-0.9228923924857269,-1.7210337156371553,0.8341309227465799,0.8705505632961241,0.45015105093537466
2021-12-20,0.5379064121687016,-0.9137581437071349,2.098381406893878,0.7578582832551991,0.6064119608748586
2021-12-21,0.08652467328566998,-1.3022941590715131,1.9705512657552953,0.6597539553864472,0.5411541904242086
2021-12-22,-0.8132671356223102,-0.20546546857627593,1.5492520447748288,0.5743491774985175,0.5000152412184397
2021-12-23,-0.594604975996475,-1.1335130044581418,1.5009492300681815,0.5,0.46316160075008517
2021-12-24,-1.7377869338379015,-1.4787583023572775,0.8850333573979585,0.4352752816480621,0.3423250126397279
2021-12-25,-2.229853833542592,-2.019171094570648,-1.4345344420271156,0.37892914162759955,0.2012325053332863
2021-12-26,-2.1102936284382183,-1.8631755457439139,-1.0992846221109012,0.3298769776932236,0.2195201696150759
2021-12-27,-1.8921197403714611,-1.6933193789026193,0.3570265426936497,0.2871745887492588,0.28328078292313724
2021-12-28,-1.8887563837609176,-1.818369913551971,0.29562789250764315,0.25,0.2706717577681948
2021-12-29,-1.645966028709774,-1.196452418652897,-0.009879802973038622,0.21763764082403103,0.2977330666666478
2021-12-30,-1.7315775175228125,-0.836987843954745,-0.3401321635564563,0.1894645708137998,0.2917689521705529
2021-12-31,-1.791996547560469,-1.0960730778952013,-0.6599151641344531,0.16493848884661183,0.2626074531061787
2022-01-01,-1.9079673313668999,-1.775399028775326,-1.4122745724932881,0.14358729437462942,0.1982894934496529
2022-01-02,-1.5008512933615166,-1.1716033610940138,-0.37866053270143196,0.12500000000000003,0.2822544226402673
2022-01-03,-0.37097926694842953,0.21595317727373892,2.327413295313813,0.10881882041201553,0.5031693641621066
2022-01-04,0.30062415627491146,0.21013803437367926,2.3549534644013557,0.09473228540689989,0.5465056534749776
2022-01-05,-0.75818273661726,-0.35126998583341357,1.8377054078603436,0.0824692444233059,0.43344546840796444
2022-01-06,-0.43853367532571724,-0.928347335784855,2.076703461195398,0.0717936471873147,0.4370757784385271
2022-01-07,1.0822668732555671,-0.35348929768762,2.7305797867730472,0.0625,0.5828167303724886
2022-01-08,0.8389862984749564,1.244823139084611,2.4625207386310337,0.054409410206007765,0.6230454868454582
2022-01-09,-0.8358933490935176,-0.5122901660387646,1.2703532634176475,0.047366142703449944,0.39737838332825604
2022-01-10,0.40043329558269747,0.1945893981284023,2.2449820888676117,0.04123462221165295,0.540821374254865
2022-01-11,1.3136805060336463,1.4867546470053956,2.6615310908626575,0.03589682359365736,0.6686290372619385
2022-01-12,0.7415790892719069,1.8061990880491523,2.329254604077195,0.03125,0.6320262214227483
2022-01-13,-0.5212041060754801,-0.6029116656121707,1.0835566209700382,0.027204705103003893,0.4053309999922462
2022-01-14,-0.4259483649093061,-0.398977346243738,0.9310649127218243,0.02368307135172497,0.41456734403937673
2022-01-15,0.18597980087305646,0.8151502306135047,1.5478183258995135,0.020617311105826482,0.5260497871962909
2022-01-16,0.41722727897516176,2.134390283583206,1.625761247563346,0.017948411796828663,0.5986323837692802
2022-01-17,0.5423688312114628,0.7604844473964979,1.6549922517048332,0.015625000000000007,0.5503549324457794
2022-01-18,1.0669880968246588,1.9420380796451688,1.4403381129370445,0.013602352551501933,0.6271024164208194
2022-01-19,0.3860166512468068,1.9159215968186571,1.272833464441184,0.01184153567586249,0.5747685224499834
2022-01-20,1.0413964788438899,-0.16657953121951977,1.7640994674796204,0.01030865555291324,0.5478352320377037
2022-01-21,2.5767850442147107,2.285529223570272,2.398693018146611,0.008974205898414338,0.7733186187527246
2022-01-22,1.9016728396618487,0.45943941217320017,2.0127423264602635,0.007812500000000002,0.6391847840333489
2022-01-23,0.6818712876591234,1.7553941274780949,1.1426185764324353,0.0068011762757509715,0.5827069701446393
2022-01-24,1.5036975292057446,1.8243611243336428,1.452808817319122,0.0068011762757509715,0.6507086858129516
2022-01-25,-0.13388852419571154,0.18843274818614117,1.1630723884724683,0.007812500000000002,0.4638664175104574
2022-01-26,1.7430314138387557,0.22175635458179563,2.0091805750037,0.008974205898414338,0.6187607590817107
2022-01-27,2.760646184011557,2.3567290812567574,2.521609642800879,0.01030865555291324,0.792840077079435
2022-01-28,0.48553244339357565,1.0910812686836124,1.20305121111146,0.01184153567586249,0.5447084864764837
2022-01-29,2.121858725910371,1.7188638223385369,1.6119407453497603,0.013602352551501933,0.6938482853858479
2022-01-30,2.5444234207259733,2.090520784462771,1.5401707261747164,0.015625000000000007,0.7354160349401709
2022-01-31,1.0926003078232738,0.40103715976317306,0.8673054893793065,0.017948411796828663,0.546152346927185
2022-02-01,0.9839504937288815,-0.21663216485581846,1.3595468974075742,0.020617311105826482,0.5299811859590595
2022-02-02,-0.016249325843837727,-0.9487219672500162,0.7406589653606792,0.02368307135172497,0.41262772252310814
2022-02-03,-0.3809747853148752,-1.3356394385469985,0.13437061724548544,0.027204705103003893,0.35250976404651685
2022-02-04,-0.37485591768751303,-1.2750013827677988,0.3996270426077251,0.03125,0.36489294929243177
2022-02-05,0.4464810623160016,0.0791080067481474,0.6679904913058754,0.03589682359365736,0.4857124443514841
2022-02-06,0.5625237899820444,1.4361686484678877,0.7020938692741719,0.04123462221165295,0.5519302686591853
2022-02-07,0.8203989074843941,-0.05722327733800411,0.8203394743597323,0.047366142703449944,0.5117585278273846
2022-02-08,0.329571993733057,-0.41718769384863885,0.8144125552243554,0.054409410206007765,0.4648971423768902
2022-02-09,-0.3613888470830589,-0.06473734289318174,0.6886715060626655,0.0625,0.4305407377760023
2022-02-10,-0.901290587339273,-0.2191658941734162,-0.14543865593580602,0.0717936471873147,0.3617031404670598
2022-02-11,-1.0669316573021226,-0.4103275272865007,0.025765564244646235,0.0824692444233059,0.35000348134790504
2022-02-12,-1.208828921447426,-1.3761658643387127,-1.1810947583484965,0.09473228540689989,0.2619111784221437
2022-02-13,-0.41335379355670226,-1.0248395082224564,0.059891223326000206,0.10881882041201553,0.37306063142628654
2022-02-14,0.6191810884965209,-0.1126597180320733,1.2389979426383513,0.12500000000000003,0.5216345157363768
2022-02-15,1.3526925566845562,0.39636027965054116,1.7737904418000816,0.14358729437462942,0.6123589576472734
2022-02-16,-0.12931270160133973,0.5724421128970986,0.45199070653300194,0.16493848884661183,0.4800380381420483
2022-02-17,-1.0809783341372192,-0.20598960211091166,-0.8190771483264219,0.1894645708137998,0.34546899164741995
2022-02-18,-0.8843594916154855,-0.32611785850046393,-0.30316278789435175,0.21763764082403103,0.37499467631524125
2022-02-19,-0.28334699315514955,0.4539671878874839,-0.2648235000968503,0.25,0.45369804994840685
2022-02-20,0.058632288126072914,0.650455546393065,-0.1099845555924142,0.2871745887492588,0.49542117010075754
2022-02-21,-0.5218201883895611,0.1873680071982349,-0.48197291070520687,0.3298769776932236,0.43143477070443237
2022-02-22,-1.0486570795864827,-0.2957828220738025,-1.1769891289884107,0.37892914162759955,0.36037164405235234
2022-02-23,-0.40620626754251044,0.24781930849077094,-0.8869222560932888,0.4352752816480621,0.4439726037283811
2022-02-24,-0.1276449196916164,1.2527051534809956,0.19229687405039372,0.5,0.5500962825506135
2022-02-25,-0.19141031948327145,0.5289544312555234,0.08245366242890378,0.5743491774985175,0.5231799120425031
2022-02-26,-0.5537196031199978,-0.251415379437657,-0.5264694071436515,0.6597539553864472,0.4590238320519432
2022-02-27,-0.8788320816412931,-0.33620210010681656,-0.8156839381343773,0.7578582832551991,0.43889205160326367
2022-02-28,-0.9399355204341179,-0.5415928551322279,-1.2045522575673537,0.8705505632961241,0.43020210558272287
2022-03-01,1.0792926847081385,0.20759741746972046,-0.35610850378799774,1.0,0.643732454582181
2022-03-02,-0.7034222728623009,0.23999098989410775,-0.9690623610267288,1.0,0.5058027276872101
2022-03-03,-0.501336906108747,-0.6961257798966521,-0.9221658354778152,1.0,0.4818334375811293
2022-03-04,0.33081641984586585,-1.1776320329531396,-0.058086754082256165,1.0,0.5460502014806018
2022-03-05,-1.022735575931816,-0.8488589131312891,-1.0085822355516367,1.0,0.4378290990390207
2022-03-06,-0.942522326590607,-1.0293842178927315,-2.305061694981795,1.0,0.3924387793157026
2022-03-07,-0.47489413932491265,-0.10825911981037281,-1.271679799615567,1.0,0.4964402673990548
2022-03-08,-0.26133210001772983,-0.17332128766301744,-1.1482635562270629,1.0,0.5120806878052901
2022-03-09,-0.43377907829588935,-0.4153020704880376,-0.7140491895779076,1.0,0.5049755021906756
2022-03-10,-0.3876386290777406,-0.22873665148641428,-0.3938904177940841,1.0,0.5264970503230806
2022-03-11,-0.20340172044108137,-0.3475781545495049,-0.5862718220212302,1.0,0.5274150681303242
2022-03-12,0.24757391766066544,-0.1607732787605674,0.2607637059697699,1.0,0.5934981647613463
2022-03-13,1.336986086501059,2.002385685352582,0.418141310949052,1.0,0.7615031863547299
2022-03-14,0.4650112884862506,-0.9404946361947035,-0.07873843156902527,1.0,0.5641888616720032
2022-03-15,-0.17597298095137648,-1.02070849946363,-0.9916399919880897,1.0,0.48768428072598735
2022-03-16,-0.8022458311127559,-0.7336991598462144,-1.4531860384834026,1.0,0.44250661164944394
2022-03-17,-0.8880798404177688,-0.9519568139913807,-1.848152049422861,1.0,0.4145247417417459
2022-03-18,-0.8918642840236548,-0.7202670515702869,-1.8940570515597925,1.0,0.42239601886433464
2022-03-19,-1.0252706930668019,-0.6429701710725038,-2.148205260780763,1.0,0.4082513546415001
2022-03-20,-0.9700111676365377,0.004901716088036541,-2.205249431321944,1.0,0.43702851261716746
2022-03-21,-0.4096682490360338,-0.11994265434723196,-1.2407323617056794,1.0,0.5013334274096071
2022-03-22,-0.7199444888838692,0.28511655517342477,-1.6124303913029132,1.0,0.48513587749653764
2022-03-23,-0.8615131141747809,-0.11935479389803648,-1.426141905809574,1.0,0.46505461244894397
2022-03-24,-0.8239519330495917,-0.607243024080487,-1.3431215655970106,1.0,0.44999735960677323
2022-03-25,-0.7530649458741732,-0.627490979338813,-1.316725869773408,1.0,0.45475935047682436
2022-03-26,-0.4489716954799757,-0.5364592793891458,-1.4960860406701493,1.0,0.47284654897111555
2022-03-27,-0.07317359376950462,-0.22047666945321787,-1.022926260104704,1.0,0.5268376905179921
2022-03-28,1.6609839949965575,-1.2453561111905325,0.26999548437391957,1.0,0.6428422778459624
2022-03-29,1.4924962970647195,-1.0963437571501757,0.47103268849073054,1.0,0.6445198528727483
2022-03-30,0.017021297989018743,-1.1619798215554125,-0.46898314310277933,1.0,0.5120861558643665
2022-03-31,-1.0517134079356678,-1.4247946531785236,-1.3888560142793578,1.0,0.39922412844587174
2022-04-01,-0.5035540946432325,-0.9490837732823196,-1.4713238057352194,1.0,0.45284044294584724
2022-04-02,-0.11835721154316688,-1.4671125425518332,-1.4652917626732722,0.8705505632961241,0.43771935569610537
2022-04-03,-0.4896973089952443,-1.0645347641258711,-1.8863324835580517,0.7578582832551991,0.39879889059808393
2022-04-04,0.4063268045657288,-0.3482063496826924,-0.8797606276759358,0.6597539553864472,0.5072175947863723
2022-04-05,0.18013943798043905,-0.2344175785489167,-1.2234392355467048,0.5743491774985175,0.4726129655323785
2022-04-06,-0.08994886766302307,0.22330768327486744,-1.395373976419304,0.5,0.45679542974494114
2022-04-07,-0.03381086359990599,-0.05249376438636821,-1.2080261542125137,0.4352752816480621,0.44558245601736646
2022-04-08,0.1905707727137186,0.723152626941179,-1.1500804151274773,0.37892914162759955,0.4863394350433544
2022-04-09,0.0036595371690342697,-0.5900803918843057,-1.4573467588816928,0.3298769776932236,0.40156060750735
2022-04-10,0.35971890110229654,-0.6522433203834926,-1.5609004358666136,0.37892914162759955,0.4266138117727605
2022-04-11,0.22307229581020757,-0.8939836823255403,-0.9369665432996138,0.4352752816480621,0.43668124042767187
2022-04-12,0.10020018794031894,-0.6503646427489888,-1.4167953891962068,0.5,0.4323549727749399
2022-04-13,0.5429817643865628,-0.22265264870264737,-1.1959865847311624,0.5743491774985175,0.49820774773023285
2022-04-14,0.15036143151419767,-0.8883711675149664,-1.0981403261078837,0.6597539553864472,0.4603670458921939
2022-04-15,0.15896310406753683,-0.6209885513303555,-1.3905349390529878,0.7578582832551991,0.47705059515225123
2022-04-16,-0.1288258053577141,-0.5893573118590135,-1.8642524578397583,0.8705505632961241,0.4602958942151202
2022-04-17,0.25064910603767615,-0.7388512584747063,-1.858336942603749,1.0,0.4989799065459407
2022-04-18,0.6561652625787276,-0.06871802744979841,-0.4153118754552708,1.0,0.6020373705129979
2022-04-19,1.6060547277262287,0.4166056388682897,-0.39991261201481143,1.0,0.6860984630674337
2022-04-20,1.6557344709242905,-0.3457916321904712,-0.4256065891217781,1.0,0.6567874270829571
2022-04-21,0.11581797517440803,-0.12532219562910085,-1.1687514377924606,1.0,0.5385410589339993
2022-04-22,0.504728203599396,0.01737574396223792,-1.2945518907276692,1.0,0.566220806547464
2022-04-23,-0.24244532823152767,0.8143520875625887,-1.3810494020318713,1.0,0.5467333350319437
2022-04-24,1.7759095244299623,2.3393911021405205,-1.0812963816564096,1.0,0.7548253848293056
2022-04-25,2.036167560652867,2.382460823130738,-0.8201911229534424,1.0,0.7826740009088572
2022-04-26,0.9165621930295976,2.0718667728458238,-0.8755379833162411,1.0,0.6932473289600077
2022-04-27,0.613142782918154,0.37135015394036497,-1.1208157417427747,1.0,0.5939885838839664
2022-04-28,1.3061960993671013,0.8578648344900551,-0.6438836556323129,1.0,0.676361319540482
2022-04-29,0.40649202742497925,0.4948941677026597,-0.8757296057902456,1.0,0.5935290719562679
2022-04-30,-0.28904783153488367,0.468488576266872,-1.486392721417441,1.0,0.525704077861546
2022-05-01,0.9036341673414556,2.661184252696326,-1.656513217268751,1.0,0.6909078477761523
2022-05-02,2.530703915457552,1.8925106755114645,-1.0995410111814519,1.0,0.7859168388040995
2022-05-03,1.9787893460775436,1.8294305260033228,-0.8238176753063841,1.0,0.7556849724784286
2022-05-04,4.274108178773519,2.3804347175367497,-0.8216163820621768,1.0,0.8467975671619586
2022-05-05,2.034206283896758,0.8629092754391162,-0.8180271601638215,1.0,0.7193007333976197
2022-05-06,0.5308482580409917,-0.10814486154492953,-0.8882295099334068,0.8705505632961241,0.5568587821349992
2022-05-07,-0.3121051061186097,-1.1014559911847508,-1.176213032034281,0.7578582832551991,0.43277063471319854
2022-05-08,0.7829001154465013,-0.3730822349466089,-1.5039284832322863,0.6597539553864472,0.5104803917738823
2022-05-09,0.5300005673813587,0.42191585874087933,-0.8381453635258118,0.5743491774985175,0.5361273964468778
2022-05-10,0.8268202067180143,0.18215963704235344,0.08582808494233657,0.6597539553864472,0.5895353614640106
2022-05-11,0.8154537990863061,0.34244596012896916,0.6876998644686316,0.7578582832551991,0.6302342395816951
2022-05-12,1.668339330783066,1.0271649393438165,0.9178657764068252,0.8705505632961241,0.7401992715661763
2022-05-13,4.1353850836917205,3.183592270713763,0.8041372741439525,1.0,0.9268045758047985
2022-05-14,2.5753349071402365,3.1240783090061375,0.24675036157580854,1.0,0.8799140058618761
2022-05-15,5.0,2.7469590189762583,0.37429207894391303,1.0,0.9019330284221412
2022-05-16,3.8024242217759734,3.2673596408341923,0.5919382055736742,0.8705505632961241,0.9003138580135411
2022-05-17,3.4891060363357513,2.916663942525789,0.15011062640924608,0.7578582832551991,0.8652100943071626
2022-05-18,0.9147247043769745,0.5396067925054938,-0.28024783350934424,0.6597539553864472,0.5980867621705162
2022-05-19,2.588001504191563,1.857753515452092,1.1144049524049928,0.5743491774985175,0.7982390384615521
2022-05-20,3.550412935227305,2.0770191022830247,2.4432830355525152,0.5,0.8679852304468765
2022-05-21,3.5185810045982606,2.9612930908349973,2.416168165492367,0.4352752816480621,0.8942174432150798
2022-05-22,3.8314043856335824,3.1175489738034976,1.382197642836987,0.37892914162759955,0.8529126260053729
2022-05-23,0.9930256780181127,1.2508435211600963,0.40701094850511665,0.3298769776932236,0.6063687701870323
2022-05-24,-0.34713567237753423,-0.7186784325015081,-0.6429971331656055,0.2871745887492588,0.3935556376941369
2022-05-25,0.7208333422083526,1.1887163551308153,0.1406968213671188,0.25,0.5647752983232447
2022-05-26,1.677014068290973,2.3032289250156257,0.23225354296967918,0.21763764082403103,0.6731562406509766
2022-05-27,1.7949708392100876,2.6222799710605487,0.02988381584252066,0.1894645708137998,0.6833422008916827
2022-05-28,1.58283534594398,2.0560485913922677,-0.5966954338881141,0.16493848884661183,0.6210419732349979
2022-05-29,1.314817637446992,1.9794112345576942,0.7889337143186813,0.14358729437462942,0.6429658619031872
2022-05-30,1.2952047278986871,1.883292929236587,3.138956226461312,0.12500000000000003,0.7085675205781037
2022-05-31,0.1382623871906824,0.522286963697006,2.2762267780884216,0.14358729437462942,0.5533917693925626
2022-06-01,0.9618883567200015,0.41540795232267885,3.571138470241629,0.16493848884661183,0.6311753284551036
2022-06-02,0.2024452284198801,-0.1021039301626707,2.1955378656711746,0.1894645708137998,0.5358462992823233
2022-06-03,-0.26306244392836176,-0.957350795880001,1.1969002450905444,0.21763764082403103,0.4401152082030653
2022-06-04,-0.2336977178429799,-0.821092694787712,0.3956847461530552,0.25,0.4258974480660818
2022-06-05,0.15182881038529933,-0.777381082827442,0.4166224398470528,0.2871745887492588,0.4596946452151671
2022-06-06,0.027870041375180496,-0.6463592395116102,1.4312865366581722,0.3298769776932236,0.49711746565461756
2022-06-07,-0.03415979675182116,-0.5565396526906584,0.995686425928848,0.37892914162759955,0.48956244679620275
2022-06-08,0.27096704086294177,-0.41101705348456,2.1059963195396842,0.4352752816480621,0.5614299283942049
2022-06-09,-0.17754886310314966,-0.7591682438504429,1.1996954321167106,0.5,0.4965212467032453
2022-06-10,-0.29165319595116285,-0.9771610305030451,0.699267646296609,0.5743491774985175,0.4743027088336269
2022-06-11,-0.4180245864611316,-1.0437339610053855,-0.12879487656091268,0.6597539553864472,0.4483127099499702
2022-06-12,0.0669499641100438,-0.6680098151628668,0.8251641044155702,0.7578582832551991,0.5428138012776824
2022-06-13,1.0129911013438468,-0.27816862887560645,3.878303103167043,0.8705505632961241,0.7115249650475248
2022-06-14,1.7890656422994935,-0.31526330168381017,3.1561061666797916,1.0,0.7811350719164741
2022-06-15,2.1806851615370233,-0.6557597982428284,3.6151840504065587,1.0,0.7930556858423504
2022-06-16,1.566832791289401,-0.3502645411509228,2.760441767240021,1.0,0.7568758891126725
2022-06-17,0.7095739454913805,-0.20186856063412267,2.7677409222049625,0.8705505632961241,0.6867343549075877
2022-06-18,-0.31012825941889366,-0.7959643511332191,1.5911987548405246,0.7578582832551991,0.5378783023911536
2022-06-19,-0.895088178825544,-0.600842299041141,-0.42816611492091766,0.6597539553864472,0.4249832484288527
2022-06-20,-0.1451350909500025,-0.6237643823769272,0.9333132668268835,0.5743491774985175,0.5065969635233016
2022-06-21,0.7490741384606735,-0.637857777550898,2.276060782196749,0.5,0.5992295612393158
2022-06-22,0.7660362272010718,-0.28363275374786634,2.128246356657149,0.4352752816480621,0.600483887876358
2022-06-23,-0.27695011390329694,-0.62487238753405,1.0686610164504886,0.37892914162759955,0.472961714718351
2022-06-24,-0.06695418740870308,-0.6212813611119975,1.7356646961390483,0.3298769776932236,0.501986700651705
2022-06-25,0.11839689190096987,-0.5582210265819835,1.4909153211151975,0.2871745887492588,0.5024072823687107
2022-06-26,-0.2595584331265098,-0.5704662986166377,1.4780364860748525,0.25,0.47069455821836786
2022-06-27,-0.2912159784891364,-0.4150584267917866,1.020983149656907,0.21763764082403103,0.45496991809656806
2022-06-28,-0.4257731569802152,-0.5914156634404842,0.9816347945488265,0.1894645708137998,0.4331136489983297
2022-06-29,0.08491156711429511,-0.6983406114656686,1.7314998029783015,0.1894645708137998,0.48769959138456354
2022-06-30,-0.5838280063399239,-0.4192859547074466,1.0854175604732905,0.21763764082403103,0.4374341162705758
2022-07-01,0.255417146705699,-1.3897126226042553,2.1182134371610815,0.25,0.49223023174390534
2022-07-02,-0.2620469961667165,-1.002830330770027,1.4745922521933001,0.2871745887492588,0.45797486652563324
2022-07-03,-0.39725258415729553,-0.8245531018313798,1.1454784050554756,0.3298769776932236,0.45182427530237224
2022-07-04,-0.4170057529852841,-0.8542648333259215,1.132059476395334,0.37892914162759955,0.4561799355363855
2022-07-05,0.3199461102276889,-0.6926920017099554,1.7233151138746132,0.4352752816480621,0.5402027033202942
2022-07-06,0.4741189657712669,-0.49326712113721577,1.6089713857856411,0.5,0.5646875138635551
2022-07-07,0.1639515582222694,0.091252252441994,1.5048879347499793,0.5743491774985175,0.576047588849678
2022-07-08,-0.5306821698709513,-0.10526049438652361,1.120351793918647,0.6597539553864472,0.5215434878477534
2022-07-09,-0.9255664972835411,-0.5767711541050516,0.46097128884577915,0.7578582832551991,0.4683078875431926
2022-07-10,-0.896849350728279,-0.5489652602529721,0.4869891412141018,0.8705505632961241,0.4891520466424629
2022-07-11,-0.2715222573378861,-0.340425491289237,1.5255985410776651,1.0,0.5935674054096782
2022-07-12,-0.17871842994229123,-0.27046395807802015,1.9345091362788003,1.0,0.6162997442932231
2022-07-13,-0.15663550954192937,-0.8417153753775644,1.6352328675951813,1.0,0.5839939209763123
2022-07-14,-0.3959747827007992,-1.0129299119902926,1.4514391378987896,1.0,0.5547775727503109
2022-07-15,-0.5072649914891294,-1.185215433494299,0.9703421220292672,0.8705505632961241,0.5047256794005232
2022-07-16,-0.7243195188761037,-0.9828454165655203,0.46358048907516686,0.7578582832551991,0.46489156517548186
2022-07-17,-0.46372875817719617,-0.9576602408932006,0.362942278697383,0.8705505632961241,0.49686289986863497
2022-07-18,-0.18660496764683016,-0.9425222880977887,1.5144817790190357,1.0,0.5737706327867713
2022-07-19,0.5865786208048348,-1.2328749528729561,2.007371270395962,1.0,0.6296478273638146
2022-07-20,2.4148382801946755,0.06085400532608254,2.2648667781020415,1.0,0.8140203615049665
2022-07-21,1.5400828189308355,-0.49319476136070894,2.072938805322091,1.0,0.7262203663827625
2022-07-22,2.0190327298917143,-0.7422572301763227,1.9649516989727842,1.0,0.7441731873678604
2022-07-23,0.9734060050354653,-0.5198812747352676,1.3442275161798962,1.0,0.6630395977610581
2022-07-24,2.3398438523427347,-0.1388875556826304,1.6101190639540843,1.0,0.7788732441345423
2022-07-25,0.11927774331050955,-0.7877112048249414,1.2009011170500747,1.0,0.5901605865879973
2022-07-26,-0.5967250252410492,-1.082548834082268,0.5044525352241205,0.8705505632961241,0.48750979923239157
2022-07-27,-0.009368731390355298,-0.8308836890962435,0.9275580252818764,0.7578582832551991,0.5343526075259752
2022-07-28,0.4020754378537499,-0.40422096421098624,1.4261346577948695,0.6597539553864472,0.5814634042492549
2022-07-29,0.30142209466905034,-0.555151625901757,0.6818945478782058,0.5743491774985175,0.530845683452748
2022-07-30,-0.3560478719976472,-0.47676485411367947,0.3761570809645523,0.6597539553864472,0.49289993561887235
2022-07-31,-1.096798778044961,-1.1793769701211756,-0.2352401423277024,0.7578582832551991,0.4085767787859767
2022-08-01,0.13746997995474122,-0.002687411815946137,0.7360809634328744,0.8705505632961241,0.5891713064468327
2022-08-02,0.4306745753061607,-0.1748778104847073,1.5567959576761015,1.0,0.6483182615060847
2022-08-03,1.011680904832358,0.6887034491642107,1.618401614590177,1.0,0.7250880911903387
2022-08-04,1.930287553457143,0.5422179231287223,1.5662206684716646,1.0,0.7784856059765618
2022-08-05,0.48631755273444366,1.0189174221567614,1.2386945887091372,1.0,0.6911658823957992
2022-08-06,1.0233086480953004,1.5145091474079542,1.0021314253713125,0.8705505632961241,0.7203120896884805
2022-08-07,1.0530797062939508,1.562868927640827,1.0423466600308495,1.0,0.7450697410723262
2022-08-08,1.951204945847642,1.0387462177735056,1.5798885982109938,1.0,0.8010243754041054
2022-08-09,2.014472087158776,1.1483187598867899,1.3770108330219197,1.0,0.8030451152399319
2022-08-10,1.8327440431178712,1.8645216595587393,0.7728208366355885,1.0,0.8006320332439919
2022-08-11,0.08103397648979535,0.20646971147730594,0.49632928523720177,0.8705505632961241,0.5861320637465328
2022-08-12,-0.6563663382090179,-0.019494664066851995,-0.2754835770265249,0.7578582832551991,0.48492592303734233
2022-08-13,-1.0126346793345165,-0.42140804002462634,-1.077489339997558,0.6597539553864472,0.40297913501805466
2022-08-14,-1.0626889425477937,-0.7243303613611888,-1.2735436731435537,0.5743491774985175,0.36767455962675677
2022-08-15,-0.6897206214359314,-0.7971008499461655,-0.6077354123995575,0.5,0.4005482427431958
2022-08-16,-0.7793552194021981,-0.414197659305679,-0.38404958032947356,0.4352752816480621,0.4082743891383437
2022-08-17,-0.5823090896469886,-0.6313364294948698,-0.40733068217615653,0.37892914162759955,0.4031353912995159
2022-08-18,0.19600726338311475,-0.44013830299437257,0.07867169253886329,0.4352752816480621,0.4876417369326136
2022-08-19,-0.012438819633586942,-0.6307442949036678,0.44342702328698375,0.5,0.4876706338463409
2022-08-20,-0.7107533083340575,-1.0925638440987762,-0.08242570764902124,0.5743491774985175,0.41549780564342415
2022-08-21,-1.0120998637809242,-1.2166150889744283,-0.7415591892549275,0.6597539553864472,0.38107883404014004
2022-08-22,-0.6311317412007916,-1.0613702881608507,0.09394559706611144,0.7578582832551991,0.45551105097039535
2022-08-23,-0.06572364955112889,-0.8932648607809398,0.3960713394780757,0.8705505632961241,0.5271840166410734
2022-08-24,0.23931143181363493,-0.9070783701734881,0.6385146859890388,1.0,0.5744429862299816
2022-08-25,0.3716519723215795,-0.8788661527762023,0.5351747293079846,1.0,0.5809965327660297
2022-08-26,0.015210679134829135,-0.9736676834986338,0.5415074578241574,1.0,0.5534948070573508
2022-08-27,0.4326840255008331,-0.6183573692204041,-0.04451587962673658,0.8705505632961241,0.5571794331560661
2022-08-28,-0.013528673802174892,-0.6302221273738066,0.5004872227161525,0.7578582832551991,0.528200483018098
2022-08-29,1.2498772477174611,-0.2066994873118207,1.1066566253583814,0.6597539553864472,0.635564318696418
2022-08-30,1.709021826154389,0.5322239245805118,0.5863276348203763,0.5743491774985175,0.6668074163866042
2022-08-31,-0.5959780028198602,-0.6701316955368615,-0.5041719538864349,0.5,0.4155402473684256
2022-09-01,-0.11132776051795863,-0.3981532014370236,0.3096505597007878,0.5743491774985175,0.4974624945203974
2022-09-02,-0.11581815268390487,0.17692744372289382,-0.07027948722460899,0.6597539553864472,0.5212712103766738
2022-09-03,-0.20138588443684807,-0.13866334001639125,-0.764180170031077,0.7578582832551991,0.4940027053574378
2022-09-04,-0.7155399017238763,-0.9609508777591032,-1.0642584705945723,0.8705505632961241,0.43236502211971184
2022-09-05,-0.8114050569091392,-0.8299423952314015,-1.2557750777727779,1.0,0.4444662271456564
2022-09-06,-0.34842585633016326,-0.47023415835611965,-0.8853211476894685,1.0,0.5026678147235019
2022-09-07,-0.828481061912112,-0.47280213553267714,-1.3276851156941547,1.0,0.45581166970219256
2022-09-08,-0.5177746215888192,-0.2568502427743149,-1.0137631068944992,1.0,0.495987494881999
2022-09-09,-0.37920764725316214,0.038919879271320186,-0.7444248893985715,1.0,0.5265269888394751
2022-09-10,-0.7844575395364398,0.3105861621868188,-1.7101482962845989,0.8705505632961241,0.45922156207362014
2022-09-11,-1.007941942395193,0.06577487515962208,-2.157972894878663,0.7578582832551991,0.40229080296429576
2022-09-12,-0.32554140708333046,0.1642567126785985,-1.0943809575500223,0.6597539553864472,0.47262499727901924
2022-09-13,-0.26112130067240147,-0.11885834058514333,-1.3990326984385555,0.5743491774985175,0.44215743577428473
2022-09-14,-0.22412109207042924,0.43622204589272756,-1.356181513864526,0.5,0.45802846197868424
2022-09-15,0.10603130614295651,0.6095685078121015,-1.3407682799800802,0.5743491774985175,0.4989275421938096
2022-09-16,-0.10939553910473505,0.5911484252567369,-1.3645386815173104,0.6597539553864472,0.49581661903610513
2022-09-17,1.0147422120773952,2.2940990977965243,-1.6749201952915762,0.7578582832551991,0.6460850125252422
2022-09-18,2.2110555384351076,1.9960905545685048,-1.0064192412537671,0.8705505632961241,0.7526094187886546
2022-09-19,2.7246485361509523,1.774591579569472,-0.5158654260091154,1.0,0.8133890373584877
2022-09-20,2.4619956253076625,2.35633458051984,-0.3696427194441366,1.0,0.8249922252273664
2022-09-21,2.6613283843282662,3.0213792397428425,-0.02259823217526829,1.0,0.8766686178827088
2022-09-22,1.359731185412052,3.5280372782037843,-0.9899869115951484,0.8705505632961241,0.7382317664687172
2022-09-23,-1.0963072689044515,0.14104136942557058,-2.666024874028573,0.7578582832551991,0.38260081915309613
2022-09-24,-1.5932006811391912,-0.1787823319443058,-3.0718381840165283,0.6597539553864472,0.3103004507343416
2022-09-25,-1.4330213388252,0.7434437680616057,-2.7234706584132016,0.5743491774985175,0.35581208909189116
2022-09-26,-1.0007906503201436,1.508019902700721,-2.2585011545479543,0.5,0.42083141410625535
2022-09-27,-1.3194343389699226,0.09736011727056938,-2.2809221188160143,0.4352752816480621,0.33035493724162107
2022-09-28,-1.2262725660844733,0.35225735925212753,-2.2515785389684955,0.37892914162759955,0.33971263884173053
2022-09-29,-1.362423031400073,-0.43946652513779244,-2.2153444591031177,0.3298769776932236,0.2914974240431334
2022-09-30,-1.5383659514814343,-0.904409468376591,-2.2007605389968785,0.2871745887492588,0.2544760457313726
2022-10-01,-1.4252974552956115,-0.14319798436638753,-2.402085765420741,0.25,0.2814440614510017
2022-10-02,-1.4678886575917192,-0.6179069995463093,-2.231738541087141,0.21763764082403103,0.2596489926001558
2022-10-03,-0.8537097436695865,0.47995174417424236,-1.7475030780736098,0.1894645708137998,0.35825358944890395
2022-10-04,-0.829888981592369,0.7952267701829125,-1.6592781069395124,0.16493848884661183,0.3722400197471381
2022-10-05,-1.065146975575812,-0.018809843060390435,-1.675980582238711,0.14358729437462942,0.318878532915667
2022-10-06,-0.8697305401644487,0.0004290876799768958,-1.6094645685276698,0.12500000000000003,0.33213702369144676
2022-10-07,-1.0958002660551878,-0.59586614272267,-1.659362302368214,0.10881882041201553,0.2881296392990714
2022-10-08,-1.244918324134892,-0.6283048944657844,-1.7949219470447475,0.09473228540689989,0.2702051856978096
2022-10-09,-0.9151295164842262,-0.5075752220745972,-1.9139904264669334,0.0824692444233059,0.2914131037625415
2022-10-10,-0.667202052929881,0.7034064030564684,-1.5082989447547657,0.0717936471873147,0.3703208788516325
2022-10-11,-0.9317999767020994,0.580755059046719,-1.4443418760965194,0.0625,0.3483083998102561
2022-10-12,-0.9285872315333806,0.6454761962017607,-1.3767016921475013,0.054409410206007765,0.35226038119883246
2022-10-13,-0.8453906288668064,0.5056143730476667,-1.3374792860324156,0.047366142703449944,0.352230168823636
2022-10-14,-0.8382363908908873,0.13037901998672585,-1.3927337843805379,0.04123462221165295,0.33431076695911777
2022-10-15,-0.9888029534282906,-0.016874289093254453,-1.6116267607679922,0.03589682359365736,0.31004033923934393
2022-10-16,-1.0024866698019912,-0.43027522375892996,-1.543684346408477,0.03125,0.29347077614296263
2022-10-17,-0.615804538549196,-0.19624979465702858,-1.1023510253961066,0.027204705103003893,0.3431049609049245
2022-10-18,-0.45870143813590103,1.0161525723212526,-0.9391055092092524,0.02368307135172497,0.4090085383667758
2022-10-19,1.8420794373076308,3.2816945506059545,-0.8685291696046519,0.020617311105826482,0.6469469201662278
2022-10-20,2.1140004368375194,1.3389951160780058,-0.7171680763230522,0.017948411796828663,0.6005114848511742
2022-10-21,-0.45024542451792954,0.205854474828023,-0.8598750760404924,0.015625000000000007,0.37724215561528923
2022-10-22,-1.3171959418573707,-0.39612328486458714,-1.3726229899919844,0.013602352551501933,0.2769680535564767
2022-10-23,-1.2020240164605402,-0.22551212529765155,-1.345641014898723,0.01184153567586249,0.2923902568699838
2022-10-24,-0.8714080335294493,1.2177063069918967,-1.007859209927587,0.01030865555291324,0.3855948852247166
2022-10-25,-0.8432638016324683,0.6276737631833779,-0.9917314345928018,0.008974205898414338,0.36322390308881164
2022-10-26,-0.840100612777845,-0.08601088717267921,-1.0030308387625446,0.01030865555291324,0.3335214425568009
2022-10-27,-0.855387307108396,-0.3821546132871913,-1.0542539911561186,0.01184153567586249,0.3186855012853161
2022-10-28,-0.8559798773738116,-0.7737035492101806,-0.8681275801166799,0.013602352551501933,0.3087997938368244
2022-10-29,-1.2641354474345121,-1.2643429178181433,-1.1732634715229384,0.015625000000000007,0.2512783162111786
2022-10-30,-1.1149604527166965,-1.4459995154898988,-1.2307400628651162,0.017948411796828663,0.25208691634749486
2022-10-31,-1.264313800101931,-1.5044892448097666,-1.2769916894255482,0.020617311105826482,0.23855156847782005
2022-11-01,-0.9257032145816843,-1.0783874418013066,-0.8759661259128023,0.02368307135172497,0.29270723212516525
2022-11-02,-0.8083447769730465,1.007303982661802,-0.90339188402231,0.027204705103003893,0.3870489904440789
2022-11-03,-0.9480039590144372,1.6006375064808807,-0.9018070883617665,0.03125,0.40312022922368207
2022-11-04,-1.1930751531893475,0.7202221226267348,-0.9699972082275797,0.03589682359365736,0.3485221948282867
2022-11-05,-0.9929073152808335,2.4360344687343853,-1.0886717169416191,0.04123462221165295,0.4302037512789045
2022-11-06,-0.5544012629731052,2.395106682965378,-0.9215092012885919,0.047366142703449944,0.4642239756212482
2022-11-07,2.712602434015555,3.5704419620356154,-0.6237888170318612,0.054409410206007765,0.7182086132308763
2022-11-08,-0.038276518913739906,3.0469855144980817,-0.6785319259741088,0.0625,0.5342055012066137
2022-11-09,-0.5212167794071417,1.3552910373105065,-0.6201069844961591,0.0717936471873147,0.4368214888556869
2022-11-10,-0.9629571112819326,0.9450145134229576,-0.6811475668076298,0.0824692444233059,0.389843931743736
2022-11-11,-0.79326981827961,1.3378594811417923,-0.6109862220919093,0.09473228540689989,0.42170312590357206
2022-11-12,0.28845414292743127,2.9981972381278275,-0.7630505156624748,0.10881882041201553,0.5600429669902082
2022-11-13,0.3873233248647306,3.066923282673101,-0.44916636202231625,0.12500000000000003,0.5795993429235715
2022-11-14,3.056256622083719,3.6051564320150318,0.026098617132616263,0.14358729437462942,0.772408048060615
2022-11-15,1.5790471441483536,1.247338720592817,0.27117960731162294,0.16493848884661183,0.6160223498719701
2022-11-16,-0.43557122246633034,-0.14628985864817887,0.16942375855994268,0.1894645708137998,0.42393365196597194
2022-11-17,-0.2895028683320216,0.020288981568317915,0.49687248684097063,0.21763764082403103,0.4557532453615155
2022-11-18,-0.04146993163720205,-0.17718969164175352,0.4781279295064453,0.25,0.4682900317226616
2022-11-19,-0.5761218415653115,-0.46706807850049353,0.30529009644480976,0.2871745887492588,0.42038323215200785
2022-11-20,-0.5752907221551652,-0.7652251977202336,0.4675620534606954,0.3298769776932236,0.4198298503873193
2022-11-21,0.5487369687570203,0.011211471884961112,1.0193992391921562,0.37892914162759955,0.5528689551295533
2022-11-22,-0.3656183148451038,-1.0813916905081995,0.605939941879111,0.4352752816480621,0.4410567488823311
2022-11-23,-0.7193068320517065,-1.1284174172461094,0.2626482400014571,0.5,0.41378376014468027
2022-11-24,-0.9913231601742292,-1.0283618427223824,-0.33816153958903095,0.5743491774985175,0.3909437045134288
2022-11-25,-0.978146070537886,-1.3101649598926361,-0.8015568073487916,0.6597539553864472,0.37744458836495515
2022-11-26,-1.0118454191406556,-1.210157722926223,-0.8075956973461479,0.7578582832551991,0.39387928617877194
2022-11-27,-0.9709735726192249,-1.2922824989598172,-0.5848801782992559,0.8705505632961241,0.41750990291983603
2022-11-28,-0.5989421919934628,-0.6783038917349284,0.19891293496191886,1.0,0.5134382895435444
2022-11-29,-0.46861627292916297,-0.3923804484988324,0.255879914192699,1.0,0.5359390602570278
2022-11-30,-0.897650578098651,-0.3913758047290901,0.19791813349167608,1.0,0.5054465740461004
2022-12-01,0.3385223197323984,0.7898361717138439,1.1204364749996085,1.0,0.6678258776368904
2022-12-02,0.4935699982472996,2.0788540765437356,1.3423894951469926,1.0,0.7392699029107087
2022-12-03,0.0552423322138939,0.5440021407492494,0.25542212126913844,1.0,0.6098636487211163
2022-12-04,-0.4729182118666508,0.06334329061863495,0.5514649426899939,1.0,0.5644935877409996
2022-12-05,0.6009457807280033,1.401948264701331,1.5582460140560166,1.0,0.725419096879623
2022-12-06,1.2792367615421096,1.905993588308156,0.8639244107455559,1.0,0.768496330640499
2022-12-07,-0.6078318585556117,0.0891364118868555,0.3546112715214091,1.0,0.5500122689756252
2022-12-08,-0.6395253834984512,-0.16860011912914646,0.4827506173034035,1.0,0.541431656713169
2022-12-09,-0.5485376805112884,0.32350445410946815,0.540760748005538,0.8705505632961241,0.5505181163150785
2022-12-10,-0.6796921087574685,-0.8616482293871303,0.42454943635626957,0.7578582832551991,0.4716155735585272
2022-12-11,-0.6640049443481206,-1.1966593343193292,0.3229707725261298,0.6597539553864472,0.4406009838389913
2022-12-12,-0.344865212215996,-0.5304334887544585,1.401782070705905,0.5743491774985175,0.5127860361358056
2022-12-13,0.3076173767593468,-0.17308102289647165,1.530053792509176,0.5,0.564297908913576
2022-12-14,1.0675053232004224,-0.1903994633449558,1.6360545333474128,0.4352752816480621,0.6080601539327781
2022-12-15,-0.3900902659807359,-0.8527560364688714,1.3414644435137735,0.37892914162759955,0.46501733344301366
2022-12-16,-0.4239648428708342,-0.7792683093143962,1.1056450695471332,0.4352752816480621,0.4664122921526249
2022-12-17,0.08301547809894426,-0.1483169598390377,0.9009797987353076,0.5,0.5293871518378133
2022-12-18,0.17955887954693325,0.0851483468560922,1.421639513002056,0.5743491774985175,0.5740588001469789
2022-12-19,1.081111209927733,0.14840744489004687,2.1954280769432106,0.6597539553864472,0.6754017534050082
2022-12-20,0.870404935603973,-0.4922387279378733,2.183942708928809,0.7578582832551991,0.648993881495427
2022-12-21,0.27468186819806806,-0.8460128424457217,2.3625243704088863,0.8705505632961241,0.6173949862860144
2022-12-22,-0.6670591233613602,-0.9691104217448239,1.5449914331011307,1.0,0.5416495053065794
2022-12-23,2.0172842696612747,-0.28157210358465184,3.7943874429669275,1.0,0.7977534469947246
2022-12-24,4.654878846522784,2.1562108175705266,3.430561556205382,1.0,0.9648421173987719
2022-12-25,3.973482774114573,-0.36931948754822036,2.480813933185923,1.0,0.8423054857916883
2022-12-26,3.510168498007616,-0.9852462830513997,1.6236347487816152,1.0,0.7880692298322456
2022-12-27,2.0582294001331163,-0.396628034563549,1.5099860459216374,1.0,0.7460219934327812
2022-12-28,1.2145251212833328,0.15044184652103385,1.296915121533502,1.0,0.7054672557417153
2022-12-29,-0.5991084196148244,-0.7276521533631621,0.6676494827902995,0.8705505632961241,0.5075781662229752
2022-12-30,-0.8835818869935703,-0.8829262874196925,-0.01531925452718237,0.8705505632961241,0.4593778882347873
2022-12-31,-0.8889712246331263,-0.9368127138433038,-0.651844452675961,1.0,0.45497324019178853
2023-01-01,-1.0488841854158377,-1.0537739445545564,-0.9698791782498593,1.0,0.42883783400750897
2023-01-02,-1.0415283578347754,-1.1600266487167177,-0.5225964732525202,1.0,0.4398104500060678
2023-01-03,-0.9806877428573247,-1.014529415897399,-0.25070486866660274,1.0,0.4589919291915666
2023-01-04,-0.894180834687208,-0.5686700683601804,-0.27895274677952087,1.0,0.48239493327986127
2023-01-05,-0.7539066993421148,-0.46430523660631356,-0.04475473910606684,1.0,0.5039016772150604
2023-01-06,-0.7357179835466703,-0.5753654112550065,0.2947475352171879,1.0,0.5118034934685031
2023-01-07,-0.8093980251609015,-0.6386419932010523,0.1822145379214287,1.0,0.5005038665366104
2023-01-08,-0.7442652286596426,-0.8192402372154305,0.24703317728683788,1.0,0.49948174744827556
2023-01-09,-0.7423150260590957,-0.798351757051062,0.6410948917559472,1.0,0.5136175047774643
2023-01-10,-0.4115502697875084,-0.6474331528727499,0.9506792816274691,1.0,0.5522762433653838
2023-01-11,-0.40201694492927137,-0.6808443992630677,0.8578802289341577,1.0,0.5484263613332261
2023-01-12,-0.8095780534326783,-0.8285383334180856,0.25176568482724704,1.0,0.49489788870630946
2023-01-13,-0.694322648407986,-0.5967964744320299,0.41104803329673534,1.0,0.5175469047813576
2023-01-14,-0.5985129551382088,-0.7545699307793472,0.6690068594079451,1.0,0.5259589511885782
2023-01-15,-0.7078712930788824,-0.7683400392338068,0.6021086513245941,1.0,0.5158647005374858
2023-01-16,-0.4535493275607193,-0.7021602107870979,0.6666579904103714,1.0,0.5377286357268354
2023-01-17,-0.6586952392566875,-0.9821256963789746,0.2408024193705408,1.0,0.4981918273461149
2023-01-18,-0.648790387314162,-0.7489800279356168,-0.04318800798783484,1.0,0.499100206082144
2023-01-19,-0.8466474265111401,-0.8147824366437608,-0.03536387249821709,1.0,0.4834287742891601
2023-01-20,-0.7316416454747104,-0.6249368713809618,0.1681679649428219,1.0,0.5057904528255733
2023-01-21,-0.7465947395482033,-0.5297419015558686,0.021615899279104775,1.0,0.5038749681079288
2023-01-22,-0.7460967657422422,-0.4888490173935674,0.13700424367204717,1.0,0.5094583146815201
2023-01-23,-0.6666525184491859,-0.6037621969439602,0.8352652339886655,1.0,0.5332419150303448
2023-01-24,-0.4572147629611832,-0.17987135373885782,0.874629573333583,1.0,0.5661786951745882
2023-01-25,-0.7176839917009445,-0.42675094489865467,0.5428250889143627,1.0,0.5274672808129718
2023-01-26,-0.7786533542818455,-0.3847644623680856,0.65576862083408,1.0,0.5289168778103428
2023-01-27,-0.6681886740160505,-0.5105004267126502,0.7912619166530821,1.0,0.5355586345076723
2023-01-28,-0.8547219666288456,-0.6467465392076984,0.2946209026596455,1.0,0.500891459846411
2023-01-29,-0.8414251036528564,-0.7379291214865373,-0.5247597231732811,1.0,0.47066595558876123
2023-01-30,-0.6509691562507419,-0.13961892500984166,0.020590523961686848,1.0,0.5264709518399301
2023-01-31,-0.6703759252777722,0.3528981432754772,-0.04597360911902736,1.0,0.5434799073139925
2023-02-01,-0.6730463005451893,-0.29818684715124766,1.130750942060467,1.0,0.5553974927343677
2023-02-02,-0.5776360553035528,0.060495018512184404,1.1241837793351004,1.0,0.5764843480622742
2023-02-03,0.8500116397321552,-0.21563654916170583,1.9263100021117558,1.0,0.6868929198374646
2023-02-04,0.9781804480732564,1.4713724473380974,1.9012418179764896,1.0,0.7648939424431875
2023-02-05,-0.551129551130635,-0.49128834036910407,0.5471148785563843,1.0,0.5360248450277911
2023-02-06,-0.7369978094141799,-0.655579492422161,-0.06702057646287901,1.0,0.4963169813060353
2023-02-07,-0.7451816840103586,-0.5169893192532294,0.5665172660403571,1.0,0.5226639082984368
2023-02-08,-0.7430374669560562,-0.05250616785053555,-0.4869512393956673,1.0,0.5070447038959685
2023-02-09,-0.778032968196233,0.03271579018026544,-0.8880894999032247,1.0,0.49489131004765474
2023-02-10,-0.8022518329086271,0.14243186998417767,-1.1769143686053014,1.0,0.48822072676858885
2023-02-11,-0.772298473913932,-0.2306238624364834,-1.2212020799927708,1.0,0.4731973714711254
2023-02-12,-0.7844777133657492,-0.5996736585504643,-1.0819167911385859,1.0,0.46165119029806123
2023-02-13,-0.6472907152941637,-0.7289612660225219,-0.2614497425804357,1.0,0.49275890814343615
2023-02-14,-0.6517889310808529,-0.7076766787575474,-0.2545821390046315,1.0,0.49357480501289097
2023-02-15,-0.7140474778789112,-0.6467738621617345,-1.1506981229966946,1.0,0.46209131978477713
2023-02-16,-0.757947922678775,-0.5230173677384424,-1.1020672574946535,1.0,0.46594217291582485
2023-02-17,-0.5980972034609401,-0.2147224756236451,-0.2861862419249616,1.0,0.5166405418874535
2023-02-18,-0.638363580714568,-0.11952942856656955,-0.2984709506062829,1.0,0.5175130034085457
2023-02-19,-0.7429403791443977,-0.4189967581782073,-0.9935198495189556,1.0,0.4748951148156497
2023-02-20,-0.641039176802763,-0.10674035188264265,-1.0910942486126967,1.0,0.4914467319309491
2023-02-21,-0.581088277904259,-0.5703108798295147,-0.9573786078171375,1.0,0.48058520788624837
2023-02-22,-0.642937794070861,-0.3399906684507429,-0.5781093229860135,1.0,0.4987008917769612
2023-02-23,-0.6518096285207139,-0.23219340339316327,-0.7144649326771999,1.0,0.49805580186799725
2023-02-24,-0.6306100043526879,-0.4729666240643256,-0.9657511585529346,1.0,0.48106068508870947
2023-02-25,-0.6378709110007649,-0.9296542398425518,-0.9131315925813195,1.0,0.4633019595204654
2023-02-26,-0.6571641143144588,-0.5553044886695357,-0.9489538660807733,1.0,0.4764195764817797
2023-02-27,-0.6387611180114046,-0.8720810585014159,-0.5460155797856585,1.0,0.47787869536882543
2023-02-28,-0.677982569405265,-0.9538402544354024,-0.6609122960758469,1.0,0.4680274082356457
2023-03-01,-0.5639160830827351,-0.734242091735743,-0.5588947245831398,1.0,0.48818234981939035
2023-03-02,-0.5702630590040522,-0.7326471720022196,-1.2254687498460173,1.0,0.4656065389047701
2023-03-03,-0.5773645853735463,-0.7593543729511568,-0.5648790086591573,1.0,0.4860399618134935
2023-03-04,-0.5534095078478762,-0.544054682127307,-0.7360798123056721,1.0,0.49090109397798143
2023-03-05,-0.5242493396587213,-0.316788916917066,-1.7330382295823972,1.0,0.4690825648317942
2023-03-06,-0.40495545140056277,-0.019296407628269285,-0.7721201220162649,1.0,0.5214616155215758
2023-03-07,-0.4200688220288129,0.38092488650537126,-0.7319411030198203,1.0,0.5384692453684756
2023-03-08,-0.25710920264778625,0.4431955275165949,-0.13908754842790988,1.0,0.5716896151890754
2023-03-09,-0.32569321838645043,0.44307608845864094,-0.27159687910852975,1.0,0.5626953931563957
2023-03-10,-0.4867450543273148,0.060801728352344916,-0.4653820844232814,1.0,0.529570998912084
2023-03-11,-0.499804625250074,-0.4595601990147708,-0.5533966696338759,1.0,0.504084794369917
2023-03-12,-0.5279609197997042,-0.08430889490294431,-0.6727485247912128,1.0,0.5138647838993566
2023-03-13,-0.4018967556329342,-0.16081229196752225,-0.03233898508105284,1.0,0.5404284046231226
2023-03-14,-0.16886902503065226,0.36693971837897493,0.5689214214670834,1.0,0.59799526731265
2023-03-15,0.013119642398114688,0.9260480954952716,0.9709196655997294,1.0,0.6468239689921683
2023-03-16,-0.06652605986887776,0.22061999831303833,0.3019474452291158,1.0,0.5898223441127552
2023-03-17,-0.5111408819117176,-0.2204272737832416,-1.0482021772071826,1.0,0.4967993988913443
2023-03-18,-0.43276041770570706,0.3024731290555144,-1.2532434792289797,1.0,0.5169775698893
2023-03-19,-0.3295896587103462,0.6585635243250484,-0.7216871244981755,1.0,0.5564112654495815
2023-03-20,0.5104856498067558,0.9270084193766579,1.0129340053038531,1.0,0.6814221943046063
2023-03-21,0.6081849204341423,1.0084308751590827,0.5008213441565121,1.0,0.6742576592991217
2023-03-22,-0.43689841663665185,0.10445316380451203,-0.8645245073211469,1.0,0.5214081704720397
2023-03-23,-0.46186463233154623,-0.7022363153043993,-1.4086845105296941,1.0,0.4679930276892238
2023-03-24,-0.46746061049097115,2.2034965935435324,-1.4778238078276447,1.0,0.586387523770661
2023-03-25,-0.4973166159033063,0.8050306551098478,-1.6806868231584855,1.0,0.5193656087974071
2023-03-26,-0.4433707292235595,0.9708713048792194,-2.3168567981064263,1.0,0.5086663624848493
2023-03-27,-0.1465875351652532,1.7007392958963348,-1.3603940448903158,1.0,0.5907451668216532
2023-03-28,-0.2117905936038238,2.2456569538900584,-0.9931189092763721,1.0,0.6213457031959518
2023-03-29,-0.42856637329687186,1.239772124839454,-0.42925569178472145,1.0,0.583777557255695
2023-03-30,-0.12408546014248092,0.4336071586469337,-0.1262371086223094,1.0,0.5805866973133799
2023-03-31,-0.6187103054117657,1.301491066821529,-1.2801754229560756,1.0,0.5453089266582435
2023-04-01,-0.27118016738468426,3.6268211227536318,-2.595180523062902,1.0,0.5954153047389243
2023-04-02,-0.2799460335490404,2.125153297778616,-2.4393211629818374,1.0,0.5635742797381118
2023-04-03,0.06584251365242258,1.1395521315149855,-0.895192372951017,1.0,0.597031093958252
2023-04-04,-0.3087700045492466,2.10882100876833,-1.526222581866166,1.0,0.5914087889998584
2023-04-05,1.7551668620380896,4.61658679359966,-1.0769103947149348,1.0,0.7811141109787082
2023-04-06,1.6204341497370032,4.963003669659822,-1.0698819466194154,1.0,0.7723662117618197
2023-04-07,0.26331278861922025,1.4760330541327205,-1.353579634420505,1.0,0.6089362420161278
2023-04-08,-0.5295054628670838,1.0787437224260652,-1.9925981176060379,1.0,0.5182273536564126
2023-04-09,-0.4942822692010585,1.3118591065679606,-2.042969268227385,1.0,0.5286096692193483
2023-04-10,0.8756544448911507,1.4336285578722119,-1.0747611176962415,1.0,0.6572861156475442
2023-04-11,0.007499273823199094,1.7591550359702646,-1.295555994801489,1.0,0.605612878260258
2023-04-12,0.5005637668533666,3.2202811217924405,-0.8140950468147803,1.0,0.7062344162297318
2023-04-13,2.043898943980421,2.987471626553838,0.09511796168167898,1.0,0.8389085127611606
2023-04-14,1.2617624441577142,0.8983758317713277,-0.2296178889308814,1.0,0.6888958929699569
2023-04-15,-0.34073848026462406,0.9480544879123894,-0.9012983361887721,1.0,0.5617430937724156
2023-04-16,0.170690437009992,2.9839516416838303,-1.5006378404037384,1.0,0.6606894195240345
2023-04-17,-0.05573462666867653,1.3520558274471592,-1.1959176143813366,1.0,0.5877560972196753
2023-04-18,0.01263169640171392,0.09429999140658725,-1.0975290378735407,1.0,0.543186978139604
2023-04-19,0.1978527322754511,1.1532229363501239,-1.2748034367852838,1.0,0.5937476899401091
2023-04-20,5.0,2.533640372965882,-0.5945916899012206,1.0,0.8607486258768712
2023-04-21,3.909960164517107,3.078301908891128,-0.6836511529151432,1.0,0.8772116282361619
2023-04-22,1.098180624149195,1.2072046408331305,-1.103036589393858,1.0,0.6617443486648649
2023-04-23,-0.3677833949808306,-0.3523176424760708,-1.9081462819638415,1.0,0.4721963291659803
2023-04-24,0.229355363322559,0.38413228211832956,-1.0978215230726003,1.0,0.569701818540681
2023-04-25,0.4136957627258599,0.1525379295423814,-0.7676104507365675,1.0,0.5833484495547709
2023-04-26,-0.018414772868722524,0.4904771355483711,-0.9586954026160445,1.0,0.5622523823693991
2023-04-27,-0.21631286410775702,0.6224263953212121,-1.1319681745830148,1.0,0.5487813030450995
2023-04-28,-0.24559279147991062,0.5882417465589582,-1.178266108813766,1.0,0.5438616830475037
2023-04-29,-0.39570481430622956,0.5398506186457334,-1.4042148791786069,1.0,0.52430629218387
2023-04-30,-0.413070327070362,0.9084896665742115,-1.90001739958028,1.0,0.5219818009832253
2023-05-01,-0.44730785969369136,0.596376940516823,-0.8545270612217255,1.0,0.541544279834564
2023-05-02,-0.2003505218805696,0.6326886793420801,-0.6923833721319319,1.0,0.5649258811094844
2023-05-03,-0.2610211651481582,0.38701986970745683,-0.6409561840801833,1.0,0.5523592107585941
2023-05-04,-0.18457798455650457,0.5422280803316049,-0.7936713784805309,1.0,0.5588319250940322
2023-05-05,-0.2926256379494139,0.9567645325892017,-1.2358465468760162,1.0,0.5541619280987219
2023-05-06,-0.4910180693460436,0.7092832058417945,-1.719633668248501,1.0,0.5144978066787218
2023-05-07,0.09380071226021483,0.958883322813781,-1.294821297777402,1.0,0.5780461426753418
2023-05-08,1.0668216325493525,1.6663922835563696,0.10054950370364328,1.0,0.7189061041082604
2023-05-09,0.0715045075144473,1.1808119362472955,-0.11999386230819485,1.0,0.624967669100994
2023-05-10,-0.1520819991943059,0.8775256362574638,-0.5852101893000543,1.0,0.5819177619211054
2023-05-11,0.33033796733375853,1.0225671685491586,0.5241063587393995,1.0,0.6570997084697789
2023-05-12,1.1140310596613956,1.2772609948982487,1.0113390856098805,1.0,0.7361992482851828
2023-05-13,0.1556147224157852,0.5554066844233435,0.30257147224595976,1.0,0.618601975753557
2023-05-14,-0.30727398988116095,0.7372102767713608,-1.198999697427222,1.0,0.5452655056258219
2023-05-15,0.04512479680702299,0.803171114163148,-0.3373450248252388,1.0,0.6002289487164247
2023-05-16,-0.08211170560994027,0.0027937720319715694,0.11154055493616488,0.8705505632961241,0.5539428964529602
2023-05-17,-0.3054758870431675,-0.5738045600757539,-0.2278277266403201,0.7578582832551991,0.48681090246090164
2023-05-18,-0.37183846980959273,-0.5368738745330688,-0.9625666304610433,0.6597539553864472,0.4447185628664149
2023-05-19,-0.3443687361153308,-0.687926029953733,-0.556826922918911,0.7578582832551991,0.46849634473522195
2023-05-20,-0.47685347882685136,-0.8178365071474706,-0.9522022746212467,0.8705505632961241,0.4579757556207757
2023-05-21,-0.2774322020569228,-0.6929680546625774,-0.9071071359034594,1.0,0.49739394638848244
2023-05-22,0.29456661592634525,-0.567765534192947,0.6738298475494587,1.0,0.5934418720553656
2023-05-23,0.24778094780373566,-0.4404928193644779,0.6638265244008522,1.0,0.5952924131934242
2023-05-24,-0.06605287139635434,0.11921134381020439,0.7682998532847429,1.0,0.6011736096751596
2023-05-25,-0.35960928870537295,0.005752887392713904,-0.015038657371355147,1.0,0.5507644624819598
2023-05-26,-0.6604678717678388,-0.34037980069095736,-0.7811902986501976,1.0,0.4907466402316809
2023-05-27,-0.7948801968775598,0.3550059334809156,-1.213381614551395,1.0,0.49635384695148765
2023-05-28,-0.7801249000421882,-0.12345139327919508,-1.3512613607964943,1.0,0.47280581991733783
2023-05-29,-0.4135683493205632,-0.2937091800894662,0.1872520703580583,1.0,0.5414326298868366
2023-05-30,0.16843691652864556,-0.014231444462615803,1.886259517172211,1.0,0.6485114681550411
2023-05-31,-0.4370288349642896,0.3541849511503182,1.102975605106577,0.8705505632961241,0.5779708886316152
2023-06-01,0.8205512802542572,-0.431585877640027,3.24270240353433,0.7578582832551991,0.6753994162702293
2023-06-02,1.060522324266142,-0.4131214987538238,3.888743530933621,0.6597539553864472,0.6774511858109671
2023-06-03,-0.2854284266303656,-0.8863891495443589,2.3186403379727656,0.5743491774985175,0.5324789448841638
2023-06-04,-0.6401974797268537,-0.1941710312582112,0.45145614042781723,0.5,0.46427824639671156
2023-06-05,-0.21436126017409532,-0.27676596221633304,0.9681912279524859,0.4352752816480621,0.4967416674083386
2023-06-06,0.3658179732617019,-0.1542572193287316,0.9351145900704754,0.37892914162759955,0.5309703383252388
2023-06-07,-0.4563032224482469,-0.49584705879072977,0.43800036085537236,0.3298769776932236,0.4380010497363324
2023-06-08,-0.6183320759027875,-0.7214112032811375,0.03693812529240382,0.37892914162759955,0.41178970355698685
2023-06-09,-0.6658128720352023,-1.0545571503521058,0.18773180835945252,0.4352752816480621,0.40822161312550653
2023-06-10,-0.40398905284526604,-0.11636889739999992,0.7686283052100553,0.5,0.4938396359256508
2023-06-11,-0.024663589863117823,0.31391001845336447,0.5835778440190185,0.5743491774985175,0.5420403162034273
2023-06-12,-0.6288553796950789,0.12012593891908423,0.6903796502868074,0.6597539553864472,0.5100573037928172
2023-06-13,-0.6337266023420849,-0.46148345037148714,0.5577081032599892,0.7578582832551991,0.49579209534199525
2023-06-14,-0.4594884051958075,-0.8872958424601534,0.5713244541046728,0.8705505632961241,0.5070235125156808
2023-06-15,-0.4440251714203817,-0.29903454565654863,1.418346352314033,1.0,0.5802167609134194
2023-06-16,-0.6406075333191611,-1.01334279140249,0.5305284161512013,1.0,0.5077544953419922
2023-06-17,-0.4541707240774816,-0.5524144618114138,0.18646113647579482,1.0,0.5279200537018855
2023-06-18,-0.23804930408441957,0.04908545750358865,1.2140773151761683,1.0,0.6016445176295605
2023-06-19,0.28834474295275747,0.05218300452026748,2.767555682714926,1.0,0.6886491308090259
2023-06-20,-0.3059257437902633,-0.26753370188766556,2.046583191913812,1.0,0.6116771525657901
2023-06-21,-0.46903393684058264,-1.1315476566135172,1.511683990190705,1.0,0.5469727181914215
2023-06-22,-0.6312524486212509,-1.0901039370247805,0.7157808278065123,1.0,0.5113548669761012
2023-06-23,-0.42421007667801,-1.5558701116293423,1.1628493206671777,1.0,0.520653050925816
2023-06-24,-0.35153195492392375,-0.8621113406042638,2.038650844745693,1.0,0.5835982586380839
2023-06-25,-0.010796695333998846,-0.8188495543128129,2.3224101782499895,1.0,0.6175751614896993
2023-06-26,0.17672418963563902,-0.6946591969343654,2.615016587912784,1.0,0.6450046990338701
2023-06-27,-0.1690069579465238,-1.5090661888125012,1.5558395420838742,1.0,0.5527164296725067
2023-06-28,-0.03402269846496834,-1.192862968876036,2.0274142174620664,1.0,0.5906096703145696
2023-06-29,0.5239460003041116,-1.1255219220966204,2.7119080694550983,0.8705505632961241,0.6340125067425035
2023-06-30,-0.42300633658688525,-0.6405875850351855,1.6712606688674203,0.7578582832551991,0.5394958596349355
2023-07-01,-0.32502577921603076,-0.696314880838658,1.7799530426135495,0.6597539553864472,0.5326133560790726
2023-07-02,-0.3470778825951107,0.03772338627398855,2.0755992800311107,0.5743491774985175,0.5587723015475567
2023-07-03,0.1312202290768174,-1.3526124183579566,2.791022698948459,0.5,0.5454232544718216
2023-07-04,0.1109984802162761,-1.1993507692346186,2.6074037672528108,0.4352752816480621,0.5346317011186124
2023-07-05,0.6351730788375365,-0.8809944905657688,3.555257279078777,0.37892914162759955,0.5874761393930688
2023-07-06,0.06682421662723195,-1.9719524294994415,3.0730591110905237,0.3298769776932236,0.49677180986665564
2023-07-07,0.24736542886072294,-1.8035397849073778,2.5387081052195457,0.2871745887492588,0.49404332937261447
2023-07-08,-0.160453052539371,-1.816882493919285,1.5455905264003178,0.25,0.4276193767974157
2023-07-09,-0.613849137116867,-1.666185399946315,0.8308200677836882,0.21763764082403103,0.37499198091084
2023-07-10,0.5919825038333497,-0.7629988725886405,2.2083489167733745,0.21763764082403103,0.5389311572470805
2023-07-11,0.5635048670094754,-1.1301622213349198,2.3524192096141214,0.25,0.5313908722321474
2023-07-12,0.8818405992536726,-0.5479695801463821,2.287389772121053,0.2871745887492588,0.5802798214939028
2023-07-13,1.0391010617013532,-0.7449608594059087,2.5118162896557172,0.3298769776932236,0.5964421246140181
2023-07-14,0.5667907875810467,-0.3750649675053412,2.4335112934055654,0.37892914162759955,0.5851147598836727
2023-07-15,-0.07972169858508858,-0.7418273369216861,1.5484966456849687,0.4352752816480621,0.5056835948259655
2023-07-16,-0.06558906859819809,-1.207992830478715,1.108835013325994,0.5,0.4822555279343735
2023-07-17,0.6678298443780959,-0.4994016675883359,1.9221205533173458,0.5743491774985175,0.5989366485443816
2023-07-18,0.04522017572565712,-1.1580930834150094,1.7563413938965111,0.6597539553864472,0.5372686063439359
2023-07-19,0.013883982734617844,-1.045604626174291,1.5974937347622986,0.7578582832551991,0.5492872730720689
2023-07-20,-0.19027616562352453,0.06060188688515171,1.951835201951006,0.8705505632961241,0.6104837588047652
2023-07-21,-0.09845535316776527,0.22955696954836255,1.3015973346691327,1.0,0.6213877613423019
2023-07-22,-0.3001174126705681,0.4710848417878134,0.641771710293605,1.0,0.5960130979062411
2023-07-23,0.30435548418492797,-0.1422349193089951,1.026203056288101,1.0,0.6235706791840571
2023-07-24,1.1859202791438932,-0.9660547225628127,1.6855949846941911,1.0,0.6699955713259488
2023-07-25,1.4136556960287718,-0.6942800433432349,1.5425774378281942,1.0,0.6917346258568899
2023-07-26,2.1169870188747386,-0.5834476562868532,1.9227358608837675,1.0,0.7559133442758226
2023-07-27,5.0,-0.7892739386545079,2.369565167469078,1.0,0.8210990914716981
2023-07-28,5.0,-1.7503585251863083,2.1578929683666326,1.0,0.7739981603961249
2023-07-29,0.5246063236474829,-0.5501454677179084,1.4405840075401628,1.0,0.6350704940062581
2023-07-30,-0.4014460629683706,0.8923206953417835,0.5007958352703933,0.8705505632961241,0.5826927371114481
2023-07-31,-0.6572619693259066,0.8348618010481641,-0.04656762313148545,0.7578582832551991,0.5280949321391768
2023-08-01,0.05099217280188305,0.41943106898125887,0.5178753130052608,0.6597539553864472,0.5621013764691538
2023-08-02,-0.23579655714037254,0.5075847316962422,0.6464332026475553,0.6597539553864472,0.5509404600742042
2023-08-03,-0.14123556400249732,0.11459556118012017,0.6069193966189281,0.7578582832551991,0.5542684998245827
2023-08-04,-0.23466298261121055,0.028431276099196424,0.6928767708585506,0.8705505632961241,0.564218914519756
2023-08-05,-0.309565815823299,-0.25161793190698833,0.3148511145619309,1.0,0.5543732356010532
2023-08-06,-0.19953884429661703,0.7449225889061213,0.4997836330362808,1.0,0.60939530601919
2023-08-07,-0.027837668183733674,0.16354824500968498,0.7957430217652092,1.0,0.6064834330553284
2023-08-08,-0.3288122108557409,-0.11588231658750833,0.5176466690230555,0.8705505632961241,0.5460882295469915
2023-08-09,-0.20907521462552264,0.14103889994231766,0.795149751682841,0.8705505632961241,0.5740258494064083
2023-08-10,-0.36947862705573603,0.6945098179436112,0.34224564529734147,1.0,0.5907141887871794
2023-08-11,-0.09047767432332754,1.5578367478598547,0.8988706866648118,1.0,0.6638403757614325
2023-08-12,0.18678065017648823,1.6788012747012049,0.7947825315325533,1.0,0.6838948475087346
2023-08-13,0.3410755559702645,0.8471137279354303,0.7837297024279375,0.8705505632961241,0.6397416836373438
2023-08-14,-0.06325674726562643,1.3685959125292868,0.6913689726362435,1.0,0.6508533456255533
2023-08-15,0.03157779531121739,0.4349837010220871,0.6339965033127625,1.0,0.6163627240070936
2023-08-16,-0.2960534508771676,-0.199861478933123,0.5554979219121143,1.0,0.5654521390497126
2023-08-17,-0.2934018540808414,-0.5824102972778752,0.7220289979051825,1.0,0.5552404139382051
2023-08-18,-0.567354749359143,-1.5968319821754975,0.046571473750593444,1.0,0.47219406657709784
2023-08-19,-0.6298233816171699,0.8401624460353911,-0.532233485753316,1.0,0.5502774269518861
2023-08-20,-0.005851445915958456,0.10736131749805547,0.7430798564104062,0.8705505632961241,0.5844352048761206
2023-08-21,0.7078458290639056,1.0253972155550182,1.5476888758289717,0.7578582832551991,0.6801829776016317
2023-08-22,-0.08017012396050757,1.4688751288011512,0.8692368978721642,0.7578582832551991,0.6235117611866996
2023-08-23,-0.21217754423163146,1.0647305182710256,0.6800951166662714,0.8705505632961241,0.6084710236958116
2023-08-24,-0.017966798355647517,-0.2190458807061632,0.7588621827212656,1.0,0.5899707078375755
2023-08-25,0.2381203787964053,2.207138362977412,0.914346841404659,1.0,0.7133170184239745
2023-08-26,-0.20670891030255711,0.7857142559022173,0.3662511235706171,1.0,0.6061658707614425
2023-08-27,-0.5795648688109726,2.1550343572872594,-0.25350195675322934,1.0,0.6177053750744633
2023-08-28,-0.29489129034756456,1.3246456474100083,-0.31146083800063273,1.0,0.600152121352225
2023-08-29,-0.3023182858933039,0.5637781793389183,-0.0024862529483872416,1.0,0.5782533299812884
2023-08-30,-0.4503054876624118,0.15357619585334856,-0.367242252473882,1.0,0.5391372339005994
2023-08-31,-0.7150343699506697,0.3426519090344326,-1.033282758709917,1.0,0.5071654462560595
2023-09-01,-0.676231280971139,-1.3809010140421876,-0.6635718480568101,1.0,0.4502613107482726
2023-09-02,-0.5252798928851813,0.22667315255748213,-0.3796436471502565,1.0,0.5367712669258744
2023-09-03,0.05734875629074091,-0.44968252836338757,0.8505921481292119,1.0,0.5884395500085488
2023-09-04,0.38158033056410795,0.23435623260180471,1.5968846859480712,1.0,0.6634330212609515
2023-09-05,1.1935893228666563,-0.4045859385866164,2.1245555705954966,1.0,0.7085333931031846
2023-09-06,1.5378154649443192,-0.9002945586096246,1.7186223212320166,1.0,0.6972961684286209
2023-09-07,0.680364007366812,-0.9111273803522955,0.8709080447586864,1.0,0.6114242278017313
2023-09-08,-0.05732240703874273,-1.652499979613958,0.18767261413591818,1.0,0.5085800941846995
2023-09-09,-0.10884229985434374,-0.7203422045905291,-0.9811084019179418,1.0,0.5050259747545071
2023-09-10,-0.25951238941018084,-0.1998345849624871,-1.3068213075223585,0.8705505632961241,0.486394607242891
2023-09-11,0.5589618205784586,0.540408410234521,-0.4018783568269236,0.7578582832551991,0.585063935725718
2023-09-12,0.5555971090489892,2.1849844420370017,-0.6089051979003415,0.7578582832551991,0.6464627282464095
2023-09-13,-0.07774737374466707,0.19653791131725393,-1.0565530132042387,0.8705505632961241,0.5233700721095185
2023-09-14,-0.326689654934522,1.355933722665876,-1.654957885188287,1.0,0.5545526652758338
2023-09-15,-0.1970216075883629,1.2452992542526364,-2.2542224168674125,1.0,0.5386119478590552
2023-09-16,-0.3898765458318748,2.6942313392128243,-2.6836094775124533,1.0,0.5718142201613275
2023-09-17,-0.6549938337542195,2.7942983507984342,-2.6938845241861262,1.0,0.5579666915601159
2023-09-18,-0.044239836348540194,0.5915611942814715,-2.114556369343179,1.0,0.526213848360386
2023-09-19,-0.23813432500655343,1.9363585931459877,-2.100194925262572,1.0,0.5697994888718936
2023-09-20,0.26337239725810385,1.53111741087741,-1.6573027463316958,1.0,0.6011112937260426
2023-09-21,0.4635335108829406,2.625111255925764,-1.6311852249994088,1.0,0.6609090288891226
2023-09-22,-0.17072285256043018,1.2217121749527773,-1.9395381870983766,1.0,0.5498718775490579
2023-09-23,-0.8493916675137734,1.0661202147437978,-2.3365510518180215,1.0,0.4849105293861393
2023-09-24,-0.6505103196071973,1.042093489610319,-2.354344691755043,1.0,0.49657505103478206
2023-09-25,-0.12585377232886893,1.4035785235711136,-1.9159588147021258,1.0,0.5612268931701343
2023-09-26,-0.3619244292809705,0.9316497984622284,-1.923413385162996,1.0,0.5255766668117616
2023-09-27,-0.559592333641894,1.0071773020953347,-1.9673694357790634,1.0,0.5140805841518772
2023-09-28,-0.25745518074978074,1.523329798274479,-1.9331119166880557,1.0,0.5568713323218494
2023-09-29,-0.3574494141145952,1.229086569014521,-1.8286663364434514,1.0,0.541426434886517
2023-09-30,-0.6216459900987179,1.624735619221511,-1.9732085097167136,1.0,0.5354806344704246
2023-10-01,0.12036068110151726,1.6294051474413622,-1.3737995960476215,1.0,0.6051226066819039
2023-10-02,0.9473752626814708,0.15716919433553966,-0.5818159859781277,1.0,0.6253132010768079
2023-10-03,1.3435819864788043,0.3269053715473052,-0.31907790687676163,1.0,0.6675572593504994
2023-10-04,1.3445701238789451,0.01765550054573363,-0.4196994975351885,1.0,0.6513836708634957
2023-10-05,0.2311269571945861,0.7066209045593729,-0.999068924095952,1.0,0.5865487040330812
2023-10-06,-0.5945032256432964,0.25045344105573275,-1.3226339767511772,1.0,0.5017142124427298
2023-10-07,-0.47045196384490046,0.6295957166206552,-1.6546341077471958,1.0,0.5147152203446275
2023-10-08,0.21481590432671152,1.7235738713017734,-2.170556461043603,1.0,0.5887847562245679
2023-10-09,0.47919465669421596,2.4770300220962103,-1.7056287074931693,1.0,0.6533016044505175
2023-10-10,0.27499458046958514,1.4626241180904325,-1.669578874843784,1.0,0.5986230144569475
2023-10-11,-0.07660651426220315,1.5798268782655807,-1.6098938853886036,1.0,0.5820558894639656
2023-10-12,0.015334926583345775,-0.10121961063132978,-1.540189643593261,1.0,0.5204651898761423
2023-10-13,-0.11842833403774583,1.5383986085887544,-1.608386980057979,1.0,0.5775918204200825
2023-10-14,-0.47254819128941605,1.2224372886922883,-1.748290128049022,1.0,0.5361553366745835
2023-10-15,0.0830332694290817,1.1588699305358854,-1.7412936968022419,1.0,0.5707786751741926
2023-10-16,0.48116367176089003,0.26085003266840473,-1.3144962876297839,1.0,0.5741297865575834
2023-10-17,0.4359409663694787,0.3632225262178007,-1.3255450844894585,1.0,0.5750121668673916
2023-10-18,0.09335787370920332,0.2625330314618056,-1.323989621637491,1.0,0.5480297471702724
2023-10-19,0.2746750287697782,0.12457408146305395,-1.305661134530796,1.0,0.554980217494586
2023-10-20,0.03543145832188858,0.48657702347090676,-1.3638969398467153,1.0,0.5521729085378565
2023-10-21,-0.4583505720632923,-0.37523542537578325,-1.4724516826463283,1.0,0.4797267630502452
2023-10-22,0.3803166329593048,-1.9397624297912448,-1.4731720904094816,1.0,0.47042527127566913
2023-10-23,1.6720500270183223,-1.5461683765644756,-1.0156892390196925,1.0,0.5881900114770453
2023-10-24,-0.10675467429195669,-1.6373545561576828,-0.9979276736701799,1.0,0.46639565941829353
2023-10-25,-0.3369790474018552,-1.119631296424966,-1.0723619118655154,1.0,0.4701380290933189
2023-10-26,0.7882152719537375,1.883946549455597,-0.9892113243843846,1.0,0.6730717468780864
2023-10-27,2.007051096914218,2.5172036493870222,-1.0301472925120554,1.0,0.7793486487683386
2023-10-28,2.3791453302786647,2.2031382785824816,-1.1971160340871527,1.0,0.7855032491566093
2023-10-29,0.9166576448698337,1.12069694792233,-1.1674418913495044,1.0,0.6438914861097692
2023-10-30,2.288610301380638,1.9300630091740236,-0.7838514630251825,1.0,0.7818649300401209
2023-10-31,-0.1764794932785025,0.5824623475960171,-0.8998459480925508,1.0,0.5575090999948489
2023-11-01,2.2111788353683255,1.0818700585919647,-0.3904716089520728,1.0,0.7544741211674846
2023-11-02,2.670744591527827,0.303142909875688,-0.038690238235461256,1.0,0.7643909194054934
2023-11-03,5.0,2.827012277546143,-0.21014604445446355,1.0,0.8857873100826071
2023-11-04,-0.31074541219614193,-0.20512140199284246,-0.9590492342858653,1.0,0.5137686062943599
2023-11-05,-0.4925192751508674,-0.607507724911062,-1.1764621811855065,1.0,0.47763715374579774
2023-11-06,0.02850948419857703,1.2512724767159797,-0.7535708868703548,1.0,0.6039179559140592
2023-11-07,0.6037783678677968,1.5293176100398673,-0.7322120602480251,1.0,0.6545663896012468
2023-11-08,0.209876856076255,0.5492588039728832,-0.6673958270144063,1.0,0.589631046336807
2023-11-09,0.05553386465793946,1.7798162860533346,-0.7240790078651407,1.0,0.6287253026339136
2023-11-10,-0.10687504118034592,-1.917319218997428,-0.6486183276321776,1.0,0.46636608554201153
2023-11-11,-0.5563565557224219,-2.383170344034387,-0.7052371382385307,1.0,0.4151028940091215
2023-11-12,-0.3924575686729273,-1.940175197572272,-0.7108881014050964,1.0,0.444299258809457
2023-11-13,1.0962323819273054,1.6478334621837554,-0.04481659602367598,1.0,0.715247999852021
2023-11-14,0.12280455176296359,0.19934389515673018,-0.21487277841767205,1.0,0.5843305398018056
2023-11-15,0.6592373214636992,0.7143552107680712,-0.10884347010587063,1.0,0.6450858395427206
2023-11-16,-0.14782430712288278,-0.38262969556069415,-0.2875813838908986,1.0,0.5396160960804156
2023-11-17,-0.5348572840422768,-0.10975836623213736,-0.6470949975019263,1.0,0.5131997492207783
2023-11-18,-0.7823181014506059,-1.3953036506950451,-0.8229115576530416,1.0,0.4372774225358981
2023-11-19,-0.8482014691085732,-2.3881200634008586,-0.6903139364114321,1.0,0.3959377682040116
2023-11-20,-0.5175602877094063,-1.8405888771789158,-0.0018229516654905491,1.0,0.4637440125480684
2023-11-21,-0.81022908219214,-1.989747451415305,0.07359872114478556,1.0,0.44053187474971245
2023-11-22,-0.7931089449092761,-1.5994530732025778,-0.10822330923642617,1.0,0.45187474864806
2023-11-23,-0.8993661566440504,-1.118984791778066,-0.36335518202846956,1.0,0.4563060504986949
2023-11-24,-0.8273403577206965,-1.8692921467641606,-0.4374827438212015,1.0,0.42737404524274014
2023-11-25,-0.740474212696274,-1.592374195326065,-0.24453314963463488,0.8705505632961241,0.43171760718825986
2023-11-26,-0.8443881990456255,-1.644693941802436,-0.13629663137506298,1.0,0.44563531810935475
2023-11-27,-0.23935029859185572,-0.7790383607163082,0.8146259622461868,1.0,0.5537375804722363
2023-11-28,0.45855648031160295,-0.5293205132715157,1.4815267265562475,1.0,0.6328996348530019
2023-11-29,1.7751017193024718,0.7867653424795082,1.5449048077786738,1.0,0.7776188308161002
2023-11-30,-0.5212934873172437,-0.3157179242596532,1.0050027288400047,1.0,0.5605922782960318
2023-12-01,-0.6256817829469459,-1.1503348862340315,0.22391675987800846,1.0,0.4928211528730526
2023-12-02,-0.9056580891625136,-1.5008250629165258,-0.04016122408612598,1.0,0.45074970896477295
2023-12-03,-0.9172325171414685,-1.7520083976951601,-0.357880307900639,1.0,0.42892147202324915
2023-12-04,-0.5995004876049355,-1.4404094243395837,0.5189788099526508,1.0,0.49231553514394333
2023-12-05,-0.3110306066581634,-0.6130659984240325,0.9054774695772836,1.0,0.5589027919410305
2023-12-06,-0.023484817926516997,-1.0130231973605612,1.4770042881841803,1.0,0.5804585218543482
2023-12-07,0.4241176795223605,0.5511729279991265,1.5436126489013073,1.0,0.6776938055981646
2023-12-08,-0.360899724065025,-0.4911403376786691,1.013374136003958,1.0,0.5642549755258525
2023-12-09,-0.8555792776214194,-1.1119079822329185,0.028267497329796665,1.0,0.47257413214319366
2023-12-10,-0.7799139242122761,-0.8018734367172163,0.08464755909436515,1.0,0.49241593049244314
2023-12-11,0.17011102616417317,0.11097794934475413,1.828701384549537,1.0,0.6519215291186277
2023-12-12,0.5587511154311631,0.48401274020780666,2.2198607015050924,1.0,0.7064126285875726
2023-12-13,-0.00563206475750343,-0.33818571747798787,1.7580183106868905,1.0,0.6191340678108133
2023-12-14,0.248256521127742,0.16565542082461612,2.1492444739360037,1.0,0.6700942264074087
2023-12-15,0.0379156899566803,0.22530406831488473,1.6936829125585389,1.0,0.6433714792621835
2023-12-16,-0.9086906818231404,-1.5024548981021648,0.31671779408361894,1.0,0.46237559359365443
2023-12-17,-0.9129516981624106,-1.6729892962508373,-0.07881239372729204,1.0,0.44180158632114463
2023-12-18,-0.5663746005924724,-0.8566600943820868,1.412243310520303,1.0,0.548622299711925
2023-12-19,0.01901437736866659,0.43808697068512603,2.0181559875451067,1.0,0.6617931151879616
2023-12-20,0.564228479875559,1.7153343704849557,2.0960860720578167,1.0,0.7539570331638378
2023-12-21,0.20503136287497242,-0.36054264344922526,1.4018612154288126,1.0,0.6203748545622408
2023-12-22,-0.49779992968531395,-1.435255182369904,0.9278068566944487,1.0,0.5129379339787147
2023-12-23,-0.8188241139756504,-1.3569067869288278,0.3873977980809971,1.0,0.4767872028822887
2023-12-24,-0.9726851428172476,-1.2502759522530773,-0.35937564037425923,1.0,0.4460803044558299
2023-12-25,-1.0614905286158518,-1.4677518804393899,-1.1983001804926792,1.0,0.403134297057546
2023-12-26,-0.7423711370957433,-1.453655491412832,-0.29379021018034995,0.8705505632961241,0.43572918953982276
2023-12-27,-0.8869359369649822,-1.6390298101817036,-0.06835260748717246,0.7578582832551991,0.4089783510168043
2023-12-28,-0.8672899674728017,-1.272950969951623,-0.01562775319072232,0.6597539553864472,0.41258321328877195
2023-12-29,-0.834742461028324,-0.8351234558168197,0.07463738032895346,0.5743491774985175,0.42319398124148705
2023-12-30,-0.8738325947426748,-0.9303977792347818,0.04480472200888419,0.5,0.4044714102826686
2023-12-31,-0.9742435843913213,-1.1719700547896506,0.0032715693177886164,0.4352752816480621,0.3766186866488121
2024-01-01,-0.7482158128380195,-1.3413926474496356,0.3936261797684793,0.5,0.40734845815934656
2024-01-02,-0.2084542347183916,-0.8388408182824574,1.3607045941063827,0.5743491774985175,0.5076605466853286
2024-01-03,-0.07479087422662037,-0.8098721173683473,1.5409557111766443,0.6597539553864472,0.5365975538417327
2024-01-04,-0.28103529076504324,-1.3676649672636332,1.5970780350944604,0.7578582832551991,0.5161929506377743
2024-01-05,0.542125640298603,-0.9882271282524488,2.1005173631366345,0.8705505632961241,0.6205654089416945
2024-01-06,-0.5801737334497773,-1.6439191026185438,1.2034165509035517,1.0,0.507939006857694
2024-01-07,-0.734019675472163,-1.7811261002654983,0.6064716617918764,1.0,0.47206748951718924
2024-01-08,-0.3206503178751083,-1.5591024319696458,1.0799872984933951,1.0,0.5246602874260374
2024-01-09,-0.7320831730724027,-1.5589254783969457,1.0730462353021033,1.0,0.49700743470537057
2024-01-10,-0.361657666132751,-1.3121286000760553,1.0056718647125245,1.0,0.5297398594117319
2024-01-11,-0.18462653406265295,-1.261117918532587,1.026376213289606,1.0,0.5443575248999521
2024-01-12,-0.6085762025046056,-1.3906732618141535,1.0521029848297943,1.0,0.5115536334184297
2024-01-13,0.2459719687467288,-1.3376862733747554,0.7232873503873883,1.0,0.5597707815387467
2024-01-14,0.8489819778800625,-1.082865391025794,1.6329924020699065,1.0,0.640912487301593
2024-01-15,1.8947990725377473,-0.7154467788206557,2.5864280891820925,1.0,0.7577239253577257
2024-01-16,2.260525536478748,-1.0652534844079538,2.9321213409884117,1.0,0.7790535186145323
2024-01-17,4.411045755235519,0.38578609143419484,3.23420394425689,1.0,0.8910744204764248
2024-01-18,1.9771374323641366,0.5937508069205412,2.472896406991496,1.0,0.8139786593456816
2024-01-19,-0.08533265932948547,-0.7177418136977958,1.9354319502378228,1.0,0.6039196454818869
2024-01-20,0.7842752907623003,1.4912277813288781,2.142305214153317,1.0,0.7608296840779672
2024-01-21,1.1136030342668413,3.090775475525935,2.0354447096178485,1.0,0.8420883592717178
2024-01-22,2.514659873627895,2.114233710941359,2.369934845904601,1.0,0.9097348910612363
2024-01-23,0.07411085503553774,-0.5269584787454441,1.0783545178362532,1.0,0.5939292709825175
2024-01-24,-0.6584119964273826,-0.9765096318185275,0.42136321110217095,1.0,0.5044634059491415
2024-01-25,-0.6850783734593802,-0.8262091256754631,-0.22797092002825856,1.0,0.4873036975319551
2024-01-26,-0.6352025630994489,-0.7900018558767102,-0.707449113483034,0.8705505632961241,0.4567373658434913
2024-01-27,-0.7027669003520549,-0.9154647280394064,-0.99550898004281,0.7578582832551991,0.42049961946174064
2024-01-28,-0.6747762303922742,-1.2782631991717652,-0.33014215109126244,0.7578582832551991,0.42942795546026263
2024-01-29,-0.5273112133864756,-0.9756704401617803,0.4186083903300156,0.8705505632961241,0.4937291816062466
2024-01-30,-0.4210902920787198,-1.025263498479109,0.44054426812674885,1.0,0.5188928103623475
2024-01-31,-0.6118879961579637,-0.9293336663294774,0.3332587205278033,1.0,0.5065938548433343
2024-02-01,-0.5178698542474749,-1.0055257962115454,0.3759979691734462,1.0,0.5111117005138022
2024-02-02,-0.7661339967680217,-1.1554165719118592,-0.3355096176677385,1.0,0.4645983891302131
2024-02-03,-0.8065828820058306,-1.020234750641366,-0.41708390798368966,1.0,0.4648152296567647
2024-02-04,-0.8138780254196979,-1.2287941963710103,-0.7238041384405753,1.0,0.44541490217520885
2024-02-05,-0.28867254994033953,-0.9346828706492286,0.5198804549461127,1.0,0.53413939222513
2024-02-06,-0.1604507705071879,-0.592674583608607,0.5063028587141537,1.0,0.5564852696063007
2024-02-07,-0.1042719511062038,-0.44486734581311776,0.7450235116930572,1.0,0.5743465142404751
2024-02-08,-0.23994823222554665,-0.3903129699193863,0.26385203468873863,1.0,0.5515354785946137
2024-02-09,-0.7260012684495339,-0.745838157141006,-0.7360927925740052,1.0,0.470986899136689
2024-02-10,-0.8151135032986377,-0.9951436868006068,-1.4589264391665764,1.0,0.4305638981911797
2024-02-11,-0.7212854699098056,-0.48879351513476615,-1.3462216764918005,1.0,0.4616738496590044
2024-02-12,-0.49156507306076475,0.26746932714761074,-0.5243569357288964,1.0,0.5358949859028029
2024-02-13,-0.4336945629351476,-0.2503446060784605,-0.1841111581662271,1.0,0.5295189652788468
2024-02-14,-0.23279097108369667,-0.26171798082751146,0.13889331964914095,1.0,0.5532054633815786
2024-02-15,-0.35880852133913366,-0.08219245839875566,0.5719126981268265,1.0,0.5667185027483372
2024-02-16,-0.42242615518812615,-0.10348074349650951,-0.1877606411979864,1.0,0.5362678706351708
2024-02-17,-0.5624466669545667,-0.41866604402101126,0.048718374285635344,1.0,0.521683082845008
2024-02-18,-0.5526482424985475,0.41916904226853513,0.11405808440395751,1.0,0.5594240967414177
2024-02-19,-0.212025082237,-0.09218585285971014,0.25723097872588124,1.0,0.5655982832725748
2024-02-20,-0.1560800171272681,-0.46653680453828855,0.7277695216651883,1.0,0.5694146160579264
2024-02-21,-0.2363683297747683,-0.3177579018702829,0.4210393534636165,1.0,0.5600368438858743
2024-02-22,-0.3903061770530919,-0.21178389964234404,-0.3453729568634318,1.0,0.5286428271492485
2024-02-23,-0.6426547615996774,-0.5412853120813491,-0.8629187234960711,1.0,0.480838837106763
2024-02-24,-0.5255023349927505,-0.25574588593442316,-0.99150742887563,1.0,0.49626018479069467
2024-02-25,-0.5013599661298597,0.07835394814469467,-0.8082612140024723,1.0,0.5178987096306226
2024-02-26,-0.18796233708777815,0.33781089147946597,-0.46690583760506454,1.0,0.560981103418957
2024-02-27,-0.65190497469562,0.21769891292286925,-1.3497024168559502,1.0,0.4956203758302131
2024-02-28,-0.3964051933539219,0.5907727305701264,-0.8434688682084224,1.0,0.5450728886098798
2024-02-29,-0.4541581854329481,1.6008646343008055,-0.7914531278500476,1.0,0.5850437098053354
2024-03-01,0.13975356745140222,1.3215166698916807,0.13519527076002294,1.0,0.6438866081009142
2024-03-02,-0.6167199622509353,-0.38835264268066744,-0.9094965091614838,1.0,0.4873874254328604
2024-03-03,-0.711432122172152,1.5493658668169872,-1.8412549089560464,1.0,0.5307529393406961
2024-03-04,-0.39327216245292146,1.0826688448733157,-1.5203237165200418,1.0,0.5432156004888586
2024-03-05,-0.5504819625671433,-0.3561709045245105,-1.337712498516749,1.0,0.47887033152311087
2024-03-06,-0.620850146186257,-0.4666092075095757,-1.077522198685897,1.0,0.4782505333184873
2024-03-07,-0.5273553234292512,-0.38937516795689747,-1.0619834947269802,1.0,0.4882195632822799
2024-03-08,-0.590820020653737,-0.46237005923269153,-1.2475444834512877,1.0,0.47476176337334586
2024-03-09,-0.6793011311013207,-0.5759168054794228,-1.4045075949804877,1.0,0.4588998045322531
2024-03-10,-0.3456729708806262,-0.049062298737540616,-0.8643640884957653,1.0,0.5210987365440353
2024-03-11,0.5843044821568744,0.376766322133496,0.03138912436993741,1.0,0.6306985330450186
2024-03-12,-0.15373969180348065,0.5137743572115278,-0.596843140552292,1.0,0.5662631807451718
2024-03-13,-0.2600521635406552,-0.09062917127572723,-1.2390815399787847,1.0,0.5125842556281749
2024-03-14,-0.46514332617234544,0.029631069452971937,-1.41109102910783,1.0,0.49818870517878977
2024-03-15,-0.48115062880473497,0.30272920111418844,-1.5283851327828961,1.0,0.5045908370333456
2024-03-16,-0.5737017727819576,0.0532837060075315,-1.7709274288392498,1.0,0.4799424552702083
2024-03-17,-0.3117944961064852,0.8553288496602607,-1.7541290063354158,1.0,0.531381435450898
2024-03-18,0.06291347364814158,1.3105503149567082,-0.3983439776610409,1.0,0.6205223621110376
2024-03-19,0.452026627656005,1.209561909784271,0.1467890841922359,1.0,0.6604264908911529
2024-03-20,0.022042438152158075,0.06451672296270256,-0.4659396776997899,1.0,0.5636263700769302
2024-03-21,0.8598618371141861,1.2405293355570621,0.15338003165335728,1.0,0.6891255125109351
2024-03-22,0.3488627195704696,-0.03618663484390268,0.0728665940714185,1.0,0.5991786246552493
2024-03-23,-0.5943423869922675,-0.8694771174956636,-0.9521168137292696,1.0,0.46741173384722057
2024-03-24,-0.27612126999033376,0.05497442134084566,-1.0270018874348237,1.0,0.5246491199753522
2024-03-25,0.16095457473499908,1.632581107443497,-0.23933721025250743,1.0,0.645776610784062
2024-03-26,-0.32130974229772674,0.2810002658563222,-0.8020496592012619,1.0,0.5385527062841229
2024-03-27,-0.24762328895761995,0.55484844603679,-0.9075211865831838,1.0,0.5513597597682521
2024-03-28,-0.2195881948134027,-0.09179189821456596,-0.756614693801598,1.0,0.5313156347934463
2024-03-29,-0.34731549114638854,-0.7954503676269725,-1.121361251451655,1.0,0.48132316022406174
2024-03-30,-0.6520002008926894,-0.5772458202107785,-1.7610631035951894,1.0,0.4487793073118653
2024-03-31,-0.6206674189245209,-1.257596543735966,-1.9808309192008555,1.0,0.41519461877600483
2024-04-01,-0.4435679663282642,0.4349005921743429,-1.1874372253783907,1.0,0.5239684194061003
2024-04-02,-0.46079871782621407,0.2907261084562192,-0.9784438836789716,1.0,0.5237788772079625
2024-04-03,-0.3756600815628151,-0.13046657559412536,-0.6948075784243012,1.0,0.5213596346319137
2024-04-04,-0.2333263423688433,-0.1876211759728259,-0.5267908104598343,1.0,0.5340676678278816
2024-04-05,0.009296390560596002,1.1270704955472475,-0.5997090989888945,1.0,0.6025907267188786
2024-04-06,-0.15746882412422494,0.7757357275201474,-0.8111363788545087,1.0,0.5697865210765741
2024-04-07,-0.2695708291959092,0.24719775707618635,-1.4786584552449487,1.0,0.5180399027569489
2024-04-08,-0.05378416037791931,0.4003371327368556,-1.0660261176022887,1.0,0.5525608992520981
2024-04-09,-0.22268995151396212,0.6436657432067501,-1.2321987377396144,1.0,0.5459001179413633
2024-04-10,-0.07871725356700672,1.216721729598164,-1.1418718366635718,1.0,0.5823865272733374
2024-04-11,-0.10366483806516986,1.7427660076279392,-1.0560875078147796,1.0,0.6055013441863268
2024-04-12,-0.13519901697227502,1.2099878807007263,-1.046647644911064,1.0,0.5815146390673431
2024-04-13,-0.24494226358252313,-0.5061260666488662,-1.301619294714386,1.0,0.4941946198269829
2024-04-14,0.23408751537283548,1.760863516411952,-1.433261743040801,1.0,0.616199756107327
2024-04-15,2.1695826590226,3.3188617348118266,-0.44906298897843144,1.0,0.829670077635559
2024-04-16,1.211421667035136,2.8273378636294746,-0.4716920239681466,1.0,0.7578441213212991
2024-04-17,0.147465191881769,1.6502746213640882,-0.6818092469918549,1.0,0.6308654804492265
2024-04-18,1.0132102417674502,1.3190022505071037,-0.8027566960876732,1.0,0.6707472200193704
2024-04-19,0.5981526915565358,-0.051460015302700376,-0.8043270809555628,1.0,0.5859217761009712
2024-04-20,-0.2892994638785765,-0.5508896627069082,-1.5643854429058317,1.0,0.48061345169844605
2024-04-21,-0.06821321309544011,0.08256382515533504,-1.8709202604536899,1.0,0.5115286031599866
2024-04-22,1.134986076731132,1.348722757865946,-0.6349071415065644,1.0,0.6856989486429378
2024-04-23,0.35840043309912956,1.5499289649892027,-0.9667513038220229,1.0,0.6312486922870914
2024-04-24,-0.013806312241274099,-0.1440918419609293,-1.1836858499815968,1.0,0.5286195574361565
2024-04-25,0.45754112761347,-0.13285098058522862,-1.1293390180840277,1.0,0.5623226503803792
2024-04-26,0.14971962203058778,-0.010063778947093887,-1.156477734541228,1.0,0.546012726194536
2024-04-27,-0.6467575926928463,-0.0018337933274845957,-1.5315759260147213,1.0,0.480753888231341
2024-04-28,0.7095013464430299,0.9728638593588533,-0.49540947978927774,1.0,0.6463224345765116
2024-04-29,4.931567937371021,3.109474224335799,1.4311386959156158,1.0,0.9477046231971872
2024-04-30,3.598909181886899,3.8341152612772214,0.9766440188029307,1.0,0.9325548006267644
2024-05-01,0.5664610145691062,0.5802597194449473,0.9030161994178033,1.0,0.66704209592874
2024-05-02,1.9514281799536202,1.2537731761073267,1.7983241988741665,1.0,0.8172799009638523
2024-05-03,0.9832039078906205,0.7883967866433008,1.0631264471799209,1.0,0.7088343415421764
2024-05-04,-0.4157728474579153,-0.8947482058618849,-0.9651965614161235,1.0,0.4778274162113564
2024-05-05,-0.48711805360365307,-0.655880217946133,-1.1176077383870293,1.0,0.4779435293990999
2024-05-06,0.30424018874693554,0.20519021528040038,-0.2309902426184324,1.0,0.5961325967991981
2024-05-07,0.898078250625266,0.8416456652189581,0.7408929573433695,1.0,0.6946368846705867
2024-05-08,4.609950637487785,1.9057293517322207,1.9126700680582922,1.0,0.9181610585907857
2024-05-09,1.9094935646325328,3.33020390400766,1.0940301735209768,1.0,0.8637672434262015
2024-05-10,0.5155039574189304,0.33489851986769964,-0.5715875860481962,1.0,0.604268115954143
2024-05-11,-0.47511695394637904,0.2687169889810988,-1.4778089719277963,1.0,0.5052617785468606
2024-05-12,-0.05724028742359608,-0.29817097813305277,-1.6791221677056734,1.0,0.5027894511593607
2024-05-13,0.4384526090786677,0.48360876668919534,-0.22251482453153032,1.0,0.6169633783995766
2024-05-14,0.4782404894994594,2.6762955530653563,-0.31836569047658164,1.0,0.7077828243284677
2024-05-15,0.09073572861287649,1.390563349361483,-0.5292875518489671,1.0,0.6213462697359546
2024-05-16,1.4938692555736117,2.3651186022471857,0.25211225717122937,1.0,0.7815416340375813
2024-05-17,1.6394838229929707,3.3827202449169103,-0.0015861940491848315,1.0,0.8092460483978919
2024-05-18,0.32644179316782806,2.2907018529019676,-0.3927574393959994,1.0,0.6791167821022374
2024-05-19,0.8987353047190593,2.142120151669278,0.5577869364851381,1.0,0.7427635911836618
2024-05-20,1.49700834673451,1.5398926113133882,2.4394554140891485,1.0,0.8202779290566635
2024-05-21,1.8647231667172552,1.5591801475928249,3.666313588639578,1.0,0.8642807172641848
2024-05-22,4.645256415121086,2.093766926722463,3.3225065880116165,1.0,0.9622402886134359
2024-05-23,1.893439152681984,2.35405280361038,2.434369707393596,1.0,0.8804604672423514
2024-05-24,1.4129889483345395,2.243923544654044,2.3298322474646422,1.0,0.840357152498376
2024-05-25,1.641563640869944,3.320351271866086,1.4909188027203044,1.0,0.8591348694820066
2024-05-26,2.0842761640619205,3.3917484938069142,1.0595202991002868,1.0,0.8742690875741377
2024-05-27,2.795989128261678,3.0448719716970745,0.4530582884159362,1.0,0.9015012181646431
2024-05-28,2.3027506898853956,2.7528738742312227,1.152365392086277,1.0,0.8816319704882033
2024-05-29,0.11992373485410206,0.5129802945593512,0.3964899167990089,1.0,0.6175854251568801
2024-05-30,-0.5866622417498829,0.05547484755091166,-0.14712095746680404,1.0,0.5332966039490691
2024-05-31,-0.8160147896394011,-0.41923922599609115,-0.44498520633933103,1.0,0.4882978727295585
2024-06-01,-0.8160147896394011,-0.41923922599609115,-0.44498520633933103,1.0,0.4882978727295585
2024-06-02,-0.8160147896394011,-0.41923922599609115,-0.44498520633933103,1.0,0.4882978727295585
2024-06-03,-0.8160147896394011,-0.41923922599609115,-0.44498520633933103,1.0,0.4882978727295585
2024-06-04,-0.8160147896394011,-0.41923922599609115,-0.44498520633933103,1.0,0.4882978727295585
2024-06-05,-0.8160147896394011,-0.41923922599609115,-0.44498520633933103,1.0,0.4882978727295585
2024-06-06,-0.8160147896394011,-0.41923922599609115,-0.44498520633933103,1.0,0.4882978727295585
2024-06-07,-0.8160147896394011,-0.41923922599609115,-0.44498520633933103,1.0,0.4882978727295585
2024-06-08,-0.8160147896394011,-0.41923922599609115,-0.44498520633933103,1.0,0.4882978727295585
2024-06-09,-0.8160147896394011,-0.41923922599609115,-0.44498520633933103,1.0,0.4882978727295585
2024-06-10,-0.8160147896394011,-0.41923922599609115,-0.44498520633933103,1.0,0.4882978727295585
2024-06-11,,,,,
2024-06-12,,,,,
2024-06-13,,,,,
2024-06-14,,,,,
2024-06-15,,,,,
2024-06-16,,,,,
2024-06-17,,,,,
2024-06-18,,,,,
2024-06-19,,,,,
2024-06-20,,,,,
2024-06-21,,,,,
2024-06-22,,,,,
2024-06-23,,,,,
2024-06-24,,,,,
2024-06-25,,,,,
2024-06-26,,,,,
2024-06-27,,,,,
2024-06-28,,,,,
2024-06-29,,,,,
2024-06-30,,,,,
2024-07-01,-0.735456891984409,-0.9575953428780706,1.6073132473791427,0.37892914162759955,0.4464862140712311
2024-07-02,-0.1968542930409642,-0.5394307083282384,2.810157186513614,0.4352752816480621,0.548363299414589
2024-07-03,-0.09387638297013284,-0.574000649310295,3.5948530430108887,0.5,0.5698248807473955
2024-07-04,-0.15525011772477035,-0.3485083661264452,2.7161054094211954,0.5743491774985175,0.5768180338352309
2024-07-05,0.542475205497516,-0.3583166750350712,3.455564332839857,0.6597539553864472,0.6451982455480068
2024-07-06,0.3393535060457951,-0.41152466805706095,3.062055902877787,0.7578582832551991,0.6441554483889553
2024-07-07,0.21944357089017882,-0.7721735200778493,2.8716470398522964,0.8705505632961241,0.6337598272122634
2024-07-08,2.1411365043037986,-0.1581809079980851,3.619988149042792,1.0,0.8111515624536664
2024-07-09,2.2237561839653983,-0.0858654007552583,3.2257767414558978,1.0,0.8196726872328909
2024-07-10,2.7508386591854435,0.754864131397929,2.7395151882912274,1.0,0.8811590890303177
2024-07-11,0.45936573662799574,-0.33185440193930865,2.220157683341017,1.0,0.6658023718057625
2024-07-12,-0.20056427607037328,-0.9709454084617885,1.8032915449406468,0.8705505632961241,0.5618652922351741
2024-07-13,0.23788992467756542,-0.5296230997371337,2.3422012453040075,0.7578582832551991,0.6105438164878707
2024-07-14,0.709567464552546,-0.29172311025044806,2.0320196670236714,0.8705505632961241,0.6584659414382754
2024-07-15,4.408100402158375,-0.3005098352933051,2.931193088813937,1.0,0.8601851931565769
2024-07-16,4.336418600523567,-0.09194863478623266,2.8165738870832953,1.0,0.8650546031200169
2024-07-17,0.6444877571588411,0.03281683298391191,2.179251186307364,1.0,0.6919749247284979
2024-07-18,-0.5023892453049816,-0.41503563202111676,1.2630345538952046,1.0,0.5663153841086281
2024-07-19,-0.47829061083397045,-0.6204176765758307,1.0838262614569127,1.0,0.5533907648023062
2024-07-20,-0.6692623432890586,-0.8181324174953185,0.5512465980199718,1.0,0.5146685463190902
2024-07-21,-0.27769040299713105,-0.6089679043377257,1.1305071712244064,1.0,0.5687972161602662
2024-07-22,-0.25292564057915246,-0.8851747616712653,0.9941498972977697,1.0,0.5543943388016794
2024-07-23,0.31653109489268405,-0.7889633964436755,1.5053428559638051,1.0,0.6134066933398193
2024-07-24,-0.059236596558750694,-0.4570227857332969,1.1756155476473797,1.0,0.5911954624121086
2024-07-25,-0.29835218639950184,-0.14882679079494035,1.0210425699429213,1.0,0.5829434902883414
2024-07-26,-0.54177795658597,-0.519670052879771,0.8225548885463254,1.0,0.5446470469758224
2024-07-27,-0.6616703682124357,-0.7976682156591818,0.8345939112223407,1.0,0.5254722635074498
2024-07-28,-0.4469365043804938,-0.8609890841885435,1.004352221688509,1.0,0.5428080952563948
2024-07-29,-0.16464286297493239,-0.5378339563138498,1.4738787949826027,1.0,0.5907433541213475
2024-07-30,0.06079877654636404,-1.0461733623726717,1.5485804468265516,1.0,0.5870820432317814
2024-07-31,-0.7306927876308025,-0.8698770020782066,0.9944521252990115,1.0,0.5231906765813217
2024-08-01,1.7998980240378084,0.07312376495720661,2.0196305817752367,1.0,0.7653610445349122
2024-08-02,1.5985323905218147,0.5474684376907277,1.6719849770542459,0.8705505632961241,0.7406954280014615
2024-08-03,-0.3538997860662502,-0.5661698226751624,1.1368420463935531,1.0,0.56571100653057
2024-08-04,-0.22100664344996163,-0.8292682019969937,0.9796791013242717,1.0,0.5583693520642703
2024-08-05,1.1209457628446908,-0.3657290303164663,1.735635007073313,1.0,0.6923455081622372
2024-08-06,0.15866656104895777,-0.6006988926162983,1.4213212667210127,1.0,0.6079260257682851
2024-08-07,-0.743738638345896,-0.48325027330712433,0.5422765833926261,1.0,0.5233578821688977
2024-08-08,-0.6108004209751748,-0.6783448590202891,0.41444003876373176,1.0,0.519830270767934
2024-08-09,-0.7488995821037264,-0.7799028685087253,0.4694615847543774,1.0,0.5082261278303672
2024-08-10,-0.7520431471966933,-0.9235320124016019,0.14513793826927818,1.0,0.49122122094579634
2024-08-11,-0.9083423778561893,-1.1177711732064768,-0.17855037099939994,1.0,0.4619183635593376
2024-08-12,-0.5795279284812089,-1.1195878686781326,0.23800999366593142,1.0,0.4976489766951949
2024-08-13,-0.6094844105527355,-0.7267603987255421,0.4433288970147084,1.0,0.5188636525834104
2024-08-14,-0.5165799307335692,-0.9439486204466973,0.704575921778658,1.0,0.5247160094917717
2024-08-15,-0.5155856551353402,-0.9499627162348319,0.5434971273911349,1.0,0.5191624140608971
2024-08-16,-0.42757486230758046,-0.9645980702225286,0.7478514954615733,0.8705505632961241,0.5118143905966936
2024-08-17,-0.7104825487443353,-0.734144058829942,0.16716132900728511,1.0,0.5026172052660396
2024-08-18,-0.8570181160599825,-0.8252193475357688,0.1608172576661558,1.0,0.488841894704216
2024-08-19,-0.9236352321974507,-1.1896977778501443,0.06304710769868091,1.0,0.46595514736637
2024-08-20,-1.0553874748112997,-1.1357961316714957,-0.484441391562248,1.0,0.44116794980752616
2024-08-21,-1.1174657870466687,-1.070040105587681,-0.9721357928509687,1.0,0.4235127500357031
2024-08-22,-1.0918764404281207,-0.8807311954861128,-0.6814938191518141,1.0,0.4427946435211435
2024-08-23,-0.8387122091818636,-0.9326019228822917,-0.22536771986528112,1.0,0.4727151819389376
2024-08-24,-0.7360605454772919,-1.0988823286715117,0.010562760485990566,1.0,0.48049462528973397
2024-08-25,-0.42836038846586305,-1.112369425178029,0.5762656376639561,1.0,0.5193027693086565
2024-08-26,0.6042610335546822,-0.6279806134138105,1.3226225992395932,1.0,0.6332056299860566
2024-08-27,2.0175073522036326,0.10702398556549143,1.5920987652203622,1.0,0.7670297817194831
2024-08-28,1.7218765475277218,0.14696249565274466,1.6399746048856485,1.0,0.7505810273169008
2024-08-29,0.5771536475910208,0.5241754986843917,1.1468857068393992,1.0,0.673547079179231
2024-08-30,-0.5305513683266698,-0.6400515132734355,0.36465877440424904,1.0,0.5251163882053039
2024-08-31,-0.7972367370431043,-0.39696839461057004,-0.3226884598221173,1.0,0.4945542524276154
2024-09-01,-0.8457180199180726,-1.0122920948628529,-0.22201926617674672,1.0,0.46903931918028474
2024-09-02,-1.0523771984790264,-1.2411961056432226,-0.7946457364428849,1.0,0.4266368244848344
2024-09-03,-0.9650627208660243,-1.1526166931997108,-1.0952427782783147,1.0,0.4261286971163333
2024-09-04,-0.8565707759639317,-1.1884337955460704,-0.7916911399393491,1.0,0.4419875021233399
2024-09-05,-0.6445349298432312,-1.0881592896966392,-0.34645363113759803,1.0,0.47514257990183806
2024-09-06,-0.924592089334389,-1.106878005712238,-0.7575036611052988,1.0,0.4419904884361876
2024-09-07,-1.1092094808818307,-1.1117193859442984,-1.2960270979109625,1.0,0.4115301569298334
2024-09-08,-0.9976503409889886,-0.9047955464487089,-2.0778428169788508,1.0,0.4015287355994095
2024-09-09,-0.6537354781873377,-0.8599637005218708,-1.3598600078503178,1.0,0.4502571470040889
2024-09-10,0.22147714934835308,0.1263287680805706,-0.7249282603660027,1.0,0.5708645666143806
2024-09-11,3.4677098982464623,0.6600062226992727,-0.3313748225654744,1.0,0.7914544318602873
2024-09-12,1.4614385010994997,0.7174494879552203,-0.3234736344928454,1.0,0.6915405075883394
2024-09-13,-0.3942163146199034,0.16436656012370446,-0.38131069010048235,1.0,0.5428571626938113
2024-09-14,-0.376086537849478,-0.38936406542355745,-0.4585962607924466,1.0,0.5184175193909717
2024-09-15,-0.151601256392897,-0.09873558182317788,-0.6255077423524218,1.0,0.5399290089194271
2024-09-16,-0.050278140321438014,-0.057113797277952086,-0.7764575417683421,1.0,0.543386464366378
2024-09-17,-0.4803367377124216,-0.28012262968106666,-0.9133786418592961,1.0,0.5008598198538176
2024-09-18,-0.6027424629694677,-0.72154818420222,-0.6770707139881063,1.0,0.48218363766067274
2024-09-19,-0.3611138119300504,-0.7612298581914494,-0.07937518857351197,1.0,0.5165619954942359
2024-09-20,0.22643351633822725,-0.5459217946283654,-0.06672002613188056,1.0,0.5651248254419705
2024-09-21,0.005951141454198284,-0.2988179271445455,-0.5613587431118359,1.0,0.5442340376955292
2024-09-22,-0.388989292536262,-0.3174120199614868,-1.2335409546307916,1.0,0.4947238478448276
2024-09-23,-0.41039979120694126,0.08321422310901518,-1.5459083907877833,1.0,0.49957699352282015
2024-09-24,-0.32575348849217517,0.7739577373046835,-1.6774327096408703,1.0,0.5296169161668545
2024-09-25,0.06003183211885386,1.1110556750826803,-1.475519090217584,1.0,0.5761121389291157
2024-09-26,-0.1758784782703854,0.9171941640362424,-1.2232196355350986,1.0,0.5607172037656478
2024-09-27,-0.5047407580218388,0.9062379739822638,-1.3404087183879076,1.0,0.5344302411015415
2024-09-28,-0.296234720837132,1.6177973212990537,-1.7925469740329951,1.0,0.5629076745305519
2024-09-29,-0.3494867281543165,0.8089745253301697,-1.8751134449169982,1.0,0.5229043751812361
2024-09-30,-0.5842163083353442,1.292259155620428,-1.8875070731161634,1.0,0.5269794751579561
2024-10-01,-0.2693167245950349,1.8494997689167132,-1.5937274502904428,1.0,0.5809837937221793
2024-10-02,-0.24110574802202583,1.718622953632698,-1.643709750549475,1.0,0.5757452481815782
2024-10-03,0.23984404275776933,0.8359697634123693,-1.3654115305401193,1.0,0.5803079586413628
2024-10-04,0.20337723650517398,1.0305076132796973,-1.400356118265206,1.0,0.5848177623781587
2024-10-05,-0.0942879396857826,0.7957038926119476,-1.599988889688595,1.0,0.5485355032234924
2024-10-06,0.1193780444621262,0.4245860817344033,-1.4891040627077998,1.0,0.5510128209461486
2024-10-07,0.42626951268873686,0.5759749457225559,-1.5812629042671988,1.0,0.5747081601087823
2024-10-08,0.6336500878804641,0.7807615203892696,-1.6782489392141886,1.0,0.5938334379011109
2024-10-09,0.2636080669190014,-0.3424801814322479,-1.6698272683046114,1.0,0.5226429546247694
2024-10-10,-0.15710604826365013,-0.7768199110074958,-1.6518337557198095,1.0,0.47709764196645066
2024-10-11,-0.23243741134249715,0.37848063445192237,-1.688866729623576,1.0,0.5189786413585444
2024-10-12,0.39434753941220285,0.11676970395551438,-1.7552631887565238,1.0,0.5476464673337424
2024-10-13,0.46219218810859347,-0.3446979788724416,-1.6060434598180053,1.0,0.5379156147602877
2024-10-14,0.265893287483258,-0.05311271505382325,-1.4807750684289038,1.0,0.5411540204240111
2024-10-15,0.1323927986911877,0.7510480881684398,-1.2994569978782984,1.0,0.5718046236571542
2024-10-16,0.7414117916793614,0.5293111670279,-1.2727597553843362,1.0,0.6040567595586421
2024-10-17,1.4466597673680082,1.1594889189661262,-1.1499557984685675,1.0,0.6814241628325035
2024-10-18,1.5354289441831195,1.7172207065193488,-1.2260920243984206,1.0,0.7080430582372336
2024-10-19,-0.10133211542724108,1.34183141379344,-1.5769558760498916,1.0,0.5715889720112475
2024-10-20,-0.10821340007580929,0.9335564100492681,-1.554158147556877,1.0,0.554878685495103
2024-10-21,0.767081679168821,1.2907150919640704,-1.076490045688826,1.0,0.6440355725867968
2024-10-22,0.5874190971427459,1.6353672222786066,-1.0084958310610752,1.0,0.6486850463690892
2024-10-23,0.8662712771711444,1.9567748003988095,-1.065232694539095,1.0,0.6787759453433903
2024-10-24,0.33697107677805954,0.422197237959822,-1.1828190486712227,1.0,0.5756289884111558
2024-10-25,0.35024838312438256,0.7053332506406282,-1.1882000507528934,1.0,0.5881321092932219
2024-10-26,-0.7324916738670404,-1.221710921727127,-1.4153782151042076,1.0,0.42808332616676015
2024-10-27,-0.6609449126620047,-1.2576836909856914,-1.338643772221029,1.0,0.43391205962409496
2024-10-28,0.4508410447903956,-0.12720889340460909,-0.8024005111841568,1.0,0.5730090153880291
2024-10-29,-0.3055054375082976,-0.48339211211144223,-0.8721930988696571,1.0,0.5054185295324816
2024-10-30,-0.17640929183248924,0.0984243952343802,-0.7877895659478342,1.0,0.5410807448143388
2024-10-31,-0.9940298716255633,-0.5142425529183364,-0.8937709768364783,1.0,0.4575122029588159
2024-11-01,0.25167112576913375,1.8695555019061034,-1.0558077110780448,1.0,0.6344826305947617
2024-11-02,-0.7587715974981643,-0.9670984074494635,-1.2054167218648855,1.0,0.4439389024608986
2024-11-03,-0.0843049459087923,-0.24805139155072436,-1.2102539066083258,1.0,0.5187023987378562
2024-11-04,0.3130336926072857,1.2073804380560236,-0.7969683167024433,1.0,0.619610820536072
2024-11-05,-0.39354485285853424,-0.13706432773327085,-0.6521613616816938,1.0,0.5213139507644883
2024-11-06,0.1362397384480922,-0.3694639915194703,-0.5230439353906092,1.0,0.5512535184035413
2024-11-07,0.270093274780097,-0.40471248601006843,-0.6617342303779941,1.0,0.5540853903889872
2024-11-08,-0.5341388482858116,-0.6134242334297043,-0.8374164464326175,1.0,0.48591751884028767
2024-11-09,-0.8147366361866101,-1.5391924475568126,-1.1213095897246084,1.0,0.4191742192818718
2024-11-10,-0.8859384473545028,-1.3279482004822585,-1.0454794263899896,1.0,0.42575694760993943
2024-11-11,-0.3892416474797135,-1.0558038072973492,-0.7206511312216056,1.0,0.48103702715657604
2024-11-12,-0.14961093687564808,-0.49355513064483764,-0.5207494842573526,1.0,0.52710282428951
2024-11-13,0.5204824339096121,0.01836881233333045,-0.31519601251103807,1.0,0.599957662357495
2024-11-14,-0.44324220970322953,-0.7918048125582327,-0.24249620138368388,1.0,0.5043754454504022
2024-11-15,-0.6321121172508627,-0.5402267881823146,-0.38461955113921364,1.0,0.4975290909710389
2024-11-16,-1.0536907945381102,-1.197380369840869,-0.7219488581834004,1.0,0.4307981363479765
2024-11-17,-0.8373459109144301,-1.2565072783462081,-0.862223271431149,1.0,0.43808169362690763
2024-11-18,-0.738713953358824,-0.8383054722048888,-0.5797180157118625,1.0,0.471499074577146
2024-11-19,-0.5926045935113153,-0.8009027131901018,-0.5134589116498147,1.0,0.4850067836613309
2024-11-20,-0.9767418696623256,-0.2833743264678899,-0.4029073281156743,1.0,0.4846463674824938
2024-11-21,-0.4025880640013872,0.48368972653426834,0.27084092977773927,1.0,0.5773425653314267
2024-11-22,0.006558600789120482,0.5015970913144441,0.342563154607862,1.0,0.6077558906776386
2024-11-23,-0.7020791298260365,-1.5632880887284064,0.11473430166778986,1.0,0.4668821977035069
2024-11-24,-0.752365203015213,-1.371134306888904,-0.5191980159121232,1.0,0.4504051231482107
2024-11-25,-0.5970268611872839,-1.422261264107916,-0.09814715094684705,1.0,0.4726657515514564
2024-11-26,-0.4188330831251787,-1.4409053498915805,-0.12260924867102897,1.0,0.48295309659047125
2024-11-27,-0.5073758650924203,-0.9970384076668981,-0.033927396137552954,1.0,0.4985007621364661
2024-11-28,-0.9104668405898748,-1.427977039778515,-0.20898289150438373,1.0,0.44783707091975744
2024-11-29,-0.893352843725054,-1.3826098068837123,0.5325515222466951,1.0,0.47558611920639826
2024-11-30,-1.0756840912162664,-1.5893990973168743,0.5090086603137767,1.0,0.4540297202078384
2024-12-01,-0.2979520887910601,0.23963079452159158,1.135522052850669,0.8705505632961241,0.58355446344177
2024-12-02,3.7232942196495733,2.4005934321503104,2.0622670298688837,1.0,0.9437669606685591
2024-12-03,3.3211709113880388,3.4481096019295645,2.094391971808709,1.0,0.969813065726957
2024-12-04,3.4128823754198723,2.2638486036262018,2.3958571308024212,1.0,0.9491889295111725
2024-12-05,1.063196233016276,-0.2836231661689703,2.412291567763935,1.0,0.7144718358695091
2024-12-06,3.0769448085616724,2.4117999909321575,2.292258050308136,1.0,0.9519002679657778
2024-12-07,0.6620942195691611,1.1568144540843706,1.769942742455703,1.0,0.7263383083066496
2024-12-08,-0.7838854850167452,-0.8304857243142983,0.7159661031579201,1.0,0.5120029325910519
2024-12-09,-0.9118335336134766,-1.1020359121984213,0.3262253592139248,1.0,0.47916711339129814
2024-12-10,-0.9718914837729036,-1.1183677651458257,0.39083851319458707,1.0,0.47663652797388323
2024-12-11,-0.45945140284561825,-1.094239104969836,1.0418672014117745,1.0,0.5335055171502748
2024-12-12,0.28886136602298923,-0.10908367095046008,1.9142422321637484,1.0,0.6535203458507218
2024-12-13,1.0611382680269559,-0.4774071226019768,2.013025875970175,1.0,0.6929514502923872
2024-12-14,-0.7999022961752823,-0.979980359345391,1.477202561483099,1.0,0.5300807506650266
2024-12-15,-0.7931664213919071,-0.46905418085668266,0.8084271862582845,1.0,0.5295258872467873
2024-12-16,-1.0153765598351712,-0.9836909111953469,0.7654081843009612,1.0,0.49183471418788116
2024-12-17,-0.7583281586630746,-0.6037382934088951,0.5876214803092583,1.0,0.5188764098740664
2024-12-18,-0.9768935424124029,-1.1900888850290543,0.7577842856709113,1.0,0.48554620315199293
2024-12-19,-0.8923913579972413,-0.9241433687263038,1.2491525910808097,1.0,0.5186396888059482
2024-12-20,-0.8519448914732044,-1.0563634151214814,1.4962620379380724,1.0,0.5240639328696605
2024-12-21,-0.06792629285470936,-1.039905790590536,1.676875876048886,1.0,0.5830380350700433
2024-12-22,0.27999796346540495,0.8610197426423417,1.973267254901393,1.0,0.695317928671171
2024-12-23,1.7217947355795615,0.7403015447865811,2.4657760015688166,1.0,0.8028247467903723
2024-12-24,-0.5141492285602012,-0.8350998002840623,1.5417902949105409,1.0,0.5573205695811687
2024-12-25,-1.004453021581549,-1.4152411842964172,-0.02838679923962914,1.0,0.4481218559075584
2024-12-26,-0.9160227246571608,-1.2697122110079093,0.6894330520957324,1.0,0.4840082446340508
2024-12-27,-0.9701306746101189,-0.8964015783136133,0.6129694441671015,1.0,0.49340687073516154
2024-12-28,-1.0080201662167063,-1.0777583950532095,0.14756206632678645,1.0,0.4678107913358954
2024-12-29,-1.0947015625464864,-1.245355096952856,-0.7157553156308782,1.0,0.42627158960283595
2024-12-30,-0.8831453734823325,-1.2682525158818838,-0.19448000120910816,1.0,0.45679712023246244
2024-12-31,-1.0766660909667125,-1.108804637552366,-0.2577677749428114,1.0,0.4484298082061102
2025-01-01,-1.0263236922399723,-1.0403786450878052,0.3168066245609108,0.8705505632961241,0.45437211561845897
2025-01-02,-0.5345870445641391,-0.9724445874419515,1.411303573142183,1.0,0.5458857916570489
2025-01-03,-0.7124150379546725,-0.914935745748352,1.701343489670468,1.0,0.5460947910525228
2025-01-04,-0.3743729855194981,-0.453642278150234,1.7978036768764578,1.0,0.591066828604989
2025-01-05,-0.23318017070603028,0.22272496328745803,1.7157034464959882,1.0,0.6259249769731083
2025-01-06,0.051977211785519215,1.116126448936301,2.1700934431778274,1.0,0.6973068642639748
2025-01-07,1.6592680894190557,1.2104414519894535,2.2100293789233474,1.0,0.8097205790916092
2025-01-08,3.1229246461642997,2.439567322477992,2.2935694613226825,1.0,0.9531009538140058
2025-01-09,2.815241849416721,2.548365852559818,2.3572473847369606,1.0,0.9474396133090058
2025-01-10,1.6577223193123272,1.7641655958370779,2.1073367596031165,1.0,0.8292662797674707
2025-01-11,-0.42701948529182543,-0.5352212041644111,1.424580632078372,1.0,0.571717171876307
2025-01-12,-0.06589884079878604,0.7005527526145936,0.9453763510246939,1.0,0.6313089870065122
2025-01-13,0.3416280174300052,0.11867382275301122,1.3081559368270972,1.0,0.6463251416709457
2025-01-14,0.7230735403189831,-0.5118770402942809,1.841956539885946,1.0,0.6632752440052021
2025-01-15,0.9154946170649157,0.4588766552732546,2.2788470996460712,1.0,0.7311144050955825
2025-01-16,1.5952154245704415,1.004560372119252,1.9530694668191315,1.0,0.7883066927036361
2025-01-17,0.25993912183465373,-0.3712733506476603,1.2596503738199942,1.0,0.6188478976393242
2025-01-18,-0.45440906591214314,-0.15480247565276328,0.47244672055175635,1.0,0.5540041831387171
2025-01-19,2.4214275829239975,0.05560231072675656,1.0560242975483523,1.0,0.7739460783934932
2025-01-20,4.813787924736772,0.8844014358718848,2.2865619414352434,1.0,0.88806879120917
2025-01-21,4.1551787667678255,-0.14816566345780383,2.640070062910532,1.0,0.8568287661196092
2025-01-22,4.131179196806535,1.7166896175204513,2.813953773635581,1.0,0.9403271931845382
2025-01-23,3.198736694523568,3.384573510544078,2.3662834659326735,1.0,0.9788761155310891
2025-01-24,1.1708731713483678,0.5272043772391825,1.6649615381600207,1.0,0.7305237784135246
2025-01-25,0.7287188229679241,0.24423181287748033,1.060611803389574,1.0,0.6691113071807425
2025-01-26,-0.5629985595391502,-0.6720127103730115,0.3238218611378497,1.0,0.5202602951364429
2025-01-27,-0.2654968708625621,-0.7429633824775748,0.843753056777899,1.0,0.5544685028985269
2025-01-28,-0.17893522311185328,-0.9798490323564103,0.3453713381739285,1.0,0.533756320050157
2025-01-29,-0.49501272966419096,-0.92685810991878,0.04550839551597751,1.0,0.5048970099596374
2025-01-30,-0.34836862789345135,-0.691408811987873,0.3532414064901642,1.0,0.5347414378572807
2025-01-31,-0.7223607860000635,-0.87387278120704,-0.21702418097649007,1.0,0.48319710901715285
2025-02-01,-0.6575348245401768,-0.843715030591756,-0.4115948296635641,1.0,0.48228972443387963
2025-02-02,-0.4960553755138577,-0.4698837948587882,-0.18774947065538913,1.0,0.516092834491447
2025-02-03,-0.4471418650237627,-0.9142600044503008,-0.01639369309174826,1.0,0.5065499190432617
2025-02-04,-0.49339763755657473,-0.8208234788202191,-0.28731919903996445,1.0,0.49832853924405374
2025-02-05,-0.45390719203914215,-0.8175624499836639,0.30466030199300415,1.0,0.520829761847838
2025-02-06,-0.524588463133121,-0.7111102684181857,0.21213268840053393,1.0,0.517468930887052
2025-02-07,-0.32592325561618496,-0.9260199934075948,-0.21187117099838954,1.0,0.507625244200325
2025-02-08,-0.4821144479025081,-0.36593917566186773,-0.17510909917831374,1.0,0.5217746011813112
2025-02-09,-0.5366091361548518,-0.7144457323657672,-0.2925069924729677,1.0,0.4997072523253373
2025-02-10,-0.04486104096936703,-0.6898845973649083,0.08743947195667531,1.0,0.5461787214437269
2025-02-11,-0.29870556548570026,-0.4900793023714645,0.7077168357660081,1.0,0.5582568858943426
2025-02-12,-0.4283573777172061,-0.7349875519479884,0.6027998465467869,1.0,0.5359116883725796
2025-02-13,-0.38223751705537734,-0.6090052083354286,0.33959864257577216,1.0,0.5354622366015244
2025-02-14,0.08078677147335848,-0.6080567331386029,0.6130172949505882,1.0,0.5754839973824684
2025-02-15,-0.5468327966709438,-0.8281544044095257,-0.04753285237455575,1.0,0.5024536182923883
2025-02-16,-0.6051760940657085,-0.5949984168517863,-0.5740605084097148,1.0,0.49072797607980456
2025-02-17,-0.08021378520855989,-0.7265725104288876,0.6543254669511266,1.0,0.5611894086165966
2025-02-18,0.4504453162236964,-0.605884779763625,1.1656552326720828,1.0,0.6186396630138316
2025-02-19,0.9569720927948632,0.026298088427244015,1.526342126306917,1.0,0.6907719640810233
2025-02-20,1.2385399233048708,0.5684099992200843,1.4242604192698147,1.0,0.728728425496822
2025-02-21,2.133506413689871,0.20046301889570753,1.411109693653554,1.0,0.772623376488431
2025-02-22,-0.05300723194097142,-0.2435455403407395,0.3640018469038984,1.0,0.5734518485865344
2025-02-23,-0.5630569948676767,-0.7706292349884774,-0.6755672300441214,1.0,0.48283440788283094
2025-02-24,-0.2556906825045173,0.1912688186800675,-0.2135994628486836,1.0,0.5588035065164122
2025-02-25,-0.3510021493337194,-0.5058995968016986,-1.086046748160906,1.0,0.49431914857231773
2025-02-26,-0.5303782690262335,-0.4295981874233888,-1.0215435324558242,1.0,0.48769007317374913
2025-02-27,-0.6093282810581157,-0.4892051019901281,-1.5612830645762563,1.0,0.4619517998606618
2025-02-28,-0.6229851536885365,-0.6931517003457051,-1.4729544819882598,1.0,0.45548785284008453
2025-03-01,-0.37868750766307896,-0.5944274288803082,-1.559468888574774,1.0,0.47300406033328946
2025-03-02,-0.11577526767672819,0.23861729886635843,-0.8774571712883009,1.0,0.5479754638980397
2025-03-03,0.765563198435657,0.37723322646958607,0.2218473275970943,1.0,0.6491505085851798
2025-03-04,-0.16325340871716681,-0.32664504921249404,-0.5771461290932624,1.0,0.5312680247318929
2025-03-05,-0.5284595677418651,-0.010352034121698052,-1.349259218939754,1.0,0.49436272009747984
2025-03-06,-0.2094756470827765,0.19915776788419814,-0.6102624996258618,1.0,0.5489911138687944
2025-03-07,0.18119914005774057,1.1964358240534834,-0.4745078680894699,1.0,0.6211145064030955
2025-03-08,-0.35801050967693754,0.6269727503232648,-1.2179881794944172,1.0,0.5366568913018596
2025-03-09,-0.21787129257649335,0.2792757322104927,-1.6079149779638666,1.0,0.5185145700715421
2025-03-10,0.7013429849529396,0.6823832560272853,-0.9921679086785868,1.0,0.6171165710420466
2025-03-11,-0.011762016151586707,0.9304864572900944,-1.2306241096495574,1.0,0.5719653309886629
2025-03-12,0.17455911040671168,0.6479294351756788,-1.6049267806651029,1.0,0.5601367744705973
2025-03-13,0.018882376155524874,0.6974030908308234,-1.399559026868819,1.0,0.558665319632692
2025-03-14,0.003165984110417033,1.5267190703505735,-1.4792771262716111,1.0,0.5895151226629146
2025-03-15,-0.5625201875938397,1.4255741372179147,-1.900750286563054,1.0,0.5335392336590553
2025-03-16,-0.365294360636217,1.3054486033231398,-2.0654731185973016,1.0,0.5361916304761397
2025-03-17,-0.08459137543060138,1.6064489984886894,-1.4869699225411972,1.0,0.5867302858236154
2025-03-18,0.9563247458407328,2.105499189958629,-0.7171532226218889,1.0,0.7025790085502621
2025-03-19,-0.01938488495261428,1.7816236161961578,-1.3454677253276308,1.0,0.6030930675004113
2025-03-20,-0.1540440677964803,1.2363972325630639,-1.468342352834459,1.0,0.567302201742547
2025-03-21,0.3704008416055371,1.548042000639308,-0.9504738844776263,1.0,0.6325126766510861
2025-03-22,-0.3942239028866069,0.751915924779312,-1.620378195945683,1.0,0.5260356301418415
2025-03-23,-0.47439057602283136,1.162425630406899,-1.6200972752907077,1.0,0.5378051203557418
2025-03-24,-0.39974120383534495,0.5845486207254875,-1.1304566322478313,1.0,0.5350248911996113
2025-03-25,0.05343522601692065,0.9724171589505644,-1.1629922880857229,1.0,0.5803133204212109
2025-03-26,0.20429984515398833,1.3629706380669435,-0.9375046592614777,1.0,0.614160277621006
2025-03-27,1.1393198705550776,1.156255584195794,-0.5718499806583572,1.0,0.680070308023218
2025-03-28,-0.2880045748657242,0.7109021904417354,-1.3572377836968499,1.0,0.540179360154129
2025-03-29,-0.44420589668204385,0.7702254445406326,-1.7643842237789045,1.0,0.5186661929510933
2025-03-30,-0.5309515358171947,0.7483319107307882,-1.8298816804119002,1.0,0.5097876712122399
2025-03-31,-0.6411696568569715,0.1930635702430814,-1.7321388262207331,1.0,0.4825617107623059
2025-04-01,-0.42158027512640156,-0.7125948085969448,-1.4583814948471256,1.0,0.4685904814717964
2025-04-02,-0.4568858840551005,0.18843557334664493,-1.1212231961649526,1.0,0.5150183167469384
2025-04-03,0.1510690666188845,1.2618762713023164,-1.199310950351198,1.0,0.5976724174004822
2025-04-04,-0.021343247461140007,0.6652163908997748,-1.2320101313119716,1.0,0.5602274620796823
2025-04-05,-0.2861624071729076,0.6153462524680859,-1.4439286000674065,1.0,0.5334309800390629
2025-04-06,-0.3089839798053776,0.3318681946091542,-1.4756125241788636,1.0,0.5190418253157275
2025-04-07,-0.2259635950911817,0.04510348596853373,-0.9035257932734271,1.0,0.5316975458001626
2025-04-08,0.5031721709582255,-0.11468766719847598,-0.5783940254187033,1.0,0.5844863577499885
2025-04-09,1.0831984330888174,1.037402232383378,-0.23682897461423308,1.0,0.6825440227347542
2025-04-10,-0.11517216547349886,-0.28764970442629906,-0.819771844690303,1.0,0.528010723127661
2025-04-11,-0.3354388772248239,-0.5035295026307912,-0.7699900156717734,1.0,0.5059906783863364
2025-04-12,-0.3223229112612948,0.7152911170682903,-0.9493985753149012,1.0,0.5516689832832624
2025-04-13,-0.3019926447608339,1.8055462168402054,-1.3403961255268009,1.0,0.585418378533393
2025-04-14,0.4112914424349186,2.198733849196932,-1.211646569312472,1.0,0.6536451209017844
2025-04-15,0.5769060231478733,2.270863496236836,-1.1495294107388072,1.0,0.6697620668617661
2025-04-16,0.24069723036862317,2.0185687468337528,-1.0291435556083866,1.0,0.6408487279557017
2025-04-17,0.11354345117667461,1.9803121789744642,-0.8165676839785874,1.0,0.6378636480697614
2025-04-18,0.053228898580541,1.7324550122481517,-1.300521940747739,1.0,0.6073834873907844
2025-04-19,0.7417925466101698,2.046275308045431,-1.2971307612101697,1.0,0.6664766155688986
2025-04-20,0.6729007215720184,2.649078349261757,-1.2219099614323485,1.0,0.6895079806096295
2025-04-21,0.3998888232030217,1.6633248140310029,-0.9711134496153109,1.0,0.6385940071443161
2025-04-22,0.8912229190271772,1.5583628313774607,-0.8886257197640801,1.0,0.6697257885837368
2025-04-23,0.8454103876654038,1.105146294955062,-0.7295124743566839,1.0,0.6530913723222651
2025-04-24,1.5306895220539987,2.0689835636747906,-0.5811787845253463,1.0,0.743880990472538
2025-04-25,0.7351728118357228,2.125994584862228,-0.7006944842519548,1.0,0.6892381456832425
2025-04-26,-0.09679408604498543,1.4044952022254429,-0.9916954131687477,1.0,0.5940111805841028
2025-04-27,-0.429731755213405,-0.38325950273838155,-1.61765098145246,1.0,0.4764603709899251
2025-04-28,-0.1377818729367645,0.3579187958140229,-0.7439706516306371,1.0,0.5559288032421121
2025-04-29,1.8944771686014954,1.657864078490708,-0.4077522242842419,1.0,0.7567844070344045
2025-04-30,1.7997586642358798,2.278936057035378,-0.4781650847674273,1.0,0.7740007438332852
2025-05-01,5.0,3.2707949440158863,-0.14831851803077511,1.0,0.8950560493989742
2025-05-02,3.6755879027105602,3.321808707689205,0.06871925845581471,1.0,0.9022906419485272
2025-05-03,1.8871535726102346,2.519905626954189,-0.3385653288311873,1.0,0.794520795002734
2025-05-04,-0.07935481907192307,1.6093173662868823,-0.8998953076514495,1.0,0.6067680587354436
2025-05-05,3.2194631118723134,1.8395437692556191,-0.776289797900803,1.0,0.8257713304556241
2025-05-06,0.43808157581806595,1.3181736617683373,-0.8016544308052936,1.0,0.6324075266013754
2025-05-07,0.7276213969567573,0.7405986885354874,-0.603018553709384,1.0,0.6342657533624497
2025-05-08,0.1739055191259558,0.45604668246910246,-0.386930946531265,1.0,0.5926979481602341
2025-05-09,-0.4701952938468064,-0.6393668945656477,-0.5417138583779727,1.0,0.49895623119071186
2025-05-10,-0.9697478407446994,-1.2595893411801735,-1.2907900244939563,1.0,0.4148409205847142
2025-05-11,-0.7264649755983317,-0.4361662568782556,-0.9334358827566344,1.0,0.4772808781649628
2025-05-12,-0.5280140783581989,-0.271478098844815,-0.06746051933948553,1.0,0.5262387900129366
2025-05-13,-0.3326409719715168,-0.13190988281429672,-0.1694179803832452,1.0,0.5416804240718617
2025-05-14,-0.06852484271514042,1.1604063216688556,0.14204120378246712,1.0,0.6235166473479419
2025-05-15,0.9767859321700036,0.5145293965520901,1.4226867371730185,1.0,0.7089806782401048
2025-05-16,4.804573635388119,2.060497254693158,1.4070193784138836,1.0,0.9077546982260111
2025-05-17,1.4198892286381526,2.6068065851895432,0.47532121818504897,1.0,0.7941202635649428
2025-05-18,0.00975227865807733,0.13786449369162615,-0.3666717833839574,1.0,0.569172113034891
2025-05-19,-0.5686745557443408,-0.054233306804869055,-0.14635353335281845,1.0,0.5299501907217472
2025-05-20,-0.6168055281198817,-0.38256688342932693,-0.38389741356393176,1.0,0.5051427641969882
2025-05-21,-0.4958357919048073,-0.6493749577726797,-0.6958123739275598,1.0,0.4916932448348993
2025-05-22,-0.8642719813383197,-1.3401009468370142,-0.930168328974204,1.0,0.43053871749342965
2025-05-23,-0.8148165526709525,-1.4002488591749769,-1.0530995010535131,1.0,0.4272318773211954
2025-05-24,-0.7984991781941568,-1.4264886397308203,-1.7115840716328365,1.0,0.4052768924105108
2025-05-25,-1.0502313775818861,-1.3602331240264092,-2.265970304762928,1.0,0.3727758511680096
2025-05-26,-0.9541841621915254,-1.2013854085990594,-1.6231295104574763,1.0,0.40722568014702165
2025-05-27,-0.8701241681305938,-0.5361169107992148,-0.6763004204496715,1.0,0.47211017015967083
2025-05-28,-0.7656171322134453,-0.6416764637469269,-0.7227548254940821,1.0,0.47313051101317893
2025-05-29,-0.568098882136853,-0.5950190417532073,-0.2319630598045923,1.0,0.5046021791243398
2025-05-30,-0.4878530131115204,-0.17433243169089077,0.17785129691866533,1.0,0.541140991036067
2025-05-31,-1.0288670367716795,-1.4840710476325514,-0.44046084236839134,1.0,0.42989054248491865
2025-06-01,-1.0653485554216626,-0.6643188982643653,-1.6966183830082315,0.8705505632961241,0.40032544727168484
2025-06-02,-0.6523286229274717,1.1138130159505233,0.42796571240375325,1.0,0.5921858245495655
2025-06-03,-0.24811424968160736,2.7101236855737394,2.534708645591738,1.0,0.7558711584398566
2025-06-04,-0.4768196268580199,-0.5451127923198468,3.786450507898158,1.0,0.6204989918628051
2025-06-05,-0.4341300150212959,-0.12821169836328536,3.551684334503608,1.0,0.64071584490011
2025-06-06,-0.17454677125586057,-0.15451622646148225,3.0288376092771103,1.0,0.6569253724803809
2025-06-07,-0.3610019155859487,0.040990909978426276,1.656308482974072,1.0,0.6078514429758403
2025-06-08,-0.7345758689841557,0.004017305703842792,0.896633110111931,1.0,0.5560834334757808
2025-06-09,-0.2915383888823009,1.225755115534916,1.725975111775515,1.0,0.664169740947652
2025-06-10,-0.44325341711404515,1.0912682553859094,2.213358240868425,1.0,0.664697890862424
2025-06-11,0.8367564991137936,1.3552172742571718,3.3820305882785773,1.0,0.7872511530349685
2025-06-12,0.8521279287615338,1.5562071986458619,3.8954391768091914,1.0,0.7966504951943466
2025-06-13,-0.20735007475750486,0.2829063140151627,2.614934552033967,1.0,0.660128909834597
2025-06-14,-0.5732460689700984,-0.3988829070631949,1.2149817036720505,1.0,0.560662864396762
2025-06-15,-0.857142636672095,-0.32191401843477485,0.3168499224503506,1.0,0.5150057375354231
2025-06-16,-0.38996037426043495,-0.38275750499531,1.404154062523827,1.0,0.5798595477586274
2025-06-17,-0.2549769065260999,-0.003994138809319808,2.317768124026081,1.0,0.6350940545820745
2025-06-18,0.11004719314816834,0.444035290732073,3.0616453101745273,1.0,0.7008379499903811
2025-06-19,-0.18998190020475558,0.1814290391997339,2.7442488797353914,1.0,0.6613690459441849
2025-06-20,-0.6426632659655356,-0.9133610507059003,2.3648561343243357,1.0,0.5729276096336964
2025-06-21,-0.5791597971929404,-0.7943315735436811,3.1571676553370076,1.0,0.6032921979561506
2025-06-22,0.7712665438089357,-0.1275409315080667,3.524507809879393,1.0,0.7211035641077596
2025-06-23,4.792127043087547,0.7124886862301314,4.252243868027055,1.0,0.9046870285929222
2025-06-24,3.7206228345834216,0.19472562833755816,3.731212809375222,1.0,0.8831135678473984
2025-06-25,2.2165821158032935,0.36010406736576,3.164648898926204,1.0,0.8377764771937929
2025-06-26,1.113651413700216,0.6118533212548718,2.5970195469258726,1.0,0.7613046341964966
2025-06-27,0.09338978838092339,0.3662602732890935,1.7151959245363075,1.0,0.6536600280969841
2025-06-28,-0.2616734545957921,0.04457082958169618,1.6457851092144795,1.0,0.6142717245666672
2025-06-29,-0.0746508465756592,-0.502070892900743,2.0588515208041636,1.0,0.6177320403842306
2025-06-30,-0.5183495291984304,-1.3865094425224684,1.5001293215137137,1.0,0.5326764486654589
2025-07-01,-0.19956531956820553,-0.9165830003086398,1.7270123595721016,1.0,0.5810717656683297
2025-07-02,-0.2935296045606293,-1.4783690389222222,1.684413485670235,1.0,0.5499797659298733
2025-07-03,-0.013173219747956188,-1.0192659946567566,1.8386967602232491,1.0,0.5929422609135464
2025-07-04,-0.48762566119464956,-0.9918624895858269,1.0879185019654767,1.0,0.5374279689197965
2025-07-05,-0.414288342010292,-1.2404308540491134,1.4178782649293362,1.0,0.5429587671115788
2025-07-06,-0.2958116388542117,-1.4491509518515404,1.5258527064655392,1.0,0.5457596912980897
2025-07-07,-0.19301770957808634,-0.9123712643705915,1.7258132182177932,1.0,0.581643790619946
2025-07-08,0.15575342945128778,-0.5058409864751392,1.8339974250848814,1.0,0.6254401016964511
2025-07-09,0.4886782588021141,-0.057574762129107435,1.5408422117063132,1.0,0.6565410092216386
2025-07-10,-0.28237221748273705,-1.098426063693396,1.3259707690455778,1.0,0.554606458482112
2025-07-11,0.03232781403223388,-0.7032491493658475,1.7473976803964517,1.0,0.6060997290584537
2025-07-12,-0.20808999049483554,-0.7001607855942962,1.2537091056139422,1.0,0.5737442714210467
2025-07-13,-0.4267199357105404,-1.1202829620025496,1.1472524012292609,1.0,0.5381152942434998
2025-07-14,-0.0452249804988162,-1.1260583775288222,1.4573745857214861,1.0,0.5736450550937608
2025-07-15,0.0999833519484171,-1.2433341206547934,1.5594559850463319,1.0,0.5818418346041558
2025-07-16,0.276391529247039,-0.8187771928500788,1.5448522195850107,1.0,0.6108054595672163
2025-07-17,3.4984137907360524,0.7694930650850293,1.434584349309848,1.0,0.8548816893555379
2025-07-18,0.1308384339562164,-0.1421276916547422,0.997657229920545,1.0,0.6110558161088184
2025-07-19,-0.259879300539323,-0.15696191088534345,0.531667358211731,1.0,0.5688568789508802
2025-07-20,1.20932563670852,0.3808674379838248,0.7274913690424727,1.0,0.6957408979979764
2025-07-21,-0.11082921171170534,-0.1705400605031778,0.9315025749463804,1.0,0.5915556358631333
2025-07-22,-0.4590903775695326,-0.7789056444657213,0.8541512783318079,1.0,0.5404112822536864
2025-07-23,-0.2759045399112033,-1.025004216522695,1.2146366046543762,1.0,0.5543857418059533
2025-07-24,0.6466279112649319,-0.9815189020700759,1.397119264225759,1.0,0.6237825486389343
2025-07-25,2.6422246208326072,0.2762908677093698,1.5133846372985205,1.0,0.813106582120015
2025-07-26,0.46601086068301145,0.6242770991935555,0.8631031877616833,1.0,0.660849042770655
2025-07-27,0.04547011384273783,0.03980733175612531,0.8739859050604676,1.0,0.6088228432480367
2025-07-28,2.3120127884004873,0.18872151505137028,1.5767411371830817,1.0,0.7895556202599424
2025-07-29,4.077343055340232,-0.18676761893269828,1.6249528808555243,1.0,0.8213831119063217
2025-07-30,2.1054068135870923,0.46678148909667216,1.4465059041961257,1.0,0.783026546424705
2025-07-31,0.034438804703773626,-0.13323189268263846,1.0080159630841357,1.0,0.6053451235546129
2025-08-01,-0.7158612792813968,-0.7824668805556199,-0.5517855759713278,1.0,0.4762802754923785
2025-08-02,-0.7633946947799787,-1.3299893841698922,-0.6516672284214432,1.0,0.44696855506020783
2025-08-03,-0.7729174938352483,-1.6707227184952875,-0.3860289688149433,1.0,0.44099108817984833
2025-08-04,-0.5420174082263762,-1.5141287094999247,0.2790864032105578,1.0,0.48507968999609663
2025-08-05,-0.582844200641252,-1.3794375263794971,0.24609378663528048,1.0,0.4868702825792802
2025-08-06,-0.597269782742939,-1.3925984386492742,0.06413509030885403,1.0,0.47929491588371287
2025-08-07,-0.5332884350156565,-1.0501499674429868,0.38241446262659085,1.0,0.5084383377763848
2025-08-08,-0.5403269086630723,-0.9945113747477841,0.4542522921666622,1.0,0.5126819752135263
2025-08-09,-0.4503159036764672,-1.017486142765728,0.27558358439691827,1.0,0.5117698032862275
2025-08-10,-0.4289526741696364,-0.8745428969291339,0.4418000424127924,1.0,0.5246905357637367
2025-08-11,-0.2580005014172711,-0.8917542429967684,1.0177521938501557,1.0,0.5545686129089884
2025-08-12,0.23292347860212712,-0.1650447154819071,1.1354783275763942,1.0,0.6215006463476089
2025-08-13,-0.09835678048663046,-0.05223989352184593,0.8377822785355015,1.0,0.5941922950219979
2025-08-14,0.015496118495580595,0.15838984935646214,0.8261596657925412,1.0,0.6101713071493093
2025-08-15,0.0025987955191309913,-0.3601099072540482,1.0421376275753298,1.0,0.5949065944848677
2025-08-16,-0.2652995057127855,-0.27087301187565094,0.7480682139139323,1.0,0.5709625979214599
2025-08-17,-0.028591254969066775,-0.25655172593309095,0.6540163915588459,1.0,0.5842048074734782
2025-08-18,-0.48696591620513907,-0.7713379694593991,0.03996619094032321,1.0,0.5117287298901932
2025-08-19,-0.5674845687377094,-0.8690523491897375,-0.19028789932289983,1.0,0.4946142508904837
2025-08-20,-0.5453617267016142,-0.6279980590636061,-0.5278739507515244,1.0,0.49488016740052465
2025-08-21,-0.6459555401981516,-1.1716788248389474,-0.8252204629114978,1.0,0.45560899752145045
2025-08-22,-0.729104775615873,-1.213725367595446,-0.4267129689829147,1.0,0.4615973590097011
2025-08-23,-0.764422947210135,-1.3362545248464608,-0.6601381087836199,1.0,0.44635659469126787
2025-08-24,-0.7650179299881783,-1.371317628677296,-0.8788300638346009,1.0,0.43756623467808076
2025-08-25,-0.7917924890835593,-1.2447130631138017,-0.86586286709967,1.0,0.4414886941946986
2025-08-26,-0.7559094398644449,-0.7938817945783266,-1.3707661677600398,1.0,0.4458354236429388
2025-08-27,-0.7662542465482443,-1.0071778929707738,-1.6240081622661235,1.0,0.42781703261413073
2025-08-28,-0.7288277107682332,-0.9797794225165252,-1.6095255090118252,1.0,0.4319364930435351
2025-08-29,-0.7319994875332158,-0.9369239194778093,-1.628106739430708,1.0,0.43289131287185334
2025-08-30,-0.7562681181590214,-0.8931547868790028,-2.1206210851053093,1.0,0.41667997316592975
2025-08-31,-0.866741709422325,-1.1218877767086581,-2.510621618833388,1.0,0.38678450804787134
2025-09-01,-0.6319286206450523,-1.2656919215237998,-1.7855262792409887,1.0,0.4206167192521386
2025-09-02,-0.5019420970595255,-0.7081733285716753,-1.2510730431741561,1.0,0.47032753673307337
2025-09-03,-0.6156661534324559,-0.78435992575768,-1.109399146277278,1.0,0.46429395465535694
2025-09-04,-0.4772706659317864,0.20629081692476578,-1.359324769193836,1.0,0.5064665806699516
2025-09-05,-0.15752228584810168,1.673508078002812,-0.8589844188818268,1.0,0.6055952035641828
2025-09-06,0.326370402668282,1.786706959531802,-1.3467642790686862,1.0,0.6263120075227543
2025-09-07,-0.7027345028922685,-0.6941203419563651,-1.9605199376171247,1.0,0.4338786876384294
2025-09-08,-0.5747517142611337,-0.6372507615649183,-1.8709910124767681,1.0,0.4477647369014939
2025-09-09,-0.5183157866005508,-0.08840542980995142,-1.7574311767297728,1.0,0.4781810154268895
2025-09-10,-0.46923171654944495,-0.15549586895190515,-1.531471837188044,1.0,0.4861898297841062
2025-09-11,-0.48222960296858514,0.18618900839418123,-1.0338646736621946,1.0,0.5161470793631121
2025-09-12,-0.3601582280072858,-0.18480756235127488,-0.9620520340183061,1.0,0.5112207352342676
2025-09-13,-0.568082888018687,-0.7057932645506863,-1.3415739112074576,1.0,0.463000624402227
2025-09-14,-0.4438440790595073,-0.44712287022204567,-0.8576012919459534,1.0,0.4981935654052492
2025-09-15,-0.06183229381007179,0.8892607283861067,-0.6561608427265718,1.0,0.5860583493378639
2025-09-16,-0.47351995880261594,0.24732041563531398,-1.0688639337761872,1.0,0.5181082222720907
2025-09-17,-0.3841641543736899,0.5776472986844432,-1.0626927305710439,1.0,0.5380346028012377
2025-09-18,-0.1519461101769916,1.3364636364220812,-0.3802922641265384,1.0,0.607879835368236
2025-09-19,0.2990226817775616,1.9934365851471538,-0.21305487002142623,1.0,0.670892874165588
2025-09-20,-0.332274597169368,1.4752125345894314,-0.9718260605030185,1.0,0.5819213471131679
2025-09-21,-0.34844189651042845,1.4629670318433294,-1.3441906168173026,1.0,0.5679211459988668
2025-09-22,0.12012521524494317,1.93670975555081,-0.9522265745823505,1.0,0.6319637016782016
2025-09-23,1.1802543460238832,2.437598580058043,-0.5458984133033805,1.0,0.737053616793898
2025-09-24,2.5461783098157427,3.5837825202835383,-0.9036905657428959,1.0,0.8396222017962862
2025-09-25,0.3382719456846004,2.603711203391918,-0.7335183245731752,1.0,0.6815888190345308
2025-09-26,0.14295446990673416,2.4018364083331116,-0.5166322272505781,1.0,0.6673857407659761
2025-09-27,-0.2814284965355571,0.7693793161458473,-1.1639220067373013,1.0,0.5494981715124632
2025-09-28,0.126543359973408,0.17751264325016572,-0.5885337056478298,1.0,0.5712147939453898
2025-09-29,0.38284467341297507,1.2353118060294206,-0.6230365916344481,1.0,0.6312264170909426
2025-09-30,-0.32472203392426907,0.9285783183941515,-0.9518632299424117,1.0,0.560313853340058
2025-10-01,-0.09718918622649556,0.8767054332291216,-1.2299648911925807,1.0,0.5640512842630278
2025-10-02,0.3349436170945929,2.4001081570555267,-1.375938198790711,1.0,0.6514694743905961
2025-10-03,0.5316359034747478,2.4463751072811166,-1.1096505147059943,1.0,0.6753863392114966
2025-10-04,0.5854293568723656,2.2025224696145833,-1.0875979074782938,1.0,0.6695471297761556
2025-10-05,0.6240096097262063,2.0340211424721697,-0.9116504052901949,1.0,0.6709631747417477
2025-10-06,2.0388843970845802,2.5416290939652697,-0.5357795411230576,1.0,0.798967520683423
2025-10-07,1.5767880122591116,2.9447554585290927,-0.926182764375881,1.0,0.7719445861101236
2025-10-08,0.22568825863216174,3.725359621002469,-1.1664526066607874,1.0,0.6761641303534512
2025-10-09,0.33471269976482665,2.2397933274035084,-1.667052677321804,1.0,0.6350704793820745
2025-10-10,-0.262188957150639,2.080631345922916,-1.7582926915317916,1.0,0.5856039525523525
2025-10-11,-0.30452032434097615,1.327517951716807,-1.8437929994517088,1.0,0.548552126383745
2025-10-12,0.021219686940520045,2.110011934558155,-1.788492790477338,1.0,0.6047153833867133
2025-10-13,0.36814105697037386,0.8967382880484627,-1.3813310236690632,1.0,0.5908624650110754
2025-10-14,0.03989859914363204,0.6541442097079558,-1.317314554482954,1.0,0.5610054301979752
2025-10-15,0.08113964770102075,0.7777664236613959,-1.4024605515919115,1.0,0.5660675591128959
2025-10-16,-0.12151448963975255,0.9341172279567476,-1.3892313268497731,1.0,0.5595128742938885
2025-10-17,0.2403039009936681,0.6669721660122244,-1.4345680125513551,1.0,0.5709918332317088
2025-10-18,-0.1086466911363008,0.15673789753377435,-1.5441793734398839,1.0,0.5228149872068244
2025-10-19,0.05001557565060893,0.6494002726921543,-1.474280507781507,1.0,0.5562500328128301
2025-10-20,0.029800249105905566,0.9424146260945063,-1.220328037422106,1.0,0.5755763581135946
2025-10-21,0.2765781471625939,1.689507614554578,-1.1498877048535963,1.0,0.6255051035888272
2025-10-22,0.20494949731585438,1.212341363739699,-1.1033918471174644,1.0,0.6023977950729622
2025-10-23,1.1660412205177222,1.7864499410454715,-1.101455904884088,1.0,0.6904562987486066
2025-10-24,1.4475961028577893,1.5930451607825808,-0.9774773205827727,1.0,0.7053007112037011
2025-10-25,0.5830463520158973,1.3795409071059124,-1.253201535033517,1.0,0.6295772434293556
2025-10-26,-0.04133136382508026,1.4564471618182506,-1.3197534777552458,1.0,0.5889380915622469
2025-10-27,1.51995728113465,1.7287523685670836,-0.9047040692876701,1.0,0.7182050317896829
2025-10-28,0.4074668409324444,0.9859603887965415,-0.8892153703959229,1.0,0.6136056265821548
2025-10-29,0.37520247080767427,1.2250962790980355,-0.857422215147973,1.0,0.622478435844664
2025-10-30,0.15518498286407062,0.24087355511334244,-0.9528353481439668,1.0,0.5636208853825284
2025-10-31,-0.5056355873285281,-0.3336963515276835,-1.0349366924398595,1.0,0.49288905644978265
2025-11-01,-0.3518709537828014,-1.0739312133803842,-1.3964038699475847,1.0,0.46024800685871103
2025-11-02,-0.47067720052000106,-0.9940638311940386,-1.1916364708861251,1.0,0.4624809779693775
2025-11-03,-0.11326687557669969,-0.6023313012365182,-0.7742286045176416,1.0,0.5165441172594437
2025-11-04,-0.12291648981958918,-0.4501415417545035,-0.7509381311821546,1.0,0.5230183987328513
2025-11-05,-0.17654057316183783,-0.1774998681466483,-0.7767151748042389,1.0,0.5299442947896259
2025-11-06,-0.2742614683341692,-0.6830781586069796,-0.7015174404166415,1.0,0.5048703974885432
2025-11-07,0.02847098730039318,0.49667902679156267,-0.6085218977517965,1.0,0.5773089620112815
2025-11-08,-0.32124950114261747,-0.449879997212187,-0.996023090965738,1.0,0.5016375970077931
2025-11-09,-0.46886843519977606,-0.3382021452513687,-0.7875734114165386,1.0,0.5033979012206566
2025-11-10,1.217544458208079,0.6307708153460141,0.27295150497746046,1.0,0.691550131352538
2025-11-11,2.7073033161689413,1.8228663662813205,0.4794902210289051,1.0,0.847422660373948
2025-11-12,1.1017073898793537,0.8615355867928386,0.43756330914067754,1.0,0.6989299190796812
2025-11-13,-0.280500862926916,-0.7558111226726237,-0.2850496068031779,1.0,0.5153061588000737
2025-11-14,0.46625523755463305,-0.10845004484766298,-0.07615837398802656,1.0,0.599026318168722
2025-11-15,-0.5277508554841012,0.07169370854697465,-0.8255315191221856,1.0,0.5152861301864444
2025-11-16,-0.7813260685757928,-1.0222038972930227,-0.8488549397531059,1.0,0.4520246017159677
2025-11-17,-0.047367066372228296,-0.7272123588447592,0.24077534059852684,1.0,0.5495675253099374
2025-11-18,1.2502073084094016,0.03619805173843473,0.4365899818859951,1.0,0.6744084054459282
2025-11-19,0.20656103514562624,-0.24734460168664488,0.13922520247599998,1.0,0.5831055506886316
2025-11-20,0.5941597972140804,-0.19879824412328412,0.07694367236445303,1.0,0.6088921820546169
2025-11-21,-0.5089433418905905,-0.8583721017535362,-0.08712561780834734,1.0,0.5024007523739518
2025-11-22,-0.9486865864674608,-1.1506555511665508,-0.72409185688628,1.0,0.439673851040687
2025-11-23,-0.9859582943433319,-1.3136653732768953,-0.7642170301699384,0.8705505632961241,0.4096420733126612
2025-11-24,-0.48842780550459436,-1.180044390678818,0.15370703413879785,1.0,0.4983931978260362
2025-11-25,-1.0914759774313507,-1.2811193981084874,-0.1774570071588593,1.0,0.442939726344761
2025-11-26,-1.2541315380934035,-1.2580291017069023,-0.11395950816408582,1.0,0.4351747012838493
2025-11-27,-1.2210891097018102,-1.160720544514576,-0.3214083142112016,1.0,0.4345170928580653
2025-11-28,-0.840919485006906,-0.9573137610819032,0.5671361407166063,1.0,0.49795516564501385
2025-11-29,-0.3460596039284753,0.4055794645927753,0.4949243919822742,1.0,0.5853259838288765
2025-11-30,-1.0584612753842257,-0.043509550523052436,0.36451476294355,1.0,0.5147735091340429
2025-12-01,-0.01491416080390219,-1.2117915084205293,1.424833942039513,1.0,0.5710088744968682
2025-12-02,-0.35846590463278954,-0.9792954137541037,1.7695652027491957,1.0,0.5692838042096996
2025-12-03,0.5197266913758417,-0.6201901283797713,1.6447096927939517,1.0,0.6386308471690307
2025-12-04,0.12953917566709217,-1.2163733928786862,1.816871145947575,1.0,0.5935160918727801
2025-12-05,0.6783088509761591,0.3883761983437772,2.146254903972951,1.0,0.7079447617951664
2025-12-06,-0.2805432977643707,-0.842386086339812,1.7356248313816465,1.0,0.5790518542642714
2025-12-07,-0.950345603441166,-1.5054415983737075,0.814880361543688,1.0,0.47607957188980743
2025-12-08,0.28540798400187684,-0.9670068246446862,2.4964887788055954,1.0,0.6369515405334497
2025-12-09,2.613473469000078,-0.06825321233238206,2.5047970475927235,1.0,0.82988091567258
2025-12-10,-0.2162250186266179,-0.390667558826336,1.8780621883037611,1.0,0.6069092567505869
2025-12-11,-0.2680515952760467,-1.5871132392131562,1.7287049872425313,1.0,0.5486236749224664
2025-12-12,-0.4758010144164566,-1.2149006602453105,1.6261695554212503,1.0,0.5468647233760566
2025-12-13,-0.8616913269499642,-1.462671603374844,1.3733478315878564,1.0,0.5023875224489791
2025-12-14,1.4582047913802354,-0.8353183893758349,2.724021953477174,1.0,0.728209451650595
2025-12-15,3.308319269110531,1.1395510298863667,2.880493421746234,1.0,0.9184977403034731
2025-12-16,1.9535459766263754,-0.2248365745546572,2.328991177186693,1.0,0.7735012470748708
2025-12-17,-0.3601095436557729,-0.9926701926309919,1.4913479049744505,1.0,0.5593430358958055
2025-12-18,-0.9015912741411949,-1.563251482235733,0.849539812797232,1.0,0.4780764303906726
2025-12-19,-1.0520701237897863,-1.4795471682693448,0.8207666838423222,1.0,0.47057308253086894
2025-12-20,-1.034889749789266,-1.449590489293751,0.7871054657086101,1.0,0.47184459515042965
2025-12-21,-1.3080276829051192,-1.6464426518551616,0.39832790025458903,1.0,0.4324739739875133
2025-12-22,-0.45024509981198263,-0.8999664482426212,1.2370068059075607,1.0,0.548718618199344
2025-12-23,-1.2691582047586205,-1.0278386463823868,0.6760154416918074,1.0,0.4700966908065528
2025-12-24,-1.433939288245407,-1.4595697029147743,-0.04656513056865869,1.0,0.41703647214323536
2025-12-25,-1.4753957670114255,-1.3453296229726255,-0.852712718660056,1.0,0.392161123953377
2025-12-26,-1.330826509838998,-1.0646089104097474,0.28349862376196555,1.0,0.4513694822023928
2025-12-27,-1.3981067270122753,-1.3106991315262337,0.0461652417616191,1.0,0.42871926244430925
2025-12-28,-1.383812633401744,-1.380630400214631,-0.11001536717270245,1.0,0.4215523788585174
2025-12-29,-1.1972652058830937,-1.4173491478666376,1.1291877833852673,1.0,0.4737656978928595
2025-12-30,-0.6292154106611245,-1.1542788773940735,1.6134091973801372,1.0,0.5387376593105099
2025-12-31,-0.8365368942283135,-0.5048473966566658,1.5136748994923879,0.8705505632961241,0.529233980001583
