date,lmp_zscore,congestion_frac_z,reserve_tightness_z,event_flag,gsi
2018-01-01,,,,0.8705505632961241,
2018-01-02,,,,1.0,
2018-01-03,,,,1.0,
2018-01-04,,,,1.0,
2018-01-05,,,,1.0,
2018-01-06,,,,1.0,
2018-01-07,,,,1.0,
2018-01-08,,,,1.0,
2018-01-09,,,,0.8705505632961241,
2018-01-10,,,,0.7578582832551991,
2018-01-11,,,,0.6597539553864472,
2018-01-12,,,,0.5743491774985175,
2018-01-13,,,,0.5,
2018-01-14,,,,0.4352752816480621,
2018-01-15,,,,0.37892914162759955,
2018-01-16,,,,0.3298769776932236,
2018-01-17,,,,0.2871745887492588,
2018-01-18,,,,0.25,
2018-01-19,,,,0.21763764082403103,
2018-01-20,-1.3605332769756517,-1.3512497551121045,-1.4322068675192692,0.1894645708137998,0.25867516511004657
2018-01-21,-1.3472137400626345,-1.5161229580406408,-2.2211830443314575,0.16493848884661183,0.22271529926007422
2018-01-22,-1.3003414531374722,-1.2454958442893334,-1.7311223012631818,0.14358729437462942,0.25024892705953466
2018-01-23,-1.1856756696742088,-0.9580954405008757,-1.3501584053795896,0.12500000000000003,0.2797790318215299
2018-01-24,-1.0225003282578013,-0.9038508514778124,-0.6922943396070464,0.10881882041201553,0.3124192043794719
2018-01-25,-0.8925380470412844,-0.46772873949494287,-0.5439874244447649,0.09473228540689989,0.3420856947145013
2018-01-26,-0.845219571870751,-0.29473118264485615,-0.3398485986557612,0.0824692444233059,0.3574136626400514
2018-01-27,-1.013515525777045,-0.7711976771546354,-1.3124574364076416,0.0717936471873147,0.2923195275979297
2018-01-28,-0.9534088655334192,-1.1084522388560518,-1.7724212911765496,0.0625,0.26554818930621826
2018-01-29,-0.8451222322277776,-1.180889426302843,-0.6325479090941802,0.054409410206007765,0.3065312729832916
2018-01-30,-0.7301254179299109,-0.9271431537896605,0.12665574772496488,0.047366142703449944,0.34902078705978645
2018-01-31,-0.7696750287673273,-0.5200450103602129,0.14612137663740285,0.04123462221165295,0.3630756952034973
2018-02-01,-0.831596152569021,-0.4698727615699167,-0.7663599143116542,0.03589682359365736,0.32982141782531227
2018-02-02,-0.26668637862500083,-0.6660177375730605,0.2442523052118037,0.03125,0.39229941253318257
2018-02-03,-0.33134104108317436,-0.6673437805612771,0.238912363264402,0.027204705103003893,0.38714905761199914
2018-02-04,-0.9120946210212401,-1.1661370825171622,-0.7407346442072864,0.02368307135172497,0.2944659527228847
2018-02-05,-0.7709786668718774,-0.8835216946150387,-0.05903322450150568,0.020617311105826482,0.337912840782072
2018-02-06,-0.7860066037440164,-0.8408699334499755,-0.026816253961301637,0.017948411796828663,0.3393616991607975
2018-02-07,-0.8399563306031153,-0.12403020092895739,-0.30423071053497197,0.015625000000000007,0.35603771256992
2018-02-08,-0.7583706733176069,-0.14795839183668952,-0.06582332866609156,0.013602352551501933,0.3681232640461531
2018-02-09,-0.7730316662532335,-0.8889489230762365,-0.02199736863996822,0.01184153567586249,0.337468001851655
2018-02-10,-0.8683013334129089,-0.8455075733490321,-1.0104699510363269,0.01030865555291324,0.29974772884798917
2018-02-11,-0.8790491106902266,-0.6017377505981485,-1.6364311022113809,0.008974205898414338,0.28812274715677816
2018-02-12,-0.808123800607766,-0.545562080449158,-0.8430626884548907,0.007812500000000002,0.321463111992271
2018-02-13,-0.7031296024700112,-0.8873240100686929,-0.37055663148926754,0.0068011762757509715,0.32982114814085745
2018-02-14,-0.7881396811525709,-0.9287433445413793,-0.6892689133632356,0.005920767837931244,0.3116721999641863
2018-02-15,-0.838194774749619,-0.47876030376490514,-1.379832451719305,0.00515432777645662,0.30395073646897935
2018-02-16,-0.7481368160050603,-0.37029204751436795,-1.4936677432593948,0.004487102949207169,0.3105795176202985
2018-02-17,-0.753177860169043,-0.3279076426658437,-1.095946843569457,0.003906250000000001,0.3251797002586718
2018-02-18,-0.7785552766642833,0.2592215358142197,-1.1070539530279424,0.0034005881378754853,0.34750550200105684
2018-02-19,-0.7635796815340145,0.4238404931250856,-1.280101138226725,0.0029603839189656215,0.34952872809156493
2018-02-20,-0.7435412802665017,0.022645576024667866,-1.292218107312741,0.0025771638882283094,0.33368678465607066
2018-02-21,-0.6608741205218961,0.5029021405601761,-1.4009312671031264,0.002243551474603584,0.35553480497296724
2018-02-22,-0.6712424093854102,-0.5152667703462471,-1.179598450737863,0.001953125,0.3197540776686169
2018-02-23,-0.697022831862359,-0.8235963980604112,-1.1495360779184483,0.0017002940689377426,0.306152469469718
2018-02-24,-0.7218446410215391,-0.21427096726717107,-1.4406847143863981,0.0014801919594828095,0.3201482719434744
2018-02-25,-0.694703542109606,-0.08230453584123644,-1.7917192197478697,0.0012885819441141558,0.3157263881659962
2018-02-26,-0.6488424308079195,0.4680356115135984,-1.2582289868184922,0.001121775737301792,0.3594726218925175
2018-02-27,-0.6388057241317736,0.17052026830940015,-0.757615645350994,0.0009765625,0.3644105924340736
2018-02-28,-0.6829049461648105,-0.10197467660539718,-1.2486046416568193,0.000850147034468872,0.3337314260637308
2018-03-01,-0.5938896275024237,0.15946260707144252,-1.1015908721426078,0.0007400959797414059,0.3554429521200228
2018-03-02,-0.5630259842524638,-0.1638476763450213,-0.8788789645521482,0.0006442909720570772,0.3514386260295302
2018-03-03,-0.6052540581050839,1.7998026134765344,-0.9100444758312887,0.0005608878686508959,0.429390822340438
2018-03-04,-0.575603279650425,0.20503118097719217,-1.3570152912381206,0.0004882812500000004,0.350008813043584
2018-03-05,-0.5639137049601457,0.9293449292787302,-0.4439510336581738,0.0004882812500000004,0.41140333278816493
2018-03-06,-0.5653568589576374,1.9476708348612344,-0.5238717818210775,0.0005608878686508959,0.4510842346416373
2018-03-07,-0.46095460763484253,0.7007696559979342,-0.5297054375492812,0.0006442909720570772,0.40590822421842365
2018-03-08,-0.5002122055811825,1.1823701325060478,-0.2650051855395445,0.0007400959797414059,0.4321954500279829
2018-03-09,-0.5221060800716657,0.6187049475571382,-0.1315971948125336,0.000850147034468872,0.4117132497048556
2018-03-10,-0.537750371091351,0.9984305472489977,-0.5485542671154491,0.0009765625,0.4126125902004365
2018-03-11,-0.4766280356963113,0.5869267831277795,-1.2448000572155058,0.001121775737301792,0.3763550113706484
2018-03-12,-0.33236505790477033,0.3281030715639306,-0.29499811919680896,0.0012885819441141558,0.40687330743990263
2018-03-13,-0.42459663372376105,1.1479956144463688,-0.04635414878698272,0.0014801919594828095,0.4432035988547043
2018-03-14,-0.4723776620650226,1.6417845249183458,0.11416859999606177,0.0017002940689377426,0.4659765085108056
2018-03-15,-0.4858532778169322,0.6294307791477249,-0.03324822326413216,0.001953125,0.41802075858455534
2018-03-16,-0.49279384627995027,0.029887209286655805,-0.22046336741517628,0.002243551474603584,0.38638013110896535
2018-03-17,-0.514832780042504,-0.18517712989288157,-0.8407971202863558,0.0025771638882283094,0.35532210482531873
2018-03-18,-0.5415731488591107,0.466668585219727,-1.4276978996771743,0.0029603839189656215,0.36119377539215364
2018-03-19,-0.4645921140841953,1.0828280302869127,-0.5927870244169859,0.0034005881378754853,0.4198955477297902
2018-03-20,-0.27615943958357236,-0.10285929206438975,-0.2470949304701372,0.003906250000000001,0.39465300667607445
2018-03-21,-0.29677711942921076,0.6353022554353053,-0.0592675927832233,0.004487102949207169,0.4303832650307973
2018-03-22,-0.3525742128204875,2.5011406851127576,-0.11110402677535414,0.00515432777645662,0.5027789292989558
2018-03-23,-0.44498879521931234,1.4861998652044774,-0.1817866520222681,0.005920767837931244,0.4520876348105133
2018-03-24,-0.5366351214380727,2.219335747961039,-1.0635468933889058,0.0068011762757509715,0.44726526139757095
2018-03-25,-0.5624564342179091,0.8942707491120343,-1.3276116796679216,0.007812500000000002,0.3816823379428768
2018-03-26,-0.3442491989794059,1.7396002676336244,-0.29505525985523945,0.008974205898414338,0.46604435344236145
2018-03-27,-0.3684212143058507,0.6177245390694652,-0.6054144345277762,0.01030865555291324,0.4075429253561822
2018-03-28,-0.484036271636936,0.032843463598827206,-0.8957216107694831,0.01184153567586249,0.3660182361998853
2018-03-29,-0.519159325383084,-0.013470729772553442,-1.3340906314749184,0.013602352551501933,0.3473987630674994
2018-03-30,-0.5740496860585139,0.2793586788335522,-1.522197073390485,0.015625000000000007,0.3499738134344809
2018-03-31,-0.5684166555736595,-0.24437884709031207,-1.7883966910724107,0.017948411796828663,0.32000214306677033
2018-04-01,-0.4878784621269223,-1.3923903318827566,-2.192414220923723,0.020617311105826482,0.2644706279981735
2018-04-02,-0.30526775486743774,-1.3964780536405776,-0.9395832624572964,0.02368307135172497,0.31869524939466226
2018-04-03,-0.29098638945849165,-1.2582340388998299,-0.8589907523633319,0.027204705103003893,0.3286221697686139
2018-04-04,-0.32846740535991875,-0.3635502329540582,-1.0020877687288592,0.03125,0.3592388209786244
2018-04-05,-0.2422447122024915,1.5590433459954778,-0.33519465782402047,0.03589682359365736,0.4680218602145601
2018-04-06,-0.2614899539505459,-0.6982038672271441,-0.7394265027379763,0.04123462221165295,0.36001315184264804
2018-04-07,-0.1352317881140738,-0.7131210075719349,-1.3283252479024703,0.047366142703449944,0.3490985852856663
2018-04-08,-0.015597362874537092,-0.301835777312445,-1.2387193771109302,0.054409410206007765,0.3782544507142158
2018-04-09,0.291738506918353,-0.8949516667063238,-0.22077719694679723,0.0625,0.40917534111690024
2018-04-10,0.08314822944670526,-1.068950800940147,-0.2934668489873369,0.0717936471873147,0.3869904173691269
2018-04-11,0.09318390486982715,-1.137400545241937,-0.4448568848426124,0.0824692444233059,0.3813623947749833
2018-04-12,-0.10631583239822039,-1.1856062044275297,-1.1911102765424555,0.09473228540689989,0.34301818624859143
2018-04-13,-0.30386433656219686,-1.09070565029382,-1.5458412270465283,0.10881882041201553,0.3240910909605291
2018-04-14,-0.16198675625800577,-0.7995278505697093,-1.5259748021422312,0.12500000000000003,0.348771395737654
2018-04-15,0.13788658515691826,-0.48146142226612165,-1.6351879952168715,0.14358729437462942,0.3811633740650049
2018-04-16,0.22498690303068736,-1.0588616631310688,-0.6206044455205311,0.16493848884661183,0.39993384938122534
2018-04-17,1.023294896716493,-1.0852935579876808,-0.32105855543917927,0.1894645708137998,0.4657168286390435
2018-04-18,1.5057027350532737,-1.0872502345401371,-0.3781971408035053,0.21763764082403103,0.5001171639945337
2018-04-19,0.6755756922710062,-0.7865627571251077,-0.984091823220991,0.25,0.4419618704971545
2018-04-20,1.696955312722293,-1.1856884561394743,-0.41718190004046296,0.2871745887492588,0.5178967934867149
2018-04-21,0.5945748625026062,-0.7927808917951457,-1.71680465666518,0.3298769776932236,0.42386051177385353
2018-04-22,-0.11365710573385794,-0.3669612672205363,-2.272894610985724,0.37892914162759955,0.38320902436150295
2018-04-23,0.29723968307798243,-0.12814155852040834,-1.6062798612286469,0.4352752816480621,0.4512253774731029
2018-04-24,0.45429013212415426,0.3069771107956466,-1.4185128220049659,0.5,0.49579296102459675
2018-04-25,-0.2001290714227197,0.978009597919128,-1.2854060410543855,0.5743491774985175,0.4957139704080805
2018-04-26,-0.1777100998116062,0.49140931147356076,-1.3912940786082462,0.6597539553864472,0.4862146720116502
2018-04-27,-0.1681699319154441,-0.46852718302723523,-1.4638802547318566,0.7578582832551991,0.4591494392433869
2018-04-28,-0.22477437164160646,0.5751994902343749,-1.7554247186345109,0.8705505632961241,0.5060501145235934
2018-04-29,-0.03263757747018267,0.2816274112295891,-2.065096480267326,1.0,0.5157220876276433
2018-04-30,0.18051033945709968,-0.743817673115756,-1.8279563113312498,1.0,0.4951097425396085
2018-05-01,-0.6279426441905213,1.513030563877481,-1.014321288535508,1.0,0.5623693875976767
2018-05-02,0.6853145086329315,1.0202968917476727,0.24558590855464013,1.0,0.6713862013501698
2018-05-03,3.7750917721753967,0.021793879340102077,1.085438571567375,1.0,0.8120893640247502
2018-05-04,3.366488098721379,-0.8024836349402973,0.8330952791672172,1.0,0.7693330245163948
2018-05-05,0.3610210376564563,0.2022163335968215,0.02568872795686917,1.0,0.608350040675527
2018-05-06,-0.45743590958522046,0.1880632245713321,-1.8142410709145405,1.0,0.4918655380209729
2018-05-07,-0.8467913488406482,-0.02467383647427471,-0.8027742104287119,1.0,0.49076002654323825
2018-05-08,-0.3178560890506983,1.1010512575571585,-0.3214458965407141,1.0,0.5889718665768112
2018-05-09,-0.7830072510174894,0.7523263118077635,0.10644230215210745,1.0,0.5576945229958945
2018-05-10,-0.5853753060889567,1.3353463839520823,0.034065429059021435,1.0,0.592749926560707
2018-05-11,-0.3114711784183651,1.7247355739639856,-0.09870056918324513,1.0,0.6228092180478336
2018-05-12,-0.7275122267137475,3.089370701197914,-0.5019792465753438,1.0,0.6347665433332388
2018-05-13,-0.48144104314494734,1.908712128338497,-0.9259971978737384,1.0,0.5915670292086497
2018-05-14,-0.2956514894169645,3.4901658294686433,0.923937814863559,1.0,0.7110878278676543
2018-05-15,2.577280034818863,0.5292700972603711,2.254220702747371,1.0,0.8440122797986854
2018-05-16,0.22880208866303064,1.0413204697999767,0.9349322636277004,1.0,0.6648062342734578
2018-05-17,-0.30106265130507487,0.8988388157313433,0.22010885233858557,1.0,0.5997177356464205
2018-05-18,-0.16345135668794555,0.9046486225901953,-0.21620457301041573,1.0,0.5945901163950479
2018-05-19,-1.163350498048307,1.5990171507831954,-1.1337410566944683,1.0,0.526277646189597
2018-05-20,-0.07122930810559656,0.6094962000592493,0.1531212041944294,1.0,0.60075109460191
2018-05-21,0.0689122260920003,0.6164274683968975,1.144188315342368,1.0,0.6434182367674164
2018-05-22,-0.3444153190311157,2.7560454285252627,0.6113377031515667,1.0,0.6872521283581972
2018-05-23,1.5064799021338438,0.6477454758340475,1.3004396915703678,1.0,0.7457693780210206
2018-05-24,0.4557524987241236,1.7819336804344525,1.910636676776233,1.0,0.7433186258255849
2018-05-25,1.5041185488827533,1.5521593899387665,2.6299837317748262,1.0,0.8276140022321264
2018-05-26,0.8933415017341908,0.6981580865599859,1.9380836022817771,1.0,0.7282488071316714
2018-05-27,-0.9385895665770423,3.139539231543671,1.1440036357909973,1.0,0.6755608167545638
2018-05-28,-0.9559263237679105,3.046186465582417,1.0508837772239366,1.0,0.6713010376562706
2018-05-29,3.340325248610155,1.4643937066938777,3.142503167684067,1.0,0.9360164044455782
2018-05-30,-0.9109234566337127,1.599560061957904,2.2116035791935427,1.0,0.6546402247791167
2018-05-31,-1.4907380295417407,1.801684693818967,1.179226904791328,1.0,0.5899952237660518
2018-06-01,2.9035969936655435,-0.5688018900435985,2.259710791073316,1.0,0.8201967471949968
2018-06-02,-0.18836338441971348,-0.6417181138021992,1.150495617992873,1.0,0.5740540402300233
2018-06-03,-1.4380873280079798,-0.335912848008204,0.04353873033486941,1.0,0.4665824338102885
2018-06-04,-1.1797680638911927,-0.163113324842506,0.18733845218972078,1.0,0.49579702227847344
2018-06-05,-1.0936878394676863,0.08482613739808854,0.0008915468292407018,1.0,0.5056516179880493
2018-06-06,-1.3309906346860423,0.3927881526224145,-0.2924090338286761,1.0,0.4928864962525753
2018-06-07,-1.1140478383197978,1.0587049692966133,0.8825487137976985,1.0,0.5742611416259623
2018-06-08,0.06087523244624968,0.648168810133974,1.39574229366166,1.0,0.6525901257073875
2018-06-09,-0.6325014308801971,0.812199311089859,0.8773290701660635,1.0,0.5959191782422665
2018-06-10,-1.4670707995063823,0.4235851207673147,0.051309414661461855,1.0,0.49655497388692804
2018-06-11,-1.4029511610205352,0.7439764227290768,-0.36123083749473556,1.0,0.5004279122958514
2018-06-12,-1.213082937584509,0.21793311088316242,0.5141425508837547,1.0,0.5203464354772896
2018-06-13,-0.25067115431519726,0.05353817650724509,1.8771548128479474,1.0,0.6230911741617203
2018-06-14,0.16435329757416806,-0.6436789519532925,1.9046487916064545,1.0,0.6226252232271059
2018-06-15,-0.9741290935852913,0.6824300253505738,1.720433170221809,1.0,0.5958404171579815
2018-06-16,-0.7654140796410217,0.5839282950291581,1.7831749858485637,1.0,0.6077419065117656
2018-06-17,0.47371565554274675,0.3749809252041736,2.720895811340671,1.0,0.7129017759643794
2018-06-18,5.0,-0.9938252030698719,4.05377159450346,1.0,0.8335906165387553
2018-06-19,0.6703889960775355,-0.9977470045749094,2.964791026930784,1.0,0.676946175445574
2018-06-20,-0.41530331456195435,-0.15834896678586727,1.8254405686922563,1.0,0.6015632577028671
2018-06-21,-0.24173492656277382,-0.8439505906155961,1.1794794827877417,1.0,0.5630357130464234
2018-06-22,-0.9063170220708424,-0.7443496077436763,0.5636452607961255,1.0,0.5023524735658281
2018-06-23,-1.0247402982070062,-0.06999496472215393,-0.06985580460004183,1.0,0.5014389964361085
2018-06-24,-0.23580167694475318,-0.2928907731821941,1.0506378366387492,1.0,0.58209736720905
2018-06-25,-0.1738416622114628,-0.649160652881179,1.113825953247368,1.0,0.5734897270907656
2018-06-26,-0.7094767648209103,0.13506815267127703,0.8519262003292833,1.0,0.561726928717552
2018-06-27,-0.5885133837880845,-0.3060369977141204,0.7682739228536785,1.0,0.5486233636044954
2018-06-28,0.48059039370046847,-0.8161882653162978,2.231504141864163,1.0,0.6474149865873243
2018-06-29,1.9897427970688586,-1.2252734268889347,2.731244470707574,1.0,0.7476379427078043
2018-06-30,-0.015947865112841787,-1.4303914949371894,1.913541068620873,1.0,0.5781218656574568
2018-07-01,2.830939708556402,-1.4044474878957747,2.56817559310544,1.0,0.7908165216782842
2018-07-02,4.8866282012440365,-1.1775097453059906,2.718507044108348,1.0,0.816553995415862
2018-07-03,2.317894892330066,-1.2478162322877981,2.611740497530543,1.0,0.7645919997276976
2018-07-04,-0.09177098884281745,-0.4051284122421864,1.9184364984273012,1.0,0.6159494668479645
2018-07-05,0.6917978427766966,-1.0969772146866235,2.1924363536480085,1.0,0.6484936840281041
2018-07-06,-0.24104406300098963,-0.9202736086852812,1.3798405759569392,1.0,0.5665803479699453
2018-07-07,-0.8701179015315677,-0.7243574779875783,0.08314838250487377,1.0,0.48958219106524214
2018-07-08,-0.6261893884126715,-0.20862731104485632,0.3505534418126626,1.0,0.5362463508727083
2018-07-09,0.01939214455688155,-0.1865541181277227,1.6362471417593025,1.0,0.6230612927737804
2018-07-10,1.034649776000313,-1.1374238668361536,1.9598752613784773,1.0,0.6619131659944638
2018-07-11,0.14905338035027427,-0.6913901356756719,1.579897804974388,1.0,0.608792229869345
2018-07-12,-0.005943741577653474,-0.7090080926670548,1.2441700349299898,1.0,0.5865340811980289
2018-07-13,0.11238625665052633,-0.3985603749294603,1.4700483626144183,1.0,0.6148873469084549
2018-07-14,0.33132009520485267,-0.644138953042804,1.05435533241359,1.0,0.6053940610506597
2018-07-15,0.6858909826349704,-1.1487144751104175,0.9528413735751667,1.0,0.6046243414985696
2018-07-16,1.6235739888621379,-1.2887359792946078,1.8978419691712716,1.0,0.6928023324259096
2018-07-17,0.1937284893730037,-1.3813988208220662,1.3922089367334238,1.0,0.5767639129817282
2018-07-18,0.2399503687666768,-1.2775924835938406,0.7960989398726354,1.0,0.5643003024304563
2018-07-19,0.07175925778232944,-0.6751063787938321,0.8876652459973824,1.0,0.5812433596023251
2018-07-20,-0.08145872703154915,-0.7045539729023932,0.4027282040092807,1.0,0.5536372761272731
2018-07-21,-0.6772101405847154,-0.16360784786548496,-0.3323839133217848,1.0,0.5119561998558977
2018-07-22,-0.5035404687481387,-1.0503320565065497,-0.3599705863072535,1.0,0.48566778018544277
2018-07-23,-0.3328884276420144,-0.6882090733167008,0.6176149025399459,1.0,0.5447192235203346
2018-07-24,-0.26126952099155776,-0.7818098372332891,0.7155464972067206,1.0,0.5488581719560665
2018-07-25,-0.44070276137708386,-0.5147450456125038,0.7962562976856489,1.0,0.5507139822638617
2018-07-26,0.5248894371853613,-1.1476892582039324,1.1730810618902816,1.0,0.601274945450203
2018-07-27,0.12842434731136526,-1.4016398645777117,0.6637999864806574,0.8705505632961241,0.5278692128404603
2018-07-28,-0.20509506277231174,-1.4135715738820123,-0.04756794098050671,0.7578582832551991,0.46452132469235835
2018-07-29,-0.46777803920868116,-1.314725315444588,-0.21337422354671545,0.6597539553864472,0.4308851950989734
2018-07-30,0.027709515620513506,-1.34194894655992,-0.19301868569333114,0.5743491774985175,0.4506511820363709
2018-07-31,-0.39760002606189065,-1.3615502170716005,-0.5725819425638358,0.5,0.3976760077990961
2018-08-01,0.3230778868435117,-1.2228473073272481,0.7409644818587188,0.4352752816480621,0.4855766629600987
2018-08-02,0.4236341398962147,-1.2484192422493643,0.7211055962049511,0.37892914162759955,0.48210103201699583
2018-08-03,0.2424818596458573,-1.251072588373524,0.6544788444884784,0.3298769776932236,0.46033494093109306
2018-08-04,0.25472501167016814,-0.9008695742590459,0.9546525721721967,0.2871745887492588,0.47934337590201304
2018-08-05,0.43437891995183714,-1.085508566163534,1.1889460634284927,0.25,0.48586060652092494
2018-08-06,1.4392567044619633,-1.037999813360833,1.548128444411102,0.21763764082403103,0.5619503823447376
2018-08-07,0.7579717688970874,-1.0286838438243866,1.3934328825727047,0.1894645708137998,0.5075370728082831
2018-08-08,0.5146042363035848,-1.0889533992175453,1.3247825313671047,0.16493848884661183,0.4828340818254032
2018-08-09,0.13099572366482606,-0.6806074464556963,1.4312433565037528,0.14358729437462942,0.4746206106816539
2018-08-10,0.2717121206575184,-0.7030955555035456,0.9654977423690269,0.12500000000000003,0.4647517513101544
2018-08-11,-0.4378696917285608,-0.7337436580826573,-0.03153411534418989,0.10881882041201553,0.3805077206816479
2018-08-12,-0.3477242634583536,-0.8249005932638713,-0.0914066641633022,0.09473228540689989,0.37861047838904005
2018-08-13,0.10399561869619198,-0.6873156734576166,0.4251977086014612,0.0824692444233059,0.4298385318025567
2018-08-14,-0.19260230523498367,-0.3911113730772747,0.5425023314684183,0.0717936471873147,0.4247159972331591
2018-08-15,0.5495189730614518,-1.0102218455539458,0.9934613794550994,0.0625,0.4620324006211857
2018-08-16,0.5812036621607555,-0.9902148313002963,0.9139808558910815,0.054409410206007765,0.4611153995671419
2018-08-17,0.6788328881423203,-1.0021520321790487,0.9664255577393462,0.047366142703449944,0.46781829786552337
2018-08-18,0.18921083003714906,-0.839620212309209,-0.001541257315063967,0.04123462221165295,0.4087636979108387
2018-08-19,-0.6003038031240304,-0.25661843336557055,-0.8021241545646727,0.03589682359365736,0.3529343634550587
2018-08-20,-0.5234930501621653,0.12421328546926132,-0.295372134599361,0.03125,0.3901177790637628
2018-08-21,-0.5048032973325063,-0.8740099043197102,-0.30025734549163424,0.027204705103003893,0.34900149508024114
2018-08-22,-0.2658256224301973,-0.9784815049034182,-0.4153883604125967,0.02368307135172497,0.3562144111560166
2018-08-23,-0.6666247448698982,-0.5097544678809383,-0.8342761256925503,0.020617311105826482,0.33460197332309
2018-08-24,-0.4804797850505399,-0.7856532375194218,-0.8136218863891982,0.017948411796828663,0.33580399498987246
2018-08-25,-0.8592755352902007,0.725732099152903,-1.1675172131981255,0.015625000000000007,0.36138031133875337
2018-08-26,-0.0866463370732485,0.8620391731075415,0.31747829980649855,0.013602352551501933,0.46776483928420626
2018-08-27,1.123807707888924,-0.8224285610112885,1.7764947095275538,0.01184153567586249,0.5266453778194224
2018-08-28,2.400691606566344,-0.7669928111867153,2.0489116691780342,0.01030865555291324,0.6229314272771813
2018-08-29,2.2580079059018683,-0.31847423607913067,1.4972149055767283,0.008974205898414338,0.6135173949608138
2018-08-30,0.7317862474991936,-0.3582002994053999,0.7708392317354936,0.007812500000000002,0.4857272534159044
2018-08-31,-0.3259211134126,-0.9331609011292865,-0.07161454155407847,0.0068011762757509715,0.3630232466149998
2018-09-01,-0.7130313052217464,0.6218193487757053,-0.7560635419907318,0.005920767837931244,0.37905971629353663
2018-09-02,-0.5302152693148084,0.6302791234342859,0.1777579854608874,0.00515432777645662,0.4226123608706061
2018-09-03,-0.09012544149223221,0.10979589878585325,0.9012491786579149,0.004487102949207169,0.4542811710809067
2018-09-04,2.252295437378951,-0.7500746000825577,1.8348911169727806,0.003906250000000001,0.6056488955542495
2018-09-05,1.462004679792848,-0.6140640283393267,1.738183279011592,0.0034005881378754853,0.5553305083264523
2018-09-06,0.4469796132755434,-0.8278191398952223,1.000897241138338,0.0029603839189656215,0.4541134756818581
2018-09-07,-0.5170152463322276,0.7453521509397878,0.0008988428994502705,0.0025771638882283094,0.4220051925468919
2018-09-08,-1.0231876892146554,-0.3202408421383242,-1.2634493378610623,0.002243551474603584,0.301665673755748
2018-09-09,-1.0590269486263177,-0.35329918263155696,-2.8935717145118582,0.001953125,0.2435179824148687
2018-09-10,-1.0470645614803489,3.4699700609385427,-2.216588303565484,0.0017002940689377426,0.4065644632261346
2018-09-11,-0.6002533426089022,1.6668250429581848,-1.7541621498637314,0.0014801919594828095,0.3961841110811289
2018-09-12,-0.6537852941998094,1.3854505816960552,-0.9203911876140914,0.0012885819441141558,0.4086550023284958
2018-09-13,-0.7519775866395044,2.495274915521323,-0.6597954029333241,0.001121775737301792,0.4570130353002393
2018-09-14,-0.7939031742342002,4.3675107526023735,-0.6372720900511517,0.0009765625,0.47597720309101493
2018-09-15,-0.54205386533294,1.9760355001674856,-0.9727682954898192,0.000850147034468872,0.43889980035695897
2018-09-16,-0.5428761575824732,1.4071772802005942,-0.738222782755691,0.0007400959797414059,0.4229442311412981
2018-09-17,-0.20377636291623658,0.623517095405083,-0.5706955532611806,0.0006442909720570772,0.41846824665123195
2018-09-18,0.2835767482645273,1.2458481659621448,-0.2473196714648363,0.0005608878686508959,0.48765560093086097
2018-09-19,0.3089390417195315,1.4774751846286354,-0.03031114426165435,0.0004882812500000004,0.5062202728529401
2018-09-20,-0.6096600213714225,5.0,-0.0791418515323619,0.00042507351723443593,0.5067816978850783
2018-09-21,0.1055356260167807,2.111846951057898,-0.5806990149768401,0.00037004798987070263,0.5007282047277838
2018-09-22,-0.6649251168481193,0.5106704382606908,-1.5693819958707942,0.0003221454860285383,0.34968518243153196
2018-09-23,-0.9240774018402471,-0.20064687548191162,-2.82949473472836,0.0002804439343254482,0.26076012883144073
2018-09-24,-0.5208438148218859,0.14829619100090075,-2.1416294959532602,0.00024414062500000016,0.3251050581988865
2018-09-25,-0.33857172797006696,1.0232963439739786,-1.4287091582541105,0.00021253675861721797,0.39747414103956696
2018-09-26,-0.3557532639177325,-0.3340620820028215,-1.0054308007238133,0.00018502399493535113,0.35387725589714675
2018-09-27,-0.6181176740432468,0.6891188830622345,-1.4211578917242689,0.00016107274301426942,0.3651576730453531
2018-09-28,-1.009026582228918,1.9722551270377238,-2.1951987140460636,0.0001402219671627241,0.3667566009715163
2018-09-29,-0.800148829631421,2.5766446375578185,-2.3285349075685167,0.00012207031250000008,0.40141741821740545
2018-09-30,-1.4058578492237839,2.5833645885886933,-2.512145385240489,0.00010626837930860897,0.35519409532515667
2018-10-01,0.1562611892722553,2.507819843514027,-1.0298950592434997,9.251199746767573e-05,0.505593947589405
2018-10-02,0.5412576010509224,0.12072248912968819,-0.9596956637012716,8.053637150713471e-05,0.4341361687828155
2018-10-03,0.5811794666686105,1.2298886762071861,-0.49775371795778517,7.011098358136205e-05,0.49840938533548457
2018-10-04,0.35315350781750826,0.10098635471519685,-0.7023361627594985,6.103515625000003e-05,0.4293492818157546
2018-10-05,-0.7129745874852124,0.6774065306516885,-1.0760636100938374,5.313418965430448e-05,0.3698328160701264
2018-10-06,-1.144710548892153,2.720520274350637,-1.6869604218901184,4.6255998733837856e-05,0.4058158991752725
2018-10-07,0.10946786742803927,1.4484496250764924,-0.9624018278349354,4.026818575356735e-05,0.4605759048400883
2018-10-08,-0.1519753443478797,3.174909547973904,-0.22112408008131265,3.5055491790681016e-05,0.5325027660311996
2018-10-09,1.0550502924346616,0.2815738915743553,-0.10669776607325365,3.0517578125000014e-05,0.5035169170788527
2018-10-10,0.9828751573439728,-0.6695162955460061,-0.48557831999834705,2.656709482715224e-05,0.4464465392394604
2018-10-11,-0.17214436830862276,-0.7796597876454181,-0.785691539356544,2.3127999366918925e-05,0.35485163551555293
2018-10-12,-0.5621611845950901,-0.513404696916835,-1.4134547891951372,2.0134092876783674e-05,0.3190185857962195
2018-10-13,-0.7120718319449234,-0.6588480842740418,-2.189671525926683,1.7527745895340508e-05,0.2770901193232483
2018-10-14,-0.4241268079768366,-0.6312865058472825,-2.1773434609216915,1.5258789062500007e-05,0.2978454485122105
2018-10-15,-0.17817682716468114,-0.4888335489442785,-1.5401070206544867,1.3283547413576118e-05,0.3414185721599721
2018-10-16,-0.6779056202278992,-0.28206096290905974,-1.5949353064439171,1.1563999683459462e-05,0.3148909762487512
2018-10-17,-0.03963364535253362,-0.7856612804376749,-1.5822693788530091,1.0067046438391835e-05,0.3368810677201268
2018-10-18,0.19551512748919592,-0.3690223568830192,-1.5207267026792992,8.763872947670252e-06,0.3719688347874528
2018-10-19,-0.3152799178668686,-0.7239240812115101,-1.4376618085052424,7.629394531250002e-06,0.3258969195507342
2018-10-20,-0.7432156940127274,-0.7297777754918323,-1.807765597028684,6.641773706788058e-06,0.28478702278542506
2018-10-21,0.26494443145791463,-0.8279694838026203,-1.6212719977037786,5.78199984172973e-06,0.35412270098193543
2018-10-22,0.7163700449179821,-0.7902412921456948,-1.0771414268428858,5.033523219195918e-06,0.4039273232888483
2018-10-23,0.36821540114189594,-0.7536295575005154,-1.329371166908521,4.381936473835126e-06,0.3738347469071253
2018-10-24,0.923357330906092,-0.6634263941408761,-1.222156196953809,3.814697265625001e-06,0.4181764212773325
2018-10-25,1.2120606439676753,-0.6544775470976232,-0.9945369788461458,3.320886853394029e-06,0.44538341064026715
2018-10-26,0.37436340792546613,-0.6784210490510661,-1.1267165309608724,2.890999920864865e-06,0.38413323276919575
2018-10-27,0.04591527897077524,-0.873724329510073,-1.3129357020787247,2.5167616095979584e-06,0.347891692313416
2018-10-28,-0.07396741144821908,-0.6983375876828593,-1.4649531501821296,2.5167616095979584e-06,0.3421400455915034
2018-10-29,0.41607946115013855,-0.7774384941790183,-1.092182654584999,2.890999920864865e-06,0.38393970531637167
2018-10-30,0.07053090374460542,-0.7400681462236817,-0.9483816252687136,3.320886853394029e-06,0.36725366478105786
2018-10-31,-0.6590145378860183,-0.9307101548233699,-1.1884461326910127,3.814697265625001e-06,0.3026718088048478
2018-11-01,-0.28300946809985306,0.37474501346247013,-1.1048044550935063,4.381936473835126e-06,0.38492091980830023
2018-11-02,-0.29004475050784084,-0.5266399186972037,-1.153378137607945,5.033523219195918e-06,0.34527517046197853
2018-11-03,-0.7637836209665413,0.06236722570034618,-1.2379055706742161,5.78199984172973e-06,0.33541707461724746
2018-11-04,-0.6921497640769256,-0.6805813108305115,-1.3000023451767615,6.641773706788058e-06,0.3071667125370976
2018-11-05,0.710688126178901,-0.5639282713225227,-0.8698404065012316,7.629394531250002e-06,0.4198886612992936
2018-11-06,-0.13537084618823741,-0.3809486092769485,-0.8618717727957558,8.763872947670252e-06,0.3713746736886616
2018-11-07,0.5899330164088754,0.2885196453336598,-0.815740479843843,1.0067046438391835e-05,0.44916068037833184
2018-11-08,-0.04032679618097121,1.4951113357584984,-0.7142544079906448,1.1563999683459462e-05,0.46080110691147036
2018-11-09,0.15208807822012835,0.49377676063549814,-0.5813485926785528,1.3283547413576118e-05,0.43633694301731457
2018-11-10,-0.0927112450405433,-0.005574940552525535,-0.6509784519062115,1.5258789062500007e-05,0.3968899682290942
2018-11-11,-0.6594455313906327,0.900175730707454,-0.6665066455773123,1.7527745895340508e-05,0.3963300276627423
2018-11-12,-0.19412533612005128,0.5932022549105915,-0.24358650059619927,2.0134092876783674e-05,0.42865854164066275
2018-11-13,-0.33834427303353853,0.602981092022794,-0.1895378757269772,2.3127999366918925e-05,0.4212534673077196
2018-11-14,0.6419901243451374,0.6880026226041356,-0.06464705525953711,2.656709482715224e-05,0.4943152007870877
2018-11-15,2.0028264320405387,-0.2575612012987683,0.26421477611292493,3.0517578125000014e-05,0.556601782255737
2018-11-16,0.28443141242914255,-0.6683254047672946,0.11383149958365227,3.5055491790681016e-05,0.41991484393986256
2018-11-17,-0.2142446811344004,-0.5861197610022353,-0.33897408206528395,4.026818575356735e-05,0.37500226870830045
2018-11-18,-0.15848674271921032,-0.8212710673923739,-0.6899576526735854,4.6255998733837856e-05,0.3572229393213943
2018-11-19,0.3273089510778339,-0.4922505161287851,-0.3374420043830576,5.313418965430448e-05,0.4150700618821691
2018-11-20,0.5943366590017081,-0.4938463688881199,-0.15462938577715368,6.103515625000003e-05,0.4389003543106412
2018-11-21,0.29451843998143445,-0.6632521681014317,-0.18001870448173954,7.011098358136205e-05,0.41100894882601524
2018-11-22,0.12630967241720026,-0.9912571003275426,-0.2855558624187291,8.053637150713471e-05,0.3826118173559342
2018-11-23,0.27542828999725943,-0.5479633317805173,-0.4032631079979837,9.251199746767573e-05,0.4071018537086498
2018-11-24,0.02246633241410536,-0.9462522711095913,-0.4556459532987314,0.00010626837930860897,0.37189831934497924
2018-11-25,-0.14250472717485327,-0.901534957680869,-0.7949194108594718,0.00012207031250000008,0.35145672513653287
2018-11-26,0.517508812797655,-0.780258887832062,0.0793929194549716,0.0001402219671627241,0.4296572644704146
2018-11-27,0.502438501672876,0.04912813850370463,0.6953487901314539,0.00016107274301426942,0.4837453597983467
2018-11-28,1.081604712801404,0.7685519301379776,0.8462294673759428,0.00018502399493535113,0.5573653804542811
2018-11-29,0.8577950317684582,-0.4949189532526396,0.7990493502716965,0.00021253675861721797,0.4882315712552197
2018-11-30,-0.3082483065234896,-0.7657503875929046,0.37105118640067275,0.00024414062500000016,0.38494884072250213
2018-12-01,-0.13200149736615072,-0.6283373706896478,-0.4191812795119351,0.0002804439343254482,0.376088533669939
2018-12-02,-0.38748824968955387,-0.8727315230856313,-0.5744036995716466,0.0003221454860285383,0.34370516839597787
2018-12-03,0.35599317551729365,-0.41161444659983293,0.11809635541747758,0.00037004798987070263,0.4355743288052231
2018-12-04,2.140039676650077,-0.15562806050894676,0.7865683582102766,0.00042507351723443593,0.5874675155567267
2018-12-05,2.0674270897344136,-0.4345444286346094,1.2733339109336645,0.0004882812500000004,0.5872401606744744
2018-12-06,1.3693248262744424,-0.3717312637261911,1.2510728515832261,0.0005608878686508959,0.5425860806627767
2018-12-07,2.169246182002441,-0.3887679064530915,0.9292509043819017,0.0006442909720570772,0.5844894231564892
2018-12-08,0.4729941815241612,-0.5204788997734577,0.7837107537517262,0.0007400959797414059,0.46108103079973545
2018-12-09,0.3531438616771725,-0.899005136811699,0.8390465210820447,0.000850147034468872,0.4391801161692292
2018-12-10,2.1378291545850905,-0.6642447599172222,1.4451087187169953,0.0009765625,0.588161853641355
2018-12-11,1.7188211688212711,-0.28758608937232577,1.5735829026192738,0.001121775737301792,0.580226353978809
2018-12-12,0.5714660818423384,-0.615050995114162,1.128145285522476,0.0012885819441141558,0.47526874413543213
2018-12-13,-0.010789930411976123,-0.5057851596768301,0.7870723453674235,0.0014801919594828095,0.4296640632921702
2018-12-14,-0.35848321783538634,-0.6422086259850283,0.4366468877571486,0.0017002940689377426,0.3891523664305104
2018-12-15,-0.5723748565593053,-0.8148801599225826,-0.11132333317709524,0.001953125,0.34947052721003563
2018-12-16,-0.3534238967145691,-0.805877037258766,-0.1681467227000321,0.002243551474603584,0.3625918389644363
2018-12-17,0.4811399432483718,-0.5156316947271419,0.56632811507322,0.0025771638882283094,0.45485552068860213
2018-12-18,0.6369129804186677,-0.48854103840768265,0.883480225188388,0.0029603839189656215,0.47699838718838217
2018-12-19,0.0874426773177396,-0.4683922960123216,1.286608903581437,0.0034005881378754853,0.4547102178273984
2018-12-20,-0.7845875205429237,-0.5658105947861024,0.6334618088518097,0.003906250000000001,0.37082005497611115
2018-12-21,-1.348181156943162,-0.5403762261678765,0.42647595892551743,0.004487102949207169,0.3274945108533593
2018-12-22,-1.2576159145082353,-0.6834650319201997,-0.31771057377829953,0.00515432777645662,0.3028640260766345
2018-12-23,-1.208464464895478,-0.9095134628024867,-0.3682722899940448,0.005920767837931244,0.29515168023275273
2018-12-24,-1.3059339197861521,-0.8470687096038158,-0.5676252622061101,0.0068011762757509715,0.2847425434819232
2018-12-25,-1.396723582467813,-0.872994217957179,-0.7847710545957681,0.007812500000000002,0.27052317526740444
2018-12-26,-0.9258902346347878,-0.857165230816669,0.2973307885406,0.008974205898414338,0.33881592357643514
2018-12-27,-1.255681436092841,-0.6349513020706461,0.4274394649057465,0.01030865555291324,0.3306258805039956
2018-12-28,-1.755880462897885,-0.735334039107181,0.04210472560732397,0.01184153567586249,0.2804821053822986
2018-12-29,-1.919099823836292,-0.5891162477494872,-0.6892618415575804,0.013602352551501933,0.2515784595854912
2018-12-30,-1.9957976576048733,-0.8626873627252383,-0.5968689837894259,0.015625000000000007,0.23844963325314264
2018-12-31,-2.0700779667303704,-0.8300551605815553,-0.618222587324238,0.017948411796828663,0.2344940127191269
2019-01-01,-1.8133417408436692,-0.7869796917980172,-0.9892094979916459,0.020617311105826482,0.2414386768516571
2019-01-02,-0.5356804878739504,-0.6324726353954438,0.5108016812343074,0.02368307135172497,0.38351412441082877
2019-01-03,-1.2519697176321882,-0.035723632446141976,0.5465546328954006,0.027204705103003893,0.3623460610012288
2019-01-04,-1.9004082418636012,-0.005111254969536583,0.4830467090804138,0.03125,0.3188822052213764
2019-01-05,-1.912452224877147,-0.7349988195911813,-0.17507063623616084,0.03589682359365736,0.2664270698564009
2019-01-06,-1.7294521504577864,-0.9403952638849264,-0.5719242372233957,0.04123462221165295,0.2576411060652437
2019-01-07,-0.7617510498133742,-0.27954139219578816,0.7764848907720082,0.047366142703449944,0.3955567897688683
2019-01-08,-1.4943235366242957,-0.5776347679255559,0.6160599168918792,0.054409410206007765,0.3300070576554459
2019-01-09,-0.8884513439348335,-0.3422769815270223,1.4616355629386533,0.0625,0.40960455493867365
2019-01-10,0.7262466249366911,0.4076731153327118,1.9469772338615288,0.0717936471873147,0.5660711096747906
2019-01-11,0.7484714544162396,1.1594389851021893,1.831526602080896,0.0824692444233059,0.5966293280731996
2019-01-12,-0.2866298270752911,0.5727043014621468,1.1109187386223618,0.09473228540689989,0.4809944915210171
2019-01-13,-0.6188059575251217,-0.3093373740830952,0.9145711317648625,0.10881882041201553,0.41766573969882737
2019-01-14,-0.03603952636278614,-0.4221327778418321,1.653064599055474,0.12500000000000003,0.4788606524675871
2019-01-15,-0.020342761445406126,0.02797151783536915,1.7306184114606475,0.14358729437462942,0.5040346703516627
2019-01-16,0.17688088590442283,-0.13522691727603495,1.4436508123671945,0.16493848884661183,0.5040200712463584
2019-01-17,0.4044236248844706,-0.0123977785992221,1.1551060995105276,0.1894645708137998,0.5183682231564181
2019-01-18,-0.2306538811549969,1.290904351686236,1.0163088728832734,0.21763764082403103,0.5299333644629738
2019-01-19,0.2933384821645487,1.995244396826238,0.23146182188192727,0.25,0.5729064760747941
2019-01-20,3.326786096067185,1.453924133902114,1.6364155048218771,0.2871745887492588,0.7832035440523728
2019-01-21,5.0,4.249294901672762,3.275695349303148,0.3298769776932236,0.8994815466539836
2019-01-22,4.894883339589429,3.7317494447612622,3.0414977411578863,0.37892914162759955,0.90683937124414
2019-01-23,1.0224496419525595,2.784277075488853,1.5328389693408058,0.4352752816480621,0.7255607788341091
2019-01-24,-0.7503249876148209,-0.0038543788735795597,0.6817519827595567,0.5,0.4725428011312646
2019-01-25,-0.029233708430808327,0.22782340562511583,1.1544350352849668,0.5743491774985175,0.5571772724732691
2019-01-26,-0.37024397585945185,-0.517055902456239,0.9672701044701745,0.6597539553864472,0.5099785024639995
2019-01-27,-0.7460509821438068,-0.742488309153142,0.19816502033137223,0.7578582832551991,0.4646104981416909
2019-01-28,-0.27789739134125746,0.10528162843126569,1.069404542821953,0.8705505632961241,0.5770896443503694
2019-01-29,-0.3604972577320098,-0.41772482481319273,1.6566385289668566,1.0,0.588782932749545
2019-01-30,3.1135912821579192,0.5373745179188059,3.120144701491173,1.0,0.8973906049132837
2019-01-31,2.859174929046698,2.6502725722747087,3.0069916417008806,1.0,0.9760396857812262
2019-02-01,2.491696795142186,1.8909052038260037,2.0877850480772286,1.0,0.8894936714381368
2019-02-02,-0.15165263420079478,-0.07752118231965599,1.481940361348801,0.8705505632961241,0.5916403716626734
2019-02-03,-0.9059882750593665,-0.4979773460764959,-0.3202619486722992,0.7578582832551991,0.44685506977539147
2019-02-04,-0.7603240739072331,-0.1789757343180419,-0.2764712617956317,0.6597539553864472,0.45660179072437884
2019-02-05,-0.884848333298705,-0.5005665401602452,-0.9419869619412093,0.5743491774985175,0.3999059831668135
2019-02-06,-0.9629461839005966,-0.7826627881539936,-0.9007412698825841,0.5,0.37316792923745773
2019-02-07,-1.0405427316271803,-0.7501834502014478,-0.9742946467871763,0.4352752816480621,0.3571876448207644
2019-02-08,-0.9478493143315657,0.6233261088991277,-0.2378248916748592,0.37892914162759955,0.4366938417703372
2019-02-09,-0.8971324195743553,1.3638122952519078,-0.13764390276628644,0.3298769776932236,0.4669101008923131
2019-02-10,-0.831290206175387,1.0701112213383794,-0.17604718322566434,0.2871745887492588,0.45137656934894
2019-02-11,-0.6500141704060691,0.21965967289920618,0.4227671111055007,0.25,0.44241044538057894
2019-02-12,-0.662570256680225,0.20912729338086591,0.3091306322862163,0.21763764082403103,0.4324922873119996
2019-02-13,-0.7191102669834569,0.48043165805587623,0.14040184542186307,0.1894645708137998,0.4301770484228965
2019-02-14,-0.6374220105125972,-0.6124709671338351,0.16294862281049824,0.16493848884661183,0.3871579697559254
2019-02-15,-0.8170988833223299,0.02879245068534912,-0.6905262747820822,0.14358729437462942,0.37024697822052594
2019-02-16,-0.8439992561664593,0.4706612962840644,-1.0021917012281496,0.12500000000000003,0.3736878802264671
2019-02-17,-0.8048610245642787,-0.2888571399869161,-0.6846151426053398,0.10881882041201553,0.35280920250455095
2019-02-18,-0.7171422881196762,0.15251343920071161,0.10380879572964133,0.09473228540689989,0.4012153767607409
2019-02-19,-0.37321875331924986,1.6815895412081168,0.5407951670598101,0.0824692444233059,0.5005818728945445
2019-02-20,-0.48888351948468844,-0.5093830847149226,0.3765093459405627,0.0717936471873147,0.3945028287806816
2019-02-21,-0.7057429945127623,0.2468332940293192,0.19314461548673642,0.0625,0.4040483414665954
2019-02-22,-0.7182907985118148,0.7673250616220522,-0.8230974732165737,0.054409410206007765,0.38981065342381327
2019-02-23,-0.8179944399225713,0.12229674708707741,-0.938223438220152,0.047366142703449944,0.35139354193196926
2019-02-24,-0.7610991490150868,-0.67448599741102,-1.3379607316938447,0.04123462221165295,0.3077429757821548
2019-02-25,-0.45841791301182394,2.0341684534521467,-0.05141054940432381,0.03589682359365736,0.4828666632519557
2019-02-26,-0.30007501126739433,1.2904640925282234,0.21911634668623026,0.03125,0.47075571466039073
2019-02-27,-0.2618840485152085,-0.17320472994098526,0.09945646915844092,0.027204705103003893,0.4077201210888437
2019-02-28,-0.31918731347612656,-0.3347263639108093,-0.32089381483038404,0.02368307135172497,0.3826299141470538
2019-03-01,-0.37442115122487957,0.7462787638413565,-0.1550080785554868,0.020617311105826482,0.42905919912575563
2019-03-02,-0.3713652714451627,-0.5979177228475768,-0.4176499989895737,0.017948411796828663,0.3640996719215453
2019-03-03,-0.2890842906355043,-0.5674519313241364,-0.5292332277808499,0.015625000000000007,0.366786525893099
2019-03-04,0.12403930746881946,0.4877902553846892,0.46981563415932354,0.013602352551501933,0.4712947551603195
2019-03-05,0.5797332431688822,-0.23664874397680824,1.1881739179827748,0.01184153567586249,0.49517054616303036
2019-03-06,0.5761834555863684,0.18172368508071815,1.3761422047093006,0.01030865555291324,0.5184017557407016
2019-03-07,0.32652029756035733,-0.08894656998509284,1.0441643444359474,0.008974205898414338,0.47921352178727206
2019-03-08,-0.17146320856546338,-0.2410420487880545,0.3278363983347133,0.007812500000000002,0.4156254556739573
2019-03-09,-0.3985384681390767,-0.014915538365665882,-0.13976982199079716,0.0068011762757509715,0.3941704704004949
2019-03-10,-0.4358146449094684,-0.3409592084057197,-1.3486691132508173,0.005920767837931244,0.3376715347231263
2019-03-11,-0.41470469950912414,1.6992748359514325,-1.016992362949893,0.00515432777645662,0.4350295419321735
2019-03-12,-0.2799658322571789,1.5969390164610768,-0.38347958560764,0.004487102949207169,0.460765149457526
2019-03-13,-0.3259210712198085,0.7271377857844398,-0.19371887458514508,0.003906250000000001,0.4276979780068596
2019-03-14,-0.6200193728270038,-0.19764536670104813,-1.396330097773909,0.0034005881378754853,0.32939590316054046
2019-03-15,-0.6479172258163041,-0.12341514587746498,-1.8763818394382734,0.0029603839189656215,0.3145612168072544
2019-03-16,-0.4196248752019429,0.20768986275032456,-1.8495530197217767,0.0025771638882283094,0.3444135598603091
2019-03-17,-0.2578977956044675,-0.4323672108359243,-1.862174395402233,0.002243551474603584,0.32805556604932146
2019-03-18,0.22639523385588708,-0.16093945766557652,-0.45577357759845505,0.001953125,0.41848772101771164
2019-03-19,0.35972870922323075,0.22900618560820313,0.08280290305929758,0.0017002940689377426,0.46153897922754117
2019-03-20,0.2948793734134379,-0.3678732378094619,-0.23182520785006921,0.0014801919594828095,0.42182509518442174
2019-03-21,-0.06686579553790953,-0.7904423632283248,-0.9922377028177948,0.0012885819441141558,0.3547258790273165
2019-03-22,-0.12491556162966701,-0.94898549467496,-0.8471589611769359,0.001121775737301792,0.3490608679345963
2019-03-23,-0.24317838395677932,-0.682786357721504,-1.1872089536071122,0.0009765625,0.3409115287525816
2019-03-24,-0.36917561229080076,-0.7870476959232933,-2.050639780098452,0.001121775737301792,0.2994082455411229
2019-03-25,-0.3439908052571695,-0.4264783804620914,-1.3860083809729153,0.0012885819441141558,0.3382903550561215
2019-03-26,0.14608647260015237,-0.40750016951567447,-0.600566380381566,0.0014801919594828095,0.39796307389139396
2019-03-27,0.21148993923087495,-0.7426040974704871,-0.14818322327585512,0.0017002940689377426,0.4034730952219336
2019-03-28,-0.32501424487462627,-0.8997850820001367,-0.6549097252011005,0.001953125,0.34430398316831584
2019-03-29,-0.43768851944990456,-1.0567711494286955,-1.7423900904136262,0.002243551474603584,0.29404549718454703
2019-03-30,-0.622078240453938,-1.0624320435832262,-2.1044006197753076,0.0025771638882283094,0.26950000274449376
2019-03-31,-0.7140774570818363,-1.0430124328344248,-2.375643542207875,0.0029603839189656215,0.2551919243406922
2019-04-01,0.10951791649023872,-0.3079253798154582,-0.29416379292518524,0.0034005881378754853,0.41017559873021364
2019-04-02,0.15008134449227434,-0.943952150810484,-0.4802317608167879,0.003906250000000001,0.38025229548848855
2019-04-03,-0.23392681914682575,-0.2739930801877904,-0.7424500774127906,0.004487102949207169,0.37391322991100834
2019-04-04,-0.37893858341362496,-0.7727178462856475,-1.362454361824398,0.00515432777645662,0.32289885461617823
2019-04-05,-0.2512262532854852,-1.0907488756668693,-1.3352392887739217,0.005920767837931244,0.3191838521780738
2019-04-06,-0.2566756402861819,-0.8257142005473418,-1.6079779231330964,0.0068011762757509715,0.32090444462837475
2019-04-07,-0.5949576436060244,-0.170309126736352,-2.368376670145135,0.007812500000000002,0.3004659294740792
2019-04-08,-0.2952932950867856,0.4418805409543996,-1.5851738254003598,0.008974205898414338,0.3722324729053978
2019-04-09,-0.2345709216287566,1.1380628534258883,-1.4549855038897854,0.01030865555291324,0.40982800565410576
2019-04-10,-0.42909401444353806,0.5266098328387587,-1.488638949265472,0.01184153567586249,0.3704907407812427
2019-04-11,-0.39451760332887637,-0.26274101770169006,-1.4193279924839255,0.013602352551501933,0.34248070384043233
2019-04-12,-0.5475845165684642,-0.8746167937825073,-1.3616062917789635,0.015625000000000007,0.30900887276186584
2019-04-13,-0.5803144289331394,-0.5531437409333058,-1.706441068051612,0.017948411796828663,0.3090756083667069
2019-04-14,-0.5607876908533695,-0.24353886436568614,-1.7132108861547328,0.020617311105826482,0.323452268388588
2019-04-15,-0.26601458229340597,-0.5364688736994081,-1.262619033335978,0.02368307135172497,0.34637798436785705
2019-04-16,-0.2515992622761632,-0.8004876384451347,-1.1068762256170463,0.027204705103003893,0.34205789582459095
2019-04-17,-0.3091640122335771,-0.26290681166704966,-1.3421986359081208,0.03125,0.3533821608346971
2019-04-18,-0.4038409928187616,-0.5446445723109988,-1.2622941837478892,0.03589682359365736,0.3386917940465766
2019-04-19,-0.48745567369068377,-0.9465332103513399,-1.1645921874921819,0.04123462221165295,0.3204295250713238
2019-04-20,-0.5993584591545886,-0.9485556058771075,-1.4965743287714899,0.047366142703449944,0.30273872959128245
2019-04-21,-0.7015674451781737,-0.7477972732869287,-1.850105361074345,0.054409410206007765,0.29356185009625607
2019-04-22,-0.8505132590055268,0.48742523826783146,-1.3296542859864806,0.0625,0.3536616914612418
2019-04-23,-0.5571437599752012,1.2418970897948327,-1.0133449709657834,0.0717936471873147,0.41659367612234244
2019-04-24,-0.16166470303901823,1.9201896478564997,-0.9411601315300695,0.0824692444233059,0.4752286374039132
2019-04-25,-0.30511702831400284,1.4437161654460788,-1.060306125224068,0.09473228540689989,0.4436800103095525
2019-04-26,-0.4175201193160756,-0.8884208321149675,-1.0398306453624104,0.10881882041201553,0.34180959225719326
2019-04-27,-0.7224473807698142,-0.34788553381188797,-1.4458941725596395,0.12500000000000003,0.33289513828786244
2019-04-28,-0.6862570220465398,0.16607598164506446,-1.6459787317263415,0.14358729437462942,0.3528415008640914
2019-04-29,-0.4637127965456843,0.10888433444567698,-1.075679822938857,0.16493848884661183,0.3875074400612208
2019-04-30,-0.06172776434155478,-0.17662843403260872,-1.0243279858014325,0.1894645708137998,0.4078007170545599
2019-05-01,-0.8308014240016576,2.6532940566417578,-0.7180050789581304,0.21763764082403103,0.4888793009182964
2019-05-02,-0.3426294819453299,3.68089341004797,-0.2080006837594284,0.25,0.5577246784116637
2019-05-03,-0.8944421380507095,2.623928290974822,-0.4128790012281146,0.2871745887492588,0.5040144245253554
2019-05-04,-1.179979431027445,0.765533144786394,-0.941857937895011,0.3298769776932236,0.39631820102175325
2019-05-05,-1.172424530506768,0.4283686424371935,-1.4572373078905407,0.37892914162759955,0.3729518523822205
2019-05-06,-1.1721382329312577,0.9042994412752172,-0.807098541564368,0.4352752816480621,0.4229246020527806
2019-05-07,-0.9335410716850621,1.6540924472649214,-0.44329626863784893,0.5,0.49190790490243935
2019-05-08,-1.2928818807884404,0.5753308724602323,-0.49151851296428944,0.5743491774985175,0.43254842049258163
2019-05-09,-1.3611312818483565,0.6713856847490873,-0.4927248802283642,0.6597539553864472,0.44477124870834317
2019-05-10,-1.4279055184559242,2.738350460717416,-0.5622385858510054,0.7578582832551991,0.5388416909260771
2019-05-11,-1.2218142399441987,1.3212403367540564,-0.8794697201803983,0.8705505632961241,0.49986432519021107
2019-05-12,-1.5220500406421056,-0.18176725093600724,-1.659480574385389,1.0,0.41064034268867966
2019-05-13,-1.2280441929496668,0.07773938993271616,-0.7742399345421342,1.0,0.4705615305658143
2019-05-14,-0.9887644849794123,-0.3271179853678734,-0.824177689712092,1.0,0.4679798619539747
2019-05-15,-0.7047244187707293,-0.2465251608418487,-0.9637685425144866,1.0,0.4856208722963915
2019-05-16,-0.8850431294165075,1.2170765694574448,-0.5272920060353385,1.0,0.5491322482317819
2019-05-17,-0.7928489263611024,1.477804528515866,-0.11869029616169637,1.0,0.5797622503920311
2019-05-18,-0.8771840197166392,2.4972340847393713,-0.07392281552840563,1.0,0.6181083916987511
2019-05-19,-0.909030538022455,1.057159306283769,0.5818457981829596,1.0,0.5778411284997587
2019-05-20,0.449478357121791,0.002837001674739315,1.2708886303623776,1.0,0.6474463865566461
2019-05-21,-0.9325836398651295,0.4459193720097209,0.587501607800484,1.0,0.5509911181027459
2019-05-22,-0.6362426374530317,0.5697540692341516,0.09165210815118018,1.0,0.5593786473262602
2019-05-23,-0.6448156677214165,2.3235023871985008,0.7789347536245657,1.0,0.654789380072662
2019-05-24,-0.4099307796715064,1.7741570269404838,0.8643443875178074,1.0,0.6504059703950134
2019-05-25,-1.6680324886259403,4.418021496682937,0.3116636438392746,1.0,0.5991866222195797
2019-05-26,-0.12772223095293186,0.9932952565051557,0.7690498687100615,1.0,0.6335074825811882
2019-05-27,-0.7733719230265292,-0.22752227231999245,0.6395153412448852,1.0,0.5352789551597279
2019-05-28,-0.5712289367529393,1.6801899053063152,2.214847805863823,1.0,0.6807542437996946
2019-05-29,-0.3160729512907402,1.7425858931017775,2.0867942861668958,1.0,0.6960960249987546
2019-05-30,0.19025209899604828,1.2947723189922387,1.4563907251655637,0.8705505632961241,0.6707612618910173
2019-05-31,-0.7430522031345722,0.6895865118241474,0.7323017737616017,0.7578582832551991,0.5422847593973679
2019-06-01,-0.10324950073607288,-0.28362638393503,0.8386335594529954,0.6597539553864472,0.5332164792433691
2019-06-02,-1.2399917896047297,-0.2586716951631404,0.30436342968355257,0.5743491774985175,0.42785371767544994
2019-06-03,-1.3601771150122541,0.39286329597684755,-0.07886682431587794,0.5,0.42306193552102245
2019-06-04,-1.6116369078406538,0.29954462119255615,0.30460208881683554,0.4352752816480621,0.4054832605680834
2019-06-05,0.8765187563410392,-0.3436141903838622,1.833743910208346,0.37892914162759955,0.5870814940744932
2019-06-06,1.2965062995440344,-1.104086318512263,2.742187284132922,0.4352752816480621,0.6221276917498981
2019-06-07,-0.4714753752999027,-1.0697317769926122,1.6968313816161742,0.5,0.48055719699252014
2019-06-08,-1.2064189334727777,-0.9042594206166679,0.4197407499144601,0.5743491774985175,0.4070383301980467
2019-06-09,-1.533704367095454,-0.8228741721278832,-0.0037825819064399293,0.6597539553864472,0.3873036255993937
2019-06-10,-1.0311115900482688,0.322592787165285,0.8341860208958024,0.7578582832551991,0.5111855366468089
2019-06-11,-0.9775823477777852,-0.19170276168542058,0.9581745061431419,0.8705505632961241,0.5143619631104451
2019-06-12,-1.2051860148921278,-0.22246876873650537,0.3831257334433256,1.0,0.49815559142461463
2019-06-13,-1.4999627496143917,-0.48509388680271204,-0.16183906014713162,1.0,0.44939560273735646
2019-06-14,-1.4537672428472386,-0.4383438894748052,-0.2977243947820219,1.0,0.4498937085893332
2019-06-15,-1.4091077866561246,-0.00011109333366119389,-0.5045441828926567,1.0,0.4642367125709339
2019-06-16,-0.65513256057189,0.8791391556415048,0.6816683685553854,1.0,0.5906775730654495
2019-06-17,0.32030186471377303,-0.023128065659263234,2.2407383538166408,1.0,0.6700810667056704
2019-06-18,-0.8486641755687505,0.5690909739636737,2.234653917861012,1.0,0.6166229761392701
2019-06-19,-0.21868521402430127,-0.11531900821568164,2.375198225836607,1.0,0.6347893012506135
2019-06-20,0.1964999632591353,-0.6253855365925427,2.019875957553617,1.0,0.6293714654443737
2019-06-21,-0.8023887716355277,0.15885204441388695,1.116015841219087,1.0,0.5653267784488464
2019-06-22,-1.3846301271496138,0.24181634739334928,0.3785098201973877,1.0,0.5053840000046615
2019-06-23,-1.2720430160103422,0.8954461395673953,1.1974203727633073,1.0,0.567421400506729
2019-06-24,-0.34980808349976106,1.5427330111484856,2.6684427988941755,1.0,0.7049080965276754
2019-06-25,0.35237114954117865,0.8638603647473573,2.99295830560592,1.0,0.7342508686874158
2019-06-26,1.4325935307272792,-0.02285747581802981,3.5096018416273504,1.0,0.7695538405560675
2019-06-27,1.9127193154467104,-0.03173972206239497,3.364445145357842,1.0,0.8011921326105144
2019-06-28,2.7124990712708374,-0.21898496422670147,3.092089618113108,1.0,0.84670889790861
2019-06-29,0.44845785847416414,-0.06581106319677137,2.4968587510675246,1.0,0.6853836879673296
2019-06-30,-1.0806796664005185,-0.208587890132199,1.3600840775645873,1.0,0.5395996627366101
2019-07-01,1.368003617950694,0.8288744420311738,2.5021033014430367,1.0,0.7841401196627797
2019-07-02,2.5842645727154365,0.12270994458990865,2.882847188423125,1.0,0.8484921254863795
2019-07-03,2.7886139278600246,-0.5055011257394059,2.417100295696896,1.0,0.820415058141423
2019-07-04,0.6347135895359733,-0.727052727692123,1.7556043076646908,1.0,0.6455405192373829
2019-07-05,1.4346967551276115,-0.398246344972551,2.199467845165975,1.0,0.727368447473517
2019-07-06,1.226298463202854,-0.9880705989147146,1.7201742064266696,0.8705505632961241,0.6535053473007182
2019-07-07,-0.19632723677541195,-0.48656005531439167,1.2145410611757117,0.7578582832551991,0.5458016264376766
2019-07-08,-0.027443361036862936,-0.0399201092369182,1.2824647381028504,0.6597539553864472,0.5632190226240663
2019-07-09,3.3824347541562387,-0.8154066541659974,2.0768314716818423,0.5743491774985175,0.7464048150905891
2019-07-10,3.226426629561146,-0.4470060841138083,2.4498452290963293,0.5,0.7630362541318023
2019-07-11,1.2436398708635055,0.03436266287310581,1.8280655872802771,0.4352752816480621,0.6355679141671651
2019-07-12,1.6963609879753339,-0.9542488287303682,1.7435124139547222,0.37892914162759955,0.6132868163772209
2019-07-13,1.1318590139461373,0.18105343081039396,1.6104825161428766,0.3298769776932236,0.6111654577389216
2019-07-14,0.8343493415139593,0.3969482121881737,1.663818018815258,0.2871745887492588,0.5956995872150019
2019-07-15,1.355226288816843,0.8744065756881144,1.9845699921473232,0.25,0.6554343596463718
2019-07-16,2.2482672297737762,-0.4608820695993528,1.9706810846010783,0.21763764082403103,0.6540160780285861
2019-07-17,4.075191282912238,-1.2776294420212233,2.0746482107198094,0.1894645708137998,0.6693400658951794
2019-07-18,2.2016095399221163,0.09810295567780358,1.7329775222245687,0.16493848884661183,0.6583682832158604
2019-07-19,4.447057796370299,0.013488121127240987,2.3558729448282034,0.14358729437462942,0.7256291973641029
2019-07-20,2.659481356212242,-1.573562734715891,2.188444388794576,0.12500000000000003,0.6284317894274732
2019-07-21,2.170258610257694,-1.523459390677996,1.6560501420945852,0.10881882041201553,0.577730927203885
2019-07-22,0.4082552493511278,-1.1963858521820616,1.1195945734143729,0.09473228540689989,0.4538972680406701
2019-07-23,-0.6874614744809082,0.056172757520735264,0.23352627720037542,0.0824692444233059,0.4016643625014785
2019-07-24,-0.04170782301997423,-0.2383980237373118,0.4576716578107158,0.0717936471873147,0.4383109964814015
2019-07-25,0.5759035940081707,-0.6156766587725253,0.734857945648107,0.0824692444233059,0.47460603033678905
2019-07-26,1.0908883903387616,-0.2975400559988102,0.8899098444103697,0.09473228540689989,0.5292018946473477
2019-07-27,-0.3492201895668605,0.3666727050586444,0.8295962280076183,0.10881882041201553,0.4609727140683758
2019-07-28,1.0316460886586785,-0.8652370300658384,1.1473951363131925,0.12500000000000003,0.5147213675349418
2019-07-29,2.3582366924280302,-1.5386843151661203,1.5111629798969335,0.14358729437462942,0.5900141265160392
2019-07-30,1.7144549448285493,-1.6171971670463987,1.3681991627364987,0.16493848884661183,0.5422611931131784
2019-07-31,-0.0791743828552154,-1.6767645097975141,0.627670577000966,0.1894645708137998,0.3991985580901914
2019-08-01,1.2535760597810193,-1.241070792110421,0.9368330532928625,0.21763764082403103,0.5207338688808338
2019-08-02,0.01349423069129582,0.15956672577754472,0.7359847505055641,0.25,0.4945810539703362
2019-08-03,-0.13390759068848432,0.13775527891360004,0.5653299026847224,0.2871745887492588,0.4837331489773806
2019-08-04,0.46831615092797435,0.6031733361458849,0.6614231400169505,0.3298769776932236,0.552882283722492
2019-08-05,0.5407376891176922,1.276128555103941,1.0328287277716026,0.37892914162759955,0.6054881979070371
2019-08-06,0.7396483597123994,-0.33285563509271426,0.8883204072641359,0.4352752816480621,0.5553428783413107
2019-08-07,0.6490864156223977,-1.2137729883279735,0.7778345683047927,0.5,0.5186263721379873
2019-08-08,0.5992984943690928,-1.1328239831481446,0.9666327643027767,0.5743491774985175,0.5361257024283037
2019-08-09,-0.45578918409483365,0.12852417002596364,0.5414803068284639,0.6597539553864472,0.5169816650136755
2019-08-10,-1.1408077171434445,1.204561300774967,-0.29298558318395435,0.7578582832551991,0.5030487627715421
2019-08-11,-1.152074908159945,1.733706818539593,-0.2728001926942567,0.8705505632961241,0.5419220349664301
2019-08-12,0.5808677053979625,0.5835675512513757,0.6807235713685481,1.0,0.6607306140409565
2019-08-13,-0.05201862309913936,0.10263649210586812,0.33728143106067393,1.0,0.5870513266664911
2019-08-14,0.07293090782431297,-0.3387272480064277,0.6507868864759001,1.0,0.587441321403883
2019-08-15,-0.35378998060800476,1.082379172800975,0.4265613765139567,1.0,0.6107318460433055
2019-08-16,-0.46281951961055096,1.0880420044678547,0.5738723292624746,1.0,0.6086095265208731
2019-08-17,0.46393615940663446,0.0004872037284281965,0.27627216252028863,0.8705505632961241,0.5957410340275551
2019-08-18,0.2974000964802942,-0.7058755600405843,0.6872202010427562,0.8705505632961241,0.5689051159595058
2019-08-19,2.561561723017684,-1.1285837174780118,1.3699853151876114,1.0,0.7444126371458488
2019-08-20,1.5919810347221397,-1.086978639766573,1.0757241009534146,1.0,0.671698762356316
2019-08-21,1.3856770278479487,-1.059263020027709,1.0272601442984188,1.0,0.6574845141653227
2019-08-22,0.16375109992192027,-1.2017906553356008,0.7303861790274675,0.8705505632961241,0.5407709198178121
2019-08-23,-0.7451940339186427,1.1311350873839547,-0.13605087431684307,0.7578582832551991,0.5315947397241404
2019-08-24,-1.5197956869114262,1.3102723942591756,-1.7100052953558234,0.6597539553864472,0.42023788742947693
2019-08-25,-1.6514173335021933,1.0554876081185214,-1.706786628233958,0.5743491774985175,0.38814365045510457
2019-08-26,-1.341627625854906,3.39792414711336,-1.3577615954866862,0.5,0.4902994384267834
2019-08-27,-1.1648804263526107,1.7352138476251373,-0.9148403480708863,0.4352752816480621,0.45443849587238644
2019-08-28,-0.599249165493682,0.8244406966069882,-0.6515155357865241,0.37892914162759955,0.4545239380436348
2019-08-29,-0.5722037760715476,1.7324373307781964,-0.3802213166765419,0.3298769776932236,0.4958454731424205
2019-08-30,-0.051017923177494214,1.5028598927036751,-0.205735012974787,0.2871745887492588,0.5204363218640495
2019-08-31,-1.0103925285852586,-0.1402774078788497,-1.0119896067051146,0.25,0.3555626192091935
2019-09-01,-1.3012204785201935,1.8406659475992246,-1.53980309082417,0.21763764082403103,0.39626525901142046
2019-09-02,-1.0047538534643243,1.6226425949843,-0.7001551203677737,0.1894645708137998,0.43070769950320176
2019-09-03,-0.3727647406444421,1.8057348221518943,0.044610057133689415,0.16493848884661183,0.5016157434448143
2019-09-04,0.4642842653021458,-0.08999732317995864,0.326361304126529,0.16493848884661183,0.48782187935218746
2019-09-05,-0.4611864661730651,1.2134319364923827,-0.36814962499996834,0.1894645708137998,0.4609619310643826
2019-09-06,-1.0919284180820534,2.1733441598417973,-1.429779040925702,0.21763764082403103,0.42774712354735256
2019-09-07,-0.861257081169721,1.0556110522307016,-1.8134954717622649,0.25,0.3886168060395557
2019-09-08,-0.9141235244835386,0.6602469442699052,-1.795252268767766,0.2871745887492588,0.37480316706580674
2019-09-09,-0.631637978319241,2.9046302901391488,-0.7625525320990578,0.3298769776932236,0.5279801924518635
2019-09-10,-0.11322392174876847,3.775558058141534,0.28020331887708855,0.37892914162759955,0.6086312204234584
2019-09-11,2.395044720561928,0.8392690820239923,1.1280357472916305,0.4352752816480621,0.7225316769453918
2019-09-12,0.16600323872172865,2.875382277771338,0.6521021092727208,0.5,0.652611214464345
2019-09-13,-1.147552909270053,2.7739917989697274,-0.2695518782406136,0.5743491774985175,0.5412467783558257
2019-09-14,-0.5909995562714286,2.0702215524330176,-1.7486757416319134,0.6597539553864472,0.5125331628535171
2019-09-15,-0.5443923956721534,0.378224635575698,-1.256040024194031,0.7578582832551991,0.47627727511932266
2019-09-16,1.1854631283731403,1.1958281631869747,-0.23955334451312896,0.8705505632961241,0.6764545217016477
2019-09-17,-0.5908957434785991,0.9801820522910815,-0.8729352602908932,1.0,0.5473500272705254
2019-09-18,-0.9808449210802342,1.704753923705947,-1.292819941743471,1.0,0.5375477540242832
2019-09-19,-1.0749959815047792,1.5897978471248206,-1.5769586524782486,1.0,0.5170098897806072
2019-09-20,-0.986572834262427,1.5075985892586592,-1.2443300634343155,1.0,0.5305674168204718
2019-09-21,-0.9213092766284152,1.8861833960571335,-1.2892616326604607,1.0,0.5491949686384708
2019-09-22,-0.6516200569515541,1.8736069402620583,-0.6539050248325192,1.0,0.5878287845530649
2019-09-23,0.7231786466709457,1.1210609548425499,-0.33268720066255797,1.0,0.658833209541084
2019-09-24,-0.6402779153955387,1.0571831560400693,-1.0294932091207176,1.0,0.5420476635046098
2019-09-25,-0.505997691677736,1.5028562812583373,-1.3331468001633895,1.0,0.559447605601802
2019-09-26,-0.4391748831452139,2.0594378265139,-1.256522781347498,1.0,0.5896474911834817
2019-09-27,-1.176680977817626,3.476102315419421,-1.5053363683862717,1.0,0.5713767225326158
2019-09-28,-0.8901291360108842,4.843034687839568,-1.3081593179509132,1.0,0.5970527470009106
2019-09-29,-1.1432306246253932,4.5801886858559495,-1.4350804392406107,1.0,0.5759486103836201
2019-09-30,-1.7401771773868748,4.258258274283036,-1.7026662718554668,1.0,0.5272326457790261
2019-10-01,-0.3711765201029777,4.165650076555844,0.26899905684753483,1.0,0.6842215338880527
2019-10-02,4.850244508541561,0.2777338652589522,0.3466585100439031,1.0,0.7981275280539198
2019-10-03,0.039584276052189775,2.963072936684966,-0.4055212309354233,1.0,0.6875829497341722
2019-10-04,-1.1694228718777644,0.9239327345370948,-1.354508872801695,1.0,0.49038537672047156
2019-10-05,-1.4012981927659145,1.3882298611224162,-2.500020439792294,1.0,0.4560890167026299
2019-10-06,-1.292533173023606,2.329953284914414,-2.392933875949724,1.0,0.5061480461382027
2019-10-07,-0.8707946357930179,0.7959057719324383,-1.7216639834684198,1.0,0.492720965328703
2019-10-08,-0.8064942091886188,0.37412718343582846,-1.8263655105264596,1.0,0.4759435016797029
2019-10-09,-0.8614487147581952,0.4653106436115984,-1.9602143637367722,1.0,0.4716175503753779
2019-10-10,-0.9429444374905277,1.022253541305027,-1.7662013218566264,1.0,0.4958575576597867
2019-10-11,-1.0067952858695401,0.5965308322139841,-1.831173906702062,1.0,0.47169663539421136
2019-10-12,-0.970451960654198,0.2230547668400494,-2.0518125243870426,1.0,0.4512034004284875
2019-10-13,-0.637610343682094,0.03269996238102938,-2.2163637085742294,1.0,0.4599763519012623
2019-10-14,-0.27378926302477513,0.1296827278372402,-1.6656067165491597,1.0,0.5066306055732613
2019-10-15,-0.40706209701918633,-0.10869725541962963,-1.6307788496632305,1.0,0.48897417956746203
2019-10-16,-0.09777486700152045,-0.5057951961647927,-1.535316848318002,1.0,0.4962296474157655
2019-10-17,-0.13944088091380621,-0.060377015361525,-1.5364411851321664,1.0,0.5119735261279438
2019-10-18,-0.3319344672920137,-0.6982852712854329,-1.588693524949733,1.0,0.47081936504531496
2019-10-19,-0.2105190328952195,-0.2588658987827329,-1.82192021956025,1.0,0.4894486447056965
2019-10-20,0.018482663151310492,-0.06931702324923633,-1.8236770702867326,1.0,0.5125547325651447
2019-10-21,0.3188042757105689,-0.49074545070536246,-1.418520716803013,1.0,0.5285218673745474
2019-10-22,0.3001752577722259,-0.6916053969145094,-1.3455789713191573,1.0,0.521342159936072
2019-10-23,-0.2119312260411871,-0.4289870594083737,-1.4014106442191028,1.0,0.4962831026479353
2019-10-24,-0.340935769388378,0.45934567267376997,-1.3197232836987678,1.0,0.527419575612223
2019-10-25,-0.3373844629698167,0.5574107339689038,-1.3861790234965043,1.0,0.5295271822674997
2019-10-26,-0.6277736112270969,-0.24582207442907741,-1.5713065250117444,1.0,0.47052895531659056
2019-10-27,-0.5136424703388729,-0.5045714096201528,-1.5028259565681235,1.0,0.4696391613576313
2019-10-28,-0.4309081887200347,0.13039451221212,-1.182933967191089,1.0,0.5122747598544664
2019-10-29,-0.41537504076325177,0.07829712980314243,-1.1045458408477296,1.0,0.5137525163293232
2019-10-30,-0.5379135421733715,0.4155358453919241,-1.0123976811561108,1.0,0.5227065013745684
2019-10-31,-0.7798971461518464,0.4209514965214162,-1.1031450850067248,1.0,0.5037749997780451
2019-11-01,-0.6288598727412257,1.4014851347035298,-0.9260961297718916,1.0,0.5606013514375023
2019-11-02,-0.3248814106600329,0.5579197325090313,-1.022477691446423,1.0,0.54250530509566
2019-11-03,-0.017882895997268892,0.7833713967175662,-1.1271286736239785,1.0,0.5688773260092814
2019-11-04,0.872933693796853,0.35451969112460324,-0.636422266830515,1.0,0.6267531578222982
2019-11-05,0.06264787674207041,1.372647612661755,-0.7351726203929353,1.0,0.6118644216306133
2019-11-06,0.20447602884234659,1.4472760722122646,-0.6781385280434533,1.0,0.6263302873302191
2019-11-07,0.06558419023027268,0.4702591074336286,-0.4930445667930033,1.0,0.582531589931986
2019-11-08,0.7748821625587369,0.7331833775726858,-0.21587727585606778,1.0,0.6500122090409088
2019-11-09,0.49363149512678156,-0.6902324401715776,-0.26119647272423857,1.0,0.5704425322438285
2019-11-10,-0.07722324987063034,-1.1664812434273706,-0.7072336078165355,1.0,0.49767394460526637
2019-11-11,0.0006639540898705635,-1.126976352986419,-0.5091923261646258,1.0,0.5111138380260697
2019-11-12,1.5958645426750127,-0.6882440348862348,0.49324066945389045,1.0,0.6691554903732041
2019-11-13,2.88246051759559,-1.1803733795841758,0.6997532172987075,1.0,0.7413069176003223
2019-11-14,3.367836576799274,-1.305634695331456,0.5324820779364056,1.0,0.7383479569590695
2019-11-15,0.5169914797603958,-1.114014951089476,0.11048098572269331,1.0,0.5667315085460547
2019-11-16,0.19672207642886577,-1.2887200981436084,-0.3190471753341384,1.0,0.5237832284948027
2019-11-17,0.052022158280388066,-1.3150900734919104,-0.4771135423306963,1.0,0.507768939412173
2019-11-18,0.7092537127145204,-1.0930100428171245,-0.07713145517201858,1.0,0.5741704472245206
2019-11-19,0.39170966095792764,-0.6051006796661609,-0.13930440560271345,1.0,0.5712579688910147
2019-11-20,0.24624761395851788,-0.5001525970697008,-0.15421069160732734,1.0,0.5654364596657527
2019-11-21,0.11896679002746545,-1.2030036523831606,-0.09255042093504127,1.0,0.5297209531213647
2019-11-22,-0.13615586180346148,-1.0997704947498705,-0.34130597036983934,1.0,0.5087223062528633
2019-11-23,-0.4585871988020988,-0.8270921801831712,-0.427299193194413,1.0,0.49572203946574755
2019-11-24,-0.5561369418643358,-1.0359919119372583,-0.4987672590608628,1.0,0.4781322989096297
2019-11-25,-0.21370019179206737,-0.9297517486103164,-0.04310858314491849,1.0,0.5205767115836017
2019-11-26,-0.5159220359384242,-0.8259238926459089,-0.14225477134710784,1.0,0.501449876365622
2019-11-27,-0.5933707174995544,-1.2011872687725362,-0.4703158048442668,1.0,0.4697152891396985
2019-11-28,-0.7469428720049037,-1.0608959967917209,-0.5954249248318798,1.0,0.4611523111722887
2019-11-29,-0.5622407562884604,-1.2512594736692333,-0.686147690363633,1.0,0.46250988183243014
2019-11-30,-0.6911038030821285,-1.3599471052341434,-0.7559557278304398,1.0,0.44706342614875416
2019-12-01,-0.3455678423494018,-1.3257086967635352,-0.3196939977361611,1.0,0.48606781488702056
2019-12-02,0.3906585912434203,-0.8909756752118685,0.6374627620028729,1.0,0.5851686783491626
2019-12-03,-0.21723687177443735,-0.8076830360853182,0.6502795574114213,1.0,0.5485400672918633
2019-12-04,-0.23411297171216194,-1.2091561146079883,0.6078808554827697,1.0,0.5292736589599487
2019-12-05,-0.27540591607763654,-0.9349084899479325,0.4034771643169265,1.0,0.5311343239908913
2019-12-06,-0.6248020956195774,-0.8526139447240624,0.3760140734474165,1.0,0.5103547483767729
2019-12-07,-0.021302072119489705,-0.9233500257375353,-0.09472875552352258,1.0,0.5319493189355193
2019-12-08,-0.4079736344194829,-1.1402355942598932,-0.061203189379340495,1.0,0.4982518349652275
2019-12-09,-0.14360613509707026,-1.13986637825313,0.20256847948216225,1.0,0.5246841078823871
2019-12-10,0.09220709856374862,-0.5005177229396853,0.5324871677127764,1.0,0.5780418070388555
2019-12-11,1.266915612673991,-0.5722463389994777,1.3672633227478626,1.0,0.6811928874782166
2019-12-12,1.465616850231283,-1.0260076152481947,1.6013608984385634,1.0,0.6833361693280297
2019-12-13,0.11408275224287262,-0.6418949649272534,1.1577726112235727,1.0,0.5944523136516751
2019-12-14,-0.900186960800169,-0.08163515300259763,0.27978321527466116,1.0,0.5209121784140359
2019-12-15,-0.6279256952562899,-0.13547558730529022,0.19599640433591936,1.0,0.5340266843230576
2019-12-16,0.017836091016810447,-0.06972298998584707,1.1977947554296922,1.0,0.6132104399993669
2019-12-17,-0.01736414865446414,-1.0246811457490497,1.1944765592875264,1.0,0.5709632276597428
2019-12-18,2.389827611718771,-0.7162309204697191,1.8539774345269042,1.0,0.7662781335792433
2019-12-19,3.385947866352727,0.08863950884814512,2.2110643541605994,1.0,0.8523954580073594
2019-12-20,2.9720288844953546,-0.3062814622788034,1.8240779907735123,1.0,0.8211761310638573
2019-12-21,0.5432518203982919,-0.9420595809221645,0.9446411737265256,1.0,0.6034523446123468
2019-12-22,0.02343505958868643,-0.9891430162730329,0.3073677714382352,1.0,0.5455936373424772
2019-12-23,0.011836765252767103,-0.7214740179785714,0.34697454060789457,1.0,0.5572935182880072
2019-12-24,-0.3173854100511206,-1.081904975356994,-0.1474374251907258,1.0,0.5038470178503597
2019-12-25,-0.885296181728838,-1.1442956179043922,-0.8092694892858596,1.0,0.44132562082919913
2019-12-26,-0.47325958455289285,-1.0694148421142062,-0.3588590577923189,1.0,0.4869284406819713
2019-12-27,-0.5473196262119769,-1.0912918998683008,-0.5285484911997369,1.0,0.47542324605136443
2019-12-28,-0.6776567380812055,-0.979166564812238,-0.6504001518585247,1.0,0.46734427219879227
2019-12-29,-0.7461922351173021,-1.132308667131522,-0.821668774786575,1.0,0.45068536403548065
2019-12-30,-0.5692902770360598,-0.993734833971972,-0.060893260360143954,1.0,0.493611921436759
2019-12-31,-0.9673505577212675,-0.7913557140542603,-0.1715636646568941,1.0,0.4718180192444249
2020-01-01,-0.6658758676123693,-1.1703796597103582,-0.2334216576011089,1.0,0.47406173441787347
2020-01-02,0.29727866995567714,-1.1220561105942157,0.6220122947658362,1.0,0.5687999832144807
2020-01-03,-0.38080271703896296,-0.8612949519112036,0.1051821206886782,0.8705505632961241,0.49781451771847685
2020-01-04,-0.597553197589691,-1.1038731435178095,-0.41637591941021307,1.0,0.47528920853377143
2020-01-05,-0.3492372152685085,-1.044102085612063,0.28180292724255457,1.0,0.5176066963230154
2020-01-06,0.18353488973454915,-0.6420589199538087,0.698820993947374,1.0,0.5837772374491403
2020-01-07,0.5775601975885285,-0.9801079796231643,1.100472173426039,1.0,0.6093485864691381
2020-01-08,0.05573215931829275,-1.038819921957554,1.3370283571051624,1.0,0.5799989257764935
2020-01-09,0.9739176356175265,-0.7672257149301311,1.7524632669090778,1.0,0.6663755464827156
2020-01-10,-0.6492754407893782,-1.0334832276377222,0.9098560372622244,1.0,0.5189817040378772
2020-01-11,-1.1258991571171115,-1.0473360327908643,-0.5209833089730727,1.0,0.43893494452680415
2020-01-12,-0.4639492813900792,-0.11666003701226048,-0.9640969864034216,1.0,0.5070726468183698
2020-01-13,-0.11880968352023881,-0.7776573321938149,0.12493153226026082,1.0,0.5388413499992505
2020-01-14,-0.29529632134576345,-0.920509355961388,0.08943391172878677,1.0,0.5199401524695175
2020-01-15,-0.18079059987509824,-0.8117763615693264,-0.04735581182447069,1.0,0.5275447512154559
2020-01-16,-0.0968361988412695,-0.43282700500365834,0.6963841426715173,1.0,0.5737225996244802
2020-01-17,0.8136016826291721,-0.42346977497873656,1.3652310749052174,1.0,0.6571032407146714
2020-01-18,0.1095909004138712,0.0801014298108144,1.0977333246897012,1.0,0.6222347304260321
2020-01-19,0.3207448431652904,-0.8426891045082495,0.9317118418779425,1.0,0.5923280049191071
2020-01-20,1.3271244940564855,-0.23096840365011093,1.9250502634190616,1.0,0.7180196248989799
2020-01-21,2.025279994951147,-0.13628078652052708,2.310877537475189,1.0,0.7813695514742275
2020-01-22,0.603312786974331,-0.37247962600718937,2.269716281917084,1.0,0.6753580774452254
2020-01-23,-0.2537129662405681,-0.7042883401796155,1.4919230212469707,1.0,0.5784712221180438
2020-01-24,-0.6219594413820583,-0.6805681225955684,0.507873380485924,1.0,0.5221081448159116
2020-01-25,-1.0129665833988168,-0.9145334499453972,-0.5665184284068839,1.0,0.4504793864121246
2020-01-26,-0.7331623747941619,-0.8039374465139985,-0.39954822060656775,1.0,0.47930684072208696
2020-01-27,-0.5610677114691582,0.3918045198957331,0.38968577668023907,1.0,0.5669102001203863
2020-01-28,-0.34620586736132286,-0.11473646270248634,0.5771799987145679,1.0,0.5663782561871271
2020-01-29,-0.35568174485594745,0.6515661092300059,0.5501157942176194,1.0,0.5967736647014411
2020-01-30,-0.057865018489567994,-0.04227231135896945,0.9855909572377338,1.0,0.6022340177019961
2020-01-31,-0.6210189403793022,-0.2254176561127003,0.540444357800395,1.0,0.5422211468966972
2020-02-01,-0.8047252271634878,-0.6605825367275061,-0.9351436634552488,1.0,0.46265592371027975
2020-02-02,-1.0205575487538996,-0.8143360446397644,-1.0127729241272316,1.0,0.4392730640855088
2020-02-03,-1.005799847786812,-0.22550098098702062,-0.6386538044608875,1.0,0.4772623424577238
2020-02-04,-0.9583776114289237,-0.8613111719659643,-0.7994347750056432,1.0,0.44857236790596844
2020-02-05,-0.6736073108893621,-0.2367322151943487,0.16869744023482527,1.0,0.5258522516487723
2020-02-06,-0.8388331447016284,0.7030061420982626,0.08211089377722317,1.0,0.5511067427332265
2020-02-07,-0.8035119196781508,2.2930545376919143,0.29535401756278357,1.0,0.6268216116773792
2020-02-08,-0.8571659177093124,1.7104415755005284,0.18372629326670162,1.0,0.5952482142407913
2020-02-09,-0.814547087114497,-0.4461855151029536,-0.5933426756285021,1.0,0.48232770854212703
2020-02-10,-0.7656714370199597,0.8850959524646986,-0.15170671166847538,1.0,0.555777345162416
2020-02-11,-0.6908207727430508,0.4095091838140185,-0.26653344951533636,1.0,0.5371237161588696
2020-02-12,-0.7267019558107004,0.787565879313342,0.21961100387823815,1.0,0.5666888147132838
2020-02-13,-0.8129581626154151,0.18906651149422513,0.1786534812736624,1.0,0.5346356765136872
2020-02-14,0.2247788500345366,2.284804532280528,1.0484768227516692,1.0,0.7201346729390469
2020-02-15,-0.021322863639024792,-0.9889595938658631,1.1177611828591567,1.0,0.5696305321082926
2020-02-16,-0.6418501661042108,-0.9521005908263183,-0.07522687260777834,1.0,0.49003156855503005
2020-02-17,-0.7762006802689636,-0.9258695246539188,-0.29022990228374984,1.0,0.4750010610453642
2020-02-18,-0.5593368341202173,-1.0681476035473645,-0.5119527096681137,1.0,0.47613963725524155
2020-02-19,-0.24654409998872187,0.2096252113841819,-0.22751556173588844,1.0,0.5597142584172299
2020-02-20,-0.4488385877512523,-0.06868768588219705,0.9180054798418263,1.0,0.5728156232328858
2020-02-21,0.14184572801819315,0.07382861246540127,1.7294872299573993,1.0,0.6451821483858513
2020-02-22,-0.6162606554296832,-0.26546062001466697,0.358549776200447,1.0,0.5348067563440916
2020-02-23,-0.5629899244351824,-0.8693277678049846,-1.3077999980371353,1.0,0.45765201477787565
2020-02-24,-0.353387878691847,-0.13177936968135584,-0.3438333837340892,1.0,0.5344888882260175
2020-02-25,-0.6106744802799301,-0.9033384739111195,-0.7351397751110853,1.0,0.47214460573133854
2020-02-26,-0.8059300962495637,-0.38612991086273957,-0.4320093125762632,1.0,0.49078227021153953
2020-02-27,-0.34447765084673526,1.2743145115014192,0.5728591571785523,1.0,0.6242265664953952
2020-02-28,-0.3858068874180011,-0.6291717514900739,0.7027696455665656,1.0,0.546489706045599
2020-02-29,-0.6086807163529239,-1.0872642718563383,-0.04195958413326984,1.0,0.48771995477801533
2020-03-01,-0.9681108980235382,-0.22699711678223808,-0.9825268473919957,1.0,0.468250165352771
2020-03-02,-0.5825692524890388,1.712880621037352,-0.6417321442652467,1.0,0.5861410042351122
2020-03-03,-0.45565840795417045,1.5315584685163353,-1.1947176839112736,1.0,0.5686137861941934
2020-03-04,-0.46054648789774905,0.7131203646302733,-1.0716920515680592,1.0,0.5382871809474761
2020-03-05,-0.07753095120318522,0.29584848618095577,-0.7565891594943343,1.0,0.5569386515275163
2020-03-06,-0.40767697218769244,1.9793691377122944,-0.500008558737365,1.0,0.6136282973009206
2020-03-07,-0.7085156895286294,1.1910644364736498,-0.4836174630000707,1.0,0.5612727234511578
2020-03-08,-0.8041098538203457,-0.3929390586625435,-1.397432167925514,1.0,0.4584391433701872
2020-03-09,-0.4359809168441319,0.5170850742615686,-0.9967665884395462,1.0,0.534254264023305
2020-03-10,-0.1774805689789247,0.6455578175352795,-1.66532971681257,1.0,0.5345552139049561
2020-03-11,-0.6272937430413154,1.9317618960234553,-1.4790530302466407,1.0,0.5643687284566683
2020-03-12,-0.17950604730787523,-0.33907842900231855,-1.1608388192453913,1.0,0.5102100349961987
2020-03-13,-0.573083836686341,-0.6523615448879185,-1.6309465005364459,1.0,0.45524779649936586
2020-03-14,-0.6003885425454747,-0.0791166107856497,-1.849476073959497,1.0,0.47002836924891633
2020-03-15,-0.2869938474686275,-0.3729484980890478,-1.78185286553085,1.0,0.4809324605640195
2020-03-16,0.4860087153311566,0.14251902870013203,-0.5530165356626225,1.0,0.5949049893624953
2020-03-17,-0.4752663241951179,0.518517880321925,-0.9411440673368019,1.0,0.5335490211558456
2020-03-18,-0.3785181646611233,-0.33469261114974735,-1.1936155830758692,1.0,0.4960327441221567
2020-03-19,-1.058693366319482,-0.37322454803577926,-1.4414733185774764,1.0,0.4408203087912945
2020-03-20,-1.3700393186005293,0.31844006469578684,-1.6806862618143654,1.0,0.44090950606181034
2020-03-21,-0.935851139360003,0.5136747184504865,-1.8225229337257065,1.0,0.4732622728539132
2020-03-22,-1.0627210645090013,-0.850573239337477,-1.7355914493355507,1.0,0.41085832908248676
2020-03-23,-0.6437216180577071,-0.26183301822339183,-0.7194312016512429,1.0,0.4971944763151368
2020-03-24,-1.230786634868146,0.6667010896803908,-1.156572294044876,1.0,0.4821743599439774
2020-03-25,-0.9239520019228514,0.6248805863207002,-1.243637697019567,1.0,0.49798530106785355
2020-03-26,-1.1523590135900506,0.2168208017383028,-1.5689504863685,1.0,0.45491191628747596
2020-03-27,-1.0646413984758663,-0.5337923673916206,-1.9671993332063564,1.0,0.41620924702007944
2020-03-28,-1.37790706620441,-1.2884928968804563,-2.1903703262999095,1.0,0.3564399806730233
2020-03-29,-1.2064000932968808,-1.0246877616828678,-2.155518978469759,1.0,0.38002737109442986
2020-03-30,-1.0793208283180855,0.06464636752787697,-1.8800698359193988,1.0,0.4430698822284759
2020-03-31,-0.8793934486847483,-0.5792211713167154,-1.7490391654700363,1.0,0.43393824910048573
2020-04-01,-0.9482692494619175,-0.11414673204998586,-1.3198554167658323,1.0,0.463030755641595
2020-04-02,-0.52675550046341,-0.16735078884938,-1.4646378975664656,1.0,0.4840887538481663
2020-04-03,-0.9025185640378158,-1.1622208873375728,-1.7138849442768211,1.0,0.4092767272825194
2020-04-04,-1.098290041703681,-1.188149768481511,-2.000190300799096,1.0,0.38560141350638844
2020-04-05,-1.037380267647582,-1.373946328582139,-2.2032792617628525,1.0,0.37515090974047705
2020-04-06,-0.974636552387732,2.162178299472158,-1.9621914345776978,1.0,0.5347086111662346
2020-04-07,-1.188395834961225,1.006591523219057,-1.7604405797904952,1.0,0.47903357181036255
2020-04-08,-1.1756169831740308,2.611220104027562,-1.6316454428941507,1.0,0.5510381906930747
2020-04-09,-1.072551429418857,-0.8544337512263369,-1.605983036155865,1.0,0.4143623971991167
2020-04-10,-0.6814641650319461,-0.5600110493271483,-1.5164338214791777,0.8705505632961241,0.4362700523876851
2020-04-11,-0.5165066057007096,-1.3223752601517196,-1.3926977672244714,0.7578582832551991,0.40272274069442854
2020-04-12,-0.42784270101595606,-1.3015215157402023,-1.948808708561828,0.6597539553864472,0.37624989313233403
2020-04-13,-0.47938258951987717,-0.10300183453518535,-1.3123570894409624,0.5743491774985175,0.431156557903121
2020-04-14,-0.6677520108261639,2.412434716061697,-1.3237748289384161,0.5,0.5118754848162125
2020-04-15,-0.6879606322716166,2.253399595101752,-0.8283165469744,0.4352752816480621,0.5107083483258612
2020-04-16,-0.48599684216205574,0.827029319701803,-0.9263550606283565,0.37892914162759955,0.45302063473329945
2020-04-17,-0.07983905476967235,-0.01576125473183122,-0.9193610140388894,0.3298769776932236,0.4378568569208828
2020-04-18,-0.9074478910191486,-0.7695051749681288,-1.190469102820757,0.3298769776932236,0.34224000153500966
2020-04-19,-0.5350031150389809,-0.7768933301434952,-1.5459268226468423,0.37892914162759955,0.3622710473973342
2020-04-20,0.16935219318309286,-0.5154885798764002,-1.3186548315543947,0.4352752816480621,0.43614758657941904
2020-04-21,-0.9314777565865805,-0.40930761813601796,-1.3054030159990604,0.5,0.3773335649385919
2020-04-22,-0.047103192373655234,-0.5684613925403339,-0.9225376324554531,0.5743491774985175,0.4535750180288383
2020-04-23,-0.0839609401564904,-1.204970718541118,-1.1890450147493705,0.6597539553864472,0.4285237502000088
2020-04-24,-0.4167569081101575,-0.9594949173448528,-1.2157507055573795,0.7578582832551991,0.4303909702063212
2020-04-25,-0.6717543297407234,-1.2128269431037424,-1.5111141771525178,0.8705505632961241,0.4098940339772972
2020-04-26,0.20970981166646047,-0.8073782110076149,-1.551310816166049,1.0,0.5036295347802451
2020-04-27,0.8965412694068537,-1.034486989318809,-0.9477099826150981,1.0,0.5600754606516699
2020-04-28,0.8784941265991116,-0.027692949859148493,-1.1404974455064163,1.0,0.594395820678929
2020-04-29,-0.37403723452619647,-0.17318010995255903,-1.2468383944168462,1.0,0.5012870666363354
2020-04-30,-1.0204202090224774,-0.38400467791186477,-1.1664311225586805,1.0,0.4520907537335511
2020-05-01,-0.8630511458325678,-0.8607967537317307,-1.2884356879761873,1.0,0.43864886927313385
2020-05-02,-1.0058606601836857,0.4707223928246034,-1.481979066978314,1.0,0.47815675345616904
2020-05-03,-1.1599475914036281,1.713844253053296,-1.4173818004892362,1.0,0.5218342777673376
2020-05-04,-0.8923088792145568,2.456190604760797,-1.1702963622993425,1.0,0.5788441378407514
2020-05-05,-0.5234911902569725,2.1678595465620374,-1.046602521624092,1.0,0.5955413177021504
2020-05-06,-0.09059767484004136,1.8038121876259774,-0.8196275444365344,0.8705505632961241,0.5973806625082805
2020-05-07,0.09698355342698035,1.2176020088362631,-0.9500353724049884,0.7578582832551991,0.5642098840047566
2020-05-08,-0.5624006085706864,1.2936378718166435,-0.8233394210514483,0.6597539553864472,0.5129266500272331
2020-05-09,-0.7437311974127261,-0.00854315104117322,-0.8854906272987467,0.5743491774985175,0.4316979779272555
2020-05-10,-0.4420876187363449,-0.05518459387411567,-1.0063267904145972,0.5,0.43468390765900233
2020-05-11,-0.6842180899606639,1.4034532678720917,-0.6096120410535494,0.4352752816480621,0.4828335710427173
2020-05-12,-0.3127372445305155,1.3475670796710142,-0.6188568934762806,0.37892914162759955,0.49651028681252185
2020-05-13,-0.5172876278677513,0.022224810702605166,-0.8458657674118446,0.3298769776932236,0.41272621299501383
2020-05-14,-0.6289153096588715,0.9757461582548442,-0.8540375179082403,0.2871745887492588,0.4383366736654746
2020-05-15,-0.3060920371664353,2.0795914246157436,-0.026520060334858927,0.25,0.527859504870065
2020-05-16,-0.3890331270707287,0.343830879770305,-0.25074150163383885,0.21763764082403103,0.4376783409215242
2020-05-17,-1.0833469107761051,-0.23320457693429958,-0.7680229930896445,0.1894645708137998,0.34587893442841233
2020-05-18,-1.2703173584912253,0.9497171947229908,-0.4487949527294979,0.16493848884661183,0.3896646674500514
2020-05-19,-2.017619705169406,1.4085437381669383,-0.6513728909075465,0.14358729437462942,0.3490070065382716
2020-05-20,-1.1414627813721336,0.7110619846586778,-0.7978020999431749,0.12500000000000003,0.3706866606045302
2020-05-21,-1.005748767596533,0.03151395005902663,-0.8526740615287702,0.10881882041201553,0.3471635177568672
2020-05-22,-0.804041773244571,0.8245685879524732,-0.4996137377718412,0.09473228540689989,0.40331029116702194
2020-05-23,-0.9241629987771376,2.808472239126157,-0.163961550143295,0.0824692444233059,0.4873138117038335
2020-05-24,-1.8735792246127234,3.666372356322477,-0.039177779235198204,0.0717936471873147,0.4345578394627424
2020-05-25,-2.136425055223475,5.0,0.9343338650951227,0.0625,0.4480911251549391
2020-05-26,-1.4917244412352006,5.0,3.1818367521814537,0.054409410206007765,0.5587131154485545
2020-05-27,0.8667981975651637,2.4348649726162805,2.837775537697549,0.047366142703449944,0.6859366930254583
2020-05-28,-0.23932676992553714,2.109592859066292,2.7702818702934078,0.04123462221165295,0.5954725068075879
2020-05-29,1.6832363202675558,0.41679270096016885,2.5771426255235523,0.03589682359365736,0.6458713949476778
2020-05-30,0.11453529196605133,-0.2582286673872743,1.0760477596933615,0.03125,0.46243191697971237
2020-05-31,-0.8007348364337904,-0.7155648173653198,-0.19555398739600854,0.027204705103003893,0.33936471636644266
2020-06-01,-1.1769229366366811,-0.10339852226401086,0.016113230971386762,0.02368307135172497,0.3463197675316924
2020-06-02,0.15996518467593804,1.3622859425906146,2.3616707790532367,0.020617311105826482,0.5742412158873201
2020-06-03,2.2738675340638475,1.6072215605116495,3.8118390666350916,0.017948411796828663,0.7462509957284328
2020-06-04,3.059302843955244,1.033770832797738,3.9597369659925796,0.015625000000000007,0.7704175346999057
2020-06-05,1.9043021820852066,1.0443557865875295,3.478426183863328,0.013602352551501933,0.6975086561295529
2020-06-06,1.3517400038439877,-0.4305632038768413,2.872525126617341,0.01184153567586249,0.5947029346666882
2020-06-07,-0.5001379209859801,-0.3927344103303236,1.633221748690091,0.01030865555291324,0.43128056145977794
2020-06-08,1.0097732561338422,0.6905485618928237,2.5725030273696814,0.008974205898414338,0.6081873056182087
2020-06-09,3.7520526570901507,1.1492817479178636,3.727523561602942,0.007812500000000002,0.7740586144965778
2020-06-10,4.61429866139951,-0.6522467885581229,3.6957267333415236,0.0068011762757509715,0.6988432269181075
2020-06-11,2.179430001859002,-0.9075924353616607,2.277609923395041,0.005920767837931244,0.6092874279393887
2020-06-12,1.816811579101276,-0.686439132436595,1.7418110593226657,0.00515432777645662,0.5763526592324509
2020-06-13,-0.3578218036971527,-0.8517777924680029,0.7616681119734503,0.004487102949207169,0.39171647424218575
2020-06-14,-0.7647163702220463,-0.5659540225219795,-0.3620890184955121,0.003906250000000001,0.33895379459693076
2020-06-15,-0.2037548114491021,-0.1376633754792171,0.4602500318147591,0.0034005881378754853,0.4215321278729325
2020-06-16,-0.2397995967069837,0.2490098032783542,0.962972335631677,0.0029603839189656215,0.4519319041316999
2020-06-17,0.014438742396243976,0.4834737879085132,1.0776242448383937,0.0034005881378754853,0.48253822037123206
2020-06-18,0.46959154703514105,0.44644780844431114,1.657012186545438,0.003906250000000001,0.5307277722057037
2020-06-19,1.2157807056198038,0.018750294165555122,1.9838540370608642,0.004487102949207169,0.5736348426426283
2020-06-20,1.3986679352583344,-0.49198413685536063,1.5480330693303734,0.00515432777645662,0.5501194414590632
2020-06-21,0.5220327537582655,-0.7364184165938459,1.7295498358160124,0.005920767837931244,0.4876578592620309
2020-06-22,3.9853643428454166,-0.8164982352100736,2.5097097892829328,0.0068011762757509715,0.6756564096170408
2020-06-23,3.491608246317442,-0.6480816282338981,2.1757474565490296,0.007812500000000002,0.6716933890418886
2020-06-24,1.507868036770017,-0.8695981485690497,1.5996989812792717,0.008974205898414338,0.5439607098550284
2020-06-25,1.0447779503206713,-0.9571719177755574,1.545439045641775,0.01030865555291324,0.5078306333017261
2020-06-26,1.6688905749315266,-0.35630078508061797,1.6775075610815866,0.01184153567586249,0.5791066546711751
2020-06-27,0.38020190808632404,-0.05305910154696954,1.4815607776585942,0.013602352551501933,0.49956171011264294
2020-06-28,1.2737546187406388,-0.5725126964283961,1.8102336978630635,0.015625000000000007,0.5487471521602949
2020-06-29,2.177991742358393,0.24439156720047217,2.4192232054717366,0.017948411796828663,0.6637154667424948
2020-06-30,-0.2501965856335183,-0.2094988736694856,1.5944340254716318,0.020617311105826482,0.45583150540313194
2020-07-01,0.652142723016725,0.9822417486063857,1.9876664625951321,0.02368307135172497,0.5792109305156442
2020-07-02,3.347489758342515,0.390962000491814,2.2983107572102592,0.027204705103003893,0.7219811476929516
2020-07-03,1.8468590248284866,-0.2281445557913613,2.286681165776337,0.03125,0.6195281173564702
2020-07-04,0.4415675388505002,0.15551266625588558,1.7406418102942596,0.03589682359365736,0.5243234475662193
2020-07-05,2.1149777818509468,0.050522225503497976,1.983314880216469,0.04123462221165295,0.6403993008583391
2020-07-06,3.520955828051728,-0.4304983422818366,2.4467793699438762,0.047366142703449944,0.6957268028085701
2020-07-07,1.4397332899924409,0.35242825505327646,2.0708447846887763,0.054409410206007765,0.6128563009805763
2020-07-08,2.674040906193235,0.6229888484181711,2.1429959815801194,0.0625,0.7100354618163102
2020-07-09,3.2524744960037215,-0.018936432434445764,2.2803693743758275,0.0717936471873147,0.7109923415391896
2020-07-10,0.33111022859864014,0.86048148924192,1.6377892670220031,0.0824692444233059,0.5498907728558854
2020-07-11,1.176106935502011,-0.42259297130507745,1.1834839812329645,0.09473228540689989,0.5394583974145563
2020-07-12,1.222923306154708,-0.8095443506280138,0.8839364650039929,0.10881882041201553,0.5185845776960821
2020-07-13,0.8241567232018128,-0.6130460075264532,1.3924282760071545,0.12500000000000003,0.5195644737667572
2020-07-14,1.3283096374524126,-0.3525442027085012,1.472328664488994,0.14358729437462942,0.5694803503564676
2020-07-15,1.5362204271299937,0.4765762679657428,1.5393260677875809,0.16493848884661183,0.6233236818938166
2020-07-16,0.11812407318168335,1.1312867893427885,1.2900555972266743,0.1894645708137998,0.5514334266310208
2020-07-17,2.1573623169725558,0.5630685156189137,1.680363847408216,0.21763764082403103,0.6809431169861704
2020-07-18,2.095388131019494,0.008690340385274754,1.667720383050814,0.25,0.6581453190190465
2020-07-19,3.3581520900514894,-0.6457347119602448,1.5163642468568896,0.2871745887492588,0.691716050209275
2020-07-20,4.933991067990462,-0.896383020644978,1.858689594532108,0.3298769776932236,0.6990885739448465
2020-07-21,1.775225895246975,-0.8452258790443282,1.6535449130492434,0.37892914162759955,0.6200881830687328
2020-07-22,1.321144577613798,-0.6567391182273025,1.4346770276116074,0.4352752816480621,0.5988260350823784
2020-07-23,0.893152163722136,-0.8167533945767563,1.2720302325021886,0.5,0.5679130938908505
2020-07-24,1.1636094113377258,-0.8184006944729887,0.9814892882757834,0.5743491774985175,0.5873426180534442
2020-07-25,1.17614664235692,-0.6753414874611019,1.1678277038711402,0.6597539553864472,0.6131612309499204
2020-07-26,2.127625873532363,-0.6594980980716828,1.4346910168414269,0.7578582832551991,0.7008644138654982
2020-07-27,3.915808562203537,-0.9956733676977954,1.585335282390502,0.8705505632961241,0.766940703586694
2020-07-28,2.0860336629941263,-1.027515608399764,1.3965580980952668,1.0,0.7178076971194605
2020-07-29,2.1645019723281442,-0.870458683418682,1.4037150134355678,1.0,0.7298215201272835
2020-07-30,2.2044167711543157,-0.9864935660724156,1.0796125290438088,1.0,0.7168443037920641
2020-07-31,-0.2125942130328764,-1.1279103880178742,0.38453705059575843,1.0,0.5266486879835888
2020-08-01,0.21928692985502699,-0.5787387427160956,0.29628253789422426,1.0,0.5753810989736386
2020-08-02,0.3441413511820896,-0.6534483320661294,0.4526925400338505,1.0,0.5858054942438456
2020-08-03,0.8132872268300823,-1.0017428453338397,0.5070899415677053,1.0,0.6043828612853523
2020-08-04,-0.4366709623257505,-0.48930264100150367,-0.15012994298499024,1.0,0.5204966610370543
2020-08-05,0.45922472354568555,-0.6159631835230271,0.20719789612824507,1.0,0.5868564454605277
2020-08-06,-0.03835018362447285,0.2969997247939619,0.12364564613570309,1.0,0.5889398311626403
2020-08-07,-0.648048853777116,0.8878754676681023,0.22698839755920497,1.0,0.5763578341530033
2020-08-08,-0.3215167862374177,0.5992491347306709,0.241845843564067,1.0,0.5865957896500857
2020-08-09,0.4288458860404735,0.2906650769375939,0.7793810377812858,1.0,0.6416801385344741
2020-08-10,1.78925693771039,-0.30248348628953226,1.311057366713497,1.0,0.7253822294757454
2020-08-11,1.7064450059166052,-0.7687309220686079,1.1619826078265203,1.0,0.6954652989024658
2020-08-12,1.203539057023254,-0.7578588050251521,0.9175257509566688,1.0,0.6542426786240579
2020-08-13,-0.18031606898272715,-0.2764675427528127,0.6503188439801875,1.0,0.5731367425857906
2020-08-14,0.4548146580722927,-0.5481295032591436,0.655316429742565,0.8705505632961241,0.5849087133881927
2020-08-15,-0.4098675115138518,0.33457025315633243,-0.16804687186147796,0.7578582832551991,0.5196931065401544
2020-08-16,-1.0694518580825598,1.9056418346530606,-0.8726759907875068,0.6597539553864472,0.502978846186757
2020-08-17,0.0328090968331525,1.1379355100894932,0.01434374700442234,0.5743491774985175,0.5612317542341974
2020-08-18,-0.13328198179385023,0.2632616552825265,-0.141233334864293,0.5,0.4973759923550389
2020-08-19,-0.5614154318908859,0.4016893579357292,-0.34432188642395356,0.4352752816480621,0.45812325715434055
2020-08-20,-0.3922931011152813,1.539685957619678,-0.12431791115033328,0.37892914162759955,0.5156961490322634
2020-08-21,-0.09459572180673202,1.4512759293006234,0.15855883582930372,0.3298769776932236,0.5339302901153709
2020-08-22,0.19483471839852756,0.713594777116609,0.042322620645070176,0.2871745887492588,0.5122090392736517
2020-08-23,0.3661126494432823,0.9761122285348068,0.3010910831793279,0.25,0.5376152222578133
2020-08-24,1.315011811081909,1.0197196713879695,1.3384710558839892,0.21763764082403103,0.632417121699697
2020-08-25,1.8978691248190025,0.732425551535153,1.2052752836362965,0.1894645708137998,0.6506378680451781
2020-08-26,-0.4429405790637957,2.3861114888808297,0.5892123633942332,0.16493848884661183,0.5392731255392478
2020-08-27,2.5084180618817506,-0.5973386039044812,1.3027373484602944,0.14358729437462942,0.6323014347343009
2020-08-28,0.5502600289075665,-0.6909075677002375,0.7611203043783668,0.12500000000000003,0.4770168634189402
2020-08-29,-0.7020485025462293,0.9666217588474607,-0.49853514137552174,0.10881882041201553,0.41817765813151386
2020-08-30,-1.5657874102992713,3.2378258543982428,-1.3514446066244123,0.09473228540689989,0.41477586190360316
2020-08-31,-1.7229951538055561,1.9148201020541813,-2.041966393237367,0.0824692444233059,0.33422266755413743
2020-09-01,-1.1364416204407946,3.5589225824336013,-0.8181726853217656,0.0824692444233059,0.45933518912338406
2020-09-02,-0.6582363769529171,2.0306011172506144,0.11027112037669018,0.09473228540689989,0.4836115015788391
2020-09-03,0.3130827249887486,0.13339095803934461,0.28132437017312933,0.10881882041201553,0.47713044031846263
2020-09-04,-0.5158323052110558,-0.2681578062529403,-0.44816936088903464,0.12500000000000003,0.3832489590290893
2020-09-05,-1.2186516278076678,0.6320733713349631,-1.5506903410262585,0.14358729437462942,0.33994136474043135
2020-09-06,-0.9817196732487332,0.2791374553671686,-1.849520852856138,0.16493848884661183,0.33427282732217034
2020-09-07,-0.37456679674525334,-0.1811323018033293,-1.3889563800249798,0.1894645708137998,0.374602840596415
2020-09-08,0.5668927729405842,0.5350838188583049,-0.18613203224630256,0.21763764082403103,0.5115292556971962
2020-09-09,0.4171507550526919,0.4947527672168557,-0.508621394015277,0.25,0.4939707025037059
2020-09-10,0.01484400870533074,-0.3111570069405314,-0.48572244689892075,0.2871745887492588,0.4399101653735914
2020-09-11,-0.7729481015776548,0.6889853558648397,-1.0208145142215652,0.3298769776932236,0.41763224590245607
2020-09-12,-1.4715361266808993,4.022810443308763,-2.137665721299427,0.37892914162759955,0.43748143875543244
2020-09-13,-1.308273445511998,3.8895829378885907,-1.958541026156846,0.4352752816480621,0.46278836167451454
2020-09-14,-0.9695927541028224,1.4090206277108395,-1.8850491073295872,0.5,0.43123470563677724
2020-09-15,-1.3077353962891674,2.399295727180932,-2.437494662380375,0.5743491774985175,0.44269085009202613
2020-09-16,-1.3196476729522664,1.468645701202762,-2.302469848096257,0.6597539553864472,0.42043115772472256
2020-09-17,-1.1333056017941008,-0.13784907934317353,-2.305811620627123,0.7578582832551991,0.3805209367084702
2020-09-18,-1.4059682393629733,-0.1398152508696133,-2.376869578317951,0.8705505632961241,0.37679674714005484
2020-09-19,-1.6303834259020706,1.7315055200813798,-2.7753568702052513,1.0,0.44594193926974435
2020-09-20,-1.497042343886756,1.4072235329925502,-2.926524643079436,1.0,0.43628066951292455
2020-09-21,-1.267571880813828,0.14086374743904762,-2.3558061566099675,1.0,0.41783765886870616
2020-09-22,-1.3777437433553292,1.3817161711124137,-2.1788332786702953,1.0,0.46809414828365215
2020-09-23,-1.0924377889570354,2.7063041295701487,-1.8074880604081918,1.0,0.5546838841213475
2020-09-24,-0.9077049343459346,0.0032630812338902836,-1.8223406231756218,1.0,0.45387761198916243
2020-09-25,-0.8230121641598692,-0.43056671717063466,-1.685461760419637,1.0,0.44601018382657776
2020-09-26,-1.1620630146281836,0.6415018146891988,-1.849285401711816,1.0,0.46261552791311056
2020-09-27,-0.6313150561537229,0.4240334627376978,-1.6420337191781547,1.0,0.4958459332312174
2020-09-28,-0.7605711548786346,-0.369857667194418,-1.117858017138404,1.0,0.47162258630371023
2020-09-29,-0.7033126971363624,-0.6659765791889533,-1.3617232660350942,0.8705505632961241,0.4355552716846183
2020-09-30,-0.9088885742358132,-0.8692204327309014,-1.6167510078456642,1.0,0.42429821009230273
2020-10-01,-0.9726916844298686,0.6226843814509787,-1.7489456159849477,1.0,0.4778008830656346
2020-10-02,-1.3106730052112254,1.4737953175735357,-1.779866406731952,1.0,0.48970105766041727
2020-10-03,-1.1273722418807708,0.8032405518628901,-1.9202470295086627,1.0,0.46930197255194694
2020-10-04,-0.9172544795980722,-0.1541047661885156,-1.9455331320320113,1.0,0.44257756503454004
2020-10-05,-0.7560655428036597,0.8054808779391068,-1.5697822599120486,1.0,0.5058312583968172
2020-10-06,-0.6267556760324855,0.2283337002470927,-1.4890071812547179,1.0,0.4930966197329726
2020-10-07,-0.36304757936443904,0.6565771879393646,-1.2909489701686043,1.0,0.5351225785342241
2020-10-08,-0.6331387297896008,1.4459866780171893,-1.3558171389866158,1.0,0.5478462916318557
2020-10-09,-1.1286076420165307,1.207656718719436,-1.497083790808082,1.0,0.5001757274519384
2020-10-10,-0.6574818181433241,1.4445785494131207,-1.5552938846621405,1.0,0.5395155221939204
2020-10-11,-0.7514376862751769,1.2977793466388083,-1.5492057098101293,1.0,0.527338103364601
2020-10-12,-0.39912687436949795,0.7134343268973437,-1.1660919563987402,1.0,0.5392482401161315
2020-10-13,-0.17552547625080783,0.019157996547131073,-1.24445377798518,1.0,0.5226147588399039
2020-10-14,-0.8374431167147021,0.5254364863490653,-1.1988122557381262,1.0,0.5011032372922933
2020-10-15,-0.38573862145820703,0.43566522339047087,-1.1481753305439357,1.0,0.5291642985259246
2020-10-16,-0.7419332341295882,0.9346609449997386,-1.2185813823348177,1.0,0.5238626110218559
2020-10-17,-0.7966688500945178,0.58315976852039,-1.3514733397282142,1.0,0.501137955691108
2020-10-18,-0.4290847540190253,0.1975397575568299,-1.4008517149496567,1.0,0.507930115798611
2020-10-19,-0.3579631794933429,1.0860249446969268,-1.0249149709416638,0.8705505632961241,0.5428055795258456
2020-10-20,-0.5839464273735165,1.674872083363188,-0.9460619048257729,1.0,0.5743211781543727
2020-10-21,-0.4710246879664287,1.7323378294822795,-0.8513622993474523,1.0,0.5874003537190847
2020-10-22,-0.5423623707071841,1.872455828520971,-0.7324323282907391,1.0,0.5924470905315369
2020-10-23,-1.0044262444790606,2.387503481243494,-0.8349977543761871,1.0,0.5796843036073352
2020-10-24,-0.6494426875106502,1.3974060187391484,-1.055176156507865,1.0,0.554756533063159
2020-10-25,-0.2052735100254542,-0.2083249030990388,-1.1508889256555863,1.0,0.5142719308473235
2020-10-26,0.4824660432474706,0.06293803357804444,-0.7931055351063521,1.0,0.5833499697787048
2020-10-27,0.34325938477817786,0.709741650170803,-0.8128898597895878,1.0,0.6003601990826757
2020-10-28,0.5959947307809244,-0.6846183225659076,-0.7974855747385475,1.0,0.5596243661205306
2020-10-29,1.0855011705677922,-1.5091352409877339,-0.6743307295761592,1.0,0.5620084186774918
2020-10-30,1.5595336816835563,-1.7077608447456971,-0.7543524708481608,0.8705505632961241,0.5632497123806464
2020-10-31,0.7844422694892222,-1.736575821433899,-0.819851629974914,0.7578582832551991,0.49128918022865176
2020-11-01,0.9931125347811258,-1.609411623471913,-0.8168901718521071,0.6597539553864472,0.4958821055869756
2020-11-02,2.6737125896339227,-1.579688251013745,-0.22080492454109518,0.5743491774985175,0.6162193746567632
2020-11-03,1.5322841439971011,-1.6744436056894834,-0.29008695452577504,0.5743491774985175,0.5338666041699968
2020-11-04,1.2479236841076353,-1.5886866516561386,-0.6213467936096552,0.6597539553864472,0.5202511686424818
2020-11-05,1.0182706366618197,-1.601782821063372,-0.7349612388926822,0.7578582832551991,0.515323792758338
2020-11-06,0.13861655107434817,-1.139948707015514,-0.8195513345836805,0.8705505632961241,0.4900074472876061
2020-11-07,-0.02024327991806417,-1.4148117211191082,-0.9490161645950642,1.0,0.4830660874723307
2020-11-08,-0.13099592251919276,-1.4284646165129997,-0.997427768694868,1.0,0.4734999871875166
2020-11-09,0.2111399470328455,-1.2520003650676892,-0.49734675143187385,1.0,0.5203310895433069
2020-11-10,0.03468135058271109,-0.5547844499945841,-0.4316650461480558,1.0,0.5398072364174713
2020-11-11,1.5151968861995289,-0.24064147479365644,-0.42262934909705296,1.0,0.6518987526603311
2020-11-12,0.6686730913985468,-0.7113988592380315,-0.4564570046259881,1.0,0.5747213534707856
2020-11-13,0.5704592566767348,-0.8888712935847742,-0.526067990637568,1.0,0.5584587135244978
2020-11-14,0.30320059679976963,-1.3439607158335984,-0.6080575301455279,1.0,0.5189464256220672
2020-11-15,0.051334600099978374,-1.2593835049852136,-0.7171165671519224,1.0,0.5020441083938839
2020-11-16,1.6867222955147827,-1.2145328643265862,-0.1859349599502659,1.0,0.6306447850223689
2020-11-17,1.138753423888476,-1.0694384606650227,0.2341761836581576,1.0,0.614162831853461
2020-11-18,1.8859887578130905,-0.9847518747941971,0.33702998395886863,1.0,0.6709355885364101
2020-11-19,0.42381945554158323,-0.6939915628999462,0.33958965112077616,1.0,0.585657970285967
2020-11-20,-0.3397733802577289,0.021704060496786175,-0.11678777450248064,1.0,0.5493598513534348
2020-11-21,-0.5700298285240093,0.3310543915776527,-0.6347912406245727,1.0,0.5296322363933158
2020-11-22,-0.7726769371435576,-0.2714739996314405,-0.5463431312009634,1.0,0.4939653498324207
2020-11-23,0.8588235904000672,0.7807451020975185,0.1492691004030475,1.0,0.6697615886275027
2020-11-24,0.7991738620993338,-0.5386731072434023,0.22521540544211807,1.0,0.6133407248528845
2020-11-25,0.06725240127803077,-0.9774495684635627,0.15946024544837076,1.0,0.5440717695808327
2020-11-26,-0.7736308517227758,-0.8824389710728773,-0.3397713583324003,1.0,0.47533060747936506
2020-11-27,-0.570042488736492,-0.5047570557776738,-0.8770202172166033,1.0,0.48673161618627736
2020-11-28,-1.1483608250219486,0.08215057783112918,-0.6642388869275956,1.0,0.47972425617724723
2020-11-29,-0.6117514594032929,0.26909047414198406,-0.3986795588989199,1.0,0.5321393538323992
2020-11-30,-1.213780876213792,-0.7063042582630998,-0.4479332356271872,1.0,0.44972082297054516
2020-12-01,1.1286011184328988,1.225273601633105,1.6309582852783056,1.0,0.7556584174728495
2020-12-02,0.8621078988505634,0.092971022337261,1.6047889829567645,1.0,0.6898406186193156
2020-12-03,-0.03005134371330175,0.7486692808087061,1.597962869577459,1.0,0.6574565594387246
2020-12-04,0.9452919940920226,-0.8075617433677449,1.0812556282519945,1.0,0.640412914574212
2020-12-05,-0.05765596359356894,-0.5264772615779497,0.6716838941973342,1.0,0.5716091796679253
2020-12-06,0.9933609855902542,-0.6448660399951285,0.9895665362844308,1.0,0.6473401985823677
2020-12-07,2.263537184026101,-0.5315972015288014,2.4937667567837303,1.0,0.7868781540974977
2020-12-08,0.5745411567994224,-0.5439197187649951,2.4946519564031595,1.0,0.6737944873848588
2020-12-09,0.09305013245306143,-0.44971613184492887,2.450123121151524,1.0,0.6441359407083829
2020-12-10,0.2931356375619222,-0.1087059592243502,1.8420098075402076,1.0,0.6514132877877872
2020-12-11,0.2718241620861366,-1.1315201076124883,1.1983374760608478,1.0,0.5859195221905837
2020-12-12,-0.5254225369788786,-0.9883135599916436,0.3489665902612702,1.0,0.5104243188771319
2020-12-13,0.40337274444456656,-0.41555429526341625,0.20433902901964648,1.0,0.5913880549609837
2020-12-14,1.2138676115684293,-0.4141855428014055,2.4625604202668727,1.0,0.7207521238300659
2020-12-15,1.951847530866514,-0.682679899244517,2.55703722350837,1.0,0.7619127470395252
2020-12-16,2.8796284164232975,-1.121270824914762,3.0126578339253283,1.0,0.8202556100567714
2020-12-17,3.2115133009430092,-0.6611305903784842,2.472763282232695,1.0,0.829878334808653
2020-12-18,4.040780778090563,-0.9139818909497796,2.2186090831493197,1.0,0.8108710573154032
2020-12-19,2.2851428134769947,-1.1381657913989713,1.9828505743397298,1.0,0.7460142987348335
2020-12-20,0.7947075777027824,-1.2367030381564723,1.2889269291373713,1.0,0.6194154428949116
2020-12-21,0.8919480222466167,-1.2278576684450577,1.4193379128269874,1.0,0.6306137290587968
2020-12-22,0.1819443456859186,-1.0634243681786788,1.2847566742019207,1.0,0.5856454968450137
2020-12-23,0.1881715017686893,-1.1741302347336509,1.2349890963861248,1.0,0.579788976883548
2020-12-24,-0.365463258939986,-1.1880477680420378,0.62424155119957,1.0,0.5219418441089018
2020-12-25,0.15617688296648014,-0.15808779749152482,1.2201846197270771,1.0,0.6194976212931878
2020-12-26,1.1163446639247223,-0.4023541428510823,1.4738490024457487,1.0,0.681786521724378
2020-12-27,0.5460543617289761,-1.0064558613384402,1.3793638047999208,1.0,0.6154467567194941
2020-12-28,1.4005723685073632,-1.1548961154026511,0.9785489291025093,0.8705505632961241,0.6334517018898828
2020-12-29,1.1330813406022588,-0.88029107050522,1.570795678405252,0.7578582832551991,0.6298985598708882
2020-12-30,0.05356918298730578,-0.982553405657179,1.4466118481348562,0.6597539553864472,0.5348150418759001
2020-12-31,-0.46833795856557076,-1.0289130080897873,0.6497464967877524,0.5743491774985175,0.45871668727625686
2021-01-01,-0.6394634513038714,-0.6315407243377568,0.49116167402990996,0.5,0.4474269621999991
2021-01-02,-0.19458654812579346,-0.9308352736598127,0.19788094454543556,0.4352752816480621,0.44513008412117877
2021-01-03,-0.35706648173740685,-0.9256017099210134,0.42187090833418517,0.37892914162759955,0.43353056482607677
2021-01-04,0.11031202408531462,-0.36790207801263053,1.1209321921643804,0.3298769776932236,0.5038708347479576
2021-01-05,1.0937247410178148,0.14826726086358036,1.2433487816292172,0.2871745887492588,0.5886139329705329
2021-01-06,1.0178817490274428,0.007499778340729178,1.3065130067289217,0.25,0.574221707590324
2021-01-07,0.8136657049384673,-0.36354912659748256,1.18731132764835,0.21763764082403103,0.5363191904328858
2021-01-08,0.9453462990777692,-0.1255226283505123,1.2664215679280826,0.25,0.5625070293548494
2021-01-09,0.05010780111702566,-0.6194810026861828,1.0688009449363098,0.2871745887492588,0.4812316981061432
2021-01-10,0.3712067247202781,-0.5417354280071975,0.4261621082799301,0.3298769776932236,0.49086175574436647
2021-01-11,1.1956216085087155,-0.6786544186046611,1.522203408961093,0.37892914162759955,0.5840103246682299
2021-01-12,0.745658691277968,-0.5318820143048139,1.4962149153748203,0.4352752816480621,0.5677139515822006
2021-01-13,0.9347227485457439,-0.19569084163827472,1.345492944538237,0.5,0.5990108296527293
2021-01-14,0.42016191024601174,-0.4430835476351256,0.847761282983582,0.5743491774985175,0.5489600655891675
2021-01-15,-0.015330625322702919,-0.5394306905068292,0.5747775849049818,0.6597539553864472,0.519624025678835
2021-01-16,-0.633296012011431,-0.19879703624631345,0.17421970844282578,0.7578582832551991,0.49398312212534895
2021-01-17,-0.18996303392436795,-0.6182767347110831,0.050743204970553964,0.8705505632961241,0.5188482917855175
2021-01-18,0.18458675187800586,-0.6906582288963121,1.051422522830359,1.0,0.5935757746821995
2021-01-19,-0.14560829141656154,-0.559248260802307,1.016664557763861,1.0,0.5758795882975952
2021-01-20,0.07157164521778679,-0.3778623554314193,1.2254544446532611,1.0,0.6048756596933187
2021-01-21,-0.16377867287401546,-0.6365623550202145,1.145656107365285,1.0,0.5757465272613995
2021-01-22,-0.21722069695693846,-0.8395897677572806,0.6209085223106177,1.0,0.5462326639566714
2021-01-23,0.11729434317278103,-0.09166240888384772,0.7964427773253475,1.0,0.60554844841887
2021-01-24,-0.08661805885450402,-0.2225599905005352,0.7630615683473407,1.0,0.5853875154170889
2021-01-25,-0.09270668060513461,-0.8691639062942452,1.216876583686366,1.0,0.5731669446536097
2021-01-26,0.37048048426289704,0.05889247478119181,0.9722079765001268,1.0,0.634559484616747
2021-01-27,-0.42687665171826966,-0.01716226104100855,1.0491853670496603,1.0,0.5807993079103954
2021-01-28,2.180751613525161,0.011403803427407617,1.963623801662839,1.0,0.7863127260999141
2021-01-29,4.455096779246165,0.9765803605535041,2.041415475241387,1.0,0.8837380308644424
2021-01-30,2.725963514844644,2.7915304650696573,1.5250435112291763,1.0,0.9238794540751846
2021-01-31,1.0915006461684846,3.025219306013952,0.4996081020111004,1.0,0.7894203131449357
2021-02-01,1.799732276747522,1.2993265729154952,1.5417049060428143,0.8705505632961241,0.7810935070171596
2021-02-02,0.7998964154772383,-0.26155649679144566,1.414626531996767,0.7578582832551991,0.6282612005536778
2021-02-03,2.1026953061435822,-0.03386312271005631,1.2557763154220494,0.6597539553864472,0.7045910274520218
2021-02-04,1.8065029699719906,0.023204259009136304,1.3550525390804617,0.5743491774985175,0.6777211700509731
2021-02-05,0.3345754920506946,-0.3509679195398267,0.5188951298945443,0.5,0.5249778738190384
2021-02-06,0.3544548938150424,-0.8291040863536603,0.12816283964464337,0.5743491774985175,0.5045087939358661
2021-02-07,0.6692325244725847,-0.584481096160781,0.6266355792384135,0.6597539553864472,0.565113068574054
2021-02-08,2.59390668370602,-0.44830376626573143,1.7829075769715528,0.7578582832551991,0.7523567837066609
2021-02-09,1.0991828812730209,0.6683121730242243,1.151883535240472,0.8705505632961241,0.6951039016299785
2021-02-10,1.508926913882044,0.06623393762983461,1.1308918266502852,1.0,0.7160512692150557
2021-02-11,1.3140616527351328,-0.4695997114165607,1.4448083883583733,1.0,0.6911977351519313
2021-02-12,2.7504112567386563,-0.36677805607199493,1.3796979976585133,1.0,0.7890682647015278
2021-02-13,2.208975639750556,-0.10012765955537553,1.0422077216238375,1.0,0.7528333142226911
2021-02-14,3.0196971133235517,-0.6506123917806963,0.6173256497632587,1.0,0.7684686720012464
2021-02-15,3.336459024876864,-0.01971774033478822,1.2647270424956298,1.0,0.8163359955692382
2021-02-16,2.807183068778645,2.1500790450370544,1.0321873970239839,1.0,0.8861384113625865
2021-02-17,5.0,1.751453191948106,1.502980666288016,1.0,0.898076571874105
2021-02-18,4.9015843339037115,0.022862971571188877,1.3347825464550773,1.0,0.8204453753639689
2021-02-19,3.378521792353332,-0.29495387928353245,1.1556601541933065,1.0,0.8012322601696297
2021-02-20,0.7781755528407015,-0.41049621278738174,0.7751777796564921,1.0,0.6356136206451223
2021-02-21,0.38185111463942123,-0.023167250963967663,0.5052196256737831,0.8705505632961241,0.5969146775360075
2021-02-22,0.11774077659230857,0.0990126476651621,0.6100484916606029,0.7578582832551991,0.5709886043025023
2021-02-23,-0.017568515594742488,-0.519799255445237,0.2829405416399038,0.6597539553864472,0.5105649080127628
2021-02-24,-0.5553118112449791,-0.8394088587805723,-0.6884985179014935,0.5743491774985175,0.41620626949587214
2021-02-25,-0.49942256096276405,-0.8390764015649705,-1.5194834326918363,0.5,0.3810941981142141
2021-02-26,-0.5315061121774528,-1.0117578725315892,-0.933894171970377,0.4352752816480621,0.38157116768088367
2021-02-27,-0.7710255893421839,-1.207010305010901,-1.372152863272866,0.37892914162759955,0.33440714047011133
2021-02-28,-0.8578961517859246,-1.0256462945356937,-3.0049855393127882,0.37892914162759955,0.28191103218609104
2021-03-01,-0.6001118620790459,0.036910904989696486,-0.98852746346003,0.4352752816480621,0.418870873701176
2021-03-02,-0.15776731112748976,1.3669009995991328,0.1543530075515058,0.5,0.5515814878265147
2021-03-03,-0.35081053512614024,-0.20540185835472802,-0.18953561635555072,0.5743491774985175,0.4728887429730696
2021-03-04,-0.32967821825344795,-0.7708030881987358,-1.1965341736990294,0.6597539553864472,0.42998327762615557
2021-03-05,-0.2126190010606922,0.2305998552679569,0.08397582975022719,0.7578582832551991,0.5369116640454061
2021-03-06,-0.4935224121997194,-0.05096850397543211,-0.924174982568841,0.8705505632961241,0.48975156992983293
2021-03-07,-0.24792291531543342,0.14511215124069712,-1.847769031831275,1.0,0.5029258442196244
2021-03-08,0.24071704292336435,-0.5550392259245619,0.06262047630966276,1.0,0.5700085176583564
2021-03-09,-0.3546310107303861,-0.4834460747243727,-1.6077227115965824,1.0,0.47762358911790603
2021-03-10,-0.5195292335443308,-0.17096724327257867,-2.4043346200094473,1.0,0.4530965952937056
2021-03-11,-0.9025766792533972,0.3233662552049758,-2.6764119104033814,1.0,0.4390880850032015
2021-03-12,-0.8361426722887056,1.9945437916548319,-2.738807077431732,1.0,0.5110695772519799
2021-03-13,-0.7334143472106968,0.682547754647347,-3.003856183837268,1.0,0.4545451999629263
2021-03-14,-0.7506787008413531,0.7408442199056567,-2.866246156851996,1.0,0.4602817238782456
2021-03-15,0.001853373216113924,2.075029023734194,-0.5623995037969559,1.0,0.6428364507434339
2021-03-16,-0.670415255928091,1.9142811890486213,-0.8406836591906134,1.0,0.5820445771754661
2021-03-17,-0.786912008649495,0.8487679135831456,-1.224460348258096,1.0,0.5170891842140616
2021-03-18,-0.7684580753283602,-0.42436781648994343,-1.3803468266488383,1.0,0.4600759084027337
2021-03-19,-0.49915256232972743,1.0874716087378196,-0.8613425365732033,0.8705505632961241,0.5389056461507392
2021-03-20,-0.6334642049112182,1.5736036448529072,-1.6595664792586804,1.0,0.5430169888995006
2021-03-21,-0.7063099697754137,0.19774445499268373,-2.558299421136711,1.0,0.4508753736017772
2021-03-22,-0.09574956559716642,-0.18300677590375777,-1.3848633671161394,1.0,0.5148293010603276
2021-03-23,-0.3844751799442858,-0.3009455937468344,-1.8510647382011682,1.0,0.47512676365755724
2021-03-24,-0.6643022027106282,0.3282890380903757,-2.14603789844236,1.0,0.47285729979164515
2021-03-25,-0.7560682255960057,1.4713393419942562,-2.145827439895921,1.0,0.5143736762134963
2021-03-26,-0.9442240908285577,2.6506391469346275,-2.133934967779608,1.0,0.5513638594743854
2021-03-27,-0.6731989209009667,1.3036044714385433,-2.255712450417295,1.0,0.5092465099026316
2021-03-28,-0.6337728072781139,0.1172838397659238,-2.3829758258652864,1.0,0.4582027786428631
2021-03-29,-0.3015839429876783,2.0523154121439813,-1.2542089587335663,1.0,0.5986005806823685
2021-03-30,-0.5910901895783144,1.227677528514986,-1.2675493670295328,1.0,0.5444955721485858
2021-03-31,-0.799454836828356,1.0691841373326247,-1.890922209940044,1.0,0.5032216096023009
2021-04-01,-0.622187264532981,1.334873598355326,-0.9278442605108519,1.0,0.5582124402789115
2021-04-02,-0.39503895482827717,1.1285155661677806,-0.5482868851642242,1.0,0.5774093220962982
2021-04-03,-0.6667874772775628,-0.49580552797713867,-1.2853825870608921,1.0,0.46704285161375203
2021-04-04,-0.7412837592491777,0.0131059890984405,-2.198011780792956,0.8705505632961241,0.4334426907304766
2021-04-05,-0.6506392029343713,0.11185705522765975,-1.83611712970383,0.7578582832551991,0.4387596019370133
2021-04-06,-0.6544322054264959,2.112453123596997,-1.6543679243842493,0.6597539553864472,0.5132075622832672
2021-04-07,-0.7841378379515509,3.4628622488886553,-1.4244463218761414,0.5743491774985175,0.5363949766988029
2021-04-08,-0.8348602198350776,1.4968925148427548,-1.3142164592442631,0.5,0.4629059581546342
2021-04-09,-0.674688367706373,0.28377622229699817,-1.5670029382644488,0.4352752816480621,0.4049026457203444
2021-04-10,-0.7150786630063294,1.7325742029515752,-1.7473854153531312,0.37892914162759955,0.4481118716549293
2021-04-11,-0.729477918144843,1.5863539493219374,-1.9136846458521442,0.3298769776932236,0.4281582784710033
2021-04-12,-0.2502196876639072,0.6445052728042328,-1.3945448376192757,0.3298769776932236,0.43816979258925687
2021-04-13,-0.22656519497885863,0.17430953558047807,-1.3765961680777477,0.37892914162759955,0.4281113832921444
2021-04-14,-0.3015153009848682,2.0803306528890237,-1.435227056819465,0.4352752816480621,0.5090298141579452
2021-04-15,-0.5146045748515231,0.8500320980853033,-1.2659396823144986,0.5,0.45891304301963615
2021-04-16,-0.3708515896243731,2.4066635377986643,-1.0914783582865986,0.5743491774985175,0.5503239727818772
2021-04-17,-0.42955943384732803,0.3027852591411939,-1.3994534572769755,0.6597539553864472,0.4612934016064625
2021-04-18,-0.1489497920009313,-0.156257200139514,-1.7815698698600648,0.7578582832551991,0.46285237735373586
2021-04-19,-0.5177984152439722,0.6336213697721218,-1.2406415719189037,0.8705505632961241,0.5061088614880287
2021-04-20,-0.27940022444187973,3.826699183653326,-1.144246947218337,1.0,0.6432317534632634
2021-04-21,-0.3119978187712835,2.606131522441351,-0.9404119816640807,1.0,0.6314418927948348
2021-04-22,-0.0586056205031244,1.6936308069590313,-0.3797688858902619,1.0,0.629001946060076
2021-04-23,0.08001804356017618,1.2287841701969848,-0.5082940578469859,1.0,0.6145907414006533
2021-04-24,-0.5134396647650507,0.9499401638027696,-1.361745413520763,1.0,0.5349600153900866
2021-04-25,-0.6973663819544532,-0.4960647672329022,-1.5574191447678885,1.0,0.45592557107606924
2021-04-26,-0.4618397722588129,0.3837576799294413,-0.9550791644382995,1.0,0.5283646130318626
2021-04-27,-0.3555575702837933,1.8962770733699792,-0.5468125488400485,1.0,0.6120806217434946
2021-04-28,0.17569641915189826,1.3964505799340248,-0.07919328266224433,1.0,0.6422587593519695
2021-04-29,-0.24438347851617506,2.769346967149532,-0.12127848239089245,1.0,0.6700546089837891
2021-04-30,-0.28400137520173635,0.2019592778170249,-0.463095209616406,1.0,0.5490450379083801
2021-05-01,-0.669017705780313,-0.5217294006586839,-1.755718583011908,1.0,0.45013614182013706
2021-05-02,-0.4078640037682395,0.3559265252267502,-0.8825517072910984,1.0,0.533220948056862
2021-05-03,0.05109972259918174,0.25749130450761437,-0.5180273217704944,1.0,0.5718678751354129
2021-05-04,0.10240129547490309,3.1068095475358546,-0.049634861736379425,1.0,0.7051722576404476
2021-05-05,0.16092483144316705,0.7555789443035819,-0.37297033396221096,1.0,0.6047784336434534
2021-05-06,-0.17004243781647854,-0.24510684542433822,-0.8344856003362053,1.0,0.5256348655750138
2021-05-07,-0.06056283781933853,-0.6795342293705788,-1.040585250835786,1.0,0.5079623762270772
2021-05-08,-0.21300582281303845,-0.9717977364569815,-1.2056850871134865,1.0,0.480118536556307
2021-05-09,-0.18281590794436306,-1.1201952020728572,-1.4486301787775988,1.0,0.4678498000914202
2021-05-10,-0.3442003958947176,0.5378555040228592,-0.7583969381582308,1.0,0.5491840550026968
2021-05-11,-0.3682896733903395,-0.4431083540642417,-0.9069699675175426,1.0,0.5017521747707159
2021-05-12,-0.38156138358139996,-0.5832348240327294,-0.893571232705602,1.0,0.49547541566968956
2021-05-13,-0.15745619904940183,-0.8600259631055475,-0.9169676427086311,0.8705505632961241,0.4786855013381063
2021-05-14,-0.29663832578679955,-0.6681352505056386,-0.9287548984208227,0.7578582832551991,0.46010538871739753
2021-05-15,-0.4574804523986789,-1.2325291473993996,-1.1319664715650966,0.6597539553864472,0.40437679962091033
2021-05-16,-0.39721096748282037,-0.985893966251459,-1.4212337043386005,0.5743491774985175,0.39621827338749216
2021-05-17,-0.3512038352223635,-0.5601462850011627,-0.4139763151179493,0.5,0.43944777193952905
2021-05-18,-0.16848712340952898,-0.32287127015630707,0.37479767605899816,0.4352752816480621,0.47809910363202784
2021-05-19,1.0371478555863816,-0.42135435073823824,1.7114237800076022,0.37892914162759955,0.5904735896693922
2021-05-20,1.0457099468105913,1.03188134457802,2.284116148903964,0.3298769776932236,0.6633278040955726
2021-05-21,1.1074279893175465,2.035835281090897,2.275309353626831,0.2871745887492588,0.7025748360999069
2021-05-22,1.4366277171605415,0.04788654473066491,1.9491068787579902,0.25,0.6252406831330801
2021-05-23,2.3237433883386185,-0.5612171757581599,2.825941698799334,0.21763764082403103,0.683375879649567
2021-05-24,-0.1994272615184658,0.7599989311821349,2.110401632992121,0.1894645708137998,0.5421378780864986
2021-05-25,-0.5730028186792423,1.630819383110605,2.3643322842393664,0.16493848884661183,0.558302469185963
2021-05-26,3.197385160649292,-0.16941721074885158,3.0042433206430736,0.14358729437462942,0.7394790437083256
2021-05-27,0.9727517542013864,-0.24663929232121254,1.7604341498685432,0.12500000000000003,0.5570046180956602
2021-05-28,-0.7606857682883003,1.07699603898955,0.8535490408134331,0.10881882041201553,0.4639369081609281
2021-05-29,-1.2827815001669565,-1.0946573581570054,-0.5872641879877142,0.09473228540689989,0.2885048799437722
2021-05-30,-1.0560205901097441,-1.1062931683476496,-1.5272532395737786,0.0824692444233059,0.26996502398923494
2021-05-31,-1.2786804915032832,-1.3509538695246368,-1.6086446948721962,0.0717936471873147,0.2406124465852786
2021-06-01,-0.6244672865852463,-0.3522553713339587,0.3028125333371794,0.0625,0.38816029153330794
2021-06-02,-0.9751456504480743,-0.7603161092772611,0.5856087365047636,0.054409410206007765,0.3559921548313025
2021-06-03,-0.6874227235041573,-0.294509592692127,1.2435388882093976,0.047366142703449944,0.4154568030833817
2021-06-04,-0.006074002442355308,-0.35622934454030614,2.180126591578377,0.04123462221165295,0.48860825686569076
2021-06-05,2.3885019608122233,-0.9408353930750655,2.934636883768471,0.03589682359365736,0.6482377423406849
2021-06-06,3.903319042508432,-0.9287229290747752,3.212401347322614,0.03125,0.690990711288551
2021-06-07,4.161998587668928,-1.3806205926637403,3.4673947705520978,0.027204705103003893,0.6715548477377948
2021-06-08,1.8582415710644147,-1.2336462075333359,3.189463329164399,0.02368307135172497,0.601033306793164
2021-06-09,2.618107985884802,-1.422266469920613,2.7812658224552456,0.020617311105826482,0.6360808868933435
2021-06-10,0.6170244531919344,0.04015866880272737,2.4680150772407137,0.017948411796828663,0.5527676724237908
2021-06-11,-0.683057816808857,2.1718141107896516,1.4447716775969,0.015625000000000007,0.520457872748875
2021-06-12,-0.9686550323562962,2.0458514537882215,0.8813996066551071,0.013602352551501933,0.4770871481886517
2021-06-13,-0.9110383059729826,1.1270434512272869,1.1198908955987756,0.01184153567586249,0.45033018360761
2021-06-14,-0.9609021647985461,1.3758803283220273,1.9265570831166778,0.01030865555291324,0.48403307046367433
2021-06-15,-0.39534026634882735,0.2628605457398139,1.1421826757180453,0.008974205898414338,0.44901539172460075
2021-06-16,-0.5310942907339815,-0.6927055899112896,0.823731748998518,0.007812500000000002,0.38936058100471477
2021-06-17,-0.6240004283634715,-0.45057890093244474,1.1432255630606047,0.0068011762757509715,0.4037535457802995
2021-06-18,-0.12675889447003855,-0.04697702634506433,1.5824775957938935,0.005920767837931244,0.4682293993064393
2021-06-19,0.6790932676312081,-0.4669060392020733,1.2780870292477886,0.00515432777645662,0.49419451635005557
2021-06-20,2.4582176666817763,-1.4358816391972717,1.8326113184438164,0.004487102949207169,0.5908128855360738
2021-06-21,2.2852833242308632,-1.272882268648144,2.1562312529545156,0.003906250000000001,0.5967757730202021
2021-06-22,0.3073511581357571,-1.2646744288359664,1.038936453461596,0.0034005881378754853,0.42793661267695304
2021-06-23,-0.7514545818756835,-0.2566836555532402,0.20765560749034315,0.0029603839189656215,0.3715737867310923
2021-06-24,-0.20497668427543028,-0.48305692880734036,0.7273708355413055,0.0025771638882283094,0.4158397847826099
2021-06-25,0.10736949694760844,-0.43687505617108763,0.9697424198715596,0.002243551474603584,0.44661611917295446
2021-06-26,0.5038798643588415,-0.7955317922091961,1.407986346002197,0.001953125,0.47267067989861283
2021-06-27,2.7464069492960066,-1.3435853272898068,2.0052864694000365,0.0017002940689377426,0.6192090010730004
2021-06-28,5.0,-1.5621851714334558,2.6310769990045,0.0014801919594828095,0.6478335466176784
2021-06-29,5.0,-1.5560784989230962,2.810875384690398,0.0012885819441141558,0.6540525293261681
2021-06-30,1.3440343650015958,-1.5531348978586617,2.062681517189288,0.001121775737301792,0.5188126538562337
2021-07-01,0.833397197018331,-0.8020179283112722,1.133274143647821,0.0009765625,0.48506468861817975
2021-07-02,-0.06515304393336074,-1.192588429617332,0.4240727266475724,0.000850147034468872,0.38522855878047657
2021-07-03,-0.584170933309065,-0.43867920161249613,-0.14641029782256956,0.0007400959797414059,0.3630076421817506
2021-07-04,-0.4807581402944325,0.620341709890988,0.623184502748398,0.0006442909720570772,0.4396664889632509
2021-07-05,0.5142441136106722,0.22535375525652904,1.7356299680210974,0.0005608878686508959,0.5266111461574011
2021-07-06,4.094396124945503,-0.9681903181990682,2.4439681085508647,0.0005608878686508959,0.6662084735403653
2021-07-07,2.9384754256246626,-1.3394490124437972,2.182024947668875,0.0006442909720570772,0.6379187947579237
2021-07-08,0.7198202164630323,-1.3917329470387527,1.3398858754734828,0.0007400959797414059,0.4597730185503314
2021-07-09,0.5874544103458237,-1.2578160977971322,0.9785491881169273,0.000850147034468872,0.4445004516072423
2021-07-10,0.3286369964327505,-1.326693415241056,0.29235776311334233,0.0009765625,0.40152198393925076
2021-07-11,0.16402201442947378,-0.6152561322629235,0.5196046256959124,0.001121775737301792,0.4277875493348021
2021-07-12,0.9797036684376028,-0.9999525243274315,1.5237373422038074,0.0012885819441141558,0.49963342141394124
2021-07-13,0.33295808604939175,-0.4564379449762398,1.3283714524055859,0.0014801919594828095,0.47268003523672475
2021-07-14,1.020448457458099,-0.7483465297952501,1.6430290168656991,0.0017002940689377426,0.5168714697616018
2021-07-15,1.993761007852348,-1.1596203716762368,1.700004766039041,0.001953125,0.5665596793216147
2021-07-16,1.3394499204568429,-1.2273169516638347,1.4720028980967736,0.002243551474603584,0.512561751035546
2021-07-17,0.6977317059517039,-1.2081771794009555,0.8640600944004109,0.0025771638882283094,0.4503633089849884
2021-07-18,0.09064810528017476,-0.7584033251994614,0.3747094169353989,0.0029603839189656215,0.4123774399543922
2021-07-19,1.0146238874871252,-0.4514636426043122,1.1408984424493482,0.0034005881378754853,0.5123706436929549
2021-07-20,1.2614263825019367,-0.2677997776839836,1.4680651623822334,0.003906250000000001,0.547458211009371
2021-07-21,0.1115604959582619,-0.41326997977285634,0.7803906917214114,0.004487102949207169,0.4419038724064432
2021-07-22,0.23757049348615825,-0.17994264299618024,0.5731424296995336,0.00515432777645662,0.453218319597356
2021-07-23,0.5148421666901265,-0.635123494355065,0.6844879637614619,0.005920767837931244,0.4565637128156192
2021-07-24,0.45866485157056025,-0.5994593476329284,0.6189854396555386,0.0068011762757509715,0.4522532083832126
2021-07-25,0.224524613503437,-0.2757381740889672,1.0535321148529118,0.007812500000000002,0.46476882914161927
2021-07-26,1.420571099076668,-0.7120546602903699,1.5497341778737714,0.008974205898414338,0.543039732573567
2021-07-27,1.9066156063963637,-0.6511640736535568,1.5461047634998544,0.01030865555291324,0.5780589944737915
2021-07-28,0.31954595454976953,0.4330546273275552,1.3536738370991024,0.01184153567586249,0.5112456980299823
2021-07-29,-0.23459771406590335,0.7308761904153697,0.9583642350360855,0.013602352551501933,0.47379915438017506
2021-07-30,-0.35976660077897843,0.21880957340084228,0.5769330794297473,0.015625000000000007,0.4317074781540947
2021-07-31,-0.7640094367814017,-0.07427022305456132,-0.2298460759000216,0.017948411796828663,0.36600217082682346
2021-08-01,-0.5741838733515158,-0.2847994019822021,-0.5873789806033356,0.020617311105826482,0.35836773067307
2021-08-02,0.12427715027653653,-0.008125444257467938,-0.07202902840650749,0.02368307135172497,0.4340980762635831
2021-08-03,0.1285364851544774,-0.13455314115443745,-0.12453260455899277,0.027204705103003893,0.42789233707568114
2021-08-04,-0.08411144837576061,0.14510800653810296,0.017059653633166715,0.03125,0.43069489216847584
2021-08-05,0.612568629263133,0.1630040455074081,0.6131366905135096,0.03589682359365736,0.4984521570698498
2021-08-06,1.1820079484401642,-0.3128235577885885,0.9476246274935458,0.04123462221165295,0.5285388959030193
2021-08-07,0.5951044819453551,-0.8145587147797088,0.1432146995171839,0.047366142703449944,0.44261243040329284
2021-08-08,0.2361693402102562,0.005234046643073167,0.47445512939763707,0.054409410206007765,0.46493929046830085
2021-08-09,1.3863192397765511,-0.4248347162853898,1.0498953010736776,0.0625,0.5440913461756681
2021-08-10,1.7282584104771594,-0.6606894469515989,1.4337838901704076,0.0717936471873147,0.5712503438259382
2021-08-11,2.372327480753513,-1.1837523739884315,1.4684116574370203,0.0824692444233059,0.5951495917121128
2021-08-12,3.8296150013425936,-1.1691267726764139,1.8495534596583407,0.09473228540689989,0.6521480092714624
2021-08-13,1.7765916047214758,-1.088795922469716,1.4590423084511472,0.10881882041201553,0.5630305102220342
2021-08-14,0.4101092912076742,-1.2139840982757915,0.39787052342989154,0.12500000000000003,0.43377029943335
2021-08-15,-0.3984783860668611,-1.1698481164601842,-0.48188496796505054,0.14358729437462942,0.35516636463372764
2021-08-16,-0.22486819550558151,-0.8270064967202013,-0.1022854919515409,0.16493848884661183,0.39688143986489327
2021-08-17,0.20862195434598846,-0.5941822770085962,0.39402433570228274,0.1894645708137998,0.4557043655598538
2021-08-18,0.5898417168053498,-0.9499574141102082,0.8551556732116325,0.21763764082403103,0.48589205742975705
2021-08-19,0.9586846836354026,-0.6978433100175425,1.0145518370646651,0.25,0.5311539022271181
2021-08-20,0.5356894261298261,-0.5808905598515206,0.614334879457244,0.2871745887492588,0.5000628727091387
2021-08-21,0.27674709748467546,-0.539095998453942,0.19067945208306866,0.3298769776932236,0.4768250016201499
2021-08-22,-0.21807345044972,0.36880404744572176,-0.024524994165410777,0.37892914162759955,0.48185047671888337
2021-08-23,0.9786317526215992,0.24612381089358515,1.3165591996558272,0.4352752816480621,0.6096738745310762
2021-08-24,1.909746120461035,-0.6027770039895527,1.784349300332981,0.5,0.6616790095422703
2021-08-25,3.39309384816938,0.1797195251529707,1.4401230544094177,0.5743491774985175,0.7666447919864654
2021-08-26,2.24661939591776,-0.47144989091007455,1.5241739507426804,0.6597539553864472,0.7048997726059874
2021-08-27,1.4838006941090223,-0.7689241499837864,1.4812129689345575,0.7578582832551991,0.6549340481440422
2021-08-28,-0.3000337211251421,1.1578487756499964,0.43785614687378904,0.8705505632961241,0.5984192403006187
2021-08-29,0.05254852879720941,0.10114359198866152,-0.1294183049595828,1.0,0.5784036080873555
2021-08-30,0.7411072188596862,0.265982501809782,0.9297153332818233,1.0,0.6664802632754475
2021-08-31,-0.28816858423447844,0.2492788855300932,-0.14055122724992214,1.0,0.5614903403731246
2021-09-01,-0.7171442430789527,-0.42454349609982567,-0.9492626790240175,1.0,0.4778589821564432
2021-09-02,-0.5276720182097329,-0.5020720160136533,-1.4364566778897878,1.0,0.4710203088557894
2021-09-03,-0.7738974407202354,-0.05608735957063015,-1.9520311930129195,1.0,0.45600215753611073
2021-09-04,-0.5070095920881321,-0.5379582400977391,-2.0359135323669713,1.0,0.4509206494444864
2021-09-05,-0.6059631137751531,-0.5661016147203807,-2.0175176886286152,1.0,0.44376430218068674
2021-09-06,-0.40248360603943795,-0.5489893023051136,-1.1433740339915672,0.8705505632961241,0.46776332202935744
2021-09-07,-0.06166289146979613,0.45476423864613075,-0.30273567131911266,0.7578582832551991,0.5434252039565786
2021-09-08,0.016457374862648737,-0.26736537908851915,-0.2660094351064996,0.6597539553864472,0.5050530463332388
2021-09-09,-0.19622781607235146,-0.7071473083724018,-0.9600662510298201,0.5743491774985175,0.43660384267011015
2021-09-10,-0.502857998191668,-0.11652909113309642,-1.683461901881499,0.5,0.40550535792729314
2021-09-11,-0.4876377084351563,0.6897581979267895,-1.6799828913142403,0.4352752816480621,0.43052260688800714
2021-09-12,0.26091809211418093,1.3134417292454144,-0.549040277096456,0.37892914162759955,0.5356593068670957
2021-09-13,0.8926024577607873,2.894836990581942,0.6043123767411299,0.3298769776932236,0.6747503310036546
2021-09-14,1.006546235208085,1.7293320447247036,0.6734867505443161,0.2871745887492588,0.629684330874601
2021-09-15,1.6279424309345147,-0.15195821416341054,-0.13939106190661002,0.25,0.5600515344086052
2021-09-16,0.406423306390035,0.5151864953268893,-0.6611938090685449,0.21763764082403103,0.4841668435526092
2021-09-17,0.4955493757458979,1.1458543664727592,-0.3078095202544616,0.1894645708137998,0.523939925266346
2021-09-18,0.8472160668613237,0.14664985076496967,-0.41699353336647865,0.16493848884661183,0.49843247045407113
2021-09-19,0.13466112678919706,0.948585996777829,-0.7967340867521255,0.14358729437462942,0.4684821162494796
2021-09-20,-0.16242415406348748,1.6936107148753918,-0.8714857710326425,0.12500000000000003,0.4744393104811541
2021-09-21,-0.4054171318831372,1.310235412726852,-1.3457217885308501,0.10881882041201553,0.42403076351551705
2021-09-22,-0.2998315508922053,-0.04332993063449081,-1.4182691475586748,0.09473228540689989,0.3701400207231617
2021-09-23,-0.5545807258700212,-0.6563848836109252,-1.731559652869146,0.0824692444233059,0.31533031302606773
2021-09-24,-0.7538357337349305,-0.5815966682157137,-2.248029111435849,0.0717936471873147,0.28634583327225216
2021-09-25,-0.8432890731578511,-0.45811628363163265,-2.466709655168285,0.0625,0.2768438947992158
2021-09-26,-0.6355811423666351,-0.12939912609358245,-2.4263456184411383,0.054409410206007765,0.30451951783785497
2021-09-27,-0.43932398971089776,1.9307345662618838,-1.2283292768242318,0.047366142703449944,0.44231961979156176
2021-09-28,-0.22102426648476756,3.616815822630956,-1.273860812506453,0.04123462221165295,0.498988215149215
2021-09-29,-0.25899947911865434,3.0509527281962248,-1.5610909151395878,0.03589682359365736,0.4860815277598187
2021-09-30,-0.5313482651667483,1.966197226128647,-1.8495716580101367,0.03125,0.4145367781439058
2021-10-01,-0.4637816520107731,1.9402183326536917,-1.8004763984884817,0.027204705103003893,0.4189884795423535
2021-10-02,-0.317828389240849,1.316891662321752,-2.0391436706098207,0.02368307135172497,0.39426293166311444
2021-10-03,0.4556617352199821,2.579383538180614,-1.5400340865540072,0.020617311105826482,0.5146098902195982
2021-10-04,1.5041398011152145,0.9771891751741234,-0.9605543417943433,0.017948411796828663,0.5366659860829823
2021-10-05,0.7564985001177794,1.9173854130592267,-1.1719915105500853,0.020617311105826482,0.5193505051995243
2021-10-06,1.1316226181609366,1.3200994313016863,-1.2753395614991418,0.02368307135172497,0.5164867928344201
2021-10-07,1.1717660543640573,1.082572894415157,-1.1903782764727167,0.027204705103003893,0.5126263707745955
2021-10-08,0.6366570969364471,1.7214455763640013,-1.2179226145822553,0.03125,0.5032607849915213
2021-10-09,-0.36340336865819645,2.770207166210914,-1.5588174504813015,0.03589682359365736,0.4696223492045803
2021-10-10,-0.09818025781852426,1.826483051668732,-1.564698719702172,0.04123462221165295,0.44858667930663776
2021-10-11,0.04235650664416743,1.5224976882544994,-1.182453059791547,0.047366142703449944,0.4589509901993479
2021-10-12,0.12355170166293387,1.3806754628878242,-1.3172712825809496,0.054409410206007765,0.45501729317605777
2021-10-13,0.23624280034409592,0.6626016963026023,-1.2638049331868237,0.0625,0.4356060929293207
2021-10-14,1.0860423116246043,0.8340380829524188,-0.9259289369255771,0.0717936471873147,0.5120591567452357
2021-10-15,1.056495148705183,1.1548815080361745,-0.9234558488198151,0.0824692444233059,0.5251415977846882
2021-10-16,0.0034596745809408304,-0.9659124886397962,-1.3272502237057935,0.09473228540689989,0.35495245996624647
2021-10-17,-0.02670725206818671,-0.6918338538930897,-2.0124109987475625,0.10881882041201553,0.3436355623867924
2021-10-18,0.07873378814111724,1.8264562021487494,-1.5529015669140946,0.12500000000000003,0.4733378754018026
2021-10-19,-0.2596291319938598,1.1709301249869464,-1.4926076900322083,0.14358729437462942,0.42826465089665294
2021-10-20,-0.2865157874123467,0.8245878779615207,-1.406164254869164,0.16493848884661183,0.41812540725225994
2021-10-21,-0.21285828019423053,0.3952651853512666,-1.386037112050201,0.1894645708137998,0.4094972792637507
2021-10-22,-0.07964033102699339,0.6767191108732066,-1.4731254892715173,0.21763764082403103,0.43142873736580484
2021-10-23,-0.07538027228826309,1.1132680344413772,-1.6257612321021016,0.25,0.4496687755457698
2021-10-24,-0.3921322710888101,0.6274587134969969,-1.5744497136428324,0.2871745887492588,0.4155964928474153
2021-10-25,0.4626704757557104,0.645278516379736,-1.1431947230907953,0.3298769776932236,0.49410635911716005
2021-10-26,0.6166014372297263,0.16724184126844674,-1.2089610846547354,0.37892914162759955,0.48961584095714916
2021-10-27,0.01657324452256906,0.6723983189531866,-1.1933179248658168,0.4352752816480621,0.4796355076762362
2021-10-28,0.2491586171797444,0.9007718871270968,-1.2101196103431806,0.5,0.513805416097506
2021-10-29,0.08626788008995055,0.420478916546316,-1.239218773984348,0.5743491774985175,0.493116231020726
2021-10-30,0.8177223984815101,-0.3746435162217932,-1.3715913637463064,0.6597539553864472,0.5171480612392828
2021-10-31,-0.26978679421403035,0.362978996520192,-1.625852918014797,0.7578582832551991,0.4816219837951926
2021-11-01,1.1721604753431965,0.8264189316539728,-1.046655969164903,0.8705505632961241,0.6332722060307172
2021-11-02,1.8913166591728336,-0.2563656126708521,-0.8064164950128588,1.0,0.6635253269164748
2021-11-03,2.166944300058297,-0.29061982692626454,-0.5827913135992021,1.0,0.6879274167619854
2021-11-04,1.60276525843559,1.2934260900545358,-0.46101999565198987,1.0,0.720376437792912
2021-11-05,1.6809955644601253,2.6165004419523115,-0.3531745615687302,1.0,0.7843147373263971
2021-11-06,1.0440948421719571,0.12183168095621465,-0.8129250289172248,1.0,0.6225851418873987
2021-11-07,0.22410740088920944,-0.1355788827284599,-1.0735594543982159,1.0,0.548506058132321
2021-11-08,1.6778250372782906,-0.095823620824427,-0.7186251465754274,1.0,0.6589081800650207
2021-11-09,0.5188239279925227,0.4514319671941558,-0.8607647870551263,1.0,0.5997057675974204
2021-11-10,0.6733315841178567,0.1758406687731393,-0.8726557208635786,1.0,0.598126942777952
2021-11-11,-0.4473728880010609,1.5622312684753967,-0.8112400843420302,1.0,0.5832267741750031
2021-11-12,-0.6291232083001117,1.2803406391656686,-0.8503721361866564,1.0,0.5580602415390069
2021-11-13,-0.18351305033385729,2.7267629805352076,-0.7886364792829332,1.0,0.6500930381906121
2021-11-14,0.3586425721513949,2.6071486244602378,-0.5822731598752241,1.0,0.688131592166762
2021-11-15,0.6262002532493215,3.698594567736122,-0.12265527903679432,1.0,0.7376581742487284
2021-11-16,-0.13014001564849187,3.5596963237686823,-0.1720316893866866,1.0,0.6855896093105444
2021-11-17,-0.2546458098025691,0.8693213082659321,-0.37853146499178053,1.0,0.5816276183578499
2021-11-18,-0.13849616344803822,2.1721153160637674,-0.45222690804766247,1.0,0.6411974970045323
2021-11-19,0.4282717307433797,3.94360885502087,-0.1845772447267835,1.0,0.7223988738919992
2021-11-20,-0.4151141788812645,2.567310203744438,-0.2193056959025625,1.0,0.6469867900338486
2021-11-21,-0.4692603409565268,1.9898463678799716,-0.6359179172368812,1.0,0.605428978690001
2021-11-22,-0.10615902939246473,3.953353317516256,0.07756260753599897,0.8705505632961241,0.6760907361194542
2021-11-23,1.0055436093661219,2.3185540066187293,0.389069349816959,0.7578582832551991,0.715290378382367
2021-11-24,0.2222872721990992,1.440665403273438,0.4347382664608607,0.6597539553864472,0.6133012454729956
2021-11-25,-0.7817520868951526,0.17590117202014588,-0.15185813947103788,0.5743491774985175,0.46130284835023894
2021-11-26,-0.4482153402161833,0.33461096876348634,-0.1386783047496262,0.5,0.47943849085907886
2021-11-27,-0.07933880093863262,0.9604514252939109,-0.19711113377218178,0.4352752816480621,0.5184504771128073
2021-11-28,0.18656069727445582,-0.8008590061579545,-0.2815844091009533,0.37892914162759955,0.45152147883582383
2021-11-29,1.166105210016867,0.1945635220811858,0.740580119119168,0.3298769776932236,0.5850147113791297
2021-11-30,-0.2791919898421358,-0.14136874111685416,0.6779373268830868,0.2871745887492588,0.46617093567248036
2021-12-01,0.22578790497215828,0.29327927092381595,0.41155707202527714,0.3298769776932236,0.5154726123414622
2021-12-02,-0.6794778684606139,-1.0304245291788507,0.04066753209654971,0.37892914162759955,0.3949620757008653
2021-12-03,-0.2471120303876257,-0.5743058529620187,-0.27368666066779945,0.4352752816480621,0.4407648576590235
2021-12-04,-0.8083360043970069,-0.6299015286224705,-0.38149403538037124,0.5,0.4071485681682509
2021-12-05,-1.4773967943265371,-1.1949320977564089,-0.3879718697025096,0.5743491774985175,0.34993802393974116
2021-12-06,-1.9041589434181065,0.9794170030009646,0.32693302004856223,0.6597539553864472,0.4487259728734189
2021-12-07,-1.0084312173034324,2.486120663851398,1.2093835181164307,0.7578582832551991,0.6153511395990736
2021-12-08,0.8025370814583878,0.8267065462755394,1.1469731504787206,0.8705505632961241,0.6817636010357493
2021-12-09,-0.9158513017071629,0.8324314869989131,1.2359932806949543,1.0,0.5898276678676423
2021-12-10,-0.966460005142208,-0.8673326762035642,0.7906646455073405,1.0,0.5007859596656157
2021-12-11,-1.9957248143708382,-0.7496136616676852,-0.22415745141224888,1.0,0.4032458614253823
2021-12-12,-1.9387478019482671,2.138883233006586,0.022180282320252126,1.0,0.5356096239893984
2021-12-13,-0.41089378310513247,2.4340201836613367,1.1134340327534227,1.0,0.6861390565373277
2021-12-14,-1.7860272789600076,0.7481313253555386,0.9979437999285721,1.0,0.5203684466234327
2021-12-15,-1.9571940257037261,-0.6493137016325128,0.421342485693923,1.0,0.4315104102415277
2021-12-16,-1.7956801017151007,0.062175451397000384,0.014349829067862667,1.0,0.4583569646627971
2021-12-17,-1.3799669583296525,0.8229765141406432,-0.055908337562042415,1.0,0.5154292796151486
2021-12-18,-0.4742618765053861,-1.3013349550615332,-0.286194838183086,1.0,0.4796204238326408
2021-12-19,0.09854669338486519,-1.3661152167435435,0.8341309227465799,0.8705505632961241,0.533035260780648
2021-12-20,1.3026135353110107,-0.8047040542793066,2.098381406893878,0.7578582832551991,0.6619363561438387
2021-12-21,0.2410860053472774,-0.8230070786883584,1.9705512657552953,0.6597539553864472,0.5714285742442805
2021-12-22,-0.3335978556096986,-0.22222901969891573,1.5492520447748288,0.5743491774985175,0.5312947119225038
2021-12-23,-0.680456043620856,-0.9465155234469915,1.5009492300681815,0.5,0.46522975795059107
2021-12-24,-1.3019511668821362,-1.5190068994504162,0.8850333573979585,0.4352752816480621,0.36970370555789817
2021-12-25,-1.9869839854875009,-1.7225389063659355,-1.4345344420271156,0.37892914162759955,0.22978350304548872
2021-12-26,-1.8378962239043704,-1.4779200980504938,-1.0992846221109012,0.3298769776932236,0.2537323069045582
2021-12-27,-1.3722226690585042,-1.5243146804935876,0.3570265426936497,0.2871745887492588,0.32498245011104404
2021-12-28,-1.5105014811831623,-1.4531122322053909,0.29562789250764315,0.25,0.311107821329486
2021-12-29,-1.8153416287828197,-0.9194225642904031,-0.009879802973038622,0.21763764082403103,0.2979842705935486
2021-12-30,-1.8174134836259286,-0.6303626101478664,-0.3401321635564563,0.1894645708137998,0.29465593917229843
2021-12-31,-2.0242951505272533,-0.8614944082425214,-0.6599151641344531,0.16493848884661183,0.2568949908105881
2022-01-01,-2.0730819613576568,-1.3487291124911138,-1.4122745724932881,0.14358729437462942,0.20505976462877795
2022-01-02,-1.473847330182962,-0.957889202772451,-0.37866053270143196,0.12500000000000003,0.2929594434489026
2022-01-03,0.3376456019934465,-0.27880290608522884,2.327413295313813,0.10881882041201553,0.5297961852849413
2022-01-04,0.16989781567684906,-0.5633394672538578,2.3549534644013557,0.09473228540689989,0.5055623348672927
2022-01-05,0.9829087248853073,-0.7417603632011219,1.8377054078603436,0.0824692444233059,0.5332478001178145
2022-01-06,1.2970366630753059,-1.1982204720049785,2.076703461195398,0.0717936471873147,0.5415357536560902
2022-01-07,4.984329111286241,-1.0463017783724649,2.7305797867730472,0.0625,0.6817984187935823
2022-01-08,3.191737071649783,-0.15110020452013925,2.4625207386310337,0.054409410206007765,0.7089495942969299
2022-01-09,1.2118518386063146,-0.085526548750335,1.2703532634176475,0.047366142703449944,0.5516765465619293
2022-01-10,2.3097476852277903,-0.7885304536206049,2.2449820888676117,0.04123462221165295,0.6271456730749959
2022-01-11,5.0,-0.16492637636721907,2.6615310908626575,0.03589682359365736,0.7122302942191697
2022-01-12,3.463908229707044,-0.49809025857489087,2.329254604077195,0.03125,0.6865755593619527
2022-01-13,0.160696196289194,-1.2934845614155117,1.0835566209700382,0.027204705103003893,0.42201714949141855
2022-01-14,1.3039855934307925,-0.8440227189705752,0.9310649127218243,0.02368307135172497,0.5113527173984317
2022-01-15,3.099615330657684,-0.15283858423947846,1.5478183258995135,0.020617311105826482,0.6733182665192129
2022-01-16,1.7215788122334132,-0.06362297154503072,1.625761247563346,0.017948411796828663,0.5940052670228204
2022-01-17,1.5118222556290624,-0.38366899825425627,1.6549922517048332,0.015625000000000007,0.5673121005048379
2022-01-18,2.43288158301402,0.08576222756417516,1.4403381129370445,0.013602352551501933,0.6408171549967354
2022-01-19,1.30523101713526,-0.30855055527843034,1.272833464441184,0.01184153567586249,0.5433631405051683
2022-01-20,2.100442796060356,-0.8176658454780737,1.7640994674796204,0.01030865555291324,0.591309723424695
2022-01-21,3.5062585240550233,0.25488626183965973,2.398693018146611,0.008974205898414338,0.7169228257329683
2022-01-22,2.5849188500195126,-0.10081776902415654,2.0127423264602635,0.007812500000000002,0.6613904688406365
2022-01-23,1.093121352336568,-0.644833410015213,1.1426185764324353,0.0068011762757509715,0.5101141603942478
2022-01-24,1.210437788512703,-0.4400379165818686,1.452808817319122,0.0068011762757509715,0.5368080763952691
2022-01-25,0.550986779028419,-0.5699327691371112,1.1630723884724683,0.007812500000000002,0.47792620783693057
2022-01-26,2.0222290265028633,-0.6794174911097964,2.0091805750037,0.008974205898414338,0.5998250230221681
2022-01-27,1.967429293369686,-0.27826037622126376,2.521609642800879,0.01030865555291324,0.630167723641726
2022-01-28,0.5348549835152564,-0.7955541738015939,1.20305121111146,0.01184153567586249,0.4693868457143788
2022-01-29,2.407263413144968,-0.59231418712108,1.6119407453497603,0.013602352551501933,0.6165761808073369
2022-01-30,2.7049320711107563,-0.39318324954671763,1.5401707261747164,0.015625000000000007,0.642628943548761
2022-01-31,1.8499723947531936,-0.21718344196071943,0.8673054893793065,0.017948411796828663,0.5708846276506842
2022-02-01,1.4640292291118226,-0.7966186493797814,1.3595468974075742,0.020617311105826482,0.5378203314627571
2022-02-02,0.28553558305829563,-0.7013497667652385,0.7406589653606792,0.02368307135172497,0.44305389147011615
2022-02-03,0.07526741220329133,-1.117909947855513,0.13437061724548544,0.027204705103003893,0.3919979726598732
2022-02-04,0.1772000072041314,-1.1730962869445873,0.3996270426077251,0.03125,0.40594272327784187
2022-02-05,1.1286305893808166,-0.9103976156044644,0.6679904913058754,0.03589682359365736,0.48995967855777955
2022-02-06,0.7243325435653543,-0.4513029677090176,0.7020938692741719,0.04123462221165295,0.4840728682240349
2022-02-07,0.8008700435091195,-0.6750054307124093,0.8203394743597323,0.047366142703449944,0.48471568050509956
2022-02-08,0.20771516319534097,-0.9877068928979637,0.8144125552243554,0.054409410206007765,0.43300172038065393
2022-02-09,-0.2981419489561083,-1.0052437588162149,0.6886715060626655,0.0625,0.39556943032100605
2022-02-10,-0.7712123008526744,-0.6267239588580854,-0.14543865593580602,0.0717936471873147,0.3533934402043052
2022-02-11,-0.8272843186834581,-0.9210648266996172,0.025765564244646235,0.0824692444233059,0.3446992497802695
2022-02-12,-0.7102130408591688,-1.0710110813889915,-1.1810947583484965,0.09473228540689989,0.30786701975093256
2022-02-13,-0.3013162935711644,-0.9988795995977243,0.059891223326000206,0.10881882041201553,0.3816114609513529
2022-02-14,0.6750636519382626,-0.7626435643695666,1.2389979426383513,0.12500000000000003,0.49827735970176396
2022-02-15,0.7729883292818608,-0.39910697421341684,1.7737904418000816,0.14358729437462942,0.5405675402427622
2022-02-16,-0.22232932589932736,-0.4266351086370097,0.45199070653300194,0.16493848884661183,0.43220871229159463
2022-02-17,-0.9005453861909102,-0.1330843475641093,-0.8190771483264219,0.1894645708137998,0.3605355737832907
2022-02-18,-0.6996512182989698,0.24678325081413405,-0.30316278789435175,0.21763764082403103,0.4111794407577839
2022-02-19,-0.5102672999739685,0.5275401608012273,-0.2648235000968503,0.25,0.4416355700318916
2022-02-20,-0.5917610341045113,-0.22443392335883958,-0.1099845555924142,0.2871745887492588,0.41560788737905596
2022-02-21,-0.709335805871019,0.2690749448533313,-0.48197291070520687,0.3298769776932236,0.42233818527463085
2022-02-22,-0.8803127237961367,0.036126414045794406,-1.1769891289884107,0.37892914162759955,0.3854241526100253
2022-02-23,-0.7377434236369633,1.8217936609275058,-0.8869222560932888,0.4352752816480621,0.48745239134028157
2022-02-24,-0.6265635753717474,2.565148488006967,0.19229687405039372,0.5,0.5715201777771869
2022-02-25,-0.5400385968697311,1.0710905192196085,0.08245366242890378,0.5743491774985175,0.522527030548576
2022-02-26,-0.3544854478401805,-0.717273645013758,-0.5264694071436515,0.6597539553864472,0.4528953480049268
2022-02-27,-0.5180675239360494,-0.7887007216462991,-0.8156839381343773,0.7578582832551991,0.4440889128861349
2022-02-28,-0.7347261032798094,-0.9973676786882125,-1.2045522575673537,0.8705505632961241,0.42489211574484403
2022-03-01,-0.431389952872052,-0.579094607038022,-0.35610850378799774,1.0,0.5102414443890123
2022-03-02,-0.7686037367149434,-0.4510634584590829,-0.9690623610267288,1.0,0.472663361415651
2022-03-03,-0.1854177469548271,-0.7182858274881785,-0.9221658354778152,1.0,0.5019713795417436
2022-03-04,0.004855691766980938,-0.9316815074745459,-0.058086754082256165,1.0,0.5345674248369507
2022-03-05,-0.6915520663469796,-0.9511377334604474,-1.0085822355516367,1.0,0.45564638216429487
2022-03-06,-0.7226695084121526,-0.8731731775354252,-2.305061694981795,1.0,0.4136044272091539
2022-03-07,-0.669091188704862,0.23662115760304578,-1.271679799615567,1.0,0.49786380899928395
2022-03-08,-0.30824943343935846,0.6829191180677223,-1.1482635562270629,1.0,0.5446295491492957
2022-03-09,-0.4032142954109605,0.3442164812561751,-0.7140491895779076,1.0,0.5386597607056797
2022-03-10,-0.5381921686117208,0.695843825425932,-0.3938904177940841,1.0,0.5549843342254963
2022-03-11,-0.5882099560125826,0.1999227791181003,-0.5862718220212302,1.0,0.5245737246617077
2022-03-12,0.03674961700983357,-0.5051543863438276,0.2607637059697699,1.0,0.565093998568655
2022-03-13,-0.15599224454477104,0.6963073375495868,0.418141310949052,1.0,0.6075513664598832
2022-03-14,-0.09270989880104062,-0.9319784556727787,-0.07873843156902527,1.0,0.527362290041264
2022-03-15,-0.3873066607936448,-0.6402152040045204,-0.9916399919880897,1.0,0.48944925604729894
2022-03-16,-0.81963199106539,-0.37279447318878756,-1.4531860384834026,1.0,0.45638522959666117
2022-03-17,-0.8438071933617677,-0.41636957220225124,-1.848152049422861,1.0,0.4397923866200263
2022-03-18,-0.930230185360781,-0.4369216042874267,-1.8940570515597925,1.0,0.43164435241197874
2022-03-19,-0.9532371040798846,-0.5473718571144148,-2.148205260780763,1.0,0.4170368569888816
2022-03-20,-0.9193837188262295,1.2162011944797066,-2.205249431321944,1.0,0.49087448747084106
2022-03-21,-0.7315465285259062,0.6990047459215082,-1.2407323617056794,1.0,0.5139976837881465
2022-03-22,-0.8213398621297553,0.37932464673680455,-1.6124303913029132,1.0,0.48230152309528607
2022-03-23,-0.8927648918715871,-0.08610582277586347,-1.426141905809574,1.0,0.4643565343992475
2022-03-24,-0.8245470851107896,-0.23450999272702122,-1.3431215655970106,1.0,0.46548822577575455
2022-03-25,-0.8478745555475905,-0.2312229403370661,-1.316725869773408,1.0,0.4649498781236693
2022-03-26,-0.6259673785109408,-0.6897305180227767,-1.4960860406701493,1.0,0.4546605351593166
2022-03-27,-0.35849093579911073,-0.26965891241223217,-1.022926260104704,1.0,0.5057672742593928
2022-03-28,0.7109668862088905,-0.74734305404929,0.26999548437391957,1.0,0.6002583479743363
2022-03-29,0.8230938801382162,-1.2922515378943698,0.47103268849073054,1.0,0.5917302008799733
2022-03-30,0.07803018716690666,-1.4741731715725004,-0.46898314310277933,1.0,0.5031453588921803
2022-03-31,-0.7654370912927766,-1.4163248812972729,-1.3888560142793578,1.0,0.4186621233837833
2022-04-01,-0.6116854686526769,-0.0633454900042339,-1.4713238057352194,1.0,0.4825374464818045
2022-04-02,-0.2787354252216556,-1.242395282114001,-1.4652917626732722,0.8705505632961241,0.43639069396911584
2022-04-03,-0.5043313122671952,-1.0340483172339738,-1.8863324835580517,0.7578582832551991,0.39909355900044957
2022-04-04,-0.0271497237637925,-0.0936174723065269,-0.8797606276759358,0.6597539553864472,0.48892702945507777
2022-04-05,-0.2742634766056079,-0.16398272385323287,-1.2234392355467048,0.5743491774985175,0.44525422350562893
2022-04-06,-0.2182030011907065,-0.8306050194777073,-1.395373976419304,0.5,0.40433212489507164
2022-04-07,-0.2553873477697354,-0.8312011201315851,-1.2080261542125137,0.4352752816480621,0.39836455058332715
2022-04-08,-0.18278659815694048,1.7244500798751723,-1.1500804151274773,0.37892914162759955,0.5031696708575601
2022-04-09,-0.1434298144871029,-0.07173425632704251,-1.4573467588816928,0.3298769776932236,0.41335240637849346
2022-04-10,-0.036223616609161104,-0.8204643963146334,-1.5609004358666136,0.37892914162759955,0.39320843242819903
2022-04-11,0.4134628785447524,-0.875707041214673,-0.9369665432996138,0.4352752816480621,0.45013547265626097
2022-04-12,0.2356833102584317,-1.1206246527243795,-1.4167953891962068,0.5,0.4217930138471728
2022-04-13,0.07037233627313726,-1.1047694394031151,-1.1959865847311624,0.5743491774985175,0.42994558624348495
2022-04-14,0.08827198512734086,-1.2571472000713277,-1.0981403261078837,0.6597539553864472,0.4408620814432217
2022-04-15,0.14538127901943998,-0.1576388984662436,-1.3905349390529878,0.7578582832551991,0.49545137568504943
2022-04-16,-0.34703200065349027,-0.32476185232117594,-1.8642524578397583,0.8705505632961241,0.4567736253428117
2022-04-17,0.005796116889846381,-0.34414234199900634,-1.858336942603749,1.0,0.4991025787892396
2022-04-18,0.25127431488312396,-0.005487792636926382,-0.4153118754552708,1.0,0.5776792337838274
2022-04-19,0.2938456677488246,1.4374260288044298,-0.39991261201481143,1.0,0.6411520419829458
2022-04-20,0.7106633284755263,0.07335667713566385,-0.4256065891217781,1.0,0.6112471971416285
2022-04-21,0.04033805574747588,0.6383282474353166,-1.1687514377924606,1.0,0.5653278327665545
2022-04-22,-0.02738149565152131,0.34639910593371387,-1.2945518907276692,1.0,0.5444561333462143
2022-04-23,-0.6123482258295591,0.5740047501195339,-1.3810494020318713,1.0,0.512058669465281
2022-04-24,-0.60003732639777,2.534980887826431,-1.0812963816564096,1.0,0.6045785025110363
2022-04-25,-0.39685024262416035,2.4939838724938843,-0.8201911229534424,1.0,0.6251196077471864
2022-04-26,-0.4992725948205745,2.744349625589452,-0.8755379833162411,1.0,0.6268784619676475
2022-04-27,0.012530312460852063,1.1118875546266562,-1.1208157417427747,1.0,0.5848034775487416
2022-04-28,0.26437606921959794,-0.13459379543237368,-0.6438836556323129,1.0,0.5655542079505472
2022-04-29,0.2396103320077423,0.20118636672261728,-0.8757296057902456,1.0,0.5701658005542838
2022-04-30,-0.3939043096923658,-0.494235352064109,-1.486392721417441,1.0,0.47860014897058967
2022-05-01,-0.28946864419369533,-0.2525182776916603,-1.656513217268751,1.0,0.4899633882409762
2022-05-02,0.24193984942557828,1.7939199497754157,-1.0995410111814519,1.0,0.6292246208296324
2022-05-03,0.13641537313494262,1.5461451023821848,-0.8238176753063841,1.0,0.6210564816313744
2022-05-04,0.20606326041980605,2.11617385996255,-0.8216163820621768,1.0,0.6495242487910208
2022-05-05,0.7792793880193823,1.0627955746446005,-0.8180271601638215,1.0,0.6439675361393564
2022-05-06,0.20861890740696634,-0.1956720219298184,-0.8882295099334068,0.8705505632961241,0.5317298604100271
2022-05-07,0.26602855119348434,-1.103834867212883,-1.176213032034281,0.7578582832551991,0.47121375869949933
2022-05-08,0.5090419016958125,-1.1256587745825357,-1.5039284832322863,0.6597539553864472,0.46086582170567275
2022-05-09,0.6942893664025095,-0.6288784633871547,-0.8381453635258118,0.5743491774985175,0.5032968862929531
2022-05-10,0.7013874329636305,1.0801431487454847,0.08582808494233657,0.6597539553864472,0.6185891562013488
2022-05-11,0.2717101225741763,1.7454455276266616,0.6876998644686316,0.7578582832551991,0.6524429764599569
2022-05-12,0.21916258432343833,1.9319484176419361,0.9178657764068252,0.8705505632961241,0.6812868000646226
2022-05-13,0.30679838441770385,2.542067690886942,0.8041372741439525,1.0,0.7281772885529346
2022-05-14,0.39213521424627407,1.7991659338192887,0.24675036157580854,1.0,0.6843326069114156
2022-05-15,0.6365712639050841,1.518500512217404,0.37429207894391303,1.0,0.6931853415675279
2022-05-16,0.766144860231699,1.282355328219038,0.5919382055736742,0.8705505632961241,0.6798216540381143
2022-05-17,0.5749123735997359,1.7327182716831542,0.15011062640924608,0.7578582832551991,0.6542065162620352
2022-05-18,0.3845836234805958,0.6939228316270202,-0.28024783350934424,0.6597539553864472,0.5691738584074878
2022-05-19,0.8836782593702556,2.9342743662083404,1.1144049524049928,0.5743491774985175,0.7294725242549752
2022-05-20,1.1914174118160155,4.110810055748677,2.4432830355525152,0.5,0.7858705953061516
2022-05-21,3.6971359594599393,1.3061771286147157,2.416168165492367,0.4352752816480621,0.825254278122568
2022-05-22,2.542282884103686,0.4028422354274245,1.382197642836987,0.37892914162759955,0.7141832447550946
2022-05-23,0.5027533739780273,0.11425711203873383,0.40701094850511665,0.3298769776932236,0.5263261828709699
2022-05-24,-0.06023150068262284,-0.4880854967835316,-0.6429971331656055,0.2871745887492588,0.42229062146204666
2022-05-25,0.35630618512151613,-0.40665029536447983,0.1406968213671188,0.25,0.47399987741348504
2022-05-26,0.4346391020996975,0.38357150889007763,0.23225354296967918,0.21763764082403103,0.5103455172329937
2022-05-27,0.6557314083050381,0.0584552623434366,0.02988381584252066,0.1894645708137998,0.5005668759681331
2022-05-28,0.531945591850924,-0.062433673684476124,-0.5966954338881141,0.16493848884661183,0.46271256191726307
2022-05-29,0.24685183614140346,0.5063818885781037,0.7889337143186813,0.14358729437462942,0.5103919190669984
2022-05-30,2.3216275547231815,0.16945610655939053,3.138956226461312,0.12500000000000003,0.7055858414215201
2022-05-31,0.6427393937711325,-0.8907816306385927,2.2762267780884216,0.14358729437462942,0.5281457117339428
2022-06-01,2.21472914774441,0.2877574350007535,3.571138470241629,0.16493848884661183,0.7093792763016507
2022-06-02,0.8999302661858332,-0.0885805026556565,2.1955378656711746,0.1894645708137998,0.582908777946179
2022-06-03,0.7304257218438093,-0.6332439002121776,1.1969002450905444,0.21763764082403103,0.5198522065740361
2022-06-04,0.2666625511662489,-0.8037859762231481,0.3956847461530552,0.25,0.45997591260688725
2022-06-05,0.05592793587707688,-0.5244563742476479,0.4166224398470528,0.2871745887492588,0.4638397831054437
2022-06-06,1.3711287203194031,-0.2291414389416011,1.4312865366581722,0.3298769776932236,0.6040521192746494
2022-06-07,0.44651180008189484,0.28047056115036917,0.995686425928848,0.37892914162759955,0.5564826454951599
2022-06-08,2.3453145152443757,-0.09102615896631641,2.1059963195396842,0.4352752816480621,0.713052713957894
2022-06-09,0.7984210230278851,-0.36855895499321145,1.1996954321167106,0.5,0.5778612928143655
2022-06-10,1.2949675496038593,-0.4966524237517924,0.699267646296609,0.5743491774985175,0.6000986171519305
2022-06-11,0.272992137188917,-0.563180445471174,-0.12879487656091268,0.6597539553864472,0.5144035546738989
2022-06-12,-0.08259682696716274,0.3411388662926149,0.8251641044155702,0.7578582832551991,0.5748918769331803
2022-06-13,2.7812970793717837,0.3401185402414564,3.878303103167043,0.8705505632961241,0.855173995629265
2022-06-14,2.611471972878385,2.555231552024478,3.1561061666797916,1.0,0.955566112859579
2022-06-15,3.399706714230568,3.049345812625449,3.6151840504065587,1.0,1.0
2022-06-16,2.871846814553039,1.6140457561377541,2.760441767240021,1.0,0.9257230863839431
2022-06-17,2.5394481786213055,0.07475321361163863,2.7677409222049625,0.8705505632961241,0.8202518777098227
2022-06-18,0.460409440111599,-0.5023300404749248,1.5911987548405246,0.7578582832551991,0.6014822453039488
2022-06-19,-1.265563340857002,-0.005659316685257807,-0.42816611492091766,0.6597539553864472,0.4250841952249173
2022-06-20,-0.22813506205109568,0.7176320450873592,0.9333132668268835,0.5743491774985175,0.556955149927574
2022-06-21,0.10186335057499053,2.2157560259616607,2.276060782196749,0.5,0.6749827505266269
2022-06-22,-0.6071944535618846,3.396709892895635,2.128246356657149,0.4352752816480621,0.6457532072316553
2022-06-23,-0.9214394671274616,1.730823192069508,1.0686610164504886,0.37892914162759955,0.5281497403202217
2022-06-24,0.5520947977492723,0.5346892449932202,1.7356646961390483,0.3298769776932236,0.5914220749166208
2022-06-25,1.2240843041030245,0.48312398879636453,1.4909153211151975,0.2871745887492588,0.6195091521562789
2022-06-26,1.3017080946710196,-0.0767047289506355,1.4780364860748525,0.25,0.5953523921409533
2022-06-27,-0.013207028006592217,-0.2398993514299043,1.020983149656907,0.21763764082403103,0.48080214293548273
2022-06-28,-0.7599429236790336,0.2716958555272012,0.9816347945488265,0.1894645708137998,0.44679864450872875
2022-06-29,0.8472351423206873,0.12050829253523343,1.7314998029783015,0.1894645708137998,0.5726398673983606
2022-06-30,-0.6766026766219877,0.5272492976815405,1.0854175604732905,0.21763764082403103,0.4706881071013127
2022-07-01,3.7232833921745248,-1.0985453276620625,2.1182134371610815,0.25,0.6873343925861168
2022-07-02,0.7445646394881847,-0.6844707193432734,1.4745922521933001,0.2871745887492588,0.5383472927120747
2022-07-03,0.7220667262570815,-0.4028346638753134,1.1454784050554756,0.3298769776932236,0.5440171642448335
2022-07-04,0.3866695038192411,-0.18205040527319472,1.132059476395334,0.37892914162759955,0.5377672204922174
2022-07-05,1.7092027553390408,0.19439767437438527,1.7233151138746132,0.4352752816480621,0.6697818828312319
2022-07-06,1.9245249455453473,0.005503605688986485,1.6089713857856411,0.5,0.6821633594662522
2022-07-07,-0.3202700754180955,1.3756234459704477,1.5048879347499793,0.5743491774985175,0.5972816130040058
2022-07-08,0.4671587558273892,0.44506828509164215,1.120351793918647,0.6597539553864472,0.6109965820392329
2022-07-09,-0.7940590339898665,-0.11644425960045222,0.46097128884577915,0.7578582832551991,0.4962553390337959
2022-07-10,-0.8381452193964417,-0.3920277189056791,0.4869891412141018,0.8705505632961241,0.4996047196207226
2022-07-11,0.7776700536293674,-0.01903702027353069,1.5255985410776651,1.0,0.6769047457664829
2022-07-12,1.046898957922451,-0.46046831723440623,1.9345091362788003,1.0,0.6900907218526898
2022-07-13,1.321954885853843,-0.8244125775187667,1.6352328675951813,1.0,0.6832875639134804
2022-07-14,1.0046941482723364,-1.0689245448345392,1.4514391378987896,1.0,0.6458223917800097
2022-07-15,1.1783688519501314,-1.0974223725256451,0.9703421220292672,0.8705505632961241,0.6207593131701679
2022-07-16,-0.13337355423085884,-0.6813871760468082,0.46358048907516686,0.7578582832551991,0.5168487228401111
2022-07-17,0.5266282706925496,-0.729709078691213,0.362942278697383,0.8705505632961241,0.5723846668850341
2022-07-18,0.9319194913490237,-0.8717626114113199,1.5144817790190357,1.0,0.6512872499150978
2022-07-19,4.011407558899714,-1.4597865067891753,2.007371270395962,1.0,0.7810879378969832
2022-07-20,4.157025871908985,-1.2770175161754105,2.2648667781020415,1.0,0.7972864960960927
2022-07-21,4.2379846502395795,-1.370133451760863,2.072938805322091,1.0,0.7870090663540338
2022-07-22,4.1095253801124265,-1.4500868619515679,1.9649516989727842,1.0,0.7800781040511109
2022-07-23,3.0067962981725582,-1.3676316045587658,1.3442275161798962,1.0,0.7628229336827147
2022-07-24,3.0059010489594735,-1.2572848758938309,1.6101190639540843,1.0,0.7762837656362266
2022-07-25,1.6113608627413456,-1.3490191139951853,1.2009011170500747,1.0,0.6662449650012928
2022-07-26,0.673777126299095,-1.1855027485111187,0.5044525352241205,0.8705505632961241,0.5679201962338657
2022-07-27,1.1037720664147959,-0.9777930498502451,0.9275580252818764,0.7578582832551991,0.6024407706815686
2022-07-28,1.4608860203949385,-1.1778480789414731,1.4261346577948695,0.6597539553864472,0.6198163133048973
2022-07-29,0.6264269498350373,-0.9905802020175916,0.6818945478782058,0.5743491774985175,0.5343698164589873
2022-07-30,0.738396081285364,-1.1697461053501812,0.3761570809645523,0.6597539553864472,0.5369886470362188
2022-07-31,-0.36181481127466647,-1.2559198227343993,-0.2352401423277024,0.7578582832551991,0.4543864243784454
2022-08-01,0.3739160559466174,-0.12761003437626078,0.7360809634328744,0.8705505632961241,0.5997292689062781
2022-08-02,1.51097726114513,-0.5773938779452997,1.5567959576761015,1.0,0.703566937751158
2022-08-03,1.7863665765637315,-0.3621338545289734,1.618401614590177,1.0,0.7329489149852141
2022-08-04,2.666735976419247,-0.41041022787024584,1.5662206684716646,1.0,0.7878893278824118
2022-08-05,1.094748561235244,-0.7907096732602658,1.2386945887091372,1.0,0.6563268206534765
2022-08-06,0.8401159282455257,-0.22690981479215624,1.0021314253713125,0.8705505632961241,0.635540118273491
2022-08-07,1.4521685726030484,-0.4767835229826655,1.0423466600308495,1.0,0.6866901467169538
2022-08-08,3.060330210550377,-0.7855186147662724,1.5798885982109938,1.0,0.7949330109917719
2022-08-09,2.9766467834709074,-1.0862956699283555,1.3770108330219197,1.0,0.7740811604184431
2022-08-10,1.023462172749732,-0.3518321192398517,0.7728208366355885,1.0,0.6543318344361747
2022-08-11,0.39347323251830063,-0.8103304605913669,0.49632928523720177,0.8705505632961241,0.5645946736455718
2022-08-12,-0.09001839607839857,-0.8201612127259787,-0.2754835770265249,0.7578582832551991,0.4893213463185867
2022-08-13,-0.7284373592284967,-0.8484150246968388,-1.077489339997558,0.6597539553864472,0.4041336653304471
2022-08-14,-0.7239718288419493,-0.8514628645770262,-1.2735436731435537,0.5743491774985175,0.38495851290648647
2022-08-15,-0.3433068214721068,-0.5782524184170081,-0.6077354123995575,0.5,0.4327611807211656
2022-08-16,-0.44440824824052677,-0.11759544452619013,-0.38404958032947356,0.4352752816480621,0.4429626128316005
2022-08-17,-0.11340540847969624,-0.253163840512568,-0.40733068217615653,0.37892914162759955,0.4501528279182647
2022-08-18,0.5236265205069622,-0.30424332029797696,0.07867169253886329,0.4352752816480621,0.5151453116865532
2022-08-19,0.855369894631977,-0.8421270547177576,0.44342702328698375,0.5,0.536716933138458
2022-08-20,0.4394354957232081,-1.1614109779480861,-0.08242570764902124,0.5743491774985175,0.48930842867018726
2022-08-21,-0.15386038899024004,-1.2586948318513473,-0.7415591892549275,0.6597539553864472,0.4365414764063141
2022-08-22,-0.2374984028182739,-0.7143036238795482,0.09394559706611144,0.7578582832551991,0.4962143845409508
2022-08-23,0.4556547558689601,-0.6442021376265605,0.3960713394780757,0.8705505632961241,0.5723201904671784
2022-08-24,1.172599929335236,-0.8289327694239438,0.6385146859890388,1.0,0.639918286095986
2022-08-25,1.4984644926967745,-0.9842824341215339,0.5351747293079846,1.0,0.651725022401654
2022-08-26,0.7074144196811119,-0.8750949509083836,0.5415074578241574,1.0,0.60374892028503
2022-08-27,0.10252509332358488,-0.8183763635764387,-0.04451587962673658,0.8705505632961241,0.5268347129127482
2022-08-28,0.14268865363962477,-0.605047895981252,0.5004872227161525,0.7578582832551991,0.5396638978222412
2022-08-29,1.9437169779195662,-0.7197730449170251,1.1066566253583814,0.6597539553864472,0.6604422358096748
2022-08-30,1.1285318537048934,-0.7913524565476273,0.5863276348203763,0.5743491774985175,0.572959069009632
2022-08-31,-0.20946552701410107,-1.0729246664454644,-0.5041719538864349,0.5,0.4245247053009511
2022-09-01,0.001990926514257051,-0.13063139777339136,0.3096505597007878,0.5743491774985175,0.5161638154751964
2022-09-02,-0.4212699181340204,0.66540675665047,-0.07027948722460899,0.6597539553864472,0.5212610640519817
2022-09-03,-0.10258160515656661,0.26647212910820894,-0.764180170031077,0.7578582832551991,0.5174703018563149
2022-09-04,-0.021338560983866123,-0.937794929395143,-1.0642584705945723,0.8705505632961241,0.47960994268421087
2022-09-05,-0.6216659872671653,-0.638346117968688,-1.2557750777727779,1.0,0.4650986766744011
2022-09-06,-0.7419051144283249,0.19941008706427374,-0.8853211476894685,1.0,0.5043377077428075
2022-09-07,-0.9156290991444926,0.19044339510260297,-1.3276851156941547,1.0,0.4776370309965038
2022-09-08,-0.4953643544326892,0.05281885874835815,-1.0137631068944992,1.0,0.5103843919225189
2022-09-09,-0.5680150900535581,0.6030280488282415,-0.7444248893985715,1.0,0.5374443330509872
2022-09-10,-0.9393601924209769,0.8173240742105153,-1.7101482962845989,0.8705505632961241,0.4700087982156383
2022-09-11,-1.233412273395345,0.16165575866956777,-2.157972894878663,0.7578582832551991,0.39125448437720006
2022-09-12,-0.35952366503373945,-0.2597570997429881,-1.0943809575500223,0.6597539553864472,0.4526922712314259
2022-09-13,-0.5441910252905697,0.4533360826964374,-1.3990326984385555,0.5743491774985175,0.4471275551031394
2022-09-14,-0.4295735757589182,0.8895893713884911,-1.356181513864526,0.5,0.4632219349617751
2022-09-15,-0.8142867211283173,2.0559207941751456,-1.3407682799800802,0.5743491774985175,0.49783768564085157
2022-09-16,-0.844268185244472,1.906254566519023,-1.3645386815173104,0.6597539553864472,0.5016211985127179
2022-09-17,-0.7967691253185327,1.3252258475496765,-1.6749201952915762,0.7578582832551991,0.484947871271895
2022-09-18,-0.07897848548367375,0.23570517775633576,-1.0064192412537671,0.8705505632961241,0.5265910931602288
2022-09-19,0.36898893375049846,0.36288600584481767,-0.5158654260091154,1.0,0.5975239982932634
2022-09-20,-0.1509277253943997,1.8487468854289395,-0.3696427194441366,1.0,0.629647847885108
2022-09-21,-0.6261420616261806,3.253954625635217,-0.02259823217526829,1.0,0.6575039214857458
2022-09-22,-1.3328515789988515,3.50641492471014,-0.9899869115951484,0.8705505632961241,0.5587262488413236
2022-09-23,-1.5921143546847056,1.085285262601689,-2.666024874028573,0.7578582832551991,0.3888905089834175
2022-09-24,-1.7181979871608843,0.33310766812696246,-3.0718381840165283,0.6597539553864472,0.32329604700253156
2022-09-25,-1.756417853801122,0.24120210963760327,-2.7234706584132016,0.5743491774985175,0.3133255856591629
2022-09-26,-1.6433662893630074,0.8051605970230808,-2.2585011545479543,0.5,0.3487072337668294
2022-09-27,-1.5556028673299551,0.9253113022480322,-2.2809221188160143,0.4352752816480621,0.3491083347250132
2022-09-28,-1.4180682656871384,1.7666910216724474,-2.2515785389684955,0.37892914162759955,0.38586099480239955
2022-09-29,-1.3355646705364315,-0.07837177951419881,-2.2153444591031177,0.3298769776932236,0.3083335958350259
2022-09-30,-1.4949465184885236,-0.7927323091322886,-2.2007605389968785,0.2871745887492588,0.2620238895660793
2022-10-01,-1.4566616529591552,-1.0189273645040626,-2.402085765420741,0.25,0.2428643907676957
2022-10-02,-1.4366916018187452,-0.4235848903195485,-2.231738541087141,0.21763764082403103,0.2698255508694691
2022-10-03,-1.296809946905553,1.1217948954319956,-1.7475030780736098,0.1894645708137998,0.35545704053557925
2022-10-04,-1.3701312037554372,2.3190944674017056,-1.6592781069395124,0.16493848884661183,0.39971835898704994
2022-10-05,-1.3396991456997087,1.5267066038373704,-1.675980582238711,0.14358729437462942,0.3649715735281472
2022-10-06,-0.9606820134682794,1.2367337608791338,-1.6094645685276698,0.12500000000000003,0.37758628685448964
2022-10-07,-0.9860789433803102,0.11601527448950887,-1.659362302368214,0.10881882041201553,0.3251061198612374
2022-10-08,-1.2403992817682092,0.22743039036934698,-1.7949219470447475,0.09473228540689989,0.30616209205705225
2022-10-09,-1.0431604838293307,0.37530345139684074,-1.9139904264669334,0.0824692444233059,0.31966431733417777
2022-10-10,-1.0270341657821198,3.093662312308135,-1.5082989447547657,0.0717936471873147,0.4420234712007971
2022-10-11,-0.849417872531592,0.3506441608754856,-1.4443418760965194,0.0625,0.34421258599782184
2022-10-12,-0.989951498144267,0.3734416524679532,-1.3767016921475013,0.054409410206007765,0.3368346574358647
2022-10-13,-0.7679970955839661,0.21953748579830631,-1.3374792860324156,0.047366142703449944,0.345469867407102
2022-10-14,-0.9904588178814321,1.0761905351338117,-1.3927337843805379,0.04123462221165295,0.3635714182908767
2022-10-15,-0.9902265602205405,1.5502103510086327,-1.6116267607679922,0.03589682359365736,0.3752406254574392
2022-10-16,-1.015344247689939,1.2865959408647836,-1.543684346408477,0.03125,0.3641499028097541
2022-10-17,-0.7362421377836735,1.3786016713871658,-1.1023510253961066,0.027204705103003893,0.4006945987078008
2022-10-18,-0.5676387473391403,1.4965593328664877,-0.9391055092092524,0.02368307135172497,0.4217629994426113
2022-10-19,-0.41222598419452944,2.01168193093088,-0.8685291696046519,0.020617311105826482,0.45547997252153694
2022-10-20,-0.3520705617036018,1.8544854671667181,-0.7171680763230522,0.017948411796828663,0.4575855162437957
2022-10-21,-0.6018760076100881,0.9581265206017725,-0.8598750760404924,0.015625000000000007,0.39847811864971827
2022-10-22,-1.2019609235637483,0.06406745380434925,-1.3726229899919844,0.013602352551501933,0.3038250022205905
2022-10-23,-1.0119319263487154,-0.6619865819319855,-1.345641014898723,0.01184153567586249,0.28687662718434154
2022-10-24,-0.7872417488509976,-0.6426294406226907,-1.007859209927587,0.01030865555291324,0.31369198138600557
2022-10-25,-0.6633188070623857,-0.5490598804773469,-0.9917314345928018,0.008974205898414338,0.32618966757428697
2022-10-26,-0.6301313642997213,-1.0133550776780171,-1.0030308387625446,0.01030865555291324,0.3088800511842867
2022-10-27,-0.8544659045755945,0.672562209746388,-1.0542539911561186,0.01184153567586249,0.36269346241390193
2022-10-28,-0.6252029281144988,-0.4204523884451262,-0.8681275801166799,0.013602352551501933,0.3389037221526558
2022-10-29,-1.047114889375416,-1.097093337645961,-1.1732634715229384,0.015625000000000007,0.2727150859222926
2022-10-30,-0.7610916510462944,-1.2691429160262848,-1.2307400628651162,0.017948411796828663,0.283047194769839
2022-10-31,-1.1192843565823007,-1.3243314287030095,-1.2769916894255482,0.020617311105826482,0.25572677371691027
2022-11-01,-0.8221277356526138,-0.7976127782261185,-0.8759661259128023,0.02368307135172497,0.3113112083694028
2022-11-02,-0.9482700379278163,1.5627446986245306,-0.90339188402231,0.027204705103003893,0.4008640028788746
2022-11-03,-1.1746757468684457,0.9352175398644091,-0.9018070883617665,0.03125,0.3602829447577285
2022-11-04,-1.2736674837421595,0.46415007226819816,-0.9699972082275797,0.03589682359365736,0.3324797040264935
2022-11-05,-1.6252937178209586,3.494874767703755,-1.0886717169416191,0.04123462221165295,0.41154322157896345
2022-11-06,-1.172148884274966,4.4882615840642694,-0.9215092012885919,0.047366142703449944,0.4482446890775667
2022-11-07,-1.0241128419082042,5.0,-0.6237888170318612,0.054409410206007765,0.46909426150262556
2022-11-08,-0.8516880334684467,1.8868317540827253,-0.6785319259741088,0.0625,0.4335960566564135
2022-11-09,-0.6853934002022815,0.8351588495643135,-0.6201069844961591,0.0717936471873147,0.4042042063132529
2022-11-10,-1.023067345309924,-0.4277389868254174,-0.6811475668076298,0.0824692444233059,0.3286385202981876
2022-11-11,-0.9709562363652302,-0.15520546924651255,-0.6109862220919093,0.09473228540689989,0.34764632509835136
2022-11-12,-1.1351726342222976,1.0654625177938417,-0.7630505156624748,0.10881882041201553,0.3846039018329767
2022-11-13,-0.4068019482605425,2.079061038786188,-0.44916636202231625,0.12500000000000003,0.4882852013313111
2022-11-14,0.1939718317560296,3.591922886601384,0.026098617132616263,0.14358729437462942,0.585339503511017
2022-11-15,0.3087193930745833,1.9276405806438321,0.27117960731162294,0.16493848884661183,0.5596797439691777
2022-11-16,-0.2919909047740596,0.27626611259682626,0.16942375855994268,0.1894645708137998,0.4511121719473319
2022-11-17,0.06772650153759911,0.2934673863103403,0.49687248684097063,0.21763764082403103,0.4909509702170745
2022-11-18,0.4576019381686543,0.1663232864428756,0.4781279295064453,0.25,0.5158745304632449
2022-11-19,-0.24364802478252598,-0.6977130274604628,0.30529009644480976,0.2871745887492588,0.4329379470641948
2022-11-20,0.15691961545896085,-0.9006029833596798,0.4675620534606954,0.3298769776932236,0.4630031318266175
2022-11-21,0.7435502486198818,-0.8618012063837799,1.0193992391921562,0.37892914162759955,0.5294809788592131
2022-11-22,0.39217311301418306,-0.8163433872653753,0.605939941879111,0.4352752816480621,0.502619856708068
2022-11-23,-0.20514801998887502,-0.8920186476609523,0.2626482400014571,0.5,0.4579109630149173
2022-11-24,-0.8263912487248317,-0.8862986847340553,-0.33816153958903095,0.5743491774985175,0.40785846352623556
2022-11-25,-0.7772931023689894,-1.033359976332123,-0.8015568073487916,0.6597539553864472,0.40236832722456967
2022-11-26,-0.7000932893584882,-1.0131254602209248,-0.8075956973461479,0.7578582832551991,0.42287243911030387
2022-11-27,-0.6202119473861605,-1.0325867452681774,-0.5848801782992559,0.8705505632961241,0.4517146676725253
2022-11-28,-0.05504161906738652,-0.6469402793432468,0.19891293496191886,1.0,0.5510051449216029
2022-11-29,-0.18000415799926814,-0.8609932986053661,0.255879914192699,1.0,0.5356543324979153
2022-11-30,-1.093705605024475,-0.9013503380708143,0.19791813349167608,1.0,0.4711273000284736
2022-12-01,0.14229311592837565,-0.2015799507852624,1.1204364749996085,1.0,0.6134349256124928
2022-12-02,-0.03877485915988946,-0.039494569664388475,1.3423894951469926,1.0,0.615515718824891
2022-12-03,-0.9409485353330401,-0.4804079981717763,0.25542212126913844,1.0,0.5007671684296112
2022-12-04,-0.7489758028626169,-0.28990689412829856,0.5514649426899939,1.0,0.5313709906434796
2022-12-05,-0.2718020383734386,0.21468368682024125,1.5582460140560166,1.0,0.6177665515278148
2022-12-06,-1.226625848251918,1.2179438210866913,0.8639244107455559,1.0,0.5727700830200028
2022-12-07,-1.0616347350215039,0.2912162137132272,0.3546112715214091,1.0,0.5281787356206645
2022-12-08,-0.621324691518572,0.3166741835187602,0.4827506173034035,1.0,0.5628647987888237
2022-12-09,-0.5875397964849827,0.03405654790740261,0.540760748005538,0.8705505632961241,0.5358576458250796
2022-12-10,-0.2096829309590458,-0.6606445016789713,0.42454943635626957,0.7578582832551991,0.511324674066262
2022-12-11,-0.1256223089939165,-0.957279842447646,0.3229707725261298,0.6597539553864472,0.48646730502392505
2022-12-12,0.7740229941491547,-0.835197647154543,1.401782070705905,0.5743491774985175,0.5746800766268121
2022-12-13,1.7645245895817208,-0.8654576497998004,1.530053792509176,0.5,0.6325760303140956
2022-12-14,3.0250426117945883,-0.6315270507364642,1.6360545333474128,0.4352752816480621,0.7185128162447705
2022-12-15,1.5944502019162303,-0.7060929768443879,1.3414644435137735,0.37892914162759955,0.6034309921204982
2022-12-16,0.9982831801612569,-0.7811589274373197,1.1056450695471332,0.4352752816480621,0.5611500512663092
2022-12-17,1.6190220030092493,-0.9089795256092369,0.9009797987353076,0.5,0.6000933132580752
2022-12-18,3.036248838494515,-0.8113802276686507,1.421639513002056,0.5743491774985175,0.724732850905319
2022-12-19,3.819683993883164,-0.7842903506795853,2.1954280769432106,0.6597539553864472,0.7644652645944248
2022-12-20,2.629593860747102,-0.7753531937573467,2.183942708928809,0.7578582832551991,0.7544767070958243
2022-12-21,1.2018068217991904,-0.8296801703724158,2.3625243704088863,0.8705505632961241,0.6798838445291435
2022-12-22,0.07931295403939082,-0.7501605251303745,1.5449914331011307,1.0,0.6005305561588982
2022-12-23,5.0,-0.40850717550452814,3.7943874429669275,1.0,0.8579788676873114
2022-12-24,5.0,-0.3343226308004472,3.430561556205382,1.0,0.8610698903833148
2022-12-25,5.0,-0.789844894831043,2.480813933185923,1.0,0.8247835938215707
2022-12-26,4.976052549445101,-0.7560888714414854,1.6236347487816152,1.0,0.797617455315992
2022-12-27,3.2690162969248306,-0.738837483619319,1.5099860459216374,1.0,0.794547973046583
2022-12-28,2.018559410967388,-0.37109815086012543,1.296915121533502,1.0,0.7373387084964375
2022-12-29,-0.05957048866073701,-0.5372134583449361,0.6676494827902995,0.8705505632961241,0.5514823072456738
2022-12-30,-0.5110248597761716,-0.5883361528131544,-0.01531925452718237,0.8705505632961241,0.496489612324553
2022-12-31,-0.698445634408664,-0.453668740260674,-0.651844452675961,1.0,0.4878059451060289
2023-01-01,-0.7619365464438561,-0.7998641973747783,-0.9698791782498593,1.0,0.4585472494047985
2023-01-02,-0.6187477574139669,-0.6183351675219099,-0.5225964732525202,1.0,0.49056630175057203
2023-01-03,-0.732597221432054,-0.6967135041292599,-0.25070486866660274,1.0,0.4887736269435905
2023-01-04,-0.741989574019741,0.0654198473346683,-0.27895274677952087,1.0,0.5189614304783111
2023-01-05,-0.5659867273464171,0.09010232036909632,-0.04475473910606684,1.0,0.5395299902220823
2023-01-06,-0.6127252268926956,0.011819157073160695,0.2947475352171879,1.0,0.5444690342591083
2023-01-07,-0.5632503014103074,-0.09948896424265716,0.1822145379214287,1.0,0.5393784243265831
2023-01-08,-0.4725131406194311,-0.39273076149735353,0.24703317728683788,1.0,0.5353697814725428
2023-01-09,-0.5017900864259914,-0.29076766464634846,0.6410948917559472,1.0,0.5508018379365343
2023-01-10,-0.2641038282123575,-0.1414072382436987,0.9506792816274691,1.0,0.5831904192466044
2023-01-11,-0.35699154297981567,-0.30008254073884033,0.8578802289341577,1.0,0.5672931322350325
2023-01-12,-0.6122338925324988,-0.7081091211321204,0.25176568482724704,1.0,0.5130720499449033
2023-01-13,-0.5273244168620611,-0.13283400252236302,0.41104803329673534,1.0,0.5480118898806553
2023-01-14,-0.30913713835297985,-0.24257803587240082,0.6690068594079451,1.0,0.5665836679287162
2023-01-15,-0.3838992742134026,-0.5177093914846517,0.6021086513245941,1.0,0.5479057787847326
2023-01-16,-0.3808406113606413,-0.34488038354911993,0.6666579904103714,1.0,0.5574625429417563
2023-01-17,-0.4587777031627286,-0.5101032537332905,0.2408024193705408,1.0,0.5311872648626157
2023-01-18,-0.518547840567065,0.13281310123161016,-0.04318800798783484,1.0,0.5445244229139183
2023-01-19,-0.683947306658377,-0.24141930185913507,-0.03536387249821709,1.0,0.518165579562037
2023-01-20,-0.5928328785235665,0.07614953924012562,0.1681679649428219,1.0,0.544256304398195
2023-01-21,-0.6124992872050916,0.0743124708510034,0.021615899279104775,1.0,0.5379835971144226
2023-01-22,-0.6568493846731365,0.18356313547555247,0.13700424367204717,1.0,0.5434253131223405
2023-01-23,-0.5137365630616512,-0.06196797521301501,0.8352652339886655,1.0,0.5660110712949699
2023-01-24,-0.5411650229695258,0.13465043735388701,0.874629573333583,1.0,0.5736870858028964
2023-01-25,-0.6010629806901523,-0.02316971872268727,0.5428250889143627,1.0,0.5520578993043566
2023-01-26,-0.5229657135202882,0.005597566604000796,0.65576862083408,1.0,0.5622278050682835
2023-01-27,-0.5893459989973546,-0.28910963423785396,0.7912619166530821,1.0,0.5500394291953685
2023-01-28,-0.7378632628095323,-0.2391992367583376,0.2946209026596455,1.0,0.5256631777030887
2023-01-29,-0.6926454383651982,-0.3907542168811034,-0.5247597231732811,1.0,0.4950502209664981
2023-01-30,-0.6694895365932223,0.6377007517655776,0.020590523961686848,1.0,0.5576245796827405
2023-01-31,-0.7281940882073066,1.126145600946011,-0.04597360911902736,1.0,0.5718440071882958
2023-02-01,-0.4369104480174706,-0.7066303825303883,1.130750942060467,1.0,0.5541214022620847
2023-02-02,-0.39552949070746013,-0.6469288929495561,1.1241837793351004,1.0,0.5591487893911079
2023-02-03,2.2787157140522307,-0.14337282740924592,1.9263100021117558,1.0,0.7851508465318221
2023-02-04,1.9805601000992228,0.15215560819371712,1.9012418179764896,1.0,0.7767518842805694
2023-02-05,-0.24825270900644164,-0.5333304154921126,0.5471148785563843,1.0,0.5544648813726121
2023-02-06,-0.5253146857436782,-0.698534131102844,-0.06702057646287901,1.0,0.5086394129390404
2023-02-07,-0.588375583697524,-0.7218509577710414,0.5665172660403571,1.0,0.5245817467143836
2023-02-08,-0.6903922440444371,-0.28294060198911386,-0.4869512393956673,1.0,0.5009529506676356
2023-02-09,-0.6960379053302768,-0.8615802156908087,-0.8880894999032247,1.0,0.4630953139940903
2023-02-10,-0.7409983676621098,0.42776803898844445,-1.1769143686053014,1.0,0.5041932981602012
2023-02-11,-0.682570799586927,0.5375063565963177,-1.2212020799927708,1.0,0.5111846422192924
2023-02-12,-0.6920795317153586,0.06754600235524609,-1.0819167911385859,1.0,0.4956118882791585
2023-02-13,-0.5749974720304605,-0.2874095796268146,-0.2614497425804357,1.0,0.5159764446275041
2023-02-14,-0.6104846108119377,-0.5657440078560072,-0.2545821390046315,1.0,0.5022422876517162
2023-02-15,-0.6359793170306993,-0.6308054552795755,-1.1506981229966946,1.0,0.4679612141280812
2023-02-16,-0.7021667403337187,0.056871328584738055,-1.1020672574946535,1.0,0.49382294741896116
2023-02-17,-0.5683450628105501,0.79546992206377,-0.2861862419249616,1.0,0.5607153678344551
2023-02-18,-0.6357685333290145,0.5450117940007089,-0.2984709506062829,1.0,0.5453752241745525
2023-02-19,-0.6439799797146252,-0.2663333601036336,-0.9935198495189556,1.0,0.4878534496974084
2023-02-20,-0.621790944566016,1.3452488123745303,-1.0910942486126967,1.0,0.5532294959241145
2023-02-21,-0.5582974325964439,0.5634614416651839,-0.9573786078171375,1.0,0.5293451109690485
2023-02-22,-0.5961980398707752,-0.5707616735392254,-0.5781093229860135,1.0,0.4922014168449468
2023-02-23,-0.6384497571675024,0.42522826999544855,-0.7144649326771999,1.0,0.5263390296827368
2023-02-24,-0.5919679683031589,0.6819020785651912,-0.9657511585529346,1.0,0.5317563501015745
2023-02-25,-0.5444990801660705,-0.6999788520055736,-0.9131315925813195,1.0,0.4790965560693191
2023-02-26,-0.538340461891913,-0.9625619168968721,-0.9489538660807733,1.0,0.46737209380047706
2023-02-27,-0.4993261872933145,-1.1836303177398686,-0.5460155797856585,1.0,0.47419313828176257
2023-02-28,-0.5484426644285455,-1.292271252377432,-0.6609122960758469,1.0,0.4625621103198424
2023-03-01,-0.48207314311507293,-0.6387685313147833,-0.5588947245831398,1.0,0.4976166108347745
2023-03-02,-0.5101947523254347,-0.30170478182673655,-1.2254687498460173,1.0,0.4875670256073231
2023-03-03,-0.5092234238330553,-0.8316234179089039,-0.5648790086591573,1.0,0.4875714957096201
2023-03-04,-0.4988899570935571,-0.03568148138224565,-0.7360798123056721,1.0,0.5157179473926469
2023-03-05,-0.4989938017060829,-0.35065024151885293,-1.7330382295823972,1.0,0.4693553788368957
2023-03-06,-0.42648161297368614,0.06300778913072623,-0.7721201220162649,1.0,0.5234558796149924
2023-03-07,-0.44994166127745155,0.4331349995384508,-0.7319411030198203,1.0,0.538653144128278
2023-03-08,-0.3345075139141464,0.7965252321712105,-0.13908754842790988,1.0,0.5812517987985937
2023-03-09,-0.4398904381353071,1.007811044506899,-0.27159687910852975,1.0,0.578612868341816
2023-03-10,-0.4710091786275202,0.8675586612618347,-0.4653820844232814,1.0,0.5642349294966323
2023-03-11,-0.49155418948886986,-0.3599795357995216,-0.5533966696338759,1.0,0.5087840177212994
2023-03-12,-0.46608072190067307,-0.40617437134887285,-0.6727485247912128,1.0,0.5045790689073784
2023-03-13,-0.43337827424406933,-0.6419685872486013,-0.03233898508105284,1.0,0.5182814577456686
2023-03-14,-0.36499562506013905,0.9600042601174826,0.5689214214670834,1.0,0.6096311832164554
2023-03-15,-0.3327364413129159,0.14434540449737177,0.9709196655997294,1.0,0.5911959512865205
2023-03-16,-0.12359390992358774,-0.9324221112400711,0.3019474452291158,1.0,0.5379743995443951
2023-03-17,-0.477158061496408,-0.7631628349127981,-1.0482021772071826,1.0,0.4764509385386335
2023-03-18,-0.39730513725682537,-0.5522229516032174,-1.2532434792289797,1.0,0.4837289185584449
2023-03-19,-0.3102411542423425,-0.44015376420482877,-0.7216871244981755,1.0,0.5119212787253702
2023-03-20,0.13397336048044384,-0.4485622924582502,1.0129340053038531,1.0,0.5990059286897309
2023-03-21,-0.17595227785457238,0.2621124380750723,0.5008213441565121,1.0,0.5908852445347069
2023-03-22,-0.43824689620576546,-0.3688950511448003,-0.8645245073211469,1.0,0.5015954295445441
2023-03-23,-0.43813550933389583,-0.7485859691734664,-1.4086845105296941,1.0,0.4676437336445227
2023-03-24,-0.4452671128327766,0.29787212985600325,-1.4778238078276447,1.0,0.5084660709608936
2023-03-25,-0.47687564043291686,-1.3316263486957265,-1.6806868231584855,1.0,0.4317009653368674
2023-03-26,-0.394122165810305,0.7996032007834505,-2.3168567981064263,1.0,0.5048134290417426
2023-03-27,-0.24626377992361836,0.22567191536928266,-1.3603940448903158,1.0,0.5226389429824684
2023-03-28,-0.36387162513407334,1.3563658153616374,-0.9931189092763721,1.0,0.5741531703219176
2023-03-29,-0.4445840334317487,0.017356486383907136,-0.42925569178472145,1.0,0.5317757283110555
2023-03-30,-0.12872450482202938,-0.7322600517387479,-0.1262371086223094,1.0,0.5316996272353399
2023-03-31,-0.3279354315720139,-0.5932092754748239,-1.2801754229560756,1.0,0.48574807065187886
2023-04-01,-0.4875582849459568,-0.4085326863521712,-2.595180523062902,1.0,0.4389679016368324
2023-04-02,-0.3624451959613286,-0.8264366419832144,-2.4393211629818374,1.0,0.4350914214205496
2023-04-03,0.07049646971325534,-0.4418665241438056,-0.895192372951017,1.0,0.5314489137098579
2023-04-04,-0.21308476248982952,-1.0771424761772728,-1.526222581866166,1.0,0.4650393265977528
2023-04-05,-0.09156868136727622,1.5415994228895429,-1.0769103947149348,1.0,0.5972317173720814
2023-04-06,-0.25248084402046955,0.7761901539494547,-1.0698819466194154,1.0,0.5548464685925488
2023-04-07,-0.3647256121680012,0.3569702673924932,-1.353579634420505,1.0,0.5204393991828037
2023-04-08,-0.40465011101237724,-0.784716417261737,-1.9925981176060379,1.0,0.44890687129306783
2023-04-09,-0.29436053093187675,-0.7149131304952733,-2.042969268227385,1.0,0.4574889418929923
2023-04-10,0.3177663968319832,0.4591682105934685,-1.0747611176962415,1.0,0.5794910646403187
2023-04-11,-0.061152528161114016,-0.10891018573519526,-1.295555994801489,1.0,0.5232000405569097
2023-04-12,-0.06380311847718391,0.3132730524592019,-0.8140950468147803,1.0,0.5566630010601619
2023-04-13,0.3781559600929612,1.4926622496074242,0.09511796168167898,1.0,0.6655752564625627
2023-04-14,-0.09889862433490113,0.3101099603068037,-0.2296178889308814,1.0,0.5736740770927607
2023-04-15,-0.47033101914397557,1.1049804037040707,-0.9012983361887721,1.0,0.5596421710051122
2023-04-16,-0.33080978043163206,0.8806667931059916,-1.5006378404037384,1.0,0.5396192030038496
2023-04-17,-0.2508918851181427,-0.1917572520046774,-1.1959176143813366,1.0,0.5104200683458844
2023-04-18,0.08550345990431468,0.20823320684674695,-1.0975290378735407,1.0,0.5527923130164507
2023-04-19,0.2400512054183995,-0.09154311276971695,-1.2748034367852838,1.0,0.5446956694363123
2023-04-20,-0.05971172738385593,4.030682191225124,-0.5945916899012206,1.0,0.6761994951777023
2023-04-21,-0.09559846906426836,4.521556982853213,-0.6836511529151432,1.0,0.6708383969652107
2023-04-22,-0.15298696272319132,-0.5011459073082382,-1.103036589393858,1.0,0.5071519033674821
2023-04-23,-0.17054445858871844,0.07572616938086467,-1.9081462819638415,1.0,0.5031807504194934
2023-04-24,0.014344820945192991,1.2183748464108992,-1.0978215230726003,1.0,0.5901278892277138
2023-04-25,0.37604133731376355,1.7727928991856907,-0.7676104507365675,1.0,0.6483487782624356
2023-04-26,-0.18515111796015885,2.6663994398810917,-0.9586954026160445,1.0,0.6418000553771668
2023-04-27,-0.27169890935431507,1.7914946020659792,-1.1319681745830148,1.0,0.5938000753096944
2023-04-28,-0.3675348686236148,1.8222348418062213,-1.178266108813766,1.0,0.5871485902065594
2023-04-29,-0.4687856668784064,1.3764889840860552,-1.4042148791786069,1.0,0.5542941672390717
2023-04-30,-0.5745169388332854,1.8089139807208927,-1.90001739958028,1.0,0.5487363732884755
2023-05-01,-0.35877282239249925,-0.05328299725718289,-0.8545270612217255,1.0,0.5203774515807267
2023-05-02,-0.24565165246833312,0.2513456483230675,-0.6923833721319319,1.0,0.5460165127778412
2023-05-03,-0.2440598596566214,2.890203111000946,-0.6409561840801833,1.0,0.6577892661785919
2023-05-04,-0.5030286123213412,3.316231422820156,-0.7936713784805309,1.0,0.6400090465625596
2023-05-05,-1.1249282457581333,1.2802347240613094,-1.2358465468760162,1.0,0.5121530122228118
2023-05-06,-1.3426863098623822,1.1458103863619693,-1.719633668248501,1.0,0.4759085564993065
2023-05-07,-0.9021253642941275,4.097701611857793,-1.294821297777402,1.0,0.5966975991211448
2023-05-08,-0.1386139294605518,5.0,0.10054950370364328,1.0,0.6941107214927513
2023-05-09,-1.3314012660951808,4.08812300051956,-0.11999386230819485,1.0,0.6072401201833815
2023-05-10,-1.240382450541966,3.6843558614651717,-0.5852101893000543,1.0,0.5978008303205338
2023-05-11,-0.1633714142569808,3.1849309246748807,0.5241063587393995,1.0,0.706578784340848
2023-05-12,1.5689910775310376,2.230060763131447,1.0113390856098805,1.0,0.806229906486209
2023-05-13,-0.6515074998153043,1.178579090761739,0.30257147224595976,1.0,0.5907593445355841
2023-05-14,-1.1651054304021176,1.4783484166742726,-1.198999697427222,1.0,0.5189574987537128
2023-05-15,-0.7226972972517783,1.728361730691875,-0.3373450248252388,1.0,0.5875904181345349
2023-05-16,-0.0924099102443404,0.693571264063932,0.11154055493616488,0.8705505632961241,0.5820387449786653
2023-05-17,-0.503556092488202,0.22305237644184947,-0.2278277266403201,0.7578582832551991,0.5068079277861328
2023-05-18,-0.4847293854737493,0.14810129723143572,-0.9625666304610433,0.6597539553864472,0.4657331339789922
2023-05-19,-0.20645439328436804,-0.07557128913973506,-0.556826922918911,0.7578582832551991,0.503205415124536
2023-05-20,-0.910442365617323,-0.4531604295016532,-0.9522022746212467,0.8705505632961241,0.44426466640331996
2023-05-21,-0.04974619607611225,-0.27887856252263526,-0.9071071359034594,1.0,0.5298267422930341
2023-05-22,0.5407047246734709,-0.023879628518529747,0.6738298475494587,1.0,0.6325129920416079
2023-05-23,-0.4759747531825074,0.8835339935052926,0.6638265244008522,1.0,0.6022098169972484
2023-05-24,-0.8799550929592166,0.6538788880084064,0.7682998532847429,1.0,0.5691912759125606
2023-05-25,-1.4139292870554372,-0.031227642646107782,-0.015038657371355147,1.0,0.47893560717367123
2023-05-26,-0.9889429290250548,-0.41487040682513115,-0.7811902986501976,1.0,0.4657445278256094
2023-05-27,-1.544532514401719,0.01411523830177206,-1.213381614551395,1.0,0.43217324681741276
2023-05-28,-1.3896713299377175,-0.430116416483166,-1.3512613607964943,1.0,0.41939168195747045
2023-05-29,-0.31348329956037624,-0.19059064094508843,0.1872520703580583,1.0,0.5524015723351982
2023-05-30,-1.0172157515862537,2.060413744213862,1.886259517172211,1.0,0.6559115064755677
2023-05-31,-1.772806838827993,1.9442961510760712,1.102975605106577,0.8705505632961241,0.5551736550376081
2023-06-01,0.914260851743227,1.492954894320183,3.24270240353433,0.7578582832551991,0.7618359198678359
2023-06-02,2.500172944320428,0.5187286790220693,3.888743530933621,0.6597539553864472,0.8122549845552485
2023-06-03,-0.8910785486873638,1.3025060875098757,2.3186403379727656,0.5743491774985175,0.5833062382909571
2023-06-04,-1.329366255304613,1.263746483853571,0.45145614042781723,0.5,0.4790802244878518
2023-06-05,-0.4686247600213755,0.6237903293790023,0.9681912279524859,0.4352752816480621,0.5173139462349923
2023-06-06,-0.2191295587006433,0.7936081299832596,0.9351145900704754,0.37892914162759955,0.531468225749082
2023-06-07,-0.6113655173176432,0.31529879597034816,0.43800036085537236,0.3298769776932236,0.4614613073600843
2023-06-08,-0.9003696364336281,0.017558960689164082,0.03693812529240382,0.37892914162759955,0.42377762302036004
2023-06-09,-1.1494050021236977,-0.0172287056205438,0.18773180835945252,0.4352752816480621,0.4192041563167552
2023-06-10,-1.1126903932624241,0.4673873881508719,0.7686283052100553,0.5,0.47091605846245993
2023-06-11,-0.16668303218457278,-0.7101050331432901,0.5835778440190185,0.5743491774985175,0.4899050595654697
2023-06-12,-1.0052092172921347,-0.7476272484321181,0.6903796502868074,0.6597539553864472,0.44881066514671347
2023-06-13,-1.061458720081157,-0.5785592093363882,0.5577081032599892,0.7578582832551991,0.46239846420251957
2023-06-14,-0.8890672192901852,0.06782078461572437,0.5713244541046728,0.8705505632961241,0.5181814510375505
2023-06-15,-0.4687683473509097,0.0671497083805465,1.418346352314033,1.0,0.59382489310293
2023-06-16,-1.0030382728723393,-0.19600508616352125,0.5305284161512013,1.0,0.5176481837567374
2023-06-17,-1.0143241363842932,0.6767323506698929,0.18646113647579482,1.0,0.5417909434014858
2023-06-18,-0.21374126550586103,0.5531429534206943,1.2140773151761683,1.0,0.6242674491980105
2023-06-19,0.6282425697159375,0.24832713268269865,2.767555682714926,1.0,0.7194816579333392
2023-06-20,-0.19720315000285069,-0.031120114241655658,2.046583191913812,1.0,0.6287758916368681
2023-06-21,-0.6114382102786249,-0.13796352078290278,1.511683990190705,1.0,0.5788784389551609
2023-06-22,-1.2130342374804157,0.024852074711883266,0.7157808278065123,1.0,0.5190259148745179
2023-06-23,-0.008100830551602366,-0.6135354122560028,1.1628493206671777,1.0,0.5876576131414657
2023-06-24,-0.9668069784899808,0.21985331802571684,2.038650844745693,1.0,0.5876617845099292
2023-06-25,0.5970198325755998,-0.1851810322200042,2.3224101782499895,1.0,0.6844991184375395
2023-06-26,1.0212748618272298,-0.3430470903083073,2.615016587912784,1.0,0.7159585816227287
2023-06-27,0.21651209529337048,-0.6383408813540582,1.5558395420838742,1.0,0.6146979210326015
2023-06-28,-0.24283944903245072,-0.2071353190245647,2.0274142174620664,1.0,0.6177605390205486
2023-06-29,1.6347533985452753,0.03541891413072377,2.7119080694550983,0.8705505632961241,0.7564388681347205
2023-06-30,-0.9468075682427376,0.38404418717270145,1.6712606688674203,0.7578582832551991,0.5472687680332073
2023-07-01,-0.5265123082744185,0.10386413439783249,1.7799530426135495,0.6597539553864472,0.5525217131100338
2023-07-02,-0.9161911114768139,0.6504462743646521,2.0755992800311107,0.5743491774985175,0.5463615399592209
2023-07-03,2.0118942778825013,-0.797175592666142,2.791022698948459,0.5,0.6939447254626927
2023-07-04,1.0004440950851141,-0.47536182544461686,2.6074037672528108,0.4352752816480621,0.6240942814344516
2023-07-05,3.336221728988615,-0.864369438326582,3.555257279078777,0.37892914162759955,0.7458239779805325
2023-07-06,2.5360861673159705,-1.4543748709569158,3.0730591110905237,0.3298769776932236,0.6829550048518434
2023-07-07,2.250171655887356,-1.2916571287728262,2.5387081052195457,0.2871745887492588,0.6488921885133296
2023-07-08,1.8196182598755424,-1.4770396720591799,1.5455905264003178,0.25,0.5737842485359143
2023-07-09,-0.1451509449022924,-1.1294335588810072,0.8308200677836882,0.21763764082403103,0.42860318710286616
2023-07-10,1.594203571466236,-0.7685528610749217,2.2083489167733745,0.21763764082403103,0.6055144789023446
2023-07-11,3.3644409299864715,-0.9641628549044297,2.3524192096141214,0.25,0.7007405213661194
2023-07-12,3.62098028867148,-1.2559077279743167,2.287389772121053,0.2871745887492588,0.6919930253841607
2023-07-13,3.957786030781701,-1.4601968229820173,2.5118162896557172,0.3298769776932236,0.6973672220182567
2023-07-14,1.1743033661429232,-0.6418653485806185,2.4335112934055654,0.37892914162759955,0.6144989159096612
2023-07-15,1.0134280866272678,-0.7014938981612774,1.5484966456849687,0.4352752816480621,0.5802408071218064
2023-07-16,0.638101264172738,-0.9625481506531092,1.108835013325994,0.5,0.5393950784451694
2023-07-17,2.1486143013011048,-1.1103917622971915,1.9221205533173458,0.5743491774985175,0.6721976917263799
2023-07-18,1.2126033446242588,-1.0176005954287795,1.7563413938965111,0.6597539553864472,0.6209480046032689
2023-07-19,0.7804365641713062,-0.9642684500604347,1.5974937347622986,0.7578582832551991,0.6037797858392588
2023-07-20,0.3162836440177148,-0.5397036087830683,1.951835201951006,0.8705505632961241,0.619241683794672
2023-07-21,-0.2916632968428598,-0.10736377512224235,1.3015973346691327,1.0,0.594468867402687
2023-07-22,0.22334477783460757,0.1448249925481179,0.641771710293605,1.0,0.6173164168882656
2023-07-23,0.6549711262316761,-0.27410720196961164,1.026203056288101,1.0,0.6414503768763147
2023-07-24,1.950704171424997,-0.8648463633583087,1.6855949846941911,1.0,0.7251981791115434
2023-07-25,1.4360575313435546,-0.5502603293314848,1.5425774378281942,1.0,0.6992289029616984
2023-07-26,2.2611865273588556,-0.7685349226563012,1.9227358608837675,1.0,0.7578146754093701
2023-07-27,5.0,-0.8933952144185058,2.369565167469078,1.0,0.8167607049815316
2023-07-28,5.0,-1.2340726732758582,2.1578929683666326,1.0,0.7955100708923937
2023-07-29,0.8323757809814805,-0.26129035042595855,1.4405840075401628,1.0,0.6676240877156893
2023-07-30,-0.323702855346402,0.9545780007006165,0.5007958352703933,0.8705505632961241,0.5904696720095306
2023-07-31,-0.5649989140160043,0.7891978910011327,-0.04656762313148545,0.7578582832551991,0.5323431395745439
2023-08-01,-0.1100156499576491,0.7680629753600879,0.5178753130052608,0.6597539553864472,0.5658938510509696
2023-08-02,-0.1827689943949931,0.7820044781546557,0.6464332026475553,0.6597539553864472,0.56590978702633
2023-08-03,-0.13784573276736908,0.4012839680967072,0.6069193966189281,0.7578582832551991,0.5664398388617823
2023-08-04,-0.34671938829005494,0.5743122516360095,0.6928767708585506,0.8705505632961241,0.579493528121867
2023-08-05,-0.0845854466244603,-0.04025174584338721,0.3148511145619309,1.0,0.5781788513002926
2023-08-06,-0.14673704171407378,0.7336609151572897,0.4997836330362808,1.0,0.6124461897851583
2023-08-07,-0.17414102346914143,0.17076304186404098,0.7957430217652092,1.0,0.5970304925718993
2023-08-08,-0.35532795612276674,-0.00705895358870856,0.5176466690230555,0.8705505632961241,0.5488548199874732
2023-08-09,-0.1957788068141221,0.06573573573618814,0.795149751682841,0.8705505632961241,0.571774644751913
2023-08-10,-0.3848048611999108,0.7123432222615789,0.34224564529734147,1.0,0.5904354983574831
2023-08-11,-0.3205445749925461,1.8734468240016258,0.8988706866648118,1.0,0.661653002222725
2023-08-12,-0.13759284551100628,1.6763743206873996,0.7947825315325533,1.0,0.6621688247123264
2023-08-13,-0.04786714626945503,0.8087708029722591,0.7837297024279375,0.8705505632961241,0.6122145482812303
2023-08-14,-0.25139455975169156,1.4509384209366671,0.6913689726362435,1.0,0.6417417626434565
2023-08-15,-0.04759500809668954,0.2578179982377275,0.6339965033127625,1.0,0.6037026328305515
2023-08-16,-0.07554742124204532,-0.16301613512941482,0.5554979219121143,1.0,0.5816877636838752
2023-08-17,-0.15722968594725586,-0.56187610294997,0.7220289979051825,1.0,0.5651741499107735
2023-08-18,-0.32024317648301226,-1.0375151038821122,0.046571473750593444,1.0,0.5119730413643976
2023-08-19,-0.5708208329440101,1.1101340514191382,-0.532233485753316,1.0,0.5654597470877529
2023-08-20,-0.17086493778360964,1.0610089910642064,0.7430798564104062,0.8705505632961241,0.6131696251502001
2023-08-21,0.37660403828355815,1.52015625128377,1.5476888758289717,0.7578582832551991,0.6787151513716398
2023-08-22,-0.441572233610923,2.7105510224025666,0.8692368978721642,0.7578582832551991,0.6511547827767308
2023-08-23,-0.4920043140097029,2.694418909563959,0.6800951166662714,0.8705505632961241,0.6577195886811458
2023-08-24,-0.4323755119156974,2.747218173447361,0.7588621827212656,1.0,0.6859377958566358
2023-08-25,-0.41976290425114543,2.6812346135103473,0.914346841404659,1.0,0.6892121433263434
2023-08-26,-0.3337375898161591,0.559743555236431,0.3662511235706171,1.0,0.5882818462661279
2023-08-27,-0.45899342748477595,1.2828672802888574,-0.25350195675322934,1.0,0.589403176287943
2023-08-28,-0.40342185728133284,0.9611463901037267,-0.31146083800063273,1.0,0.5777709478355454
2023-08-29,-0.3163825694391558,0.2481103609047807,-0.0024862529483872416,1.0,0.5641628853101426
2023-08-30,-0.3224329481557924,-0.5477287240497809,-0.367242252473882,1.0,0.5184410315384103
2023-08-31,-0.5316605000740253,-0.640752939365994,-1.033282758709917,1.0,0.478415168897818
2023-09-01,-0.3538095512394977,-0.6921943683239458,-0.6635718480568101,1.0,0.5004522029686421
2023-09-02,-0.5062184050903492,1.0898963711220464,-0.3796436471502565,1.0,0.5740096668857201
2023-09-03,0.13911635212689638,-0.05199075782764777,0.8505921481292119,1.0,0.6104612135032815
2023-09-04,0.23142131344615,0.18617522019621907,1.5968846859480712,1.0,0.6514148779361882
2023-09-05,0.7766739874743945,-0.6787445983686528,2.1245555705954966,1.0,0.6693157599194489
2023-09-06,1.3821081056761255,-1.4419642515671156,1.7186223212320166,1.0,0.6643461072708458
2023-09-07,0.9752310962195936,-1.502405594351821,0.8709080447586864,1.0,0.6064454414752699
2023-09-08,0.0354532045160017,-1.1948336265824722,0.18767261413591818,1.0,0.5338345663313278
2023-09-09,-0.1981329532586598,-0.19376220848993195,-0.9811084019179418,1.0,0.5210140976984108
2023-09-10,-0.295310628925835,-0.1473753250009253,-1.3068213075223585,0.8705505632961241,0.4861938604402458
2023-09-11,-0.13258993728751495,0.7029836157284767,-0.4018783568269236,0.7578582832551991,0.5457344520969013
2023-09-12,-0.4390289368959783,2.419082708054974,-0.6089051979003415,0.7578582832551991,0.5899084196008272
2023-09-13,-0.37419552735940265,0.6657780494560811,-1.0565530132042387,0.8705505632961241,0.5231585342909872
2023-09-14,-0.5341224430713475,0.7684633011413624,-1.654957885188287,1.0,0.5162458785031907
2023-09-15,-0.4353838693623365,0.9259109759144278,-2.2542224168674125,1.0,0.5094132854766983
2023-09-16,-0.6291806340450626,3.0308130357075673,-2.6836094775124533,1.0,0.5686009751465807
2023-09-17,-0.6220927493098105,2.1857497999052544,-2.6938845241861262,1.0,0.534803907569194
2023-09-18,-0.35908729445760246,-0.1906501192216294,-2.114556369343179,1.0,0.4726318797571526
2023-09-19,-0.5406564241592816,1.033168473833662,-2.100194925262572,1.0,0.5119984272903647
2023-09-20,-0.3660392298861557,1.4825639394583252,-1.6573027463316958,1.0,0.5571274572739634
2023-09-21,-0.6464990293503929,3.6159387098489426,-1.6311852249994088,1.0,0.6025272238766602
2023-09-22,-0.5238935268932942,1.4548812834924563,-1.9395381870983766,1.0,0.5360425454493536
2023-09-23,-0.6261819937196295,0.8717909912752135,-2.3365510518180215,1.0,0.4916941233278912
2023-09-24,-0.47835558867267464,0.694453839864344,-2.354344691755043,1.0,0.49356704769100124
2023-09-25,-0.4713745083201115,1.2245991423458895,-1.9159588147021258,1.0,0.5307347032196671
2023-09-26,-0.2547979948765879,0.725059088443605,-1.923413385162996,1.0,0.5241104828546113
2023-09-27,-0.4354680986212487,1.5843533661993787,-1.9673694357790634,1.0,0.5464045358242554
2023-09-28,-0.33979363548054986,2.1507027102543352,-1.9331119166880557,1.0,0.5775226400056255
2023-09-29,-0.497525116828883,1.8321185231613184,-1.8286663364434514,1.0,0.5572143861283477
2023-09-30,-0.6812878494778594,2.0896757903208782,-1.9732085097167136,1.0,0.5508770176409555
2023-10-01,-0.4706131809789675,3.5544857152405918,-1.3737995960476215,1.0,0.6228324680664814
2023-10-02,0.056197258101634485,1.1633624214967357,-0.5818159859781277,1.0,0.6078260519032019
2023-10-03,0.2982677795144984,1.030334891800856,-0.31907790687676163,1.0,0.6271792088967768
2023-10-04,0.19390601735198396,1.02346521245319,-0.4196994975351885,1.0,0.6165814684245089
2023-10-05,-0.4325017026280688,1.693803888771132,-0.999068924095952,1.0,0.5834394177203942
2023-10-06,-0.29504100687945606,-0.18174328676141022,-1.3226339767511772,1.0,0.5036701633679384
2023-10-07,-0.3875303029301991,-0.06336113774718398,-1.6546341077471958,1.0,0.4913701288069475
2023-10-08,-0.05442268779526589,2.0848401765131106,-2.170556461043603,1.0,0.5858882794669085
2023-10-09,-0.07372905712625755,2.111907348615528,-1.7056287074931693,1.0,0.6012265788007909
2023-10-10,-0.0948979024020727,1.4527668506367162,-1.669578874843784,1.0,0.5735527961215988
2023-10-11,-0.19045337676186597,0.9332963691384353,-1.6098938853886036,1.0,0.5475273274170236
2023-10-12,-0.059013825414007105,-0.33761172806373946,-1.540189643593261,1.0,0.5056589348499684
2023-10-13,-0.3678495164366735,1.0703130503521965,-1.608386980057979,1.0,0.5414601766669641
2023-10-14,-0.3162285474897793,0.27030008431989566,-1.748290128049022,1.0,0.5069042627457097
2023-10-15,-0.12730822190248572,1.232512019178294,-1.7412936968022419,1.0,0.5598243294455217
2023-10-16,0.32699266302354724,0.46984690608404306,-1.3144962876297839,1.0,0.5725599223674122
2023-10-17,0.15790372403261368,0.5507147095851178,-1.3255450844894585,1.0,0.5642885250185722
2023-10-18,0.1441189016556095,-0.5230316477249712,-1.323989621637491,1.0,0.5186819540672505
2023-10-19,0.3219722219727332,-0.812322210068987,-1.305661134530796,1.0,0.5190960182276146
2023-10-20,-0.07349055091221669,-0.5093431349942007,-1.3638969398467153,1.0,0.5034147679862033
2023-10-21,-0.14015239882055724,-1.3506349838545448,-1.4724516826463283,1.0,0.4602983263298126
2023-10-22,0.4845736132725907,-1.5308395007608242,-1.4731720904094816,1.0,0.49441419200615566
2023-10-23,1.29749188922759,-1.4072911688299956,-1.0156892390196925,1.0,0.5690060192799331
2023-10-24,0.37142591897210486,-1.6920565267253342,-0.9979276736701799,1.0,0.4959951168622454
2023-10-25,0.2022475637242846,-1.6905508981490445,-1.0723619118655154,1.0,0.4822981530965582
2023-10-26,0.4655104695132894,-0.4272553396214899,-0.9892113243843846,1.0,0.5552580146705111
2023-10-27,1.1703408940102367,0.425717655422528,-1.0301472925120554,1.0,0.6364227188262194
2023-10-28,1.3313659605063672,-0.036713702854164705,-1.1971160340871527,1.0,0.6223241252785958
2023-10-29,0.46666076451091243,-0.04276068668204812,-1.1674418913495044,1.0,0.565414292643992
2023-10-30,1.0204769910615656,-0.4746607956072438,-0.7838514630251825,1.0,0.5971258841529631
2023-10-31,-0.69257948280614,-0.04829088961181769,-0.8998459480925508,1.0,0.4968210491426799
2023-11-01,1.6080118567245023,-0.4948103490256299,-0.3904716089520728,1.0,0.6485679722738299
2023-11-02,1.7644602544213346,-0.801126250754793,-0.038690238235461256,1.0,0.6579607485721239
2023-11-03,1.3160428369697799,-0.22325893639201774,-0.21014604445446355,1.0,0.6464288652998358
2023-11-04,-0.3658546623946788,-0.6795425239240066,-0.9590492342858653,1.0,0.4903271095339923
2023-11-05,-0.09493755220934531,-0.892419768296537,-1.1764621811855065,1.0,0.49227126680083777
2023-11-06,0.9813413017313537,-1.5460979137918676,-0.7535708868703548,1.0,0.5508829774784173
2023-11-07,-0.11908453148108851,-1.0978284625517085,-0.7322120602480251,1.0,0.49691110995333876
2023-11-08,1.2740420942530242,-1.1223973615623124,-0.6673958270144063,1.0,0.5909230553179584
2023-11-09,0.25868247412055556,-0.9777523594202183,-0.7240790078651407,1.0,0.5273698497033567
2023-11-10,0.8776819540948713,-1.1748539657713795,-0.6486183276321776,1.0,0.5629392707781115
2023-11-11,0.6719891017906361,-1.4928962664569758,-0.7052371382385307,1.0,0.5340873577423841
2023-11-12,0.8515229287681051,-1.6177389408633709,-0.7108881014050964,1.0,0.5406661360017301
2023-11-13,2.816181365168622,-1.1613094548379204,-0.04481659602367598,1.0,0.7128636438588724
2023-11-14,1.1611063840385314,-1.0386198024466675,-0.21487277841767205,1.0,0.6019688412200352
2023-11-15,0.9314711914719609,-0.41201265568194295,-0.10884347010587063,1.0,0.6163027697745208
2023-11-16,0.41988542412481517,-1.2710409679675618,-0.2875813838908986,1.0,0.5404462751466427
2023-11-17,-0.14896905152267184,-0.7881424336732582,-0.6470949975019263,1.0,0.5106596285787053
2023-11-18,-0.5155843266852099,-0.8669054404192998,-0.8229115576530416,1.0,0.47707626628174715
2023-11-19,-0.31560223392902625,-1.5154534119568683,-0.6903139364114321,1.0,0.46780549435948104
2023-11-20,1.026342878336862,-1.2620153365899316,-0.0018229516654905491,1.0,0.5907781211423607
2023-11-21,-0.15515396807165663,-1.3668528184170197,0.07359872114478556,1.0,0.5101574920660066
2023-11-22,-0.7039275264211453,-1.0544429435176523,-0.10822330923642617,1.0,0.48052893195080726
2023-11-23,-0.8663297878342449,-0.8607963736251467,-0.36335518202846956,1.0,0.4692663258423869
2023-11-24,-0.2498977895140387,-1.2841061000916727,-0.4374827438212015,1.0,0.49025296840120436
2023-11-25,-0.42411801593865367,-1.203994133956194,-0.24453314963463488,0.8705505632961241,0.46899052286251247
2023-11-26,-0.269425042077707,-1.266061428202953,-0.13629663137506298,1.0,0.49974254997386114
2023-11-27,0.09554783974523237,-0.8052148807459374,0.8146259622461868,1.0,0.5749734346934743
2023-11-28,1.6732235465509975,0.002470344211200112,1.4815267265562475,1.0,0.7360353916640748
2023-11-29,1.9983671320032064,-0.3645336444591926,1.5449048077786738,1.0,0.74453240054037
2023-11-30,-0.3382881020685325,-0.8520064000875895,1.0050027288400047,1.0,0.5504472841531152
2023-12-01,-0.6598305115127515,-0.6418332014763029,0.22391675987800846,1.0,0.5117321411669042
2023-12-02,-0.8881552758920821,-0.8566229039948565,-0.04016122408612598,1.0,0.478758319804538
2023-12-03,-0.4683804772821555,-1.029611654470212,-0.357880307900639,1.0,0.48894480564824283
2023-12-04,-0.475003523205446,-0.8749078985921479,0.5189788099526508,1.0,0.5241778963433859
2023-12-05,-0.3674593825277214,-0.30835589689613124,0.9054774695772836,1.0,0.5678371277800559
2023-12-06,1.3752413111422321,-0.9690701814262962,1.4770042881841803,1.0,0.6755383061228591
2023-12-07,0.42917917632323216,-0.9716028369612266,1.5436126489013073,1.0,0.6145822485115413
2023-12-08,-0.6487286714060281,-1.1529869041808116,1.013374136003958,1.0,0.5174894387655297
2023-12-09,-0.7860150137223492,-1.208640651505798,0.028267497329796665,1.0,0.47318122185009504
2023-12-10,-0.9273540018377305,-0.6084416212973466,0.08464755909436515,1.0,0.4906462509599073
2023-12-11,1.0867971498018767,0.7050085824395234,1.828701384549537,1.0,0.7377852137400899
2023-12-12,-0.027658438020709414,0.14397933171360394,2.2198607015050924,1.0,0.6531505996701893
2023-12-13,-0.08740229214189713,0.1276594714091063,1.7580183106868905,1.0,0.6330929355221493
2023-12-14,-0.3641519908421943,-0.36503777738489457,2.1492444739360037,1.0,0.6071547756840165
2023-12-15,-0.7402186946688969,-0.33097936867417604,1.6936829125585389,1.0,0.5683173770792675
2023-12-16,-1.1240044658855561,-0.9253639000480325,0.31671779408361894,1.0,0.47206679957508224
2023-12-17,-0.9122785954194488,-1.1063024816474787,-0.07881239372729204,1.0,0.4654584104458155
2023-12-18,-0.6607736395928397,-0.8325448553315475,1.412243310520303,1.0,0.5433338320723397
2023-12-19,-0.24443707339929843,0.7110289727058419,2.0181559875451067,1.0,0.6556022685542938
2023-12-20,-0.5396112083387212,0.2657078607545281,2.0960860720578167,1.0,0.6199666160441178
2023-12-21,-0.3979208875663583,0.09947365204523752,1.4018612154288126,1.0,0.5993453835117548
2023-12-22,-0.2182986562413446,-0.9758640429640884,0.9278068566944487,1.0,0.550712649683555
2023-12-23,-0.8569092147143235,-0.8628956356536664,0.3873977980809971,1.0,0.4948319941361756
2023-12-24,-1.078027679108274,-1.0330908609662253,-0.35937564037425923,1.0,0.4481068475067137
2023-12-25,-1.2310200126244808,-1.1562978427625583,-1.1983001804926792,1.0,0.4048095830268388
2023-12-26,-0.5069943061786047,-0.9740638523876683,-0.29379021018034995,0.8705505632961241,0.4714039632270138
2023-12-27,-0.9488851304705669,-0.984316857195936,-0.06835260748717246,0.7578582832551991,0.43212811115750566
2023-12-28,-1.1931071304829048,-0.6840812563832642,-0.01562775319072232,0.6597539553864472,0.4153983071534467
2023-12-29,-0.9944513330941863,-0.3817965214221017,0.07463738032895346,0.5743491774985175,0.43143534537020944
2023-12-30,-1.0775427320287063,-0.3298086303846704,0.04480472200888419,0.5,0.4159152823323545
2023-12-31,-1.4882821894487996,-0.7579126015492469,0.0032715693177886164,0.4352752816480621,0.3596018401966637
2024-01-01,-0.8468894833413374,-0.8068243908132997,0.3936261797684793,0.5,0.42304389081897265
2024-01-02,0.45821566555582693,-0.8776192889385734,1.3607045941063827,0.5743491774985175,0.5504894370929383
2024-01-03,-0.018989875861791287,-0.44425289955919384,1.5409557111766443,0.6597539553864472,0.5555517544747693
2024-01-04,0.37106527723966937,-0.7412768698097782,1.5970780350944604,0.7578582832551991,0.5857658258986658
2024-01-05,0.5199218120055576,-0.5614796849009129,2.1005173631366345,0.8705505632961241,0.6368662971951389
2024-01-06,-0.05948466946463438,-1.1781388910035704,1.2034165509035517,1.0,0.5620591199406607
2024-01-07,-0.4967823704449031,-1.3343561029383912,0.6064716617918764,1.0,0.506498726407636
2024-01-08,0.10349404279829469,-1.1991165585496044,1.0799872984933951,1.0,0.5679359895300993
2024-01-09,-0.646285086577221,-1.2687341141270936,1.0730462353021033,1.0,0.5148186139829598
2024-01-10,0.4275976138640553,-0.9850063583568412,1.0056718647125245,1.0,0.5959869714831528
2024-01-11,0.2798523631259569,-1.0873237951780126,1.026376213289606,1.0,0.5825642065189668
2024-01-12,-0.24022753769209731,-1.07711457032579,1.0521029848297943,1.0,0.5491751565512787
2024-01-13,2.445987333822878,-0.9378185370960234,0.7232873503873883,1.0,0.7230996282221038
2024-01-14,3.21656215038118,-0.8742295797054361,1.6329924020699065,1.0,0.7930068475812704
2024-01-15,5.0,-0.0008238473034544617,2.5864280891820925,1.0,0.8611799426684259
2024-01-16,5.0,-0.0894833020251804,2.9321213409884117,1.0,0.8690089071152313
2024-01-17,5.0,0.2534670636482388,3.23420394425689,1.0,0.88556112765201
2024-01-18,2.8414071704861934,-1.173984302606167,2.472896406991496,1.0,0.7979410123235392
2024-01-19,1.0326450347949934,-0.6252287908064534,1.9354319502378228,1.0,0.6823062010439914
2024-01-20,2.3674514777903006,-0.6358939325079053,2.142305214153317,1.0,0.7777446918033013
2024-01-21,1.5770134218747085,-0.5470793338782219,2.0354447096178485,1.0,0.7251874128673163
2024-01-22,2.7933864853970096,-0.1697965688296898,2.369934845904601,1.0,0.8331487368553837
2024-01-23,0.7597530462781121,-0.830339448524222,1.0783545178362532,1.0,0.6269978766579067
2024-01-24,-0.5735307820256352,-0.7281487093795793,0.42136321110217095,1.0,0.5204705253442142
2024-01-25,-0.6510058068295462,-0.624029084755412,-0.22797092002825856,1.0,0.4979993703456128
2024-01-26,-0.6465338396169502,-0.5678709951036416,-0.707449113483034,0.8705505632961241,0.46523739994120245
2024-01-27,-0.6590813379628552,-0.8095680372403251,-0.99550898004281,0.7578582832551991,0.42782435240431566
2024-01-28,-0.5375558925866621,-1.15178089521235,-0.33014215109126244,0.7578582832551991,0.4438460739789457
2024-01-29,-0.36660950595844966,-0.8452802424005058,0.4186083903300156,0.8705505632961241,0.5098755536748347
2024-01-30,-0.4110345223350753,-0.9474451121355921,0.44054426812674885,1.0,0.522805627776237
2024-01-31,-0.5502063320300877,-0.7515641767632143,0.3332587205278033,1.0,0.5181130278504537
2024-02-01,-0.4380453121085518,-1.1783481011149417,0.3759979691734462,1.0,0.5092324072854222
2024-02-02,-0.6025005204121947,-1.1889426981092932,-0.3355096176677385,1.0,0.47411036562904185
2024-02-03,-0.6913279473749174,-1.0761457500003713,-0.41708390798368966,1.0,0.4701692669922004
2024-02-04,-0.6534927394681689,-1.22334794344466,-0.7238041384405753,1.0,0.45633418177724205
2024-02-05,-0.2857078914498618,-0.6901210334172081,0.5198804549461127,1.0,0.5445271126758293
2024-02-06,-0.2145534956604714,-0.6457221517344882,0.5063028587141537,1.0,0.55066810592417
2024-02-07,-0.2693255643010937,-0.492330488696414,0.7450235116930572,1.0,0.5613653090740117
2024-02-08,-0.31418339996722466,-0.37956830618496135,0.26385203468873863,1.0,0.5470341617341029
2024-02-09,-0.6621998559629544,-0.6271853729332864,-0.7360927925740052,1.0,0.48018419264444934
2024-02-10,-0.7380615133495658,-0.9573281161909363,-1.4589264391665764,1.0,0.4372763462965208
2024-02-11,-0.6274259942545461,-0.2093870629465804,-1.3462216764918005,1.0,0.47957308354386274
2024-02-12,-0.6463061486328333,0.8850695708167596,-0.5243569357288964,1.0,0.5513122576842129
2024-02-13,-0.4002426524911338,0.14261746968102892,-0.1841111581662271,1.0,0.548122512465093
2024-02-14,-0.42946356118656503,-0.1792001805401285,0.13889331964914095,1.0,0.5435321990533617
2024-02-15,-0.1606689902016574,-0.7371992384744279,0.5719126981268265,1.0,0.5526358556543493
2024-02-16,-0.6174991463555786,0.45040512713313585,-0.1877606411979864,1.0,0.5463415825002426
2024-02-17,-0.6580681634983688,-0.40525142489051585,0.048718374285635344,1.0,0.5158672588725252
2024-02-18,-0.43508331073163764,-0.1853152550940093,0.11405808440395751,1.0,0.5420749131357724
2024-02-19,-0.46339754511734826,0.4939068939910337,0.25723097872588124,1.0,0.5732606501993326
2024-02-20,-0.23697435094469588,-0.45431840650592187,0.7277695216651883,1.0,0.5645307603881131
2024-02-21,-0.38745393549378665,-0.5459675838144196,0.4210393534636165,1.0,0.5404557334236006
2024-02-22,-0.461887923815854,0.09349047076582483,-0.3453729568634318,1.0,0.5365904761320713
2024-02-23,-0.5693866618763134,-0.6007064974311249,-0.8629187234960711,1.0,0.48324749436541325
2024-02-24,-0.3468543123018047,0.19806690464548396,-0.99150742887563,1.0,0.5270789192442539
2024-02-25,-0.2874029244595875,-0.5784213253219569,-0.8082612140024723,1.0,0.504796876014197
2024-02-26,-0.28142373296183354,0.7244718977204669,-0.46690583760506454,1.0,0.5708612189540617
2024-02-27,-0.6359412539093658,0.12925437060996164,-1.3497024168559502,1.0,0.4929994346195924
2024-02-28,-0.5498751783557976,1.8435041729620072,-0.8434688682084224,1.0,0.5870386997094164
2024-02-29,-0.7368920504119969,5.0,-0.7914531278500476,1.0,0.624492092377532
2024-03-01,-0.30424461231924427,2.4261505167420285,0.13519527076002294,1.0,0.6603131397349691
2024-03-02,-0.5474854878650136,-0.03505859486231586,-0.9094965091614838,1.0,0.5067236423843532
2024-03-03,-0.6312270266365341,0.40113466919835966,-1.8412549089560464,1.0,0.4882569791422945
2024-03-04,-0.3100530312840542,0.24392752224294834,-1.5203237165200418,1.0,0.5138159874571845
2024-03-05,-0.5513552566007157,-0.5553897498376195,-1.337712498516749,1.0,0.47051132669949314
2024-03-06,-0.5252036835907017,-0.5821102421467396,-1.077522198685897,1.0,0.4798144210483092
2024-03-07,-0.37666571327770265,-0.3474883038482887,-1.0619834947269802,1.0,0.5000108232969085
2024-03-08,-0.5051577451133957,-0.2740563026950783,-1.2475444834512877,1.0,0.48831898826510245
2024-03-09,-0.5815989157095196,-0.7813591994974531,-1.4045075949804877,1.0,0.4568531858076219
2024-03-10,-0.3959837548395341,-0.13399548823628873,-0.8643640884957653,1.0,0.5142058013843269
2024-03-11,-0.01710162879586338,0.3990155666203085,0.03138912436993741,1.0,0.5915318441684532
2024-03-12,-0.2982327186258501,0.006654234537768607,-0.596843140552292,1.0,0.5355003071789406
2024-03-13,-0.361621013494512,0.6754197672367314,-1.2390815399787847,1.0,0.5377317047359368
2024-03-14,-0.4255878422181475,0.06000670398227056,-1.41109102910783,1.0,0.5020913888811238
2024-03-15,-0.524002632182923,-0.13462411971768856,-1.5283851327828961,1.0,0.4835109817734716
2024-03-16,-0.5679071124701859,-0.6317265211069337,-1.7709274288392498,1.0,0.4517866731612237
2024-03-17,-0.3440611064800025,0.9139904834651233,-1.7541290063354158,1.0,0.5316745628345328
2024-03-18,-0.05367590402172612,3.0638982316721517,-0.3983439776610409,1.0,0.6831434738098503
2024-03-19,-0.06489806596913347,1.6124922913390956,0.1467890841922359,1.0,0.6427536105475946
2024-03-20,-0.135416859057444,0.8828456092942629,-0.4659396776997899,1.0,0.5872261205267717
2024-03-21,0.19649383191822362,3.0504050362606683,0.15338003165335728,1.0,0.7182122565163268
2024-03-22,-0.01574915049431271,-0.08425249464496022,0.0728665940714185,1.0,0.5728684224925531
2024-03-23,-0.4498995254343209,-0.8853259150606307,-0.9521168137292696,1.0,0.4763808913858767
2024-03-24,-0.27919049895059256,-0.4431505296735536,-1.0270018874348237,1.0,0.5036892984190684
2024-03-25,0.01813566335853774,-0.6965363488236633,-0.23933721025250743,1.0,0.539208789347833
2024-03-26,-0.36157580727910665,-0.37350513014549935,-0.8020496592012619,1.0,0.5085972437852884
2024-03-27,-0.3879525810449125,0.2368690677034672,-0.9075211865831838,1.0,0.5287553328652108
2024-03-28,-0.40865620521910595,0.42832678409416247,-0.756614693801598,1.0,0.5403827125292632
2024-03-29,-0.26846354264690014,-0.7095903185007568,-1.121361251451655,1.0,0.49015745883761996
2024-03-30,-0.49130030211348913,-0.822874342453569,-1.7610631035951894,1.0,0.44925811213702904
2024-03-31,-0.46036141869930974,-1.1019569265886924,-1.9808309192008555,1.0,0.43236666950548863
2024-04-01,-0.462573603337199,-0.2209689987986285,-1.1874372253783907,1.0,0.4953734773149642
2024-04-02,-0.3799264756817383,-0.6717115274725488,-0.9784438836789716,1.0,0.4890687918538955
2024-04-03,-0.34247004030252953,-0.659454779158618,-0.6948075784243012,1.0,0.5015311289007456
2024-04-04,-0.20341536536968918,-0.37955359399194394,-0.5267908104598343,1.0,0.5280645488770286
2024-04-05,-0.10618727412584286,0.20821622542360624,-0.5997090989888945,1.0,0.5566062211512977
2024-04-06,-0.15486405741392395,-0.2553167489901849,-0.8111363788545087,1.0,0.5269996523359971
2024-04-07,-0.22763981176197814,-0.6110586457038288,-1.4786584552449487,1.0,0.4850746204700437
2024-04-08,-0.09166533494249597,-0.42266198096860136,-1.0660261176022887,1.0,0.5157438578767323
2024-04-09,-0.09254301338315654,0.6920375243617667,-1.2321987377396144,1.0,0.5565920713648761
2024-04-10,-0.30790614631992924,1.164076320961268,-1.1418718366635718,1.0,0.5649137090632719
2024-04-11,-0.34521639873027155,0.3299262252251054,-1.0560875078147796,1.0,0.5305295825418687
2024-04-12,-0.27653742363525696,0.41311348640868656,-1.046647644911064,1.0,0.538888978860976
2024-04-13,-0.23381455324020858,-0.425002134913168,-1.301619294714386,1.0,0.498316631005458
2024-04-14,-0.2256816163660152,0.45988895873853375,-1.433261743040801,1.0,0.5313412074216779
2024-04-15,-0.14633290495655793,4.014499605564473,-0.44906298897843144,1.0,0.6752757067036151
2024-04-16,0.07308226508157005,0.6445518277639843,-0.4716920239681466,1.0,0.5910054096966658
2024-04-17,-0.3214103128180258,-0.19766651330838556,-0.6818092469918549,1.0,0.5226095661912203
2024-04-18,0.20242654835463914,0.9611479056872558,-0.8027566960876732,1.0,0.6017843760910225
2024-04-19,-0.15199649759612877,-0.45795722636292474,-0.8043270809555628,1.0,0.5189744463632842
2024-04-20,0.08241431189034618,-0.9453487249528478,-1.5643854429058317,1.0,0.48895857582279334
2024-04-21,0.2309841193696531,-0.606796568370293,-1.8709202604536899,1.0,0.5027517422607584
2024-04-22,1.761065560832921,-0.3931418874500494,-0.6349071415065644,1.0,0.6548598873615572
2024-04-23,1.9833398887381124,-0.6418213753928773,-0.9667513038220229,1.0,0.6482550584804369
2024-04-24,0.3592410382736689,-0.11374193007438475,-1.1836858499815968,1.0,0.5547539604657586
2024-04-25,0.5238226671178589,-0.38054605400101876,-1.1293390180840277,1.0,0.5564207916216806
2024-04-26,1.821332090362377,-0.559046147319718,-1.156477734541228,1.0,0.634579292067796
2024-04-27,-1.1494336668493637,-0.35737036721943516,-1.5315759260147213,1.0,0.43242812604207526
2024-04-28,-0.6258059783562975,0.2781567698308657,-0.49540947978927774,1.0,0.5283558175262236
2024-04-29,1.8529591729225898,1.685765916822823,1.4311386959156158,1.0,0.8164754812596443
2024-04-30,1.2828620019831762,1.9310397050058812,0.9766440188029307,1.0,0.7735389218008879
2024-05-01,-0.17282907563427835,0.6462835156335869,0.9030161994178033,1.0,0.620507081423041
2024-05-02,1.2032693326826904,1.498601502409967,1.7983241988741665,1.0,0.7776038247417336
2024-05-03,-1.0879694855603752,2.5345858503793024,1.0631264471799209,1.0,0.6435139929677767
2024-05-04,-0.10655150415615496,-0.3897065635114206,-0.9651965614161235,1.0,0.5194855741960763
2024-05-05,-0.38969323092657937,-0.0981597935730866,-1.1176077383870293,1.0,0.5076768685931151
2024-05-06,0.7790326509799177,-0.022842802520426597,-0.2309902426184324,1.0,0.618284051873029
2024-05-07,0.7256128076479692,0.25359702405798346,0.7408929573433695,1.0,0.6586371617570597
2024-05-08,3.1104452896282635,1.4929544106466752,1.9126700680582922,1.0,0.9009621027122212
2024-05-09,0.28980762082912404,0.6518504541556578,1.0940301735209768,1.0,0.6579486160957932
2024-05-10,-0.30989330702202195,-0.6851057373228312,-0.5715875860481962,1.0,0.5067414542751407
2024-05-11,-0.16224937904073497,-0.9256695753149868,-1.4778089719277963,1.0,0.47635351002823334
2024-05-12,0.01447045897313635,-0.6827255988461487,-1.6791221677056734,1.0,0.49154705838943047
2024-05-13,0.3639798367254991,0.6919847638475571,-0.22251482453153032,1.0,0.6206808601242971
2024-05-14,0.70313579695771,1.49633459663839,-0.31836569047658164,1.0,0.6736108049745609
2024-05-15,-0.18030672074535214,1.764367496314876,-0.5292875518489671,1.0,0.6188519459017975
2024-05-16,-0.24944057596556454,4.523603881546728,0.25211225717122937,1.0,0.69177437017467
2024-05-17,0.17996590981197708,3.2399161951028463,-0.0015861940491848315,1.0,0.7119448541858256
2024-05-18,-1.3210798299392401,5.0,-0.3927574393959994,1.0,0.5988360966908507
2024-05-19,-0.6509914715512084,3.919598918319687,0.5577869364851381,1.0,0.6751934664460907
2024-05-20,0.7192386650538388,2.544612876518049,2.4394554140891485,1.0,0.8102899613281463
2024-05-21,2.2998182003963508,1.8258343361168738,3.666313588639578,1.0,0.9043976440312932
2024-05-22,4.462706175805216,0.646928119760629,3.3225065880116165,1.0,0.9019553383233595
2024-05-23,3.641077349261509,0.49721070998946015,2.434369707393596,1.0,0.8768627698293474
2024-05-24,3.3594393855404903,0.17287658711522527,2.3298322474646422,1.0,0.8598642660452892
2024-05-25,0.27744296100092203,1.484037225910241,1.4909188027203044,1.0,0.7050283752369984
2024-05-26,-0.4421119256753055,1.5295063144815202,1.0595202991002868,1.0,0.6445726446950526
2024-05-27,-1.364319365994704,1.9042256267721152,0.4530582884159362,1.0,0.5784900529963891
2024-05-28,0.7201501216662374,1.0640831024654722,1.152365392086277,1.0,0.7057589837833531
2024-05-29,-0.8812728219288594,-0.1400377920143773,0.3964899167990089,1.0,0.523629901097444
2024-05-30,-1.054299277944151,-0.21752027088005554,-0.14712095746680404,1.0,0.49074600493482745
2024-05-31,-1.1567619359138992,-0.5555853406415969,-0.44498520633933103,1.0,0.45990030820102923
2024-06-01,-1.1567619359138992,-0.5555853406415969,-0.44498520633933103,1.0,0.45990030820102923
2024-06-02,-1.1567619359138992,-0.5555853406415969,-0.44498520633933103,1.0,0.45990030820102923
2024-06-03,-1.1567619359138992,-0.5555853406415969,-0.44498520633933103,1.0,0.45990030820102923
2024-06-04,-1.1567619359138992,-0.5555853406415969,-0.44498520633933103,1.0,0.45990030820102923
2024-06-05,-1.1567619359138992,-0.5555853406415969,-0.44498520633933103,1.0,0.45990030820102923
2024-06-06,-1.1567619359138992,-0.5555853406415969,-0.44498520633933103,1.0,0.45990030820102923
2024-06-07,-1.1567619359138992,-0.5555853406415969,-0.44498520633933103,1.0,0.45990030820102923
2024-06-08,-1.1567619359138992,-0.5555853406415969,-0.44498520633933103,1.0,0.45990030820102923
2024-06-09,-1.1567619359138992,-0.5555853406415969,-0.44498520633933103,1.0,0.45990030820102923
2024-06-10,-1.1567619359138992,-0.5555853406415969,-0.44498520633933103,1.0,0.45990030820102923
2024-06-11,,,,,
2024-06-12,,,,,
2024-06-13,,,,,
2024-06-14,,,,,
2024-06-15,,,,,
2024-06-16,,,,,
2024-06-17,,,,,
2024-06-18,,,,,
2024-06-19,,,,,
2024-06-20,,,,,
2024-06-21,,,,,
2024-06-22,,,,,
2024-06-23,,,,,
2024-06-24,,,,,
2024-06-25,,,,,
2024-06-26,,,,,
2024-06-27,,,,,
2024-06-28,,,,,
2024-06-29,,,,,
2024-06-30,,,,,
2024-07-01,0.055457026758494975,-0.7284908130192799,1.6073132473791427,0.37892914162759955,0.5087598307315411
2024-07-02,1.034953117663073,-0.357233288719923,2.810157186513614,0.4352752816480621,0.6380753526118712
2024-07-03,1.0439687161221083,0.14340514441854826,3.5948530430108887,0.5,0.6755731287589133
2024-07-04,0.7052989790082992,0.42251290208115383,2.7161054094211954,0.5743491774985175,0.6663138597927522
2024-07-05,2.5651394119660806,-0.23589962856638144,3.455564332839857,0.6597539553864472,0.7851432362487732
2024-07-06,1.9418936107129579,-0.3795443640860731,3.062055902877787,0.7578582832551991,0.752323968032224
2024-07-07,3.454566081623365,-0.5117435734977442,2.8716470398522964,0.8705505632961241,0.8299815035937559
2024-07-08,5.0,-0.3485118303803029,3.619988149042792,1.0,0.860478673734154
2024-07-09,5.0,-0.47205410056810526,3.2257767414558978,1.0,0.8553310791429957
2024-07-10,5.0,-0.7673747588998416,2.7395151882912274,1.0,0.8343432246555476
2024-07-11,1.7453427282549825,-0.49324526733591684,2.220157683341017,1.0,0.7448095518560363
2024-07-12,1.1589254896326255,-0.6459762363598875,1.8032915449406468,0.8705505632961241,0.6660383254529533
2024-07-13,0.8737811846379958,-0.20335981652130294,2.3422012453040075,0.7578582832551991,0.6665308706192257
2024-07-14,1.1683996039056408,0.11324946692021848,2.0320196670236714,0.8705505632961241,0.7059286081105929
2024-07-15,5.0,-0.003897769715040566,2.931193088813937,1.0,0.872544029222338
2024-07-16,5.0,-0.44164872447884795,2.8165738870832953,1.0,0.8504837660494913
2024-07-17,1.4639037376776205,-0.14189987607175944,2.179251186307364,1.0,0.7393227938857635
2024-07-18,-0.06518279039505166,-0.29030119041430125,1.2630345538952046,1.0,0.6006597495029076
2024-07-19,-0.16622830402885128,-0.35804152094575,1.0838262614569127,1.0,0.5851272584072341
2024-07-20,-0.2882082615648666,-0.44995777337219034,0.5512465980199718,1.0,0.5554127619391667
2024-07-21,-0.04144407641748435,-0.06695791150089325,1.1305071712244064,1.0,0.6071307209671107
2024-07-22,0.5073521038970449,-0.4682663736793913,0.9941498972977697,1.0,0.622450704599754
2024-07-23,0.7449058226240584,-0.2704076843011824,1.5053428559638051,1.0,0.6635714965278482
2024-07-24,0.3272929948535847,-0.08490781661127708,1.1756155476473797,1.0,0.6324688922196818
2024-07-25,-0.312086580417953,0.24344153931856127,1.0210425699429213,1.0,0.5983723777751739
2024-07-26,-0.15005469791356546,-0.1909462853496846,0.8225548885463254,1.0,0.584458754534403
2024-07-27,-0.30946546433743544,-0.4397926666845988,0.8345939112223407,1.0,0.5638640716397241
2024-07-28,-0.21935097877293788,-0.4379054845082895,1.004352221688509,1.0,0.5756089469502425
2024-07-29,-0.1574299746419887,-0.05496675876424616,1.4738787949826027,1.0,0.6113436799081106
2024-07-30,0.55596828552237,-0.5270664579954322,1.5485804468265516,1.0,0.6417227981792334
2024-07-31,-0.2843474456155371,-0.3967801967229404,0.9944521252990115,1.0,0.5726593996054754
2024-08-01,2.558316400099002,-0.5707225943315749,2.0196305817752367,1.0,0.7890953379686257
2024-08-02,1.3125087793103163,-0.2671023504923655,1.6719849770542459,0.8705505632961241,0.6876867377463993
2024-08-03,-0.009392161796668477,-0.4019351875290127,1.1368420463935531,1.0,0.5955212912796317
2024-08-04,-0.028845319321051294,-0.2908620952565627,0.9796791013242717,1.0,0.5936136947870488
2024-08-05,1.4172591993327377,-0.33310415220524553,1.735635007073313,1.0,0.7134591071827411
2024-08-06,0.0831991270003689,0.07797340620015376,1.4213212667210127,1.0,0.6311728759490648
2024-08-07,-0.5590828660038245,0.29715393260896966,0.5422765833926261,1.0,0.5681851089048731
2024-08-08,-0.5641210114953864,0.004700121217314774,0.41444003876373176,1.0,0.5514024389098201
2024-08-09,-0.4334355896283547,-0.6222497015582816,0.4694615847543774,1.0,0.5358259426183272
2024-08-10,-0.21159248933998856,-0.9142130743064065,0.14513793826927818,1.0,0.5276395538902098
2024-08-11,-0.4097145992275595,-0.8810999841753382,-0.17855037099939994,1.0,0.505021515010877
2024-08-12,-0.21005815512064566,-0.55424070341527,0.23800999366593142,1.0,0.5458364268051851
2024-08-13,-0.29295035290284865,-0.41360610795228486,0.4433288970147084,1.0,0.5530140185422885
2024-08-14,-0.006492530164540581,-0.5886044867412409,0.704575921778658,1.0,0.5735278417674342
2024-08-15,0.07943217296178952,-0.7603725947216259,0.5434971273911349,1.0,0.566729857663756
2024-08-16,0.13774810943774965,-0.6229632984172839,0.7478514954615733,0.8705505632961241,0.5637373708716009
2024-08-17,-0.5581797543219869,-0.410482265940857,0.16716132900728511,1.0,0.5262566329312414
2024-08-18,-0.4904543794913794,-0.6197824881129371,0.1608172576661558,1.0,0.5218393462847409
2024-08-19,-0.4218481931744509,-0.9173946514953454,0.06304710769868091,1.0,0.5107535802326866
2024-08-20,-0.6279306932825888,-0.9013521880518061,-0.484441391562248,1.0,0.47943356622692723
2024-08-21,-0.6782549326193286,-0.8270653176536065,-0.9721357928509687,1.0,0.4629174231614456
2024-08-22,-0.6677717697584045,-0.8518806413075679,-0.6814938191518141,1.0,0.47227039465656384
2024-08-23,-0.4283843247506355,-0.7618382234023555,-0.22536771986528112,1.0,0.5071855283793502
2024-08-24,-0.25734317806818774,-0.8384925459907187,0.010562760485990566,1.0,0.5232586907287072
2024-08-25,0.12168812154410484,-0.773071769567285,0.5762656376639561,1.0,0.570110072293102
2024-08-26,0.41423541517002127,-0.28375569441295384,1.3226225992395932,1.0,0.6348799603854481
2024-08-27,0.9811904804085356,0.5263109800536853,1.5920987652203622,1.0,0.7154122817034848
2024-08-28,3.0415335214964543,-0.2983516137154887,1.6399746048856485,1.0,0.8172345029247096
2024-08-29,-0.22052699988248825,1.3398620863317576,1.1468857068393992,1.0,0.6543553104996374
2024-08-30,-0.7559884672228421,1.926750863798246,0.36465877440424904,1.0,0.6170373473235458
2024-08-31,-0.8853654258249323,1.0890484968243346,-0.3226884598221173,1.0,0.5505963769852812
2024-09-01,-0.46261594263799993,-0.9895245693178785,-0.22201926617674672,1.0,0.4955281045633302
2024-09-02,-0.6094560832705489,-1.0273370905935453,-0.7946457364428849,1.0,0.4650756911258028
2024-09-03,-0.5303130536794914,-0.9714409260392967,-1.0952427782783147,1.0,0.46266099856045273
2024-09-04,-0.5010627193426976,-0.6825081722604028,-0.7916911399393491,1.0,0.48676827353499175
2024-09-05,-0.2821178923012883,-0.6476231562978277,-0.34645363113759803,1.0,0.517659387962918
2024-09-06,-0.5124745901882826,-0.9453017182993227,-0.7575036611052988,1.0,0.4761973336881328
2024-09-07,-0.7906210469272018,-0.9970475159029518,-1.2960270979109625,1.0,0.43754738044519814
2024-09-08,-0.6227360011737604,-0.6844569845667047,-2.0778428169788508,1.0,0.4357037983321749
2024-09-09,-0.5318218473156631,-0.7315501451555547,-1.3598600078503178,1.0,0.4637352872024638
2024-09-10,-0.2809146601223018,-0.4045453982610391,-0.7249282603660027,1.0,0.5152520223854365
2024-09-11,-0.44444821057815387,0.4496643769975964,-0.3313748225654744,1.0,0.5530603075841738
2024-09-12,-0.01724599638325395,-0.19388045384269278,-0.3234736344928454,1.0,0.5549894601812427
2024-09-13,-0.33102206065298945,-0.5507948359390611,-0.38131069010048235,1.0,0.5172717214556571
2024-09-14,-0.3377703079777051,-0.6150857228925658,-0.4585962607924466,1.0,0.5115668656545479
2024-09-15,-0.29582589698959455,-0.22171384154940207,-0.6255077423524218,1.0,0.5251899387243879
2024-09-16,-0.3009554746437596,0.5540821855126593,-0.7764575417683421,1.0,0.5521411413611654
2024-09-17,-0.373833197080391,-0.28145306460986613,-0.9133786418592961,1.0,0.507904621107253
2024-09-18,-0.645282096492444,0.3433830861838859,-0.6770707139881063,1.0,0.5237197983585621
2024-09-19,-0.43719855678510905,0.5047815484252688,-0.07937518857351197,1.0,0.5642401544462619
2024-09-20,-0.3453463589490086,1.0725003186766116,-0.06672002613188056,1.0,0.5944404218105289
2024-09-21,-0.37439147297193015,0.8219642188641172,-0.5613587431118359,1.0,0.5655771194841483
2024-09-22,-0.2781246309625139,0.18183172128178152,-1.2335409546307916,1.0,0.5229166478348803
2024-09-23,-0.6752349910235663,0.9528476283554023,-1.5459083907877833,1.0,0.5181560387536446
2024-09-24,-0.6989389880711923,2.7497737479385336,-1.6774327096408703,1.0,0.5870635499713305
2024-09-25,-0.430022273256821,2.082973295274867,-1.475519090217584,1.0,0.5839384327454119
2024-09-26,-0.47978169987474445,0.8078875581957362,-1.2232196355350986,1.0,0.5359025470820028
2024-09-27,-0.5890595970056433,0.36644563283038206,-1.3404087183879076,1.0,0.5063176376212928
2024-09-28,-0.7750215549129649,2.702777624042411,-1.7925469740329951,1.0,0.5761960648731362
2024-09-29,-0.6885901246540564,1.809805250560336,-1.8751134449169982,1.0,0.541998762299177
2024-09-30,-0.8484327536618529,1.8607658871189752,-1.8875070731161634,1.0,0.5330528259486284
2024-10-01,-0.5792986521436262,0.6301685925889503,-1.5937274502904428,1.0,0.5095128662052831
2024-10-02,-0.7075125541382279,1.9553036345771364,-1.643709750549475,1.0,0.5545131561465163
2024-10-03,-0.36649041894511547,0.5272718973815747,-1.3654115305401193,1.0,0.5270232501098873
2024-10-04,-0.5239964996589422,1.5387532569165878,-1.400356118265206,1.0,0.5575030817854214
2024-10-05,-0.4615050402211433,0.24257943241427327,-1.599988889688595,1.0,0.5010075106795653
2024-10-06,-0.28568381977188934,-0.14924190993290418,-1.4891040627077998,1.0,0.5000991970110764
2024-10-07,0.023317393183893816,0.4759858884071783,-1.5812629042671988,1.0,0.543678474753652
2024-10-08,-0.27470443065569455,0.7489976840572491,-1.6782489392141886,1.0,0.5319529768181995
2024-10-09,-0.007304395101477826,-0.1450158982404615,-1.6698272683046114,1.0,0.5128098022897285
2024-10-10,-0.1302850988722031,-0.4733260248291486,-1.6518337557198095,1.0,0.49153128384997824
2024-10-11,-0.12572363150133,0.43274120315411335,-1.688866729623576,1.0,0.5283537503772135
2024-10-12,-0.2296306853782361,0.41749561891441384,-1.7552631887565238,1.0,0.5185781654710007
2024-10-13,0.01690558566044349,-0.11258135750530178,-1.6060434598180053,1.0,0.5179013671540419
2024-10-14,0.1524130325078345,-0.13482453083894955,-1.4807750684289038,1.0,0.5301840111012692
2024-10-15,0.2772491234948393,0.4048710952577785,-1.2994569978782984,1.0,0.5670376706061202
2024-10-16,0.7130482128269979,0.24578419707134655,-1.2727597553843362,1.0,0.5903522305536282
2024-10-17,0.9104935935591052,1.0991422158181625,-1.1499557984685675,1.0,0.6431653052807449
2024-10-18,0.7516694583926938,1.0227198249059266,-1.2260920243984206,1.0,0.6268548891173126
2024-10-19,-0.26663963945031577,0.879299021213446,-1.5769558760498916,1.0,0.5412962873855428
2024-10-20,-0.15136122135662536,0.3452396104855203,-1.554158147556877,1.0,0.5274889640945591
2024-10-21,0.5592379019740543,0.5698572699423669,-1.076490045688826,1.0,0.6001435781895748
2024-10-22,0.29740619759037445,0.22072749317667076,-1.0084958310610752,1.0,0.5704075310196838
2024-10-23,-0.19257929200689186,1.1898703107800546,-1.065232694539095,1.0,0.5762315536640731
2024-10-24,0.013222460641535613,0.5516032117849321,-1.1828190486712227,1.0,0.5594376629114338
2024-10-25,0.05362793689818226,0.1063852716684559,-1.1882000507528934,1.0,0.5434012470876347
2024-10-26,-0.1658767518206453,-1.292951946900828,-1.4153782151042076,1.0,0.4628892782542823
2024-10-27,0.0389832486682427,-1.3885142361450449,-1.338643772221029,1.0,0.47512266433113837
2024-10-28,1.2465955922129983,-0.7721728783513319,-0.8024005111841568,1.0,0.5991858191767558
2024-10-29,0.13232210332829886,-0.8264741323742104,-0.8721930988696571,1.0,0.520311948077306
2024-10-30,-0.27910993626529484,-0.32281636384202667,-0.7877895659478342,1.0,0.5166823368906348
2024-10-31,-1.116461715660537,-0.5363289558797424,-0.8937709768364783,1.0,0.4484298132330923
2024-11-01,-0.05728146378082842,-0.4219533199528511,-1.0558077110780448,1.0,0.5184062570473078
2024-11-02,-0.24089596627994408,-0.9170117132228267,-1.2054167218648855,1.0,0.48055089013488983
2024-11-03,-0.15995504833509283,-1.1420396123784038,-1.2102539066083258,1.0,0.4764095493749495
2024-11-04,0.15900935270478084,-0.583402114090446,-0.7969683167024433,1.0,0.5347265915364686
2024-11-05,0.7469159239504369,-1.0970827636778056,-0.6521613616816938,1.0,0.5573439010540642
2024-11-06,1.2923200018823993,-0.8079847352808063,-0.5230439353906092,1.0,0.6100538383091061
2024-11-07,0.8343179084414063,-0.4004223456249279,-0.6617342303779941,1.0,0.5918791218157886
2024-11-08,0.05642911750412254,-0.511074097528095,-0.8374164464326175,1.0,0.5295533055555169
2024-11-09,-0.20248899076184132,-1.3600290725344657,-1.1213095897246084,1.0,0.4674558696027876
2024-11-10,-0.23842499805396655,-1.3124398703674909,-1.0454794263899896,1.0,0.4695706913180905
2024-11-11,0.47876331912323933,-1.019032668298358,-0.7206511312216056,1.0,0.5404361557217309
2024-11-12,0.4314236354885253,-0.4443461188958244,-0.5207494842573526,1.0,0.5678888379366639
2024-11-13,0.9858228671680447,-0.09595091228468249,-0.31519601251103807,1.0,0.6262170360489733
2024-11-14,0.27113512430396886,-0.6495171164715722,-0.24249620138368388,1.0,0.557929255054493
2024-11-15,-0.35650643959335737,-0.06494588738657718,-0.38461955113921364,1.0,0.5357061736813618
2024-11-16,-0.7502166433548688,-1.1581640393641368,-0.7219488581834004,1.0,0.45266376019672305
2024-11-17,-0.051993803633027726,-1.1959498606525312,-0.862223271431149,1.0,0.4929617265162377
2024-11-18,0.06436148182178282,-1.1259730745175038,-0.5797180157118625,1.0,0.5130512868261607
2024-11-19,0.4668403667511808,-1.0257459694852675,-0.5134589116498147,1.0,0.5462679786665321
2024-11-20,-0.4027031112006286,-0.9508681834530822,-0.4029073281156743,1.0,0.49510337400555726
2024-11-21,-0.1303987413071686,-0.623830486382756,0.27084092977773927,1.0,0.5493418446394985
2024-11-22,0.5069869698141352,-0.011775244294445392,0.342563154607862,1.0,0.6197272679622692
2024-11-23,0.2078007925084795,-1.2723552983859792,0.11473430166778986,1.0,0.5396630587900758
2024-11-24,0.18110213251499327,-1.1944524258046019,-0.5191980159121232,1.0,0.5199980238954037
2024-11-25,0.37644361765204387,-1.1997739696264182,-0.09814715094684705,1.0,0.5468340874108073
2024-11-26,0.5408531130571179,-1.0848280687417975,-0.12260924867102897,1.0,0.5617687297171986
2024-11-27,0.38485529806235347,-0.7884338602339699,-0.033927396137552954,1.0,0.5666746958231563
2024-11-28,-0.3456580649277745,-1.1817294212783267,-0.20898289150438373,1.0,0.49575130673473866
2024-11-29,-0.059247944022822054,-1.1716376715630006,0.5325515222466951,1.0,0.5399836181582433
2024-11-30,-0.7486566245110002,-1.3288516222974462,0.5090086603137767,1.0,0.486687696113999
2024-12-01,0.9548126156560304,-0.8798991429016159,1.135522052850669,0.8705505632961241,0.6204250296789424
2024-12-02,3.1778012687436634,0.5405889107634388,2.0622670298688837,1.0,0.8662667722774394
2024-12-03,2.7275989826354863,1.3173979777676552,2.094391971808709,1.0,0.8815445803096418
2024-12-04,3.3619998440050067,-0.5304307788854696,2.3958571308024212,1.0,0.8327606219065194
2024-12-05,2.2831679387299073,-0.8422222100611282,2.412291567763935,1.0,0.7725283227549113
2024-12-06,1.438546659069288,1.0553082899506632,2.292258050308136,1.0,0.7912828910295013
2024-12-07,0.6800112655197373,-0.5936523583109042,1.769942742455703,1.0,0.6545966608535516
2024-12-08,-0.6067783317269079,-1.218405160326901,0.7159661031579201,1.0,0.5076467663098493
2024-12-09,-0.30511719447018,-0.9007172192699764,0.3262253592139248,1.0,0.5280031482062031
2024-12-10,-0.4385175864255619,-1.0015830443624825,0.39083851319458707,1.0,0.5170608178296787
2024-12-11,-0.10003833079228687,-0.9314819133138699,1.0418672014117745,1.0,0.5642479382728288
2024-12-12,1.5966299221319522,0.3678673354615922,1.9142422321637484,1.0,0.7605778748584882
2024-12-13,2.163219609355045,-0.6700100238232017,2.013025875970175,1.0,0.7583984188300422
2024-12-14,0.021570367293622335,-0.9394063827381732,1.477202561483099,1.0,0.5865361772549209
2024-12-15,0.07732625978419715,-1.120875791195126,0.8084271862582845,1.0,0.5603994988944258
2024-12-16,-0.21305854131125218,-0.8904377110540911,0.7654081843009612,1.0,0.5492081320953615
2024-12-17,0.1068827836192916,-0.8635662076692078,0.5876214803092583,1.0,0.5657309762653777
2024-12-18,-0.6021898360058426,-1.0962614560967578,0.7577842856709113,1.0,0.514435926451276
2024-12-19,-0.3202097906880098,-0.8213771917605895,1.2491525910808097,1.0,0.5610670506668017
2024-12-20,-0.3812751750605609,-1.1443075557517834,1.4962620379380724,1.0,0.5517775747709074
2024-12-21,1.842171907197521,-0.9138711119020374,1.676875876048886,1.0,0.7156293600188794
2024-12-22,4.29440755757614,-0.4946533858215521,1.973267254901393,1.0,0.8201650174208152
2024-12-23,4.920979259918763,0.292010199057908,2.4657760015688166,1.0,0.8693596250130401
2024-12-24,1.548138311084256,-0.9409351379192287,1.5417902949105409,1.0,0.6903965998226673
2024-12-25,-0.7341526710696255,-1.2229797930240673,-0.02838679923962914,1.0,0.4741527705780345
2024-12-26,-0.48962077456467484,-1.1429923877277128,0.6894330520957324,1.0,0.5177150339435581
2024-12-27,-0.6862228077584624,-0.9583854563612406,0.6129694441671015,1.0,0.5097514002732875
2024-12-28,-0.7443545110053064,-1.0595464834296504,0.14756206632678645,1.0,0.48614733133430366
2024-12-29,-1.0887723377339789,-1.1803515932073712,-0.7157553156308782,1.0,0.42937535057973164
2024-12-30,-0.5250629274094226,-1.1204214011776124,-0.19448000120910816,1.0,0.4868289130833344
2024-12-31,-1.1999790499433927,-1.0723170829322606,-0.2577677749428114,1.0,0.44172925905016924
2025-01-01,-1.0467653150369296,-1.0599002424086712,0.3168066245609108,0.8705505632961241,0.4521959408769591
2025-01-02,0.24859366998887994,-0.8252933196472702,1.411303573142183,1.0,0.6042291421186952
2025-01-03,-0.3192830234373835,-0.927632427269645,1.701343489670468,1.0,0.5717745636236216
2025-01-04,0.4577919220262423,-0.9572288740486636,1.7978036768764578,1.0,0.6255617142789371
2025-01-05,-0.16469157999226558,-0.906724914331685,1.7157034464959882,1.0,0.5834304714532283
2025-01-06,1.19433233927617,-0.45763664931624876,2.1700934431778274,1.0,0.707890410336162
2025-01-07,2.695114157409952,-0.6547309423763839,2.2100293789233474,1.0,0.8010614671924258
2025-01-08,4.234493946376567,-0.3329223730845379,2.2935694613226825,1.0,0.8375805498322337
2025-01-09,3.594265485065747,-0.7063426853464799,2.3572473847369606,1.0,0.8241439676017954
2025-01-10,2.1951246978179677,-0.6503229755370379,2.1073367596031165,1.0,0.7644894145272586
2025-01-11,0.10544984285831696,-0.8396442347735685,1.424580632078372,1.0,0.5945308341442682
2025-01-12,0.09050974531011848,-0.7685615815635186,0.9453763510246939,1.0,0.5805231288230177
2025-01-13,1.160412809719545,-0.7599529056069023,1.3081559368270972,1.0,0.6643013474752519
2025-01-14,2.310942021909538,-0.5126501807373924,1.841956539885946,1.0,0.7691009285927761
2025-01-15,2.31783359721134,-0.30071921336637913,2.2788470996460712,1.0,0.7929538425786927
2025-01-16,1.9170262725727947,-0.16927340112791125,1.9530694668191315,1.0,0.7608510086851611
2025-01-17,1.0263768873837142,-0.6308768464704105,1.2596503738199942,1.0,0.6591269363499803
2025-01-18,0.08441921847798053,-0.6516544229941506,0.47244672055175635,1.0,0.5692239042921676
2025-01-19,4.605106884401428,-0.6336567317421411,1.0560242975483523,1.0,0.7837984460956893
2025-01-20,5.0,0.08803154665630583,2.2865619414352434,1.0,0.8548867124918543
2025-01-21,5.0,0.24648707554932056,2.640070062910532,1.0,0.8732726302449061
2025-01-22,4.906329894593157,-0.40942329984168474,2.813953773635581,1.0,0.8517391549611159
2025-01-23,2.6191446801561167,-0.7559268125183836,2.3662834659326735,1.0,0.7969888103532309
2025-01-24,1.4191867372279636,-0.3989154532190533,1.6649615381600207,1.0,0.7084896898697377
2025-01-25,0.6665795125631251,-0.5363488006502127,1.060611803389574,1.0,0.6324444942567686
2025-01-26,-0.3571486928145231,-0.9237802066728517,0.3238218611378497,1.0,0.5234933072389246
2025-01-27,0.06910572663117719,-0.6837228453647993,0.843753056777899,1.0,0.5792436984444752
2025-01-28,0.32007381001563884,-0.6954843154487008,0.3453713381739285,1.0,0.5788721187964777
2025-01-29,-0.23843931292434964,-0.635545885621749,0.04550839551597751,1.0,0.5341399137546697
2025-01-30,-0.14366246323338797,-0.5725859257410741,0.3532414064901642,1.0,0.5533394690949015
2025-01-31,-0.6191495310970208,-0.38715572815305205,-0.21702418097649007,1.0,0.5103577365546051
2025-02-01,-0.4849026216060115,-0.46277992698801895,-0.4115948296635641,1.0,0.509670833946313
2025-02-02,-0.3464346665805299,-0.05425467587574607,-0.18774947065538913,1.0,0.5433854283779623
2025-02-03,-0.22265031955389566,-0.3194478931881239,-0.01639369309174826,1.0,0.5462998600438436
2025-02-04,-0.27536441271893647,-0.1010304246380175,-0.28731919903996445,1.0,0.5428554648241547
2025-02-05,-0.16167991151557656,-0.20245215830009167,0.30466030199300415,1.0,0.5659411760362245
2025-02-06,-0.28321732290678026,0.21287639272833064,0.21213268840053393,1.0,0.5720597844499129
2025-02-07,-0.15232246459089854,-0.567296879102751,-0.21187117099838954,1.0,0.5341454266980459
2025-02-08,-0.3080545885518625,-0.26439348455489087,-0.17510909917831374,1.0,0.5376096622674783
2025-02-09,-0.379446747731566,-0.7032284097687709,-0.2925069924729677,1.0,0.5106521333284312
2025-02-10,0.21685332870834048,-0.6928246041651005,0.08743947195667531,1.0,0.563503845805566
2025-02-11,-0.06769660727346875,0.007598983826655736,0.7077168357660081,1.0,0.5943940783667464
2025-02-12,-0.20092221044838762,0.31014079472686656,0.6027998465467869,1.0,0.5946210473019532
2025-02-13,-0.3112065019634313,-0.3492479930231762,0.33959864257577216,1.0,0.5510208549123313
2025-02-14,-0.009014609371854327,0.3882336767653134,0.6130172949505882,1.0,0.6110093390721174
2025-02-15,-0.355362662841494,-0.22145891346896532,-0.04753285237455575,1.0,0.5404972726702083
2025-02-16,-0.4912930628364608,-0.31971393938591863,-0.5740605084097148,1.0,0.5097903647228322
2025-02-17,0.23562200489215085,-0.41935045109526964,0.6543254669511266,1.0,0.5950460470955448
2025-02-18,0.879386185390794,-0.3935662040020152,1.1656552326720828,1.0,0.6560823282817051
2025-02-19,1.5738170958489799,-0.37871061590951927,1.526342126306917,1.0,0.7150196016039326
2025-02-20,1.6851511246814312,-0.4527083263618173,1.4242604192698147,1.0,0.7159559086893469
2025-02-21,1.4733616970435541,1.1711135667448789,1.411109693653554,1.0,0.7690575015390587
2025-02-22,0.18156098522267777,0.40424108809600257,0.3640018469038984,1.0,0.6160808392489753
2025-02-23,-0.33405845053949124,-0.35944628311377164,-0.6755672300441214,1.0,0.5152336004994894
2025-02-24,-0.04181108473144734,-0.3547780697497586,-0.2135994628486836,1.0,0.5503101926833741
2025-02-25,-0.21408587966200998,-0.6127142379768232,-1.086046748160906,1.0,0.4989962898348016
2025-02-26,-0.42149663827755623,-0.7130962768391735,-1.0215435324558242,1.0,0.48313642816466995
2025-02-27,-0.5016434347005541,-0.7284544779111604,-1.5612830645762563,1.0,0.45916206562112283
2025-02-28,-0.5652474539457274,-0.7676254626780772,-1.4729544819882598,1.0,0.45623395939242295
2025-03-01,-0.6180539510147876,0.16465317731864454,-1.559468888574774,1.0,0.48867465603479854
2025-03-02,0.08295184663880002,1.9007708325273915,-0.8774571712883009,1.0,0.630480335421618
2025-03-03,0.5806533020914774,0.013376781867911552,0.2218473275970943,1.0,0.621662496970498
2025-03-04,-0.22131216895233208,-0.36865745667796335,-0.5771461290932624,1.0,0.5256469237384873
2025-03-05,-0.5734248066354085,-0.22767233594633182,-1.349259218939754,1.0,0.48231002492855046
2025-03-06,-0.3737876696337514,1.0500926661458045,-0.6102624996258618,1.0,0.5734925997929631
2025-03-07,-0.1749176369432303,3.5985961402953777,-0.4745078680894699,1.0,0.6725218952674691
2025-03-08,-0.36464641601584624,0.4500705040776364,-1.2179881794944172,1.0,0.5288435706190312
2025-03-09,-0.4040733471301587,0.4095282458495395,-1.6079149779638666,1.0,0.511528287836258
2025-03-10,0.03327387727059237,2.152928410680514,-0.9921679086785868,1.0,0.6338513453071082
2025-03-11,-0.412507057239379,0.38004853324029036,-1.2306241096495574,1.0,0.5223140814140682
2025-03-12,-0.014939754032516834,3.1237591943353205,-1.6049267806651029,1.0,0.6455064570423288
2025-03-13,-0.18932916549439727,1.4498802687092749,-1.399559026868819,1.0,0.5761377659342993
2025-03-14,-0.27928268214253343,1.004920376647923,-1.4792771262716111,1.0,0.5489435993417742
2025-03-15,-0.7575013948787626,1.520875795719515,-1.900750286563054,1.0,0.5245113889442938
2025-03-16,-0.6431225100216688,3.7849035513324973,-2.0654731185973016,1.0,0.588276062045312
2025-03-17,-0.47998239452792646,4.937214871742513,-1.4869699225411972,1.0,0.6184355096134317
2025-03-18,-0.04185612951125762,2.220541060046379,-0.7171532226218889,1.0,0.6408270281137857
2025-03-19,-0.3687964151619022,1.8693964717105527,-1.3454677253276308,1.0,0.5834561677995586
2025-03-20,-0.44506546071195574,1.8459187874935834,-1.468342352834459,1.0,0.5732975070036203
2025-03-21,-0.2965587442710724,3.54711981393557,-0.9504738844776263,1.0,0.6485469542326743
2025-03-22,-0.5265317344616446,-0.08406143235747371,-1.620378195945683,1.0,0.48238271815613953
2025-03-23,-0.6120805959773522,0.31490762054696403,-1.6200972752907077,1.0,0.4933125352812765
2025-03-24,-0.4151305656076058,0.08031830843750809,-1.1304566322478313,1.0,0.5129893374027947
2025-03-25,-0.24574146882351222,3.2669426274297657,-1.1629922880857229,1.0,0.6448508258089085
2025-03-26,-0.17858932082673196,2.564844171589735,-0.9375046592614777,1.0,0.6387123971190742
2025-03-27,-0.08703757375827283,2.52500046448121,-0.5718499806583572,1.0,0.6553441817475536
2025-03-28,-0.4891421508212184,-0.22112236024063084,-1.3572377836968499,1.0,0.48793583214533076
2025-03-29,-0.37046572002228945,-0.015916447662426853,-1.7643842237789045,1.0,0.4908262925532827
2025-03-30,-0.525936035080812,-0.2722647822787163,-1.8298816804119002,1.0,0.4675971757192694
2025-03-31,-0.6919753606901116,-0.4085484510726255,-1.7321388262207331,1.0,0.45410749628527547
2025-04-01,-0.1814196553426345,-0.11955789080705614,-1.4583814948471256,1.0,0.5093110610319596
2025-04-02,-0.20206510457906002,0.05347155665073589,-1.1212231961649526,1.0,0.5263828680163449
2025-04-03,-0.36177082567623864,0.9476215604558368,-1.199310950351198,1.0,0.550389144962204
2025-04-04,-0.538829174915584,0.4262528932149027,-1.2320101313119716,1.0,0.5157715878458496
2025-04-05,-0.6099437379665252,-0.20937294667049453,-1.4439286000674065,1.0,0.47748225802204747
2025-04-06,-0.33499091341444037,-0.1390276875465529,-1.4756125241788636,1.0,0.4976873679853022
2025-04-07,-0.07313197919332552,-0.026691943919668944,-0.9035257932734271,1.0,0.5388948439480112
2025-04-08,0.15535070883408947,0.5130746909555356,-0.5783940254187033,1.0,0.5874550251981299
2025-04-09,0.679113519386704,0.38342758681407363,-0.23682897461423308,1.0,0.6283560849225589
2025-04-10,-0.052365298154071135,-0.33811784017427626,-0.819771844690303,1.0,0.5300950086261237
2025-04-11,-0.18018623937055178,-0.571391367974188,-0.7699900156717734,1.0,0.5135132765206463
2025-04-12,-0.40062254877027587,0.5243266122262098,-0.9493985753149012,1.0,0.5384921530809104
2025-04-13,-0.35498370862152606,0.17000245625899596,-1.3403961255268009,1.0,0.5137379842517964
2025-04-14,-0.2797084413345955,3.281503685420711,-1.211646569312472,1.0,0.6409645516006112
2025-04-15,-0.3489934898608284,1.1808857879408508,-1.1495294107388072,1.0,0.56261969481552
2025-04-16,-0.2827614051854883,2.333074013162951,-1.0291435556083866,1.0,0.6190558716824776
2025-04-17,-0.3915358083058601,0.28677796811243594,-0.8165676839785874,1.0,0.5336277719850079
2025-04-18,-0.788742234887439,1.3104898406623176,-1.300521940747739,1.0,0.5336701963435093
2025-04-19,-0.7791169868202532,4.440278659861828,-1.2971307612101697,1.0,0.6048211755049775
2025-04-20,-0.6818993829577772,3.928258858781547,-1.2219099614323485,1.0,0.6138097090884033
2025-04-21,-0.8334823159626569,2.598142738443072,-0.9711134496153109,1.0,0.5953200113837739
2025-04-22,-0.6470350227651829,3.965906975868432,-0.8886257197640801,1.0,0.6272434744901851
2025-04-23,-0.3298765174248883,3.2757078193725424,-0.7295124743566839,1.0,0.653691149693118
2025-04-24,-0.7076168859771149,2.071318046256538,-0.5811787845253463,1.0,0.5947578333780366
2025-04-25,-0.7985633604094183,3.4567184033957474,-0.7006944842519548,1.0,0.6234059598309736
2025-04-26,-1.1110148782040208,1.5684282687505644,-0.9916954131687477,1.0,0.5332270055453805
2025-04-27,-1.0080674084916055,-0.20035539952488832,-1.61765098145246,1.0,0.4455256650719407
2025-04-28,-0.41675765408073256,-0.3765937628164439,-0.7439706516306371,1.0,0.5067257278895781
2025-04-29,-0.5870306174318437,0.8196706382723711,-0.4077522242842419,1.0,0.5564258279564178
2025-04-30,0.06865600864042502,2.124947787122794,-0.4781650847674273,1.0,0.6521777222138972
2025-05-01,-1.2957069689954666,4.368410964128047,-0.14831851803077511,1.0,0.6086755847992764
2025-05-02,0.09673415816044352,2.541765648098382,0.06871925845581471,1.0,0.6896464878299894
2025-05-03,-0.2979637914698574,0.6317346430912635,-0.3385653288311873,1.0,0.5701725130697726
2025-05-04,-1.029101652481207,0.24093447939123375,-0.8998953076514495,1.0,0.4864356495541726
2025-05-05,-0.9668740423038928,1.8798256048379527,-0.776289797900803,1.0,0.5629914707846284
2025-05-06,-0.5675801985230787,0.3662622478907686,-0.8016544308052936,1.0,0.5257004327337337
2025-05-07,-0.39447210386932036,0.5640990991044108,-0.603018553709384,1.0,0.5521053704144163
2025-05-08,-0.5088663319742806,-0.4150716857737597,-0.386930946531265,1.0,0.5108832260767658
2025-05-09,-0.7016729318347925,-0.7364032862795494,-0.5417138583779727,1.0,0.4794812056701002
2025-05-10,-0.9971500456020331,-0.8681581433259133,-1.2907900244939563,1.0,0.4293237401714862
2025-05-11,-0.9747762076548179,-0.7606572074484728,-0.9334358827566344,1.0,0.4472063397541046
2025-05-12,-0.7709381751120247,-0.014918410866841366,-0.06746051933948553,1.0,0.5207338372284305
2025-05-13,-0.6480843872422504,0.42787401105901346,-0.1694179803832452,1.0,0.5439751919652007
2025-05-14,-0.7992593896620596,0.8495241850475077,0.14204120378246712,1.0,0.5618475885255911
2025-05-15,-0.3082237548561695,0.5831315169204904,1.4226867371730185,1.0,0.6261717874537097
2025-05-16,0.9301074292666927,1.7299382291812229,1.4070193784138836,1.0,0.75598856744746
2025-05-17,-0.5334719301113117,1.2266264803151024,0.47532121818504897,1.0,0.6063886819452101
2025-05-18,-0.8616801797280658,-0.22357152068826128,-0.3666717833839574,1.0,0.49601678187665277
2025-05-19,-0.8301693910660223,0.09719485188834892,-0.14635353335281845,1.0,0.5188267083125192
2025-05-20,-1.2146408996472287,0.5123787380349899,-0.38389741356393176,1.0,0.5025764736561783
2025-05-21,-1.1357343454010644,0.5786860531361567,-0.6958123739275598,1.0,0.5002025500563503
2025-05-22,-1.453469511827513,-0.7212663784546828,-0.930168328974204,1.0,0.4170436558100805
2025-05-23,-1.0350012188859867,-0.725540146239831,-1.0530995010535131,1.0,0.4406657626124908
2025-05-24,-1.0822761705485122,-0.7181610657836504,-1.7115840716328365,1.0,0.4158720751680193
2025-05-25,-1.767479232229531,-0.6392517011391374,-2.265970304762928,1.0,0.3550002201451362
2025-05-26,-1.2059354704749086,-0.3157263842729382,-1.6231295104574763,1.0,0.42734471894171777
2025-05-27,-1.4619345872544096,1.138887985890673,-0.6763004204496715,1.0,0.502448012913495
2025-05-28,-1.2693190130818315,0.960353656036092,-0.7227548254940821,1.0,0.5063016406129124
2025-05-29,-1.49984555346548,1.213758590276931,-0.2319630598045923,1.0,0.5178514690370204
2025-05-30,-1.1690389489864288,0.04323942368723769,0.17785129691866533,1.0,0.5047940892851618
2025-05-31,-1.6012023440442342,-0.760892146652919,-0.44046084236839134,1.0,0.4218673095408997
2025-06-01,-2.1979392225168803,0.27558569540296957,-1.6966183830082315,0.8705505632961241,0.3639820942014759
2025-06-02,-0.9200275664261137,1.1208479526027726,0.42796571240375325,1.0,0.574632350676833
2025-06-03,-0.908394869008389,0.7769853986543702,2.534708645591738,1.0,0.6313050218630974
2025-06-04,0.5093622204963638,0.3932112166772766,3.786450507898158,1.0,0.7253412820613109
2025-06-05,0.6281056986518138,-0.559037858827032,3.551684334503608,1.0,0.6935804691256613
2025-06-06,-0.5430945010347689,-0.38154765365110854,3.0288376092771103,1.0,0.6228958810288859
2025-06-07,-0.7016685713945687,0.4660913754443621,1.656308482974072,1.0,0.602852851983013
2025-06-08,-1.6020536950018396,0.18384738403053302,0.896633110111931,1.0,0.505744498338214
2025-06-09,-1.6551913537866891,2.6857399457052993,1.725975111775515,1.0,0.6340922445444587
2025-06-10,-1.159720555393349,1.8340335255607652,2.213358240868425,1.0,0.6478819679010894
2025-06-11,-0.3466177049804694,1.9063816660338726,3.3820305882785773,1.0,0.7313247224193801
2025-06-12,2.4927765021615738,1.0189404358380554,3.8954391768091914,1.0,0.8836409516373572
2025-06-13,-0.6951319859232653,1.7093059852608836,2.614934552033967,1.0,0.6870434353921181
2025-06-14,-1.3439321604029622,1.8988470690755208,1.2149817036720505,1.0,0.6050225406403509
2025-06-15,-1.557062820316915,2.2429368785125634,0.3168499224503506,1.0,0.5752131793319075
2025-06-16,-1.1278175042248944,1.6604825433505896,1.404154062523827,1.0,0.6158040744420759
2025-06-17,-0.8514433498918682,1.4361765785961362,2.317768124026081,1.0,0.6553367382495839
2025-06-18,0.538405223134733,-0.20411048270455695,3.0616453101745273,1.0,0.7023890780962924
2025-06-19,0.904966946751591,-0.6754730660496111,2.7442488797353914,1.0,0.6986613813558853
2025-06-20,-0.22938107861414786,-1.0421607322889703,2.3648561343243357,1.0,0.5951131020578276
2025-06-21,-0.278099462402867,-1.0264656033441781,3.1571676553370076,1.0,0.6136906357004681
2025-06-22,3.8874565771452514,-0.9619514216603855,3.524507809879393,1.0,0.8349186907641507
2025-06-23,5.0,-0.769175482556609,4.252243868027055,1.0,0.8429510215601413
2025-06-24,5.0,-0.5518151747771192,3.731212809375222,1.0,0.8520077010509534
2025-06-25,4.146446113631583,-1.114315721792254,3.164648898926204,1.0,0.8285701782586562
2025-06-26,1.6042818973333302,2.9903287944140526,2.5970195469258726,1.0,0.8931164778203367
2025-06-27,-0.46338158170977356,2.5589162461345456,1.7151959245363075,1.0,0.7079026022928315
2025-06-28,-0.16954907161989896,0.30633312664994833,1.6457851092144795,1.0,0.6313201124762372
2025-06-29,0.22413125873604262,-0.35898667006532725,2.0588515208041636,1.0,0.643612690023153
2025-06-30,-0.2240951894253865,-0.16156470702536566,1.5001293215137137,1.0,0.6033327686293745
2025-07-01,0.28495261068941047,-1.2640537185408256,1.7270123595721016,1.0,0.5988950144258297
2025-07-02,0.12644110280811138,-0.5836964777580266,1.684413485670235,1.0,0.6152558364696308
2025-07-03,0.47802025596232023,-0.8037547996432804,1.8386967602232491,1.0,0.6346681257531263
2025-07-04,-0.27574272429764846,-0.390683771236376,1.0879185019654767,1.0,0.5766026113108237
2025-07-05,0.07790533190254081,-0.6232710476459954,1.4178782649293362,1.0,0.6014866706392309
2025-07-06,0.5398709546648774,-1.0836517374063757,1.5258527064655392,1.0,0.6167009981345775
2025-07-07,0.48437123755961836,-1.1631001400892933,1.7258132182177932,1.0,0.6163560172741804
2025-07-08,1.169903475527682,-1.1075366030415972,1.8339974250848814,1.0,0.6679794540779417
2025-07-09,0.6948132443815188,-0.7504987571882762,1.5408422117063132,1.0,0.6414115084661336
2025-07-10,0.03277309481030974,-0.6777285065540852,1.3259707690455778,1.0,0.5931452108491198
2025-07-11,0.4049079823378127,-0.7778502174603117,1.7473976803964517,1.0,0.6278300291082229
2025-07-12,0.3484136761896157,-1.1084204138866258,1.2537091056139422,1.0,0.593833698021163
2025-07-13,-0.08130997312836832,-0.7957677383745039,1.1472524012292609,1.0,0.5746640927334798
2025-07-14,0.5343803205390888,-0.8524770463969212,1.4573745857214861,1.0,0.6236846306267837
2025-07-15,1.2565737982457206,-0.9041460424240538,1.5594559850463319,1.0,0.673080700950257
2025-07-16,1.296953859632332,-1.1989455104004745,1.5448522195850107,1.0,0.6630026016949694
2025-07-17,2.868073702059751,-1.0101494465571323,1.434584349309848,1.0,0.7719348315077645
2025-07-18,0.438466609765423,-0.5680027511861037,0.997657229920545,1.0,0.6138195670156255
2025-07-19,-0.131480805650843,0.22788178357955466,0.531667358211731,1.0,0.5934519325461496
2025-07-20,0.7132569160021666,-0.5187785114698188,0.7274913690424727,1.0,0.6251844020569844
2025-07-21,-0.28588445131804224,0.7628260659730115,0.9315025749463804,1.0,0.6187755418258853
2025-07-22,-0.21082875939353599,-0.1875262988944797,0.8541512783318079,1.0,0.5816028628642212
2025-07-23,0.012336362209821974,-0.507901997449507,1.2146366046543762,1.0,0.5951477277420713
2025-07-24,1.6664192661073893,-0.848082555474078,1.397119264225759,1.0,0.6973284867365981
2025-07-25,3.014117272676322,-1.032213130816739,1.5133846372985205,1.0,0.7824372741259199
2025-07-26,0.4008001964509665,-0.2638229129730465,0.8631031877616833,1.0,0.6194974979815769
2025-07-27,-0.13750055290170843,0.30702467424605495,0.8739859050604676,1.0,0.6077588547354873
2025-07-28,3.535339847843813,-0.6889648478099325,1.5767411371830817,1.0,0.7988511692473557
2025-07-29,5.0,-1.0228439919959622,1.6249528808555243,1.0,0.7865465963620191
2025-07-30,2.7165170434540267,-0.9859044900424888,1.4465059041961257,1.0,0.7632386459517023
2025-07-31,0.3235393247163372,-1.242887340614952,1.0080159630841357,1.0,0.578382847891604
2025-08-01,-0.5112177991871735,-0.15961341600068285,-0.5517855759713278,1.0,0.5158754018551157
2025-08-02,-0.5424647650232323,-0.9064883094887943,-0.6516672284214432,1.0,0.4793430951557034
2025-08-03,-0.4736977188809894,-1.1878549863319432,-0.3860289688149433,1.0,0.4810585620169383
2025-08-04,-0.10334320849451084,-1.0450927794293945,0.2790864032105578,1.0,0.5338678003978264
2025-08-05,-0.2262636311262276,-0.7866876782372795,0.24609378663528048,1.0,0.5353402308862076
2025-08-06,-0.41094742944917645,-0.6036729737510609,0.06413509030885403,1.0,0.5245883004740559
2025-08-07,-0.34962383988232976,-0.4036229868221674,0.38241446262659085,1.0,0.5476212683111408
2025-08-08,-0.42067634887907324,-0.19850467830810653,0.4542522921666622,1.0,0.5538256248841127
2025-08-09,-0.33618556356688656,-0.36279913821317206,0.27558358439691827,1.0,0.546657117816556
2025-08-10,-0.2798080505036312,-0.7524477083380592,0.4418000424127924,1.0,0.5397208101994319
2025-08-11,0.06751934495651607,-0.8819849914070125,1.0177521938501557,1.0,0.5766769881501473
2025-08-12,0.475784246040518,-0.9543100092507703,1.1354783275763942,1.0,0.604805310269799
2025-08-13,0.027155275432300414,-1.0319010292880535,0.8377822785355015,1.0,0.5617405514263346
2025-08-14,0.14694441831845956,-0.7526267626255454,0.8261596657925412,1.0,0.580975501638251
2025-08-15,0.2054290278930115,-0.6076185732517609,1.0421376275753298,1.0,0.5981157488932217
2025-08-16,-0.2321967656849893,-0.3519578256917394,0.7480682139139323,1.0,0.5697909133476426
2025-08-17,0.11144186536606802,-0.6296221742843794,0.6540163915588459,1.0,0.5779957468145169
2025-08-18,-0.40888146912253936,0.6642499564651873,0.03996619094032321,1.0,0.5767505232758909
2025-08-19,-0.5814407136809812,0.871000850819118,-0.19028789932289983,1.0,0.5661860578946345
2025-08-20,-0.618322180904557,0.42494731864417906,-0.5278739507515244,1.0,0.5338888611914862
2025-08-21,-0.6095875575430492,0.04054806408409993,-0.8252204629114978,1.0,0.5085429834035843
2025-08-22,-0.5222835477502266,-0.3825233798366816,-0.4267129689829147,1.0,0.510018857024026
2025-08-23,-0.5698189809043488,-0.7022924603807907,-0.6601381087836199,1.0,0.48574527846438986
2025-08-24,-0.5481863408152619,-0.979758884512002,-0.8788300638346009,1.0,0.46833662162982914
2025-08-25,-0.47303674392235456,-0.9216023367142425,-0.86586286709967,1.0,0.47620202413876067
2025-08-26,-0.6043626477005045,-0.7795635909335612,-1.3707661677600398,1.0,0.4565351349390667
2025-08-27,-0.6612420691328873,-0.690343573461083,-1.6240081622661235,1.0,0.44801927442139167
2025-08-28,-0.6653385467423358,-0.5718214346356263,-1.6095255090118252,1.0,0.45316735347363235
2025-08-29,-0.6549973032366958,-0.6377606171718673,-1.628106739430708,1.0,0.4504899294210356
2025-08-30,-0.6192140906272019,-0.49760721690821474,-2.1206210851053093,1.0,0.44229805708350056
2025-08-31,-0.7218278751371076,-0.6843014637174811,-2.510621618833388,1.0,0.41467819337485157
2025-09-01,-0.6252497691142171,-0.7550979316504529,-1.7855262792409887,1.0,0.442336725598917
2025-09-02,-0.5469894646455741,-0.09492920744819748,-1.2510730431741561,1.0,0.4928762172741483
2025-09-03,-0.5785398023143704,-0.5593819983787585,-1.109399146277278,1.0,0.4761431250373511
2025-09-04,-0.493677991905159,-0.3039106343080571,-1.359324769193836,1.0,0.4841143651370259
2025-09-05,-0.3224242748402604,0.06788626796264254,-0.8589844188818268,1.0,0.5277008288796985
2025-09-06,-0.49757885881852193,0.04959977065552624,-1.3467642790686862,1.0,0.49900259055378926
2025-09-07,-0.6294265397892185,-0.1844708644839935,-1.9605199376171247,1.0,0.46000128007331487
2025-09-08,-0.5282290375968791,-0.26622875491733317,-1.8709910124767681,1.0,0.46632549895609365
2025-09-09,-0.5477629304367795,-0.2507949852225728,-1.7574311767297728,1.0,0.46945164102894843
2025-09-10,-0.5378343051658647,0.8469241863990321,-1.531471837188044,1.0,0.5233838261826339
2025-09-11,-0.5314935206728906,0.8081052720468775,-1.0338646736621946,1.0,0.5387759958350208
2025-09-12,-0.5186595765767503,0.5967944718680321,-0.9620520340183061,1.0,0.5332207300887745
2025-09-13,-0.5589316577894959,-0.004397037649791449,-1.3415739112074576,1.0,0.4928355492050437
2025-09-14,-0.3697203024916497,0.03690488828538428,-0.8576012919459534,1.0,0.523302973780916
2025-09-15,-0.2826573410200478,1.267250262459684,-0.6561608427265718,1.0,0.5870862434435979
2025-09-16,-0.5617280342334611,1.8077052255934076,-1.0688639337761872,1.0,0.5772437176582883
2025-09-17,-0.49735945300531637,1.92820963473481,-1.0626927305710439,1.0,0.5867616802278945
2025-09-18,-0.37178687268717625,3.379882551190642,-0.3802922641265384,1.0,0.6625377996833037
2025-09-19,-0.440096946773221,3.234752510339867,-0.21305487002142623,1.0,0.6635583745477377
2025-09-20,-0.673723534473251,4.479974290371281,-0.9718260605030185,1.0,0.622690895685016
2025-09-21,-0.5198353167316832,4.459966116172219,-1.3441906168173026,1.0,0.6205379583239777
2025-09-22,-0.45488514799914764,4.13498127117043,-0.9522265745823505,1.0,0.6379334376473118
2025-09-23,-0.18243510186988818,3.320664932352835,-0.5458984133033805,1.0,0.6696410460985615
2025-09-24,-0.4413970204941482,3.2416094528643145,-0.9036905657428959,1.0,0.6404505131089603
2025-09-25,-0.34844708753865455,2.183053987878469,-0.7335183245731752,1.0,0.6182801661732534
2025-09-26,-0.3840606509185883,2.1581407689816654,-0.5166322272505781,1.0,0.6220974144046443
2025-09-27,-0.39531736068108875,0.9756335213656809,-1.1639220067373013,1.0,0.5504995057869208
2025-09-28,-0.1309994566468613,0.5008915333826733,-0.5885337056478298,1.0,0.5675193932595596
2025-09-29,-0.06163901917062921,1.1330423805185135,-0.6230365916344481,1.0,0.5973329448557478
2025-09-30,-0.4947370715586197,1.5043019222088811,-0.9518632299424117,1.0,0.5729680009900484
2025-10-01,-0.4747449659047487,1.0340747928456293,-1.2299648911925807,1.0,0.5454379556018321
2025-10-02,-0.35340436574590745,1.5545105545325444,-1.375938198790711,1.0,0.5703463754294384
2025-10-03,-0.25614417906753145,1.67039419050715,-1.1096505147059943,1.0,0.590535128843096
2025-10-04,-0.04606211918824992,1.1518657041802258,-1.0875979074782938,1.0,0.5836703328123496
2025-10-05,0.15940971000547288,0.5351313332919153,-0.9116504052901949,1.0,0.5775361060445215
2025-10-06,0.2771589144216046,2.0543961383733236,-0.5357795411230576,1.0,0.6612177820228936
2025-10-07,-0.012413842404527312,1.306075251620359,-0.926182764375881,1.0,0.5977194538446837
2025-10-08,-0.1457471191285929,1.2488936388710432,-1.1664526066607874,1.0,0.5784390067890277
2025-10-09,-0.09353928471213659,0.42934730114344766,-1.667052677321804,1.0,0.5310850959894411
2025-10-10,-0.35149982704247157,0.42054522828635293,-1.7582926915317916,1.0,0.5104796396580402
2025-10-11,-0.2462357629388322,0.6443458882574247,-1.8437929994517088,1.0,0.5239722611664136
2025-10-12,-0.4055812383798382,1.4952604266322107,-1.788492790477338,1.0,0.550647342201775
2025-10-13,0.23531039289515854,0.4487895540207219,-1.3813310236690632,1.0,0.5633425568215719
2025-10-14,-0.07308041247783344,-0.01881868514092927,-1.317314554482954,1.0,0.525433375471174
2025-10-15,-0.08059251401826958,0.017275702302385204,-1.4024605515919115,1.0,0.5235983016083177
2025-10-16,-0.05686577468078939,-0.3773408292737952,-1.3892313268497731,1.0,0.5091787029065468
2025-10-17,0.12573787679889342,-0.6077711486155416,-1.4345680125513551,1.0,0.5102397935092335
2025-10-18,-0.22895475563617607,-0.3506702453585995,-1.5441793734398839,1.0,0.49365244361965044
2025-10-19,-0.24667326699453251,-0.43970892656983335,-1.474280507781507,1.0,0.4910912266672379
2025-10-20,-0.031710356642410197,-0.4763356912042107,-1.220328037422106,1.0,0.5123610545095937
2025-10-21,0.012062569607679832,-0.45165975262664687,-1.1498877048535963,1.0,0.5186554247859485
2025-10-22,-0.045832999397709163,-0.4545851496785958,-1.1033918471174644,1.0,0.5162236905662957
2025-10-23,0.23557684587643044,0.029383972616168794,-1.101455904884088,1.0,0.5552142584212995
2025-10-24,0.371435289993684,0.26169784003661084,-0.9774773205827727,1.0,0.5780838519816787
2025-10-25,-0.15584775913074683,0.13088957950821384,-1.253201535033517,1.0,0.5282904973696753
2025-10-26,0.05789774603240511,-0.5102742926391199,-1.3197534777552458,1.0,0.5136066382836888
2025-10-27,0.6036180630432152,-0.19263633617952816,-0.9047040692876701,1.0,0.5770578878858117
2025-10-28,1.572938038701481,-0.34150701167036546,-0.8892153703959229,1.0,0.6359925647473027
2025-10-29,0.7376720013063272,-0.3486091073104071,-0.857422215147973,1.0,0.5810720134442224
2025-10-30,0.4453373215635298,-0.47893441407165865,-0.9528353481439668,1.0,0.5529723759131173
2025-10-31,-0.530976084921328,-0.32111688548175826,-1.0349366924398595,1.0,0.49172383436217626
2025-11-01,1.1467806636224336,-0.9205539014845755,-1.3964038699475847,1.0,0.5665488360147187
2025-11-02,0.8273428344725235,-0.947869846354443,-1.1916364708861251,1.0,0.5509403963371956
2025-11-03,1.4538824233638852,-0.8955536396971978,-0.7742286045176416,1.0,0.6088031397529544
2025-11-04,0.8856652493368314,-0.4350722541949671,-0.7509381311821546,1.0,0.5908850683249267
2025-11-05,0.4695613532260478,-0.7468955648321627,-0.7767151748042389,1.0,0.5492929358535885
2025-11-06,0.9875950604918107,-0.4134333825447445,-0.7015174404166415,1.0,0.6002293650795351
2025-11-07,0.08815521805959205,-0.18748555272451015,-0.6085218977517965,1.0,0.5527810532487251
2025-11-08,0.3677217630457984,-0.06767073408531239,-0.996023090965738,1.0,0.563494400583974
2025-11-09,-0.5017371458623887,-0.15879419569636846,-0.7875734114165386,1.0,0.5086819850746075
2025-11-10,1.3791219754880237,1.414204086285909,0.27295150497746046,1.0,0.7349650187936966
2025-11-11,1.704085222997871,1.4334403664239324,0.4794902210289051,1.0,0.7643153708351521
2025-11-12,1.055024612804908,-0.16615197635667264,0.43756330914067754,1.0,0.6529974188101552
2025-11-13,1.4486142031761868,-0.6473108708724675,-0.2850496068031779,1.0,0.6351013403652871
2025-11-14,1.5000562770058568,-0.9280875909803717,-0.07615837398802656,1.0,0.6337948230432742
2025-11-15,-0.14276466827848866,-0.989030770484973,-0.8255315191221856,1.0,0.496755022707154
2025-11-16,-0.2152845106249542,-1.047462837196411,-0.8488549397531059,1.0,0.488708249750049
2025-11-17,1.0738509483654886,-0.4324890216908428,0.24077534059852684,1.0,0.6365955320071983
2025-11-18,1.226826879412827,0.22557107612275604,0.4365899818859951,1.0,0.6807402528621699
2025-11-19,0.5530840204507779,0.28773649980366933,0.13922520247599998,1.0,0.628502128937738
2025-11-20,0.8508593078967801,0.5083236864890653,0.07694367236445303,1.0,0.6554688965423116
2025-11-21,0.06642146909169629,-0.30421294123141585,-0.08712561780834734,1.0,0.5638483714611926
2025-11-22,-0.4594873415708007,-0.7037638679954141,-0.72409185688628,1.0,0.490907620832595
2025-11-23,-0.09801712257083345,-0.9752345778619758,-0.7642170301699384,0.8705505632961241,0.48293943457311617
2025-11-24,0.595461229775965,-1.030353875352075,0.15370703413879785,1.0,0.5768895716500212
2025-11-25,-0.37132231400521243,-1.1073950252590923,-0.1774570071588593,1.0,0.4981884861085617
2025-11-26,-0.8638756646098366,-1.0903146524483802,-0.11395950816408582,1.0,0.46817986156852553
2025-11-27,-1.0243062188170082,-0.9987499845861916,-0.3214083142112016,1.0,0.4543847255807347
2025-11-28,-0.20873418879597325,-0.8822931784849297,0.5671361407166063,1.0,0.5432267096672833
2025-11-29,-0.5468832882134151,-0.3129076022337523,0.4949243919822742,1.0,0.5420007770921085
2025-11-30,-0.8769329736095217,-1.2358692961316258,0.36451476294355,1.0,0.4771937398519992
2025-12-01,0.8798583505631467,-0.34361277409545843,1.424833942039513,1.0,0.6668344891848828
2025-12-02,2.101258326237781,-0.9488537210165247,1.7695652027491957,1.0,0.7345338234651368
2025-12-03,1.1264270404621106,-0.8780297554145776,1.6447096927939517,1.0,0.6683342193149984
2025-12-04,2.266583536477052,-0.9630690999651284,1.816871145947575,1.0,0.7465400614648423
2025-12-05,2.102022241882355,-0.959006606790066,2.146254903972951,1.0,0.7467180376416693
2025-12-06,0.8489724569987366,-1.1265268226393506,1.7356248313816465,1.0,0.6425137072359978
2025-12-07,0.8457797810896319,-1.122801987421584,0.814880361543688,1.0,0.6117645813148658
2025-12-08,4.531811983360223,-0.8634119629786647,2.4964887788055954,1.0,0.8222407941694089
2025-12-09,5.0,-0.6887036929299085,2.5047970475927235,1.0,0.8297972477143446
2025-12-10,1.61257525448569,-0.6314632948948508,1.8780621883037611,1.0,0.7187961192885527
2025-12-11,2.0076460730673764,-0.928696287830067,1.7287049872425313,1.0,0.7277708924529901
2025-12-12,1.4393859315756294,-0.9867406986622685,1.6261695554212503,1.0,0.6840505181748225
2025-12-13,0.9595675695460262,-0.7024116346396975,1.3733478315878564,1.0,0.6554822809126762
2025-12-14,3.6700039959811286,-0.9237450119523972,2.724021953477174,1.0,0.827311356284556
2025-12-15,4.105804957470728,-0.5296953286474756,2.880493421746234,1.0,0.8489458086978964
2025-12-16,4.734060823819594,-0.6441316349338931,2.328991177186693,1.0,0.8257942211173109
2025-12-17,1.1406527245659857,-0.5620243788849948,1.4913479049744505,1.0,0.677337429350006
2025-12-18,-0.05516355656826726,-0.7368247103091364,0.849539812797232,1.0,0.5689393937258093
2025-12-19,-0.4019441007155458,-0.9380548434657847,0.8207666838423222,1.0,0.5364769976026333
2025-12-20,-0.6444606138256882,-0.8905252360041332,0.7871054657086101,1.0,0.5211675897684023
2025-12-21,-0.7440634942461132,-1.0641370813203404,0.39832790025458903,1.0,0.4943343186703979
2025-12-22,-0.10633869003830995,-0.9685583435696341,1.2370068059075607,1.0,0.56878771654563
2025-12-23,-0.7750759425754161,-1.113061128158328,0.6760154416918074,1.0,0.4994845715447689
2025-12-24,-0.9953477788339637,-1.181128524545553,-0.04656513056865869,1.0,0.4578776218693824
2025-12-25,-1.178549006916279,-1.1136678792160681,-0.852712718660056,1.0,0.4216034806162433
2025-12-26,-0.4507676054961976,-0.5188896928838795,0.28349862376196555,1.0,0.5327783765554908
2025-12-27,-0.9012050443388115,-0.6903294818505177,0.0461652417616191,1.0,0.4876947766923616
2025-12-28,-0.9913907620448507,-0.6018896108846483,-0.11001536717270245,1.0,0.48016136983772617
2025-12-29,-0.7097411620879094,-0.9903807617985011,1.1291877833852673,1.0,0.5240576502320441
2025-12-30,0.28137485677191965,-0.7107824123645188,1.6134091973801372,1.0,0.6179226965156109
2025-12-31,-0.14507622480890087,-0.9463266790780512,1.5136748994923879,0.8705505632961241,0.5569363878619861
