date,lmp_zscore,congestion_frac_z,reserve_tightness_z,event_flag,gsi
2018-01-01,,,,0.8705505632961241,
2018-01-02,,,,1.0,
2018-01-03,,,,1.0,
2018-01-04,,,,1.0,
2018-01-05,,,,1.0,
2018-01-06,,,,1.0,
2018-01-07,,,,1.0,
2018-01-08,,,,1.0,
2018-01-09,,,,0.8705505632961241,
2018-01-10,,,,0.7578582832551991,
2018-01-11,,,,0.6597539553864472,
2018-01-12,,,,0.5743491774985175,
2018-01-13,,,,0.5,
2018-01-14,,,,0.4352752816480621,
2018-01-15,,,,0.37892914162759955,
2018-01-16,,,,0.3298769776932236,
2018-01-17,,,,0.2871745887492588,
2018-01-18,,,,0.25,
2018-01-19,,,,0.21763764082403103,
2018-01-20,-1.3246125268114382,-0.4732897476926765,-1.4322068675192692,0.1894645708137998,0.2976515487634703
2018-01-21,-1.3130257968390724,-0.5079085857253881,-2.2211830443314575,0.16493848884661183,0.2670034276547805
2018-01-22,-1.27437655797132,-0.4812765013700407,-1.7311223012631818,0.14358729437462942,0.2838223926922487
2018-01-23,-1.180830957512703,-0.49103682580808916,-1.3501584053795896,0.12500000000000003,0.29956278824449645
2018-01-24,-1.008371589297379,-0.46635227296532566,-0.6922943396070464,0.10881882041201553,0.33159022774818697
2018-01-25,-0.8155382595570504,-0.41549309836623843,-0.5439874244447649,0.09473228540689989,0.3493954989271462
2018-01-26,-0.7338699569332388,-0.36373310463531344,-0.3398485986557612,0.0824692444233059,0.36196189021961656
2018-01-27,-0.9835206381020687,-0.4349687061097433,-1.3124574364076416,0.0717936471873147,0.3083287272364653
2018-01-28,-0.9583555231171235,-0.4390362706883248,-1.7724212911765496,0.0625,0.29311074414095994
2018-01-29,-0.8515031836559367,-0.42360674697846723,-0.6325479090941802,0.054409410206007765,0.3376593211932633
2018-01-30,-0.6365328214492488,-0.35674458617262145,0.12665574772496488,0.047366142703449944,0.37902690047587384
2018-01-31,-0.7059285680899188,-0.16729370124227264,0.14612137663740285,0.04123462221165295,0.3820234304619054
2018-02-01,-0.7590233146392734,-0.3348397833927933,-0.7663599143116542,0.03589682359365736,0.34028598111134223
2018-02-02,-0.13043911203609307,-0.30675413834363446,0.2442523052118037,0.03125,0.41635188027366915
2018-02-03,-0.18581286917460677,-0.0866414698236723,0.238912363264402,0.027204705103003893,0.42104686535330393
2018-02-04,-0.8483006048023053,-0.3384604265826957,-0.7407346442072864,0.02368307135172497,0.33320541446808316
2018-02-05,-0.7047611996779525,-0.3735850279713545,-0.05903322450150568,0.020617311105826482,0.3635746997051539
2018-02-06,-0.7202259591450267,-0.37769764843520265,-0.026816253961301637,0.017948411796828663,0.3630459206763457
2018-02-07,-0.44942960284287303,-0.35897692559667793,-0.30423071053497197,0.015625000000000007,0.3722833808927812
2018-02-08,-0.6391183815572712,-0.34391832105534026,-0.06582332866609156,0.013602352551501933,0.3679084197793984
2018-02-09,-0.7549137939097164,-0.3514152622200823,-0.02199736863996822,0.01184153567586249,0.3610730958768959
2018-02-10,-0.9198699837482501,-0.38493178190382105,-1.0104699510363269,0.01030865555291324,0.3155004768025169
2018-02-11,-0.9076207368720349,-0.3763552452050276,-1.6364311022113809,0.008974205898414338,0.2956089098027043
2018-02-12,-0.8479802080015912,-0.3672894146877121,-0.8430626884548907,0.007812500000000002,0.32623404590607624
2018-02-13,-0.6813833903673716,-0.35504144726099657,-0.37055663148926754,0.0068011762757509715,0.3534493357313541
2018-02-14,-0.8246850993945961,-0.3541894405029873,-0.6892689133632356,0.005920767837931244,0.333175584749651
2018-02-15,-0.8715399090814518,-0.3483909714204814,-1.379832451719305,0.00515432777645662,0.3071597830278748
2018-02-16,-0.7655947950274066,-0.34390449331322454,-1.4936677432593948,0.004487102949207169,0.3105151337771898
2018-02-17,-0.7566923782487404,-0.33051734637337843,-1.095946843569457,0.003906250000000001,0.324836661398878
2018-02-18,-0.786837227921381,-0.27548874053676936,-1.1070539530279424,0.0034005881378754853,0.32467377706929246
2018-02-19,-0.7598249954244239,-0.27136500214700887,-1.280101138226725,0.0029603839189656215,0.3208121448625337
2018-02-20,-0.7202925344274592,-0.279720695012956,-1.292218107312741,0.0025771638882283094,0.32263810641877244
2018-02-21,-0.6550198507127446,-0.30852327540778474,-1.4009312671031264,0.002243551474603584,0.32211569729491235
2018-02-22,-0.6987235619414885,-0.2750127391284961,-1.179598450737863,0.001953125,0.32793258546561804
2018-02-23,-0.7093118073263226,-0.338428104621162,-1.1495360779184483,0.0017002940689377426,0.32554854999875577
2018-02-24,-0.7446945755054893,-0.3153181628780808,-1.4406847143863981,0.0014801919594828095,0.3144146431607565
2018-02-25,-0.709563651675282,-0.281428430340793,-1.7917192197478697,0.0012885819441141558,0.30643888525746965
2018-02-26,-0.5999414425520532,-0.2956408619767553,-1.2582289868184922,0.001121775737301792,0.33091283471414384
2018-02-27,-0.5693051762897076,-0.24062162789065603,-0.757615645350994,0.0009765625,0.35191304994854233
2018-02-28,-0.6726321852157505,-0.24515196019388824,-1.2486046416568193,0.000850147034468872,0.32845055664414763
2018-03-01,-0.6209263717432505,-0.26215378792752875,-1.1015908721426078,0.0007400959797414059,0.3360731527123439
2018-03-02,-0.5795000024467662,-0.2748465230688845,-0.8788789645521482,0.0006442909720570772,0.3457154062030824
2018-03-03,-0.5813065711314049,-0.1940387172197144,-0.9100444758312887,0.0005608878686508959,0.34791059935967295
2018-03-04,-0.565932365461538,-0.15888082742872386,-1.3570152912381206,0.0004882812500000004,0.33549054030592995
2018-03-05,-0.3495159790521687,0.06631609228501929,-0.4439510336581738,0.0004882812500000004,0.3897369796406254
2018-03-06,-0.4534864130863057,-0.21889356766016577,-0.5238717818210775,0.0005608878686508959,0.3682687475946678
2018-03-07,-0.46557025619321857,-0.2501795278758761,-0.5297054375492812,0.0006442909720570772,0.36597763165312314
2018-03-08,-0.28125038486548937,-0.2237149022902447,-0.2650051855395445,0.0007400959797414059,0.38820602829251694
2018-03-09,-0.18197905140735907,-0.2529574340832139,-0.1315971948125336,0.000850147034468872,0.3980691190474614
2018-03-10,-0.5045028402139359,-0.19092705299139837,-0.5485542671154491,0.0009765625,0.36527252558224765
2018-03-11,-0.37953278051594136,-0.18864687157272506,-1.2448000572155058,0.001121775737301792,0.35051245943681875
2018-03-12,0.08470923944740787,-0.1006219521680919,-0.29499811919680896,0.0012885819441141558,0.41681471794121355
2018-03-13,0.728636669875301,0.07145024758441232,-0.04635414878698272,0.0014801919594828095,0.47522976214206025
2018-03-14,0.7211812063291646,-0.02341111299971231,0.11416859999606177,0.0017002940689377426,0.47616394815716573
2018-03-15,0.07024266245036004,-0.16003493030988955,-0.03324822326413216,0.001953125,0.4221994167083076
2018-03-16,-0.0992051720345328,-0.0604603986319607,-0.22046336741517628,0.002243551474603584,0.40885489239538414
2018-03-17,-0.5275965367685126,-0.03455840984413992,-0.8407971202863558,0.0025771638882283094,0.36074696771228243
2018-03-18,-0.5711976359195138,-0.14693330573425833,-1.4276978996771743,0.0029603839189656215,0.3336520641317107
2018-03-19,-0.2430236810315945,-0.13061633398903152,-0.5927870244169859,0.0034005881378754853,0.38410659475513254
2018-03-20,-0.12120599292249937,-0.014061030891042811,-0.2470949304701372,0.003906250000000001,0.4086831640023687
2018-03-21,-0.10699787053972222,-0.06122411763768942,-0.0592675927832233,0.004487102949207169,0.4140132827453884
2018-03-22,0.19488984793727873,-0.08559502165824481,-0.11110402677535414,0.00515432777645662,0.43149587890068175
2018-03-23,-0.12535477111377455,-0.14505852816092815,-0.1817866520222681,0.005920767837931244,0.4054274700273238
2018-03-24,-0.4606425282305598,-0.061813743364923464,-1.0635468933889058,0.0068011762757509715,0.3572835388061567
2018-03-25,-0.5653871328865234,-0.1880970999618255,-1.3276116796679216,0.007812500000000002,0.3363882976535584
2018-03-26,-0.08675874792576893,-0.14314107805989099,-0.29505525985523945,0.008974205898414338,0.4047628274420408
2018-03-27,-0.1771102591815643,5.0,-0.6054144345277762,0.01030865555291324,0.5195584665699068
2018-03-28,-0.48802555139970893,-0.1879806344522696,-0.8957216107694831,0.01184153567586249,0.3565512801302381
2018-03-29,-0.5977677732286175,-0.18093932234539303,-1.3340906314749184,0.013602352551501933,0.33518034185392886
2018-03-30,-0.6084580627306335,-0.20621357343546082,-1.522197073390485,0.015625000000000007,0.3274477444784641
2018-03-31,-0.6493918387404861,-0.21737027044232163,-1.7883966910724107,0.017948411796828663,0.3157291548826482
2018-04-01,-0.64295515811872,-0.2198309038235379,-2.192414220923723,0.020617311105826482,0.30298882443452113
2018-04-02,-0.4174868533016712,-0.20199662194008258,-0.9395832624572964,0.02368307135172497,0.3609840358199007
2018-04-03,-0.3310006301833959,-0.17408287212701107,-0.8589907523633319,0.027204705103003893,0.3711275190024877
2018-04-04,-0.32836923290985154,-0.19409936765714428,-1.0020877687288592,0.03125,0.3663058185293336
2018-04-05,0.08000693796521899,-0.1708987643505686,-0.33519465782402047,0.03589682359365736,0.4174243822946555
2018-04-06,-0.29163840855084733,-0.11917892945460544,-0.7394265027379763,0.04123462221165295,0.38212929394315037
2018-04-07,-0.2836526661181916,-0.12447428818755767,-1.3283252479024703,0.047366142703449944,0.3637308067264075
2018-04-08,-0.12714227191579006,-0.09185373685258086,-1.2387193771109302,0.054409410206007765,0.37956737513062666
2018-04-09,0.24534251824694694,-0.10279506206185843,-0.22077719694679723,0.0625,0.43908880039899256
2018-04-10,0.03649054696579739,-0.14744690118889325,-0.2934668489873369,0.0717936471873147,0.4222759010267019
2018-04-11,0.03850880558533203,-0.11662444421739743,-0.4448568848426124,0.0824692444233059,0.42024972569870606
2018-04-12,-0.14665054933543686,0.15310122161294057,-1.1911102765424555,0.09473228540689989,0.39610868120446324
2018-04-13,-0.4590712661761014,-0.08392928555395977,-1.5458412270465283,0.10881882041201553,0.3556929775170963
2018-04-14,-0.35230192366149227,-0.12405004577134275,-1.5259748021422312,0.12500000000000003,0.36422862644402015
2018-04-15,-0.16902988105452407,-0.1551725308257595,-1.6351879952168715,0.14358729437462942,0.3742976467942571
2018-04-16,0.09685678449497798,-0.1363517003802069,-0.6206044455205311,0.16493848884661183,0.429829756593464
2018-04-17,0.6599388036902993,-0.13059628078758206,-0.32105855543917927,0.1894645708137998,0.48127214232063475
2018-04-18,1.1611096812903983,-0.13961980043363043,-0.3781971408035053,0.21763764082403103,0.5166288951647797
2018-04-19,0.07909075435095489,-0.14023929023898077,-0.984091823220991,0.25,0.4291263524227398
2018-04-20,0.8895185592627193,-0.15025156775365822,-0.41718190004046296,0.2871745887492588,0.5072108802721522
2018-04-21,0.0892411038074593,-0.14385166197048166,-1.71680465666518,0.3298769776932236,0.4172103124368714
2018-04-22,-0.38785156183080577,-0.13504223057134374,-2.272894610985724,0.37892914162759955,0.37459268714875604
2018-04-23,-0.2228598515635929,-0.10114237326270138,-1.6062798612286469,0.4352752816480621,0.417677041216069
2018-04-24,-0.057543640546081416,-0.13434928642264868,-1.4185128220049659,0.5,0.44328210962915204
2018-04-25,-0.23151808677230135,-0.11542672685994397,-1.2854060410543855,0.5743491774985175,0.4480615225189804
2018-04-26,-0.28898473028397814,-0.103035101934972,-1.3912940786082462,0.6597539553864472,0.45402784608813657
2018-04-27,-0.40256571397902075,-0.11266944986863243,-1.4638802547318566,0.7578582832551991,0.4583504593207569
2018-04-28,-0.5173627040105369,-0.029876480587186397,-1.7554247186345109,0.8705505632961241,0.4613327269147664
2018-04-29,-0.4158064096120041,-0.05632178885571419,-2.065096480267326,1.0,0.4760962821479675
2018-04-30,-0.27114237949362546,3.14449085450187,-1.8279563113312498,1.0,0.6209919643227166
2018-05-01,-0.38470256906479866,2.58731717178215,-1.014321288535508,1.0,0.623347334602086
2018-05-02,0.6079020660333672,-0.08174223807782287,0.24558590855464013,1.0,0.6203070747674699
2018-05-03,1.6201420823857284,-0.12015647131395733,1.085438571567375,1.0,0.7141842382398795
2018-05-04,1.7081167847731287,-0.09998104592414853,0.8330952791672172,1.0,0.7124784180436097
2018-05-05,0.23219148065238784,1.4128963041211429,0.02568872795686917,1.0,0.6502064023137691
2018-05-06,-0.6467669499807661,0.751274413074724,-1.8142410709145405,1.0,0.5027106015155778
2018-05-07,-0.7189710387133298,0.6119159434194019,-0.8027742104287119,1.0,0.5258059547139627
2018-05-08,-0.5979484839995912,0.2596408329736886,-0.3214458965407141,1.0,0.5352402725559071
2018-05-09,-0.19605929584970228,0.40746942292793237,0.10644230215210745,1.0,0.5824553496370873
2018-05-10,-0.030873327398317135,-0.1069594142687008,0.034065429059021435,1.0,0.569620650214217
2018-05-11,0.1567397014016731,0.32254664836247854,-0.09870056918324513,1.0,0.5955987381357734
2018-05-12,1.610167967177973,0.6962984465086279,-0.5019792465753438,1.0,0.6946243248638796
2018-05-13,0.25352321356167223,-0.055775848780367766,-0.9259971978737384,1.0,0.5587109806091383
2018-05-14,2.4042433055899752,-0.1288890641847133,0.923937814863559,1.0,0.7607104365270874
2018-05-15,3.787112247393081,0.26483731926794657,2.254220702747371,1.0,0.8611755783944103
2018-05-16,0.23562989377335686,-0.14264210499260443,0.9349322636277004,1.0,0.615929647331122
2018-05-17,-0.3436639097670239,-0.1812810024318327,0.22010885233858557,1.0,0.5518726593254916
2018-05-18,-0.3232130400531425,0.3550353568445136,-0.21620457301041573,1.0,0.5610387847646314
2018-05-19,-0.6177838809044144,0.04882615543208044,-1.1337410566944683,1.0,0.49805746252622685
2018-05-20,0.8229458611780509,0.8556860560173511,0.1531212041944294,1.0,0.6706206832190741
2018-05-21,0.9664196191799371,0.0417799587900241,1.144188315342368,1.0,0.6793084167396591
2018-05-22,0.664316112425626,-0.20628364392895843,0.6113377031515667,1.0,0.6310705124363873
2018-05-23,1.207356456128579,-0.2342698474759137,1.3004396915703678,1.0,0.6890771764827546
2018-05-24,0.9235220580447184,-0.2337024244678582,1.910636676776233,1.0,0.6905184254093616
2018-05-25,1.5989696367197503,-0.22847790564994724,2.6299837317748262,1.0,0.7597441874383964
2018-05-26,0.46392265901486207,-0.2716898015541618,1.9380836022817771,1.0,0.6592105556122934
2018-05-27,-0.02527084089683207,-0.2598405263868606,1.1440036357909973,1.0,0.6006220432004586
2018-05-28,-0.1588201159145421,-0.25130107541278485,1.0508837772239366,1.0,0.5889705733709624
2018-05-29,1.5686841223052859,-0.26801202937199875,3.142503167684067,1.0,0.7684117735965191
2018-05-30,0.12802593155397116,-0.25192392023240906,2.2116035791935427,1.0,0.6467583514003659
2018-05-31,-0.9024350931358244,-0.27666762532420147,1.179226904791328,1.0,0.5426174062288143
2018-06-01,1.7634388929937195,-0.22127075331839927,2.259710791073316,1.0,0.7586666711804252
2018-06-02,-0.43319147752932713,-0.28346356885890706,1.150495617992873,1.0,0.5726594400620195
2018-06-03,-1.1827478753873975,-0.30432626855130557,0.04353873033486941,1.0,0.4849211714623647
2018-06-04,-0.8064323993962947,-0.26728557041783874,0.18733845218972078,1.0,0.5163455563458278
2018-06-05,-0.6765440765665903,-0.2822419971724176,0.0008915468292407018,1.0,0.5181666965743512
2018-06-06,-0.8944730129107705,-0.30076688841154675,-0.2924090338286761,1.0,0.4930895443278449
2018-06-07,0.027750979986375508,-0.2840220633588362,0.8825487137976985,1.0,0.5944341031523969
2018-06-08,0.29616641826270435,-0.2959871665380875,1.39574229366166,1.0,0.628936372400482
2018-06-09,-0.2554663184005449,-0.28081072016698044,0.8773290701660635,1.0,0.575512767771875
2018-06-10,-1.030689533478459,-0.2924770618779516,0.051309414661461855,1.0,0.49581113401190346
2018-06-11,-0.4943402241608648,-0.27293835403619054,-0.36123083749473556,1.0,0.5186305257212765
2018-06-12,-0.3664259666440114,-0.294359929345386,0.5141425508837547,1.0,0.5554446901971333
2018-06-13,-0.27535628603542256,-0.2999962599404908,1.8771548128479474,1.0,0.6067148971950497
2018-06-14,-0.3490929546864619,-0.3098143436537293,1.9046487916064545,1.0,0.6023064984222123
2018-06-15,-0.1234696178961032,-0.2917174065800555,1.720433170221809,1.0,0.6119615725401512
2018-06-16,0.08091648650329436,-0.26709075688043654,1.7831749858485637,1.0,0.6287048170918202
2018-06-17,0.7785535715601729,-0.2910372494514171,2.720895811340671,1.0,0.7054735464215582
2018-06-18,4.1076944473376,-0.2788702217683441,4.05377159450346,1.0,0.863380407426319
2018-06-19,-0.07201453484054873,-0.2513714269586998,2.964791026930784,1.0,0.6585515891183771
2018-06-20,-0.3025247574326694,-0.29243901660764693,1.8254405686922563,1.0,0.6034947427689119
2018-06-21,-0.6461571257399465,-0.2882265191777243,1.1794794827877417,1.0,0.5592294027445232
2018-06-22,-1.096341009350708,-0.29636609574113226,0.5636452607961255,1.0,0.5083501874139431
2018-06-23,-0.8769656023877578,-0.30673274429211195,-0.06985580460004183,1.0,0.5014265686753101
2018-06-24,-0.4217198370201113,-0.307911370859449,1.0506378366387492,1.0,0.5690769649674738
2018-06-25,-0.5229010246439088,-0.4412396454539633,1.113825953247368,1.0,0.5588824782380699
2018-06-26,-0.3786578470739973,-0.3927721883222912,0.8519262003292833,1.0,0.5617881756926142
2018-06-27,-0.8141950305706436,-0.4158120548546174,0.7682739228536785,1.0,0.5290039597714706
2018-06-28,-0.12122680219414503,-0.4461501037507904,2.231504141864163,1.0,0.6227120969262462
2018-06-29,0.8382758266180558,-0.4460899597947381,2.731244470707574,1.0,0.7033394558066755
2018-06-30,-0.3875764142899204,-0.45809946557655873,1.913541068620873,1.0,0.5938587969356778
2018-07-01,1.917430742439411,-0.3446025093526089,2.56817559310544,1.0,0.77407613137645
2018-07-02,3.2886233746171207,-0.31352415596268784,2.718507044108348,1.0,0.852553394971833
2018-07-03,1.589166706012991,-0.3287210127517983,2.611740497530543,1.0,0.754305754787226
2018-07-04,-0.14504578994841386,-0.3718711729027528,1.9184364984273012,1.0,0.6137835317467344
2018-07-05,0.18722185351562487,-0.4245040310015866,2.1924363536480085,1.0,0.6428750007309092
2018-07-06,-0.5212366827031109,-0.4351321433451936,1.3798405759569392,1.0,0.5681150677123076
2018-07-07,-1.247773400679035,-0.41810865436297406,0.08314838250487377,1.0,0.47716552543976953
2018-07-08,-0.7520580912091542,-0.4045616219414701,0.3505534418126626,1.0,0.5196911743989172
2018-07-09,-0.05580005704765097,-0.40312512582121174,1.6362471417593025,1.0,0.6090246873462496
2018-07-10,0.12643634114031427,-0.4434991986562046,1.9598752613784773,1.0,0.6302791315112951
2018-07-11,-0.05247584781770804,-0.4262731187597905,1.579897804974388,1.0,0.6064034903629746
2018-07-12,-0.13800628136947246,-0.40258932837190836,1.2441700349299898,1.0,0.5904973603908721
2018-07-13,0.33697927042423825,-0.38817138142406826,1.4700483626144183,1.0,0.6302930892227603
2018-07-14,0.17533280922530764,-0.40826643523761014,1.05435533241359,1.0,0.6048229302272398
2018-07-15,0.554984585179737,-0.4371864647200675,0.9528413735751667,1.0,0.6255442487678186
2018-07-16,0.8480928664142608,-0.40590478464564833,1.8978419691712716,1.0,0.6778882240397578
2018-07-17,-0.49345228431154214,-0.4326140530211613,1.3922089367334238,1.0,0.5704845600611296
2018-07-18,-0.43435905210679665,-0.4409879517733486,0.7960989398726354,1.0,0.5542048631980786
2018-07-19,-0.014470986695990949,-0.40788308612486296,0.8876652459973824,1.0,0.5866289804983108
2018-07-20,-0.5187189859411825,-0.40684031455482195,0.4027282040092807,1.0,0.5368913279644463
2018-07-21,-1.1645686936632778,-0.3829937399551571,-0.3323839133217848,1.0,0.4703245508135905
2018-07-22,-1.0474773936123,-0.42630582040308823,-0.3599705863072535,1.0,0.4754064116988096
2018-07-23,-0.5890432827399874,-0.40872568904392864,0.6176149025399459,1.0,0.5392873741918354
2018-07-24,0.011115672945737655,-0.3993903288582329,0.7155464972067206,1.0,0.5829513310675135
2018-07-25,-0.24890452832647048,-0.4054742749890875,0.7962562976856489,1.0,0.5680534799098783
2018-07-26,0.018281147766286247,-0.39931118666518933,1.1730810618902816,1.0,0.598683479136379
2018-07-27,-0.06289274089102476,-0.3944627679821396,0.6637999864806574,0.8705505632961241,0.5570804526517831
2018-07-28,-0.4084080478083029,-0.41779731825061195,-0.04756794098050671,0.7578582832551991,0.4924577196746006
2018-07-29,-0.8374192465138289,-0.45539473449563783,-0.21337422354671545,0.6597539553864472,0.44204788881816975
2018-07-30,-0.6625011982113886,-0.530850949667653,-0.19301868569333114,0.5743491774985175,0.4384328843180886
2018-07-31,-1.0361914930051825,-0.5372025071694655,-0.5725819425638358,0.5,0.3894510645821323
2018-08-01,-0.20092497539042475,-0.5074306727023116,0.7409644818587188,0.4352752816480621,0.48045216525387535
2018-08-02,-0.06300392268368146,-0.48770131554824164,0.7211055962049511,0.37892914162759955,0.4813550747908828
2018-08-03,-0.18397784231628683,-0.5022915355062744,0.6544788444884784,0.3298769776932236,0.46310350466975225
2018-08-04,0.021123026703913625,-0.4935626091578413,0.9546525721721967,0.2871745887492588,0.48074103378347954
2018-08-05,0.7210303294576293,-0.4526899354784232,1.1889460634284927,0.25,0.5313381434331907
2018-08-06,0.9566071287548022,-0.38398774240989975,1.548128444411102,0.21763764082403103,0.5570242469205491
2018-08-07,0.4001626450419924,-0.4005389799786443,1.3934328825727047,0.1894645708137998,0.5098558338781828
2018-08-08,0.028070916143759537,-0.3719965273771577,1.3247825313671047,0.16493848884661183,0.480271730141431
2018-08-09,-0.3249934737170298,-0.28322162849368177,1.4312433565037528,0.14358729437462942,0.4607790732712808
2018-08-10,-0.05354640121876866,-0.3502518760128507,0.9654977423690269,0.12500000000000003,0.4577696698305142
2018-08-11,-0.8167378156429232,-0.4227860431237557,-0.03153411534418989,0.10881882041201553,0.36820641304397794
2018-08-12,-0.6149243464212203,-0.42382035387370354,-0.0914066641633022,0.09473228540689989,0.377508816166106
2018-08-13,-0.2508644896630622,-0.3415661106702673,0.4251977086014612,0.0824692444233059,0.42058742302807933
2018-08-14,0.03947424197313638,-0.2951040467600371,0.5425023314684183,0.0717936471873147,0.44418807231025204
2018-08-15,1.6923223681492578,-0.32307013185348615,0.9934613794550994,0.0625,0.5668506150312252
2018-08-16,1.6600427111243081,-0.29070113854528973,0.9139808558910815,0.054409410206007765,0.5621844066961708
2018-08-17,1.7560435923260767,-0.32200141421238854,0.9664255577393462,0.047366142703449944,0.5679719538930512
2018-08-18,0.3616170648279301,-0.7554501849240963,-0.001541257315063967,0.04123462221165295,0.4237645313712705
2018-08-19,-0.8641775411538171,-0.78639605803951,-0.8021241545646727,0.03589682359365736,0.31326871322499217
2018-08-20,-0.482998493933179,-0.44918072359476663,-0.295372134599361,0.03125,0.36892599910136076
2018-08-21,-0.8490234742282429,-1.0525971778279506,-0.30025734549163424,0.027204705103003893,0.31861234689101536
2018-08-22,-0.493168090728891,-0.9646652369155296,-0.4153883604125967,0.02368307135172497,0.34163392443559903
2018-08-23,-1.050506068869932,-0.8068915476403856,-0.8342761256925503,0.020617311105826482,0.29662917339977746
2018-08-24,-0.9627041334251812,-1.0530453229248664,-0.8136218863891982,0.017948411796828663,0.2925143682063362
2018-08-25,-0.6843126838351595,0.08986556237681532,-1.1675172131981255,0.015625000000000007,0.3465500624034191
2018-08-26,-0.2116692614077042,-0.08783451757479507,0.31747829980649855,0.013602352551501933,0.41985190721681187
2018-08-27,1.4038758240381874,-0.25415041584048625,1.7764947095275538,0.01184153567586249,0.5689948416114902
2018-08-28,3.784617177112331,0.15227529273246837,2.0489116691780342,0.01030865555291324,0.7011881578360576
2018-08-29,2.044237027432687,0.797624581236866,1.4972149055767283,0.008974205898414338,0.645770120451035
2018-08-30,0.5962381903502163,1.2008844076604748,0.7708392317354936,0.007812500000000002,0.5416525790670507
2018-08-31,-0.46938821911437195,0.002212037905014262,-0.07161454155407847,0.0068011762757509715,0.3924326453613109
2018-09-01,-0.5776760743731181,-0.22642672984089054,-0.7560635419907318,0.005920767837931244,0.35273981174108704
2018-09-02,-0.3921449521611961,-0.49382147474474564,0.1777579854608874,0.00515432777645662,0.38497952375672057
2018-09-03,-0.05138889431443548,-0.7715894553364839,0.9012491786579149,0.004487102949207169,0.42013921780432906
2018-09-04,1.679995571957437,-0.7710441651559609,1.8348911169727806,0.003906250000000001,0.5666218393147568
2018-09-05,1.074268843477407,-0.49267817914019124,1.738183279011592,0.0034005881378754853,0.5345391962887202
2018-09-06,-0.042129880444873535,0.35509409819170634,1.000897241138338,0.0029603839189656215,0.4707942276874524
2018-09-07,-0.733420705267823,0.04475297189060737,0.0008988428994502705,0.0025771638882283094,0.37838652949080304
2018-09-08,-1.3160677792727702,-0.4707343319734954,-1.2634493378610623,0.002243551474603584,0.2758697723420748
2018-09-09,-1.4142020415962422,0.8948711247013974,-2.8935717145118582,0.001953125,0.27184673902241346
2018-09-10,0.40666144083855493,1.2609406333797402,-2.216588303565484,0.0017002940689377426,0.43101872310488404
2018-09-11,-0.04916391625073966,1.0231718987458902,-1.7541621498637314,0.0014801919594828095,0.4061045251628274
2018-09-12,-0.3176747788452784,1.3825901684453872,-0.9203911876140914,0.0012885819441141558,0.4309431861333533
2018-09-13,-0.30495742514494484,2.233310692919945,-0.6597954029333241,0.001121775737301792,0.4758992034581525
2018-09-14,0.3652293679462726,3.5761133315661056,-0.6372720900511517,0.0009765625,0.5532527059030464
2018-09-15,0.015877355040885936,1.393187402214022,-0.9727682954898192,0.000850147034468872,0.45180987763381963
2018-09-16,-0.1313892548038785,1.0439436780809892,-0.738222782755691,0.0007400959797414059,0.4352419579048875
2018-09-17,0.11781313676570189,0.5210015774118103,-0.5706955532611806,0.0006442909720570772,0.43563606671364147
2018-09-18,2.0190418549197218,1.4019341842361348,-0.2473196714648363,0.0005608878686508959,0.6098568588026236
2018-09-19,1.4611569620746099,1.2340245877214249,-0.03031114426165435,0.0004882812500000004,0.5728910260054783
2018-09-20,2.9017560814593186,3.874145308946848,-0.0791418515323619,0.00042507351723443593,0.740876104740461
2018-09-21,1.3422113156402895,2.969446192443438,-0.5806990149768401,0.00037004798987070263,0.6189065524270819
2018-09-22,0.1864452167597987,2.252317000290411,-1.5693819958707942,0.0003221454860285383,0.47901181142329813
2018-09-23,-1.281107855941037,2.330402229041992,-2.82949473472836,0.0002804439343254482,0.3424184779132174
2018-09-24,-0.6298766207781966,2.066396686975667,-2.1416294959532602,0.00024414062500000016,0.3977570584674143
2018-09-25,-0.1301624800424751,1.3825947671799224,-1.4287091582541105,0.00021253675861721797,0.4263388585349874
2018-09-26,0.16840593089710404,2.7226159506365324,-1.0054308007238133,0.00018502399493535113,0.5161827869114424
2018-09-27,-0.20224789386414044,3.651667992864047,-1.4211578917242689,0.00016107274301426942,0.4891690382630338
2018-09-28,-0.9711798266424565,1.9154696359547845,-2.1951987140460636,0.0001402219671627241,0.3669136558821579
2018-09-29,-0.7962371257245675,1.5557030982201208,-2.3285349075685167,0.00012207031250000008,0.359138967672125
2018-09-30,-1.0267613760859584,1.8524795609900406,-2.512145385240489,0.00010626837930860897,0.3500136507177345
2018-10-01,0.9533136047806896,3.261822061421895,-1.0298950592434997,9.251199746767573e-05,0.5792382818102162
2018-10-02,0.5409105692745574,2.593518775869513,-0.9596956637012716,8.053637150713471e-05,0.5371462119452173
2018-10-03,2.9943690218022563,5.0,-0.49775371795778517,7.011098358136205e-05,0.7330433275024282
2018-10-04,0.6229570157231334,5.0,-0.7023361627594985,6.103515625000003e-05,0.5681284175629965
2018-10-05,-0.33240147197501285,3.048375736733465,-1.0760636100938374,5.313418965430448e-05,0.4919790849936527
2018-10-06,-0.3542148488065355,1.6598484733291947,-1.6869604218901184,4.6255998733837856e-05,0.41432095413842024
2018-10-07,1.0278464800116232,2.2373670714859757,-0.9624018278349354,4.026818575356735e-05,0.5546727059460557
2018-10-08,4.348734506124268,1.5862681861898977,-0.22112408008131265,3.5055491790681016e-05,0.6837289634123039
2018-10-09,1.2353823484896203,-0.01496333903694693,-0.10669776607325365,3.0517578125000014e-05,0.5031833362070457
2018-10-10,0.8601019768416149,0.11808416268561461,-0.48557831999834705,2.656709482715224e-05,0.47107834629895406
2018-10-11,-0.21488110638126415,-0.023626909033230423,-0.785691539356544,2.3127999366918925e-05,0.38350388958621795
2018-10-12,-0.3880993876639893,-0.29134669103633704,-1.4134547891951372,2.0134092876783674e-05,0.33987512250331364
2018-10-13,-1.0069411789978773,-0.5221741837588558,-2.189671525926683,1.7527745895340508e-05,0.2631269087078507
2018-10-14,-0.9199677393047135,-0.591579953528589,-2.1773434609216915,1.5258789062500007e-05,0.26644382610363093
2018-10-15,-0.6497748582365335,-0.5625056376676174,-1.5401070206544867,1.3283547413576118e-05,0.30690903305837625
2018-10-16,-0.8245954325773154,-0.29863528768653064,-1.5949353064439171,1.1563999683459462e-05,0.3044210585597288
2018-10-17,-0.32047759855492597,-0.5746378592662282,-1.5822693788530091,1.0067046438391835e-05,0.3269507800554442
2018-10-18,-0.08581218820473384,-0.340126558182875,-1.5207267026792992,8.763872947670252e-06,0.3544176720203635
2018-10-19,-0.4589078229295484,0.12632603847540574,-1.4376618085052424,7.629394531250002e-06,0.351748814200177
2018-10-20,-1.1018484662782073,0.3056532020697004,-1.807765597028684,6.641773706788058e-06,0.30402112869945697
2018-10-21,-0.5954654889313905,-0.3118552708965883,-1.6212719977037786,5.78199984172973e-06,0.3182667984937331
2018-10-22,-0.038941530677236866,0.2800898576664322,-1.0771414268428858,5.033523219195918e-06,0.39817034949133895
2018-10-23,-0.07768215938756641,-0.14723758097311104,-1.329371166908521,4.381936473835126e-06,0.36937457522713635
2018-10-24,0.26394907204381785,-0.12013798271721306,-1.222156196953809,3.814697265625001e-06,0.39685288782916683
2018-10-25,0.5399565870469817,-0.013834388077854429,-0.9945369788461458,3.320886853394029e-06,0.427269938471378
2018-10-26,0.07978447458274579,-0.45680189727939374,-1.1267165309608724,2.890999920864865e-06,0.373728768536834
2018-10-27,-0.274271755884563,-0.5945617972887884,-1.3129357020787247,2.5167616095979584e-06,0.3381776621656136
2018-10-28,-0.24224769046962816,0.2301662935356441,-1.4649531501821296,2.5167616095979584e-06,0.3696090220408471
2018-10-29,0.07294041723441229,-0.39643760341739775,-1.092182654584999,2.890999920864865e-06,0.3769388061703908
2018-10-30,-0.010909539426678876,-0.3089917194094648,-0.9483816252687136,3.320886853394029e-06,0.37978581968689795
2018-10-31,-0.49737925086394164,-0.5831650858397063,-1.1884461326910127,3.814697265625001e-06,0.3279285391473056
2018-11-01,-0.30902902699708956,-0.23415533088898038,-1.1048044550935063,4.381936473835126e-06,0.35781543486717404
2018-11-02,-0.3950764504578772,-0.5338209033585107,-1.153378137607945,5.033523219195918e-06,0.337973849437755
2018-11-03,-0.730991079922064,-0.3911269825129007,-1.2379055706742161,5.78199984172973e-06,0.31870765201132734
2018-11-04,-0.6263868916029256,0.20993104422288728,-1.3000023451767615,6.641773706788058e-06,0.34865558549592257
2018-11-05,0.19438501923695908,-0.3956627368853938,-0.8698404065012316,7.629394531250002e-06,0.3924795181047112
2018-11-06,-0.2215768433612054,0.12871871997281875,-0.8618717727957558,8.763872947670252e-06,0.38686374592920403
2018-11-07,0.09828546295477887,-0.2973445814131544,-0.815740479843843,1.0067046438391835e-05,0.3919731673669415
2018-11-08,-0.1926081341875553,-0.059257303894813824,-0.7142544079906448,1.1563999683459462e-05,0.3858836577254768
2018-11-09,-0.12170626801434907,-0.2610754967989423,-0.5813485926785528,1.3283547413576118e-05,0.38663180920858103
2018-11-10,-0.5544426448714148,-0.5229994137767212,-0.6509784519062115,1.5258789062500007e-05,0.34454852185602797
2018-11-11,-0.3788736287911149,-0.3293477557672129,-0.6665066455773123,1.7527745895340508e-05,0.3638046758995991
2018-11-12,-0.2930977491059706,-0.265730683801469,-0.24358650059619927,2.0134092876783674e-05,0.3862715083285989
2018-11-13,-0.36806264461641636,-0.32193790766803926,-0.1895378757269772,2.3127999366918925e-05,0.3807339508817431
2018-11-14,-0.001033026361972271,-0.2494837756774889,-0.06464705525953711,2.656709482715224e-05,0.41238505747821264
2018-11-15,0.6539494398080803,-0.3236075893927836,0.26421477611292493,3.0517578125000014e-05,0.46392471660298895
2018-11-16,-0.12406723097140039,-0.16786224079788506,0.11383149958365227,3.5055491790681016e-05,0.41353423287855173
2018-11-17,-0.42094930326675745,-0.2524537590849599,-0.33897408206528395,4.026818575356735e-05,0.3751247106460298
2018-11-18,-0.28214700058168213,-0.4775946582028011,-0.6899576526735854,4.6255998733837856e-05,0.3632987725134617
2018-11-19,-0.04781898746774056,-0.45955984386165827,-0.3374420043830576,5.313418965430448e-05,0.3914236439902611
2018-11-20,0.07321967695618797,-0.5191313572312429,-0.15462938577715368,6.103515625000003e-05,0.4031056809933098
2018-11-21,-0.16220259841118181,-0.42505182087846805,-0.18001870448173954,7.011098358136205e-05,0.39048589406746426
2018-11-22,-0.5031506174068989,-0.5320587294843774,-0.2855558624187291,8.053637150713471e-05,0.3597810634861262
2018-11-23,-0.5580764460310801,2.354540815765168,-0.4032631079979837,9.251199746767573e-05,0.4724725441211641
2018-11-24,-0.7415601083472304,-0.38674825698163223,-0.4556459532987314,0.00010626837930860897,0.34427589054955515
2018-11-25,-0.7046814167541123,-0.24332941530305488,-0.7949194108594718,0.00012207031250000008,0.34140351009699116
2018-11-26,-0.26550935993825076,-0.2591921775654831,0.0793929194549716,0.0001402219671627241,0.39916716588246165
2018-11-27,0.1445174819640644,-0.3979807671835196,0.6953487901314539,0.00016107274301426942,0.4412544207474583
2018-11-28,1.8808286537073886,-0.33768628087932867,0.8462294673759428,0.00018502399493535113,0.5645537177222923
2018-11-29,0.18211713735091306,-0.2887038528073746,0.7990493502716965,0.00021253675861721797,0.45177867414593614
2018-11-30,-0.6362036123338248,-0.6559419082520297,0.37105118640067275,0.00024414062500000016,0.3676605069743496
2018-12-01,-0.7993793405590655,-0.12059731342544293,-0.4191812795119351,0.0002804439343254482,0.35275251317641987
2018-12-02,-1.029697823355089,-0.5994527901986271,-0.5744036995716466,0.0003221454860285383,0.3122778106885673
2018-12-03,-0.3762666470924915,-0.5718255016250411,0.11809635541747758,0.00037004798987070263,0.3800815466718538
2018-12-04,0.28432084862833173,-0.45329520682861474,0.7865683582102766,0.00042507351723443593,0.4513501292586242
2018-12-05,0.49222433257856196,-0.45870016200193575,1.2733339109336645,0.0004882812500000004,0.4812201546404456
2018-12-06,0.8055219274137235,0.7068705470670009,1.2510728515832261,0.0005608878686508959,0.5499409628551118
2018-12-07,0.3597267867593672,-0.36303868876799683,0.9292509043819017,0.0006442909720570772,0.4649268475438299
2018-12-08,0.2984065657939471,-0.34875253098253806,0.7837107537517262,0.0007400959797414059,0.4565971217840095
2018-12-09,0.8884194286628493,-0.2760645275624574,0.8390465210820447,0.000850147034468872,0.5008210126869926
2018-12-10,0.8157274369992709,-0.21195665129461586,1.4451087187169953,0.0009765625,0.518867076994909
2018-12-11,1.1074062993504827,0.047837663610385786,1.5735829026192738,0.001121775737301792,0.5534413523883694
2018-12-12,-0.05880839696486253,-0.2605736479419397,1.128145285522476,0.0012885819441141558,0.4480203350137947
2018-12-13,0.8845418485866426,-0.40948871134878567,0.7870723453674235,0.0014801919594828095,0.49336520057241334
2018-12-14,-0.6935074763996223,-0.5747731436435887,0.4366468877571486,0.0017002940689377426,0.36962722762378797
2018-12-15,-1.1617598867467849,-0.61839814351728,-0.11132333317709524,0.001953125,0.3183649425477579
2018-12-16,-1.0541393909840107,-0.7351775410637001,-0.1681467227000321,0.002243551474603584,0.31882328502126794
2018-12-17,-0.7695796533339543,-0.5640029540212725,0.56632811507322,0.0025771638882283094,0.36945874511252497
2018-12-18,-0.47304870857814163,-0.4707720687063694,0.883480225188388,0.0029603839189656215,0.4037413149928163
2018-12-19,-0.6380584694098741,-0.5121496144926425,1.286608903581437,0.0034005881378754853,0.4045202531088775
2018-12-20,-1.0077925240551793,-0.23832620413456712,0.6334618088518097,0.003906250000000001,0.3695849043524414
2018-12-21,-1.341043291095118,-0.6270723601616025,0.42647595892551743,0.004487102949207169,0.32435802966015703
2018-12-22,-1.3684111157154506,-0.733572247210126,-0.31771057377829953,0.00515432777645662,0.2933898786924065
2018-12-23,-1.2819705094834901,-0.7453393883859989,-0.3682722899940448,0.005920767837931244,0.29709186369423896
2018-12-24,-1.3607565867524374,-0.6944387765407748,-0.5676252622061101,0.0068011762757509715,0.2874472795617975
2018-12-25,-1.376011074759699,-0.7371436554169415,-0.7847710545957681,0.007812500000000002,0.2775644492204552
2018-12-26,-1.032604054621163,-0.7459060627611297,0.2973307885406,0.008974205898414338,0.33633746757965755
2018-12-27,-1.3006348323016912,-0.5358765748520901,0.4274394649057465,0.01030865555291324,0.33175710105751205
2018-12-28,-1.4992904316980347,-0.5303921604631342,0.04210472560732397,0.01184153567586249,0.3061273524057906
2018-12-29,-1.5377252303753206,-0.6468734982428551,-0.6892618415575804,0.013602352551501933,0.274596880378999
2018-12-30,-1.5367983163387933,-0.6730732616145335,-0.5968689837894259,0.015625000000000007,0.27695017688382734
2018-12-31,-1.5556808173302346,-0.6321427632706292,-0.618222587324238,0.017948411796828663,0.2770335059004245
2019-01-01,-1.5056524466921084,-0.7212869344613921,-0.9892094979916459,0.020617311105826482,0.26468849468412053
2019-01-02,-0.9232527084733394,-0.8517066736997122,0.5108016812343074,0.02368307135172497,0.3485412247748584
2019-01-03,-1.2418064751988185,-0.5762699886611572,0.5465546328954006,0.027204705103003893,0.3405008456544945
2019-01-04,-1.385518084978344,-0.5194437355275737,0.4830467090804138,0.03125,0.33177769565714194
2019-01-05,-1.4683072441823193,-1.0657506640211611,-0.17507063623616084,0.03589682359365736,0.2822554083848069
2019-01-06,-1.6435879762810766,-0.9185715991119159,-0.5719242372233957,0.04123462221165295,0.26427470370923317
2019-01-07,-1.0193127294441533,1.2829415337892636,0.7764848907720082,0.047366142703449944,0.4434894663761935
2019-01-08,-1.3923939748881489,0.034142142726469434,0.6160599168918792,0.054409410206007765,0.3622930663816901
2019-01-09,-0.6351740082318403,0.15236483524111136,1.4616355629386533,0.0625,0.44709978635087877
2019-01-10,-0.31141498883423857,-0.2951044438334315,1.9469772338615288,0.0717936471873147,0.4676112704581393
2019-01-11,0.015311667854130967,0.18496992093216114,1.831526602080896,0.0824692444233059,0.5071491312953079
2019-01-12,-0.8100869805341145,0.10356269253709381,1.1109187386223618,0.09473228540689989,0.42654978091855167
2019-01-13,-1.050320694194729,-0.45555873888154547,0.9145711317648625,0.10881882041201553,0.3828055337209181
2019-01-14,-0.5637865652766071,-0.5105441357200088,1.653064599055474,0.12500000000000003,0.43999370996174164
2019-01-15,-0.2769806276562392,0.7456014470498008,1.7306184114606475,0.14358729437462942,0.5168267263215418
2019-01-16,-0.4475168075722712,-0.007158437357811258,1.4436508123671945,0.16493848884661183,0.46772974501117137
2019-01-17,-0.20159353086243428,-0.747685843860096,1.1551060995105276,0.1894645708137998,0.44733007672075464
2019-01-18,-0.7975478140423183,-0.4816037043485882,1.0163088728832734,0.21763764082403103,0.41828593326903474
2019-01-19,-0.7608955718036773,0.49230336750836756,0.23146182188192727,0.25,0.44000166292200105
2019-01-20,1.1839441115545946,0.47771335547220617,1.6364155048218771,0.2871745887492588,0.6214577023880996
2019-01-21,5.0,5.0,3.275695349303148,0.3298769776932236,0.8994815466539836
2019-01-22,3.3648852381321808,5.0,3.0414977411578863,0.37892914162759955,0.90683937124414
2019-01-23,0.22550217039805118,0.5842417536894461,1.5328389693408058,0.4352752816480621,0.5807628089888333
2019-01-24,-0.9837348973526505,-0.23424410902943205,0.6817519827595567,0.5,0.4473825683922488
2019-01-25,-0.467231342516715,-0.16780999059426122,1.1544350352849668,0.5743491774985175,0.5114927053584013
2019-01-26,-0.680010016176814,-0.6262742728139168,0.9672701044701745,0.6597539553864472,0.4847766676779388
2019-01-27,-1.0225775119473886,-0.565023333615664,0.19816502033137223,0.7578582832551991,0.4535697701355137
2019-01-28,-0.5975218089893132,0.4094296681487498,1.069404542821953,0.8705505632961241,0.5684541848287274
2019-01-29,-0.6677037059308054,0.24500282975746543,1.6566385289668566,1.0,0.5959161551434027
2019-01-30,2.7835155388939645,0.09680129834810045,3.120144701491173,1.0,0.8646010900241018
2019-01-31,2.6320139357332164,1.5262212993358089,3.0069916417008806,1.0,0.9140601498545399
2019-02-01,2.334484909026182,0.9317334378412748,2.0877850480772286,1.0,0.8390473887810396
2019-02-02,-0.2520113632072773,-0.07397220329607146,1.481940361348801,0.8705505632961241,0.5850976638548906
2019-02-03,-1.0686286544471975,1.3683093728477085,-0.3202619486722992,0.7578582832551991,0.5137743244380446
2019-02-04,-0.9922353172631706,-0.07980584343686312,-0.2764712617956317,0.6597539553864472,0.4452731199540321
2019-02-05,-1.0453684784589894,-0.6056793323972222,-0.9419869619412093,0.5743491774985175,0.3848249404795871
2019-02-06,-1.1120842081927516,-0.701798757092307,-0.9007412698825841,0.5,0.36659472891221767
2019-02-07,-1.1670774859111148,-0.7330290478838272,-0.9742946467871763,0.4352752816480621,0.349466761298403
2019-02-08,-0.7411566167611857,-0.12804547713434214,-0.2378248916748592,0.37892914162759955,0.4191662055236347
2019-02-09,-0.681030386975689,-0.14700519764637823,-0.13764390276628644,0.3298769776932236,0.4183661741947956
2019-02-10,-0.6929024904927901,-0.03653628820751842,-0.17604718322566434,0.2871745887492588,0.4144921041633674
2019-02-11,-0.6703691393165552,-0.40481543532226,0.4227671111055007,0.25,0.41503365127731884
2019-02-12,-0.8116916565274384,-0.4163661490437661,0.3091306322862163,0.21763764082403103,0.39648863388782574
2019-02-13,-0.7368251095033237,-0.26958336667523153,0.14040184542186307,0.1894645708137998,0.39774543289110925
2019-02-14,-0.6877456915377349,-0.47309093388489626,0.16294862281049824,0.16493848884661183,0.3896105590729554
2019-02-15,-0.6737396343107722,-0.3354123993423066,-0.6905262747820822,0.14358729437462942,0.3646290594034774
2019-02-16,-0.7389067269471162,-0.33335978683066025,-1.0021917012281496,0.12500000000000003,0.3471931703779764
2019-02-17,-0.8716494383983203,-0.5551130113031857,-0.6846151426053398,0.10881882041201553,0.3372626469441036
2019-02-18,-0.7626465356157608,-0.3976950743539409,0.10380879572964133,0.09473228540689989,0.37525640552955813
2019-02-19,0.09302659052789408,-0.003313401894349012,0.5407951670598101,0.0824692444233059,0.4614606065217513
2019-02-20,-0.4276120428485384,0.12238244513040968,0.3765093459405627,0.0717936471873147,0.4249111576333139
2019-02-21,-0.7347949442255002,-0.13316734107651032,0.19314461548673642,0.0625,0.3862781850230033
2019-02-22,-0.6780022217288189,-0.23988492228485503,-0.8230974732165737,0.054409410206007765,0.35052947587989186
2019-02-23,-0.8274272098006146,-0.2268230764485049,-0.938223438220152,0.047366142703449944,0.33621803129278377
2019-02-24,-0.8419742951946142,-0.13311974646422475,-1.3379607316938447,0.04123462221165295,0.32490822649296947
2019-02-25,-0.1708183261540505,0.369141679883359,-0.05141054940432381,0.03589682359365736,0.43266385347710773
2019-02-26,-0.08044360739765229,0.21448490018441652,0.21911634668623026,0.03125,0.4405653419040482
2019-02-27,-0.1597280089128866,-0.2569780446648965,0.09945646915844092,0.027204705103003893,0.41103996894883554
2019-02-28,-0.3721999268307713,-0.5000516236038627,-0.32089381483038404,0.02368307135172497,0.37220718743620024
2019-03-01,-0.30109049474123867,-0.10886663366936723,-0.1550080785554868,0.020617311105826482,0.3983168513283849
2019-03-02,-0.32564151102782124,-0.4672024124583865,-0.4176499989895737,0.017948411796828663,0.372594393882251
2019-03-03,-0.42406354482914066,-0.1120118741486161,-0.5292332277808499,0.015625000000000007,0.3767645779958366
2019-03-04,0.16669893871226046,-0.15938151801923664,0.46981563415932354,0.013602352551501933,0.4471732400180519
2019-03-05,0.7218025256725896,0.16837385823177456,1.1881739179827748,0.01184153567586249,0.5215177734219686
2019-03-06,1.000080756194759,0.2782997485165774,1.3761422047093006,0.01030865555291324,0.5506855784244217
2019-03-07,0.8515347798354215,-0.208673337254044,1.0441643444359474,0.008974205898414338,0.5092258719694033
2019-03-08,-0.027376071606609296,-0.38379233437432647,0.3278363983347133,0.007812500000000002,0.4192833362384529
2019-03-09,-0.3589747450153596,0.13111777720853152,-0.13976982199079716,0.0068011762757509715,0.40289277342433427
2019-03-10,-0.33974278451104734,0.3870537267742771,-1.3486691132508173,0.005920767837931244,0.37441019771552086
2019-03-11,-0.26091795520296057,0.14519938817149114,-1.016992362949893,0.00515432777645662,0.38052884789508684
2019-03-12,0.7742322492285864,0.3767855461747344,-0.38347958560764,0.004487102949207169,0.48020529362797937
2019-03-13,0.35591447352170874,-0.1256907141897533,-0.19371887458514508,0.003906250000000001,0.4376191601573694
2019-03-14,-0.6482768010754236,-0.02049323870863982,-1.396330097773909,0.0034005881378754853,0.3348934132769962
2019-03-15,-0.693759226227819,0.13567449343272775,-1.8763818394382734,0.0029603839189656215,0.3223004850844114
2019-03-16,-0.39996064614365995,-0.27156802950009623,-1.8495530197217767,0.0025771638882283094,0.3257554296204271
2019-03-17,-0.29093344149950967,-0.5134623277598734,-1.862174395402233,0.002243551474603584,0.3224742264511541
2019-03-18,0.5482808589303877,-0.4363239109950611,-0.45577357759845505,0.001953125,0.4284724104672832
2019-03-19,0.7561527689329405,-0.3563243904389675,0.08280290305929758,0.0017002940689377426,0.4635784758728897
2019-03-20,0.393168082983242,-0.1701275172718302,-0.23182520785006921,0.0014801919594828095,0.43661708084481
2019-03-21,-0.1827120673783619,-0.18741794986891425,-0.9922377028177948,0.0012885819441141558,0.3721288114612617
2019-03-22,-0.2207173607051671,-0.374442487528838,-0.8471589611769359,0.001121775737301792,0.3666133732939847
2019-03-23,-0.24007747023328668,-0.45463765488953917,-1.1872089536071122,0.0009765625,0.35062445228547967
2019-03-24,-0.5277376111163535,-0.42145064483580513,-2.050639780098452,0.001121775737301792,0.30407065608139805
2019-03-25,-0.3778777727553466,-0.32743645578628855,-1.3860083809729153,0.0012885819441141558,0.34015797075106813
2019-03-26,0.2207260556772223,-0.48300215339697294,-0.600566380381566,0.0014801919594828095,0.3997931301014778
2019-03-27,0.21904393417879572,-0.2704926599707786,-0.14818322327585512,0.0017002940689377426,0.4236480047809494
2019-03-28,-0.353409831107039,-0.4285947637036601,-0.6549097252011005,0.001953125,0.3620438740151749
2019-03-29,-0.6015589768673403,-0.7475190607921836,-1.7423900904136262,0.002243551474603584,0.2960063037165727
2019-03-30,-0.7496930833762593,-0.7740625172085223,-2.1044006197753076,0.0025771638882283094,0.27300774348195167
2019-03-31,-0.8762055241807261,-0.7868030166172908,-2.375643542207875,0.0029603839189656215,0.25505877887648015
2019-04-01,0.5517260956535589,-0.4128529860154031,-0.29416379292518524,0.0034005881378754853,0.43528416041610396
2019-04-02,0.2461196795587395,-0.46189640167034696,-0.4802317608167879,0.003906250000000001,0.4067405073737586
2019-04-03,-0.3376315815144254,-0.5038999649859701,-0.7424500774127906,0.004487102949207169,0.35742012555324426
2019-04-04,-0.48012747751978835,-0.6354583225496391,-1.362454361824398,0.00515432777645662,0.3218720751647677
2019-04-05,-0.40214019384430805,-0.6832583838227736,-1.3352392887739217,0.005920767837931244,0.32610169330098954
2019-04-06,-0.43641536089910443,-0.42661151918152895,-1.6079779231330964,0.0068011762757509715,0.3255510749777554
2019-04-07,-0.6893926083920937,-0.41531946894402344,-2.368376670145135,0.007812500000000002,0.28396150089635497
2019-04-08,-0.24381568396124226,-0.1761810667232219,-1.5851738254003598,0.008974205898414338,0.3499117466605331
2019-04-09,-0.3509813241229581,-0.08408691574774944,-1.4549855038897854,0.01030865555291324,0.35114440510559075
2019-04-10,-0.286584993800779,-0.2534296012481995,-1.488638949265472,0.01184153567586249,0.3474896990704701
2019-04-11,-0.5141589704510999,-0.21983800792161917,-1.4193279924839255,0.013602352551501933,0.33629223810645364
2019-04-12,-0.7132038205210229,-0.5822603178145048,-1.3616062917789635,0.015625000000000007,0.31014910566369536
2019-04-13,-0.7505619606008717,-0.5200215379463583,-1.706441068051612,0.017948411796828663,0.29910586471331424
2019-04-14,-0.6774292732013242,-0.5293416746027958,-1.7132108861547328,0.020617311105826482,0.3037677124721781
2019-04-15,-0.16820990443038686,-0.2961988547422904,-1.262619033335978,0.02368307135172497,0.3629095470152716
2019-04-16,-0.3314531981774062,-0.4320574710491145,-1.1068762256170463,0.027204705103003893,0.3520855570726755
2019-04-17,-0.4687884410582201,-0.4333215862063677,-1.3421986359081208,0.03125,0.3356399166405826
2019-04-18,-0.5666710986544813,-0.43280148253768497,-1.2622941837478892,0.03589682359365736,0.3324965823980834
2019-04-19,-0.6662994207141232,-0.49064332710255815,-1.1645921874921819,0.04123462221165295,0.3275020204051271
2019-04-20,-0.7767026020099993,-0.5764301679360905,-1.4965743287714899,0.047366142703449944,0.3064210133151308
2019-04-21,-0.8830595882307885,-0.6403456207640501,-1.850105361074345,0.054409410206007765,0.2859395260812017
2019-04-22,-0.7382330005498917,0.5058145855803122,-1.3296542859864806,0.0625,0.3619132648296376
2019-04-23,-0.3762533684547826,0.6147935969325581,-1.0133449709657834,0.0717936471873147,0.4025237233544422
2019-04-24,-0.179512290943455,0.6904357515687228,-0.9411601315300695,0.0824692444233059,0.4227990525316267
2019-04-25,-0.18131966257097915,0.4901187755728633,-1.060306125224068,0.09473228540689989,0.4121999434477035
2019-04-26,-0.40543720705562225,-0.33685137666854253,-1.0398306453624104,0.10881882041201553,0.3655971803848245
2019-04-27,-0.8986642570341656,0.9688356071082775,-1.4458941725596395,0.12500000000000003,0.3760107274085792
2019-04-28,-0.7365351492773765,-0.10117269414651442,-1.6459787317263415,0.14358729437462942,0.3383542642240531
2019-04-29,-0.4705422810232749,0.7011264663555236,-1.075679822938857,0.16493848884661183,0.41172889659229167
2019-04-30,-0.17739811889667653,-0.3417354833393879,-1.0243279858014325,0.1894645708137998,0.39320989969643594
2019-05-01,0.202613580383331,2.336627005605835,-0.7180050789581304,0.21763764082403103,0.5445791740841321
2019-05-02,0.8096020641485105,0.4333394055731764,-0.2080006837594284,0.25,0.5275959233834688
2019-05-03,-0.1580851949894423,0.8169027694554716,-0.4128790012281146,0.2871745887492588,0.4778121573328002
2019-05-04,-0.6041190517465082,-0.05042010072371629,-0.941857937895011,0.3298769776932236,0.4007108410775611
2019-05-05,-0.9274312404519705,0.057402702965786596,-1.4572373078905407,0.37892914162759955,0.3738278242412316
2019-05-06,-0.7202095483334873,0.718170780057592,-0.807098541564368,0.4352752816480621,0.44529782014189756
2019-05-07,-0.8003421298836616,0.6794088920821519,-0.44329626863784893,0.5,0.460176019556584
2019-05-08,-0.9889326807199115,2.208880362663105,-0.49151851296428944,0.5743491774985175,0.5208762625889366
2019-05-09,-1.114655439619926,2.04147316683317,-0.4927248802283642,0.6597539553864472,0.518289949943742
2019-05-10,-0.8603621086266664,2.3829243079319715,-0.5622385858510054,0.7578582832551991,0.5618684952153008
2019-05-11,-0.9610166664165458,0.5713970060857897,-0.8794697201803983,0.8705505632961241,0.48600735798087685
2019-05-12,-1.3470716340831659,-0.7861897162578149,-1.659480574385389,1.0,0.39712130040420035
2019-05-13,-1.0343154424842353,-0.4077294578220743,-0.7742399345421342,1.0,0.4632489119403934
2019-05-14,-0.8825313321694813,-0.6003898621117656,-0.824177689712092,1.0,0.4636757439436413
2019-05-15,-0.8912211478202249,-0.12421147776295315,-0.9637685425144866,1.0,0.4782841604880458
2019-05-16,-0.5532399255184074,0.9918281405237784,-0.5272920060353385,1.0,0.5618671106194191
2019-05-17,0.5476847217721361,0.8366000491294466,-0.11869029616169637,1.0,0.6424143069598128
2019-05-18,0.02635905975124368,1.928696095611989,-0.07392281552840563,1.0,0.6546555141163023
2019-05-19,-0.3206482919988832,3.5916023717584773,0.5818457981829596,1.0,0.6980183071395065
2019-05-20,0.7689557429580138,2.385126863582961,1.2708886303623776,1.0,0.768006956525237
2019-05-21,-0.6131855539001192,0.7982814843260402,0.587501607800484,1.0,0.5869660785135932
2019-05-22,-0.1233877650036833,3.1122442245894755,0.09165210815118018,1.0,0.6948292192714605
2019-05-23,0.7966293122395902,4.770672810731368,0.7789347536245657,1.0,0.7790731126034584
2019-05-24,0.08147358875819893,4.886435751342347,0.8643443875178074,1.0,0.7342430521678068
2019-05-25,0.4337145215974632,2.6458612907133063,0.3116636438392746,1.0,0.7245473100141945
2019-05-26,-0.059906410945837194,0.4454826351258234,0.7690498687100615,1.0,0.6152030113575222
2019-05-27,-0.8213686631359811,0.6748009845220512,0.6395153412448852,1.0,0.5696759748541829
2019-05-28,1.8780463608812301,1.2980560208520795,2.214847805863823,1.0,0.8281170184563794
2019-05-29,1.312366300883782,5.0,2.0867942861668958,1.0,0.8570508962644822
2019-05-30,0.4530893774978709,0.46213576367731385,1.4563907251655637,0.8705505632961241,0.6535905573196835
2019-05-31,-0.03171284273039083,-0.1260890271968668,0.7323017737616017,0.7578582832551991,0.5557209026317711
2019-06-01,-0.21867915608545233,-0.2787273023383751,0.8386335594529954,0.6597539553864472,0.5257252972866044
2019-06-02,-0.18665176656243795,-0.3330367277974338,0.30436342968355257,0.5743491774985175,0.49497784285184054
2019-06-03,-1.3022352729310593,0.10605466540942467,-0.07886682431587794,0.5,0.41497436538612614
2019-06-04,-1.0385530570974777,0.348858102535542,0.30460208881683554,0.4352752816480621,0.44574357900691963
2019-06-05,1.1065272327176288,-0.29055658640676346,1.833743910208346,0.37892914162759955,0.604626125998645
2019-06-06,1.440025222343061,-0.3879703924131855,2.742187284132922,0.4352752816480621,0.6615337835239614
2019-06-07,-0.6827131881175561,-0.5622195080318215,1.6968313816161742,0.5,0.4876210206780429
2019-06-08,-1.4408928487949988,-0.21492403815507113,0.4197407499144601,0.5743491774985175,0.42012904344579843
2019-06-09,-1.5864096597675077,-0.4660596364460789,-0.0037825819064399293,0.6597539553864472,0.39865721174133195
2019-06-10,-0.7197926718635886,-0.19210328623001074,0.8341860208958024,0.7578582832551991,0.5104944614676503
2019-06-11,-0.863954975531064,-0.2085165567845388,0.9581745061431419,0.8705505632961241,0.52123654646443
2019-06-12,-1.2076199097734845,-0.16249596143152614,0.3831257334433256,1.0,0.5004921987368983
2019-06-13,-1.5268073474097206,-0.3012388046491532,-0.16183906014713162,1.0,0.45526659130739955
2019-06-14,-1.3906193270761649,-0.12077770220572466,-0.2977243947820219,1.0,0.4673354941102831
2019-06-15,-1.1293358121155899,-0.17364713154895756,-0.5045441828926567,1.0,0.4756575092813322
2019-06-16,0.10801271950954201,-0.14660441836521546,0.6816683685553854,1.0,0.5988146094872651
2019-06-17,2.0608488863325065,-0.1001751254342268,2.2407383538166408,1.0,0.7829072406562957
2019-06-18,-0.3498972113282307,-0.23902382030596903,2.234653917861012,1.0,0.616202657327403
2019-06-19,-0.27751697108323464,-0.27167814570602655,2.375198225836607,1.0,0.6243522200512536
2019-06-20,2.260139198967587,-0.22703323519918525,2.019875957553617,1.0,0.7835454270496603
2019-06-21,-0.5654730520770149,-0.20611722491564582,1.116015841219087,1.0,0.5659141068640167
2019-06-22,-1.0302761769270778,-0.171496730740195,0.3785098201973877,1.0,0.5117862184305997
2019-06-23,-0.27364764269693015,-0.14852450789005822,1.1974203727633073,1.0,0.5904823150835625
2019-06-24,0.927064651370454,0.02665722775589043,2.6684427988941755,1.0,0.7268631212109983
2019-06-25,2.0282173773590317,-0.010076942569514408,2.99295830560592,1.0,0.809559896070403
2019-06-26,2.6267311554875636,-0.2025095307059523,3.5096018416273504,1.0,0.8416775132530897
2019-06-27,2.030582368972753,-0.3050264866215329,3.364445145357842,1.0,0.7976627209889531
2019-06-28,2.7259064785525955,-0.36519145883679577,3.092089618113108,1.0,0.8415107877853066
2019-06-29,1.6834081378171784,-0.3505348183958532,2.4968587510675246,1.0,0.7558502167902356
2019-06-30,-0.3377631120503204,-0.3939869560547145,1.3600840775645873,1.0,0.5814024719465185
2019-07-01,0.9874430989062611,0.003433939010463578,2.5021033014430367,1.0,0.7243760641006213
2019-07-02,2.8001084624024184,-0.14600181653852964,2.882847188423125,1.0,0.8516853947518267
2019-07-03,3.188109166307116,-0.3226506836615896,2.417100295696896,1.0,0.8421262313706638
2019-07-04,2.246938145052727,-0.4124181908412126,1.7556043076646908,1.0,0.7661319286406211
2019-07-05,4.352737918892112,-0.19878241234625274,2.199467845165975,1.0,0.8400329943244387
2019-07-06,5.0,-0.26361450495836314,1.7201742064266696,0.8705505632961241,0.8019377870020425
2019-07-07,3.071550403456958,-0.13685861090896237,1.2145410611757117,0.7578582832551991,0.7734610024062636
2019-07-08,2.803349800118663,-0.284604775465081,1.2824647381028504,0.6597539553864472,0.741743372274928
2019-07-09,3.3909163968410962,-0.25242642013346067,2.0768314716818423,0.5743491774985175,0.7698623248419448
2019-07-10,1.7551100186134174,-0.25062289950131905,2.4498452290963293,0.5,0.6882262213982171
2019-07-11,0.5455901940533157,-0.18463149515221697,1.8280655872802771,0.4352752816480621,0.5799065124620972
2019-07-12,1.2153025805100528,-0.46902821330695765,1.7435124139547222,0.37892914162759955,0.6014337815221776
2019-07-13,0.5590642991117971,-0.3512543145420388,1.6104825161428766,0.3298769776932236,0.5507996540269476
2019-07-14,0.6061494243954982,-0.36328814543581794,1.663818018815258,0.2871745887492588,0.5488097445061049
2019-07-15,0.4362952879368957,-0.14262348270636677,1.9845699921473232,0.25,0.5517960404879385
2019-07-16,0.7597485104621284,-0.3571240472550958,1.9706810846010783,0.21763764082403103,0.5591047476721536
2019-07-17,2.0190171853800334,-0.40729895824584633,2.0746482107198094,0.1894645708137998,0.6402049817444889
2019-07-18,1.5427714245926223,-0.17225025902952956,1.7329775222245687,0.16493848884661183,0.6031810249144218
2019-07-19,3.097679648964735,-0.11067914051490572,2.3558729448282034,0.14358729437462942,0.7204555614623468
2019-07-20,3.6353914585956444,-0.3339072807832029,2.188444388794576,0.12500000000000003,0.7027853429271858
2019-07-21,3.72763055035445,0.029278457655197675,1.6560501420945852,0.10881882041201553,0.6977444302005885
2019-07-22,2.15634835361227,-0.3523254633965839,1.1195945734143729,0.09473228540689989,0.6056059911908078
2019-07-23,-0.0370872245445918,-0.2198410092396084,0.23352627720037542,0.0824692444233059,0.43352207221555195
2019-07-24,-0.4754419461916643,-0.356656037717702,0.4576716578107158,0.0717936471873147,0.4044679710207726
2019-07-25,-0.16724317956301393,-0.2566133188712413,0.734857945648107,0.0824692444233059,0.44002388459459685
2019-07-26,0.5717466881909449,0.14561131913476813,0.8899098444103697,0.09473228540689989,0.513057088468059
2019-07-27,0.13791881639149023,0.14511113048256832,0.8295962280076183,0.10881882041201553,0.4842169155249294
2019-07-28,0.22229379111623135,-0.3882458672247789,1.1473951363131925,0.12500000000000003,0.4806391794838227
2019-07-29,1.0635335305323552,-0.19309288721938742,1.5111629798969335,0.14358729437462942,0.5597668918874414
2019-07-30,1.235404309838333,-0.18231979197682446,1.3681991627364987,0.16493848884661183,0.5701110414083962
2019-07-31,0.4536698619019575,-0.3386600540571519,0.627670577000966,0.1894645708137998,0.49047586006318467
2019-08-01,-0.0012051149764695896,-0.5263688889453843,0.9368330532928625,0.21763764082403103,0.4668610365288778
2019-08-02,-0.14408535961044197,-0.1436335103968388,0.7359847505055641,0.25,0.47144240477628774
2019-08-03,-0.49194212681170807,-0.26957890573096993,0.5653299026847224,0.2871745887492588,0.4428919222089753
2019-08-04,0.1903457313895115,-0.1519873460776304,0.6614231400169505,0.3298769776932236,0.5028858939939481
2019-08-05,0.37280453268928443,0.21002939720959476,1.0328287277716026,0.37892914162759955,0.5498718558995455
2019-08-06,0.3331548151469382,-0.25758415479613783,0.8883204072641359,0.4352752816480621,0.5313796203826373
2019-08-07,0.5692728680942855,-0.4538952105320854,0.7778345683047927,0.5,0.5449670430442752
2019-08-08,0.24395832353447286,-0.4843298346466123,0.9666327643027767,0.5743491774985175,0.5394569472268929
2019-08-09,-0.6059618242222417,-0.28481848467086024,0.5414803068284639,0.6597539553864472,0.48974754505948065
2019-08-10,-0.8711879097377095,-0.0824715870331715,-0.29298558318395435,0.7578582832551991,0.46739704627325196
2019-08-11,-0.6706157876099565,0.041707609110164204,-0.2728001926942567,0.8705505632961241,0.5035193426102031
2019-08-12,0.47343094799090474,-0.1269267930192546,0.6807235713685481,1.0,0.6239642325358763
2019-08-13,0.7571908318900512,-0.28841012853272624,0.33728143106067393,1.0,0.6247050144724957
2019-08-14,-0.03609080693654238,-0.321655410445853,0.6507868864759001,1.0,0.5808845336515166
2019-08-15,-0.4987025351653549,-0.03785059100013707,0.4265613765139567,1.0,0.5543947689144358
2019-08-16,-0.31847148385906265,-0.08245656304642583,0.5738723292624746,1.0,0.5694619552578772
2019-08-17,0.475363155751346,-0.19856464131716167,0.27627216252028863,0.8705505632961241,0.5882090069069695
2019-08-18,0.06344108246008116,0.1524621059278039,0.6872202010427562,0.8705505632961241,0.5890719177735078
2019-08-19,1.413244947314815,-0.14847845339555477,1.3699853151876114,1.0,0.7086959047690933
2019-08-20,0.656126906978006,-0.2019733096620132,1.0757241009534146,1.0,0.6461837092610637
2019-08-21,0.4976107689958253,-0.21438179899635548,1.0272601442984188,1.0,0.6334834811181541
2019-08-22,0.7053919473249279,-0.07504426687719183,0.7303861790274675,0.8705505632961241,0.6238280758304464
2019-08-23,-0.645010665346328,0.15051768191301002,-0.13605087431684307,0.7578582832551991,0.4974145724010053
2019-08-24,-1.3276050577435854,0.7808996710018351,-1.7100052953558234,0.6597539553864472,0.4109933992382771
2019-08-25,-1.3136276773098678,1.0507832257904868,-1.706786628233958,0.5743491774985175,0.41046694493759145
2019-08-26,-1.1080916776826975,0.6220971227948299,-1.3577615954866862,0.5,0.4067892150880485
2019-08-27,-1.07404835463308,1.5153080914154513,-0.9148403480708863,0.4352752816480621,0.4513312274782849
2019-08-28,-0.9089324616590684,1.3706248445680087,-0.6515155357865241,0.37892914162759955,0.4566360577976516
2019-08-29,-0.6592437375741805,2.3970708754391605,-0.3802213166765419,0.3298769776932236,0.5177358734031186
2019-08-30,-0.5225770627148296,1.3649993367865876,-0.205735012974787,0.2871745887492588,0.48325485606501506
2019-08-31,-1.1451374546774011,-0.6901061724358213,-1.0119896067051146,0.25,0.32367009227984356
2019-09-01,-0.9853601277246974,3.26652956721858,-1.53980309082417,0.21763764082403103,0.4656282012478192
2019-09-02,-0.772015353968413,2.233248868634776,-0.7001551203677737,0.1894645708137998,0.47166552753836566
2019-09-03,1.4014905472814456,2.126519348054542,0.044610057133689415,0.16493848884661183,0.6332654512191505
2019-09-04,0.5688470082003626,2.74960836757024,0.326361304126529,0.16493848884661183,0.6131096326599936
2019-09-05,-0.6631465878746036,5.0,-0.36814962499996834,0.1894645708137998,0.5219382589304308
2019-09-06,-0.8181012749162468,3.7707103735847665,-1.429779040925702,0.21763764082403103,0.4804462597649981
2019-09-07,-1.0131331045868703,0.7703623704560963,-1.8134954717622649,0.25,0.36660637607113716
2019-09-08,-1.0574984821796027,2.339066359060519,-1.795252268767766,0.2871745887492588,0.4351956455023447
2019-09-09,-0.3610085969269292,5.0,-0.7625525320990578,0.3298769776932236,0.5499958891222196
2019-09-10,0.7626847309731943,5.0,0.28020331887708855,0.37892914162759955,0.6670251306049225
2019-09-11,0.925651245369692,0.4021765477660882,1.1280357472916305,0.4352752816480621,0.6063599230051635
2019-09-12,0.9104775543408251,0.4748504506706297,0.6521021092727208,0.5,0.6022206760430886
2019-09-13,-0.3863821594609492,1.5492198026229347,-0.2695518782406136,0.5743491774985175,0.5409593284953162
2019-09-14,-0.6812262752286385,0.5120047799997008,-1.7486757416319134,0.6597539553864472,0.4415923494049816
2019-09-15,-0.7305642299421274,0.4525497237678926,-1.256040024194031,0.7578582832551991,0.46696269817599917
2019-09-16,0.7295935850475732,0.09052205175011813,-0.23955334451312896,0.8705505632961241,0.6000087975034074
2019-09-17,-0.46268083085335093,0.33229601361437033,-0.8729352602908932,1.0,0.5289024365006789
2019-09-18,-0.48223341555030774,0.21668451360605495,-1.292819941743471,1.0,0.5087856289721161
2019-09-19,-0.5681728118679064,0.23424786098566497,-1.5769586524782486,1.0,0.49431685166726735
2019-09-20,-0.5057910963834233,0.11916648047987574,-1.2443300634343155,1.0,0.5047681948132894
2019-09-21,-0.6106437794670241,0.4487479405738781,-1.2892616326604607,1.0,0.5100128578040947
2019-09-22,-0.48693863246016267,0.6318796266211937,-0.6539050248325192,1.0,0.547068908117455
2019-09-23,0.6672000715870265,1.1862163380723634,-0.33268720066255797,1.0,0.657816112170065
2019-09-24,-0.5177753819500239,0.3962450611711357,-1.0294932091207176,1.0,0.5226754117814385
2019-09-25,-0.5428595875772289,0.7458413618829273,-1.3331468001633895,1.0,0.5254478575678604
2019-09-26,-0.4137294586848609,0.27769814778344026,-1.256522781347498,1.0,0.5171046995337361
2019-09-27,-0.2670638777256207,1.6712177046152243,-1.5053363683862717,1.0,0.5766519335643839
2019-09-28,0.53599351706235,2.303808316728885,-1.3081593179509132,1.0,0.6631196037361632
2019-09-29,0.3019044478995056,4.3080097770770625,-1.4350804392406107,1.0,0.6722909485519467
2019-09-30,-0.8554679407736214,2.422685554779879,-1.7026662718554668,1.0,0.5621584930024046
2019-10-01,1.552864471353878,2.0675875046579004,0.26899905684753483,1.0,0.7736404126792557
2019-10-02,4.2168464879019485,0.7494686577467614,0.3466585100439031,1.0,0.8177831444075786
2019-10-03,0.983023029485887,5.0,-0.4055212309354233,1.0,0.7520174942678783
2019-10-04,-1.132039181116998,-0.01042496668247738,-1.354508872801695,1.0,0.4539460518870404
2019-10-05,-1.3719626996136507,0.08799267781411692,-2.500020439792294,1.0,0.40386816694160177
2019-10-06,-1.333462619238415,0.09080509997322138,-2.392933875949724,1.0,0.4101215753513324
2019-10-07,-1.0980081822361527,-0.11354196704849419,-1.7216639834684198,1.0,0.4396797397749552
2019-10-08,-1.0772106244476463,-0.1338342743251544,-1.8263655105264596,1.0,0.43673067992239345
2019-10-09,-0.9478052160669611,-0.10882755227498543,-1.9602143637367722,1.0,0.4419380254595191
2019-10-10,-0.9081235682209596,-0.0734264678162006,-1.7662013218566264,1.0,0.45252561523104007
2019-10-11,-1.0075667164584465,-0.06316197259405226,-1.831173906702062,1.0,0.44415800648794934
2019-10-12,-1.123461519686316,-0.11010502591984976,-2.0518125243870426,1.0,0.42712110512801715
2019-10-13,-1.0507926847769007,-0.09236859543381913,-2.2163637085742294,1.0,0.4272196725859898
2019-10-14,-0.6896416763188752,-0.2048899223899916,-1.6656067165491597,1.0,0.46496658426085336
2019-10-15,-0.8264322990342464,-0.1460121776051173,-1.6307788496632305,1.0,0.45946137767539597
2019-10-16,-0.6498401297368375,-0.1169339042164434,-1.535316848318002,1.0,0.47562785039792554
2019-10-17,-0.614916767141223,-0.21841814470918325,-1.5364411851321664,1.0,0.47369008665663026
2019-10-18,-0.5703638991997974,-0.11720443659524145,-1.588693524949733,1.0,0.47913577103022076
2019-10-19,-0.5495589398836026,-0.014335887396950305,-1.82192021956025,1.0,0.47703473471421187
2019-10-20,-0.12399623549169977,0.030371394981058068,-1.8236770702867326,1.0,0.5072098234152064
2019-10-21,-0.0027715470114932123,4.881814755441043,-1.418520716803013,1.0,0.6525312063058001
2019-10-22,-0.314304206341601,2.3238905128176017,-1.3455789713191573,1.0,0.6060225252339881
2019-10-23,-0.4465748432858857,0.021121833074030545,-1.4014106442191028,1.0,0.4993947320183889
2019-10-24,0.2718523820539001,-0.04566558160796774,-1.3197232836987678,1.0,0.5472299834466358
2019-10-25,-0.29329595569360756,-0.033322724020262255,-1.3861790234965043,1.0,0.5078525220030318
2019-10-26,-0.8096098085057525,-0.112375527832822,-1.5713065250117444,1.0,0.4639668149395241
2019-10-27,-0.7426101015856528,-0.21797517520842682,-1.5028259565681235,1.0,0.4663161623750013
2019-10-28,-0.5235544950478721,-0.2465101249762583,-1.182933967191089,1.0,0.4903939795497615
2019-10-29,-0.5147937585907766,-0.27127445021714736,-1.1045458408477296,1.0,0.49255911930664276
2019-10-30,-0.5650784379544187,-0.2420221747773083,-1.0123976811561108,1.0,0.4934972574821139
2019-10-31,-0.6894126510457412,-0.23378790064668306,-1.1031450850067248,1.0,0.482526491236448
2019-11-01,-0.026137204898852098,-0.17980311363512597,-0.9260961297718916,1.0,0.5348958522795499
2019-11-02,-0.35175489911131397,-0.24249605052455583,-1.022477691446423,1.0,0.5073630815725085
2019-11-03,-0.1756505662313773,-0.17203999681900461,-1.1271286736239785,1.0,0.5185506732629837
2019-11-04,0.39563812151414157,-0.10841715592595075,-0.636422266830515,1.0,0.5756444177096777
2019-11-05,0.030403176957971692,-0.17491740453744622,-0.7351726203929353,1.0,0.5452328992617067
2019-11-06,-0.08500038347392172,-0.17661375117927935,-0.6781385280434533,1.0,0.5393697838678202
2019-11-07,0.3309818225766471,-0.2203531040225994,-0.4930445667930033,1.0,0.571449256611068
2019-11-08,0.3391699196246265,-0.21858395595682692,-0.21587727585606778,1.0,0.5813077539482383
2019-11-09,-0.1725206033075857,-0.19337926462053778,-0.26119647272423857,1.0,0.5467346079961639
2019-11-10,-0.7285474650777211,-0.2649420272511228,-0.7072336078165355,1.0,0.49181646426547065
2019-11-11,-0.5082213068858515,-0.21883468449446225,-0.5091923261646258,1.0,0.5150273901481864
2019-11-12,0.5166592770437093,-0.3052416957303126,0.49324066945389045,1.0,0.6131669034626139
2019-11-13,2.5551361046195558,-0.06252789042209247,0.6997532172987075,1.0,0.7660621854503401
2019-11-14,1.9230373836771761,-0.1856009802795541,0.5324820779364056,1.0,0.7132185206647105
2019-11-15,0.14321875420640412,-0.32873312528244497,0.11048098572269331,1.0,0.5745334029177481
2019-11-16,-0.4507848433035369,-0.25480851092089396,-0.3190471753341384,1.0,0.5236957499802557
2019-11-17,-0.516705470734994,-0.17800061518893426,-0.4771135423306963,1.0,0.5172324915737716
2019-11-18,-0.16367983122042618,-0.3456650854134968,-0.07713145517201858,1.0,0.5471142508540087
2019-11-19,0.908098259287924,-0.25599324653095357,-0.13930440560271345,1.0,0.6202300184936481
2019-11-20,0.24172565705478857,-0.2898605109032963,-0.15421069160732734,1.0,0.5738971661291044
2019-11-21,-0.0727578051833606,3.8794776702418314,-0.09255042093504127,1.0,0.6920644656232746
2019-11-22,-0.6399788307950924,-0.3496148144092302,-0.34130597036983934,1.0,0.506390595000948
2019-11-23,-0.6847272089385056,-0.3634550398256219,-0.427299193194413,1.0,0.49996425297155156
2019-11-24,-0.8332027437360142,-0.38091567826914785,-0.4987672590608628,1.0,0.48695608852102246
2019-11-25,-0.26032873782958127,-0.30540036265301257,-0.04310858314491849,1.0,0.5434827829293218
2019-11-26,-0.33446160293343036,-0.37447761213379194,-0.14225477134710784,1.0,0.5323575002539598
2019-11-27,-1.0468210236788449,-0.046810773865065644,-0.4703158048442668,1.0,0.4875842893488904
2019-11-28,-1.0614925275445428,-0.39927110508034913,-0.5954249248318798,1.0,0.46775003795761994
2019-11-29,-1.0133607245081169,-0.41981544724040637,-0.686147690363633,1.0,0.4670787183856542
2019-11-30,-1.0677345095593824,-0.41873826705984146,-0.7559557278304398,1.0,0.4611717473075332
2019-12-01,-0.895542554804207,-0.3576729350019289,-0.3196939977361611,1.0,0.4897376574634338
2019-12-02,-0.26115295193329724,-0.3694002835440914,0.6374627620028729,1.0,0.5634468834568722
2019-12-03,-0.06968257441883641,-0.38956436808192557,0.6502795574114213,1.0,0.5757986316157114
2019-12-04,-0.5456479251733916,-0.3625654400387641,0.6078808554827697,1.0,0.5437792735029178
2019-12-05,-0.08692871213836147,-0.37387859038247073,0.4034771643169265,1.0,0.5670757167354038
2019-12-06,-0.4038966337565199,-0.31020290073410384,0.3760140734474165,1.0,0.5476822393338916
2019-12-07,0.15239268507251774,-0.33584770604145336,-0.09472875552352258,1.0,0.5680082327356565
2019-12-08,-0.7886883822720206,-0.1052155356810308,-0.061203189379340495,1.0,0.5159966875491776
2019-12-09,-0.6571120295822244,-0.34914742137969595,0.20256847948216225,1.0,0.5233970047864365
2019-12-10,0.03267989171609299,-0.31035892426125594,0.5324871677127764,1.0,0.5819966098606131
2019-12-11,0.17510513233233882,-0.30804501821459845,1.3672633227478626,1.0,0.6194139104881431
2019-12-12,1.1307433680258467,-0.30311241042075826,1.6013608984385634,1.0,0.6911319040488103
2019-12-13,-0.33514623083318634,-0.2985574695778517,1.1577726112235727,1.0,0.5788094437528295
2019-12-14,-0.7092400605408525,-0.2992428240497422,0.27978321527466116,1.0,0.524574985471026
2019-12-15,-0.7651432144579089,-0.3111919207324296,0.19599640433591936,1.0,0.5175573358168188
2019-12-16,-0.4468336656579801,-0.2983333000336517,1.1977947554296922,1.0,0.5727070266357223
2019-12-17,-0.496026001260642,-0.36649351840092703,1.1944765592875264,1.0,0.5664769219588361
2019-12-18,0.751161810099537,-0.36191581899322023,1.8539774345269042,1.0,0.6717968760328151
2019-12-19,2.583906101663826,-0.22062017253353175,2.2110643541605994,1.0,0.811770044727378
2019-12-20,2.219864385540073,-0.22677359438920577,1.8240779907735123,1.0,0.7743446589622384
2019-12-21,-0.28769195768760164,-0.36906588855702427,0.9446411737265256,1.0,0.5719308299218347
2019-12-22,-0.6137149404659752,-0.2961214821265962,0.3073677714382352,1.0,0.531992867928268
2019-12-23,0.05057744870769928,-0.24256043192925,0.34697454060789457,1.0,0.5798309632703911
2019-12-24,-0.7827150575955069,-0.3696280470773956,-0.1474374251907258,1.0,0.5025032466923839
2019-12-25,-1.1568949518043499,-0.3795047171741779,-0.8092694892858596,1.0,0.455085323687924
2019-12-26,-0.8872336088573394,-0.3676686981503213,-0.3588590577923189,1.0,0.48856959506017006
2019-12-27,-0.8956686522209854,-0.3720583847686159,-0.5285484911997369,1.0,0.4821680407799175
2019-12-28,-0.9675009794073701,-0.34885950915317915,-0.6504001518585247,1.0,0.4742841167628421
2019-12-29,-0.9968934921579609,-0.3440819779089852,-0.821668774786575,1.0,0.4668147256170424
2019-12-30,-0.8617889183010937,-0.32581518481288957,-0.060893260360143954,1.0,0.5019419974007185
2019-12-31,-1.1284151211029696,-0.3128243350615421,-0.1715636646568941,1.0,0.4810191891436747
2020-01-01,-1.0580468638715623,-0.36166820120315435,-0.2334216576011089,1.0,0.48161331210506075
2020-01-02,-0.20376564901633243,-0.3412971781082365,0.6220122947658362,1.0,0.5679286508032625
2020-01-03,-0.6988456112004011,-0.3418843249293516,0.1051821206886782,0.8705505632961241,0.4982537675652915
2020-01-04,-0.9848055067155018,-0.35261084903587786,-0.41637591941021307,1.0,0.4807749835287979
2020-01-05,-0.8129292568254852,-0.27612115190145,0.28180292724255457,1.0,0.5186930991238258
2020-01-06,0.06353292950030212,-0.2501157988796878,0.698820993947374,1.0,0.5921080701449456
2020-01-07,0.09891655984274948,-0.302981976954763,1.100472173426039,1.0,0.6056525940639362
2020-01-08,-0.5309326359534005,-0.3505675480261455,1.3370283571051624,1.0,0.5695651216721893
2020-01-09,1.749161900781504,-0.17007530656722172,1.7524632669090778,1.0,0.7429397645087686
2020-01-10,-0.8810626272302959,-0.33877221043799294,0.9098560372622244,1.0,0.5324755173251381
2020-01-11,-1.2865682007181773,-0.34117536754074473,-0.5209833089730727,1.0,0.45764703600548806
2020-01-12,-0.8240943413354467,-0.25718291657351056,-0.9640969864034216,1.0,0.4772078561736266
2020-01-13,-0.582375317902432,-0.3214577160823405,0.12493153226026082,1.0,0.5269452917117491
2020-01-14,-0.6936889418934085,-0.3246050800282314,0.08943391172878677,1.0,0.518209989263556
2020-01-15,-0.6824128931970245,-0.3243754805527104,-0.04735581182447069,1.0,0.514411635036353
2020-01-16,-0.27256745418902323,-0.26186186803555744,0.6963841426715173,1.0,0.5691307299749675
2020-01-17,0.839414325939484,-0.24682843544493274,1.3652310749052174,1.0,0.666184139415934
2020-01-18,-0.3748883294995283,-0.06735661886899959,1.0977333246897012,1.0,0.5837920297368132
2020-01-19,-0.29445538447011566,-0.31904289376806527,0.9317118418779425,1.0,0.5731332485242544
2020-01-20,0.5401973417044438,-0.19585098296377157,1.9250502634190616,1.0,0.6670210406041078
2020-01-21,1.016241946182425,-0.17595712670119928,2.310877537475189,1.0,0.7124471673821181
2020-01-22,0.42614162373151887,-0.135910406738368,2.269716281917084,1.0,0.6734037173652389
2020-01-23,-0.09245096455474532,-0.21137468687447544,1.4919230212469707,1.0,0.6097600911181462
2020-01-24,-0.6301955059550685,-0.27086738345411077,0.507873380485924,1.0,0.5386299379752716
2020-01-25,-1.1474074328195742,-0.31422005648255247,-0.5665184284068839,1.0,0.4665297211783592
2020-01-26,-0.9942267536815005,-0.30511026706872224,-0.39954822060656775,1.0,0.48268701460648433
2020-01-27,-0.3110116111391567,-0.16194068191787353,0.38968577668023907,1.0,0.5605078900668194
2020-01-28,-0.6250809190997413,-0.1959218930392663,0.5771799987145679,1.0,0.5444038598072001
2020-01-29,-0.03748632901731305,-0.14369993949788276,0.5501157942176194,1.0,0.5848506070603547
2020-01-30,0.3948452625825096,-0.2029198606497416,0.9855909572377338,1.0,0.6257210552196859
2020-01-31,-0.5808269309311723,-0.22336983513528594,0.540444357800395,1.0,0.5449859400672982
2020-02-01,-0.9428100645560403,-0.2505064035508598,-0.9351436634552488,1.0,0.4705367734331365
2020-02-02,-1.0604377365596138,-0.19363095384590184,-1.0127729241272316,1.0,0.46247709701487216
2020-02-03,-0.77875109174719,-0.15949254810840127,-0.6386538044608875,1.0,0.495149277563641
2020-02-04,-0.8876183571573114,-0.18744018552475486,-0.7994347750056432,1.0,0.4813676092924597
2020-02-05,-0.7093290760683667,-0.20379764118064764,0.16869744023482527,1.0,0.5248430745540761
2020-02-06,-0.5507946107740053,-0.1299955389458046,0.08211089377722317,1.0,0.5356009082848986
2020-02-07,-0.45567332763035395,-0.02967296429189196,0.29535401756278357,1.0,0.5532305385645737
2020-02-08,-0.6406594153246534,-0.10526115228015404,0.18372629326670162,1.0,0.5340277007422402
2020-02-09,-0.8380865979476687,-0.13906353006045466,-0.5933426756285021,1.0,0.4935551571966864
2020-02-10,-0.5281045266018646,-0.10054279944652578,-0.15170671166847538,1.0,0.5305468578606546
2020-02-11,-0.7175923087641295,-0.09182764561116076,-0.26653344951533636,1.0,0.5144499125314151
2020-02-12,-0.5978332732647614,-0.0992823296269057,0.21961100387823815,1.0,0.5383280515105028
2020-02-13,-0.5434369919590025,-0.11151378405566896,0.1786534812736624,1.0,0.5400795755762023
2020-02-14,0.07150203793316517,0.005358892656832754,1.0484768227516692,1.0,0.614939317147968
2020-02-15,1.1997862241181478,0.12302387686880786,1.1177611828591567,1.0,0.6973704492393821
2020-02-16,-0.7935236673924126,-0.23600150566770683,-0.07522687260777834,1.0,0.5097574636840921
2020-02-17,-0.9693535500130985,-0.23325477352012808,-0.29022990228374984,1.0,0.49098315102632983
2020-02-18,-0.8228107459444887,-0.1549251617802334,-0.5119527096681137,1.0,0.4966256448739206
2020-02-19,-0.45010127360277696,-0.31564608439414366,-0.22751556173588844,1.0,0.5242574761855293
2020-02-20,-0.5011974456325349,-0.5562244814133156,0.9180054798418263,1.0,0.549010999560337
2020-02-21,1.1623571175091296,0.2032346385840039,1.7294872299573993,1.0,0.7186081587735221
2020-02-22,-0.3256765533771717,1.0464680548757397,0.358549776200447,1.0,0.6088427246013594
2020-02-23,-0.7934283019609941,0.553164688934876,-1.3077999980371353,1.0,0.5015599753069824
2020-02-24,-0.6041611352461231,-0.6111192545672869,-0.3438333837340892,1.0,0.4977981759188186
2020-02-25,-0.8332958552741474,-0.23288690626857286,-0.7351397751110853,1.0,0.48523866271683014
2020-02-26,-0.7751350616226661,-0.0767206622672371,-0.4320093125762632,1.0,0.505727324544812
2020-02-27,-0.45779995891363706,0.35180477112282904,0.5728591571785523,1.0,0.5782338401084939
2020-02-28,-0.4049946619098987,-0.939667327352005,0.7027696455665656,1.0,0.5322732054185587
2020-02-29,-0.7951250978243263,-1.2264260218005636,-0.04195958413326984,1.0,0.4694919230989124
2020-03-01,-0.8283077303768136,4.837718482273516,-0.9825268473919957,1.0,0.6120285897284793
2020-03-02,-0.4661962159128941,0.909392031131016,-0.6417321442652467,1.0,0.5604205154274245
2020-03-03,-0.5095104314791301,0.779071015001088,-1.1947176839112736,1.0,0.5336700073960609
2020-03-04,-0.62470237133581,0.021143272450995478,-1.0716920515680592,1.0,0.4985110765441355
2020-03-05,0.08961033732855686,0.1938710565764571,-0.7565891594943343,1.0,0.5638323445294451
2020-03-06,-0.06741951404530014,0.7516986477580319,-0.500008558737365,1.0,0.5851591907623191
2020-03-07,-0.3132599343060745,0.5910493933603832,-0.4836174630000707,1.0,0.5626224803362754
2020-03-08,-0.709294878305628,1.1686918971787903,-1.397432167925514,1.0,0.5298280982312239
2020-03-09,-0.10176361755017635,3.7752298880371575,-0.9967665884395462,1.0,0.6599902058820034
2020-03-10,-0.09043974325112421,0.0036253981507129223,-1.66532971681257,1.0,0.5136107514791192
2020-03-11,-0.05843080431754783,0.7304217398547069,-1.4790530302466407,1.0,0.5522370845312217
2020-03-12,0.5201051557571432,0.9154900706918989,-1.1608388192453913,1.0,0.609124469354459
2020-03-13,-0.5851818906174723,1.6736686604109465,-1.6309465005364459,1.0,0.5513591847914098
2020-03-14,-0.41136488391149995,-0.39254542475158577,-1.849476073959497,1.0,0.469570412575934
2020-03-15,-0.2576249095193186,-0.6476976110805432,-1.78185286553085,1.0,0.47144251005266113
2020-03-16,1.1081504280273031,-0.40275097184421343,-0.5530165356626225,1.0,0.6136615201862239
2020-03-17,-0.15812312325868214,-0.31585713770747287,-0.9411440673368019,1.0,0.5199262754670497
2020-03-18,-0.21887038645712756,-0.6445639317471684,-1.1936155830758692,1.0,0.4937646243108639
2020-03-19,-1.031278248868268,-0.18191125566904698,-1.4414733185774764,1.0,0.45061937046998934
2020-03-20,-1.0232057537989565,1.0270766956447412,-1.6806862618143654,1.0,0.49355827000478825
2020-03-21,-1.0314038274292634,-0.22589401994013256,-1.8225229337257065,1.0,0.4360767295496867
2020-03-22,-1.0390063872774045,-0.8996623223275351,-1.7355914493355507,1.0,0.41039392910667405
2020-03-23,-0.6265539100920838,-0.3867988551300752,-0.7194312016512429,1.0,0.49313208030839983
2020-03-24,-0.8361947108878848,-0.16479406816597394,-1.156572294044876,1.0,0.4738348566323962
2020-03-25,-0.4081671329665571,-0.08985180892237632,-1.243637697019567,1.0,0.5025904425298116
2020-03-26,-0.5336016378766386,0.0036894488470096995,-1.5689504863685,1.0,0.4872819349645662
2020-03-27,-0.415632894113581,-0.25037985291872605,-1.9671993332063564,1.0,0.4712853354139358
2020-03-28,-1.2196032536341088,-0.8155619168855046,-2.1903703262999095,1.0,0.3866990256774997
2020-03-29,-1.314182623276809,1.1743880904482846,-2.155518978469759,1.0,0.4644700296012326
2020-03-30,-1.0233813343044182,-0.35247759948732665,-1.8800698359193988,1.0,0.4294190165370868
2020-03-31,-0.8894235614005825,-0.797875136111993,-1.7490391654700363,1.0,0.42415899305296023
2020-04-01,-0.5327138571225812,-0.12349107806986134,-1.3198554167658323,1.0,0.4903451007133893
2020-04-02,-0.09408170228673472,0.46845950623416815,-1.4646378975664656,1.0,0.5394257693550926
2020-04-03,-0.9208107455637518,-0.4360834977577946,-1.7138849442768211,1.0,0.43831297307994777
2020-04-04,-1.2806029975470894,-1.0393999359825554,-2.000190300799096,1.0,0.3796451261376177
2020-04-05,-1.2191170323931493,-1.127315751172399,-2.2032792617628525,1.0,0.373311399482845
2020-04-06,-0.8685994066266935,0.33587287950678113,-1.9621914345776978,1.0,0.4656816950517464
2020-04-07,-0.9055978176228621,-0.07682912954089427,-1.7604405797904952,1.0,0.45274424576792205
2020-04-08,-0.751779273522733,0.3306830722293947,-1.6316454428941507,1.0,0.48427166167823754
2020-04-09,-0.8050433854928747,1.208275414057002,-1.605983036155865,1.0,0.5181424820143213
2020-04-10,-0.9809901765203247,-0.42634705399047573,-1.5164338214791777,0.8705505632961241,0.4218709847608212
2020-04-11,-0.9355577179289722,-1.2306946115997421,-1.3926977672244714,0.7578582832551991,0.37860602690221007
2020-04-12,-0.7282566270253419,-0.6795958190531535,-1.948808708561828,0.6597539553864472,0.38213586876033534
2020-04-13,-0.6452490267745313,0.9539316805447824,-1.3123570894409624,0.5743491774985175,0.4641376918811428
2020-04-14,-0.5074601612287669,0.9620289052923766,-1.3237748289384161,0.5,0.4621280326739841
2020-04-15,-0.1510945589941803,0.5240436505671697,-0.8283165469744,0.4352752816480621,0.47444292218874934
2020-04-16,0.13891428882991724,-0.26230304566456175,-0.9263550606283565,0.37892914162759955,0.4492925282424992
2020-04-17,-0.1488035224456512,-0.415507427316081,-0.9193610140388894,0.3298769776932236,0.4166031352181404
2020-04-18,-1.0235121484988876,2.78017081192589,-1.190469102820757,0.3298769776932236,0.4824055504902779
2020-04-19,-0.7477630618930888,0.9383986410178978,-1.5459268226468423,0.37892914162759955,0.419557549738785
2020-04-20,-0.4118875363654063,0.009076495746174166,-1.3186548315543947,0.4352752816480621,0.41925514942712633
2020-04-21,-0.26338306468899825,1.215088916051833,-1.3054030159990604,0.5,0.48955639998959116
2020-04-22,0.026693948804554956,-0.6203682703104721,-0.9225376324554531,0.5743491774985175,0.4563320408669632
2020-04-23,-0.3277681176308898,-0.8777920832261027,-1.1890450147493705,0.6597539553864472,0.4259023815065078
2020-04-24,-0.7047920121808997,-1.1158327379033628,-1.2157507055573795,0.7578582832551991,0.4046745540783338
2020-04-25,-0.8924791121605495,-0.5322142256743709,-1.5111141771525178,0.8705505632961241,0.4235379117088659
2020-04-26,-0.592048151680543,1.2754290251362757,-1.551310816166049,1.0,0.5369626387297737
2020-04-27,-0.2419286605877329,-0.09924441096695563,-0.9477099826150981,1.0,0.523145906083358
2020-04-28,-0.24769172436998052,1.751126729548868,-1.1404974455064163,1.0,0.5934342505896569
2020-04-29,-0.38548943424070553,5.0,-1.2468383944168462,1.0,0.632739424570058
2020-04-30,-0.6824982153729077,2.568283985064902,-1.1664311225586805,1.0,0.5976309142675543
2020-05-01,-0.8158395871601792,1.251156489228726,-1.2884356879761873,1.0,0.5297943583079787
2020-05-02,-0.9771129822819508,4.4492257372551185,-1.481979066978314,1.0,0.5854598322819262
2020-05-03,-0.5287463152710581,-0.14204179814754003,-1.4173818004892362,1.0,0.48658577737614084
2020-05-04,-0.10500666756761379,4.786289406192167,-1.1702963622993425,1.0,0.653989676752181
2020-05-05,0.24276605542366972,1.7992069795163543,-1.046602521624092,1.0,0.6312646104539563
2020-05-06,0.6214395149406817,0.12472017212219624,-0.8196275444365344,0.8705505632961241,0.5748876411810044
2020-05-07,1.0922443148069485,-0.11771620033733184,-0.9500353724049884,0.7578582832551991,0.5749223427145214
2020-05-08,0.14122755357609734,4.165928603332261,-0.8233394210514483,0.6597539553864472,0.6309336161779919
2020-05-09,-0.5214223057802333,0.9174856044214589,-0.8854906272987467,0.5743491774985175,0.4851031021803647
2020-05-10,-0.5149995771880402,5.0,-1.0063267904145972,0.5,0.5571224685069774
2020-05-11,-0.019531068200436836,0.025595552087024798,-0.6096120410535494,0.4352752816480621,0.4697353010023546
2020-05-12,-0.09119944205325366,-0.2072742969277594,-0.6188568934762806,0.37892914162759955,0.4464944162860571
2020-05-13,-0.4113897658262478,-0.15987654219907027,-0.8458657674118446,0.3298769776932236,0.41219851409354424
2020-05-14,-0.8333196635994168,-0.15501965727930672,-0.8540375179082403,0.2871745887492588,0.3775944744221819
2020-05-15,0.4144083726133984,-0.17373009702783482,-0.026520060334858927,0.25,0.4820044687869048
2020-05-16,-0.3898410774726771,-0.281212463913782,-0.25074150163383885,0.21763764082403103,0.4115810049078906
2020-05-17,-0.9821276301055665,-0.11369427061203093,-0.7680229930896445,0.1894645708137998,0.3576064825698761
2020-05-18,-1.0656476679806668,-0.17365342681772838,-0.4487949527294979,0.16493848884661183,0.3565022042532253
2020-05-19,-1.3454374276663408,-0.21053273410025805,-0.6513728909075465,0.14358729437462942,0.3263576386940094
2020-05-20,-1.3138506149083862,-0.23802041120231396,-0.7978020999431749,0.12500000000000003,0.31964903854123866
2020-05-21,-1.0378200482367839,-0.2983593204785776,-0.8526740615287702,0.10881882041201553,0.331280712775117
2020-05-22,-0.8520333863571803,-0.2780292904984152,-0.4996137377718412,0.09473228540689989,0.35416927202406095
2020-05-23,-0.316591213685416,-0.1671518457628371,-0.163961550143295,0.0824692444233059,0.40383426050624016
2020-05-24,0.8266636501465644,0.10232877606779672,-0.039177779235198204,0.0717936471873147,0.4938377301161865
2020-05-25,2.037386245975526,0.3248536035667915,0.9343338650951227,0.0625,0.6148807787168222
2020-05-26,4.341484809963766,0.26571041238237564,3.1818367521814537,0.054409410206007765,0.7442326787135003
2020-05-27,2.7563457975875902,0.003404014756441231,2.837775537697549,0.047366142703449944,0.7105956597827936
2020-05-28,3.7307724492239647,-0.03035091419552516,2.7702818702934078,0.04123462221165295,0.7222633009167146
2020-05-29,2.2823496060831734,0.1946636670476859,2.5771426255235523,0.03589682359365736,0.6765569042556988
2020-05-30,-0.3578286941553932,-0.17435489334203705,1.0760477596933615,0.03125,0.4344357251568343
2020-05-31,-1.0620632941858108,-0.38749960756693513,-0.19555398739600854,0.027204705103003893,0.335612202924574
2020-06-01,-0.7635834920146577,-0.11660234416203887,0.016113230971386762,0.02368307135172497,0.37332557126074284
2020-06-02,2.2389980589711858,0.3385237862016551,2.3616707790532367,0.020617311105826482,0.6701866509907967
2020-06-03,5.0,-0.04818784927006956,3.8118390666350916,0.017948411796828663,0.7256844347166048
2020-06-04,3.1927930150119175,-0.22766279898135974,3.9597369659925796,0.015625000000000007,0.7178578000424433
2020-06-05,1.884283338132359,-0.21075846264363574,3.478426183863328,0.013602352551501933,0.6438776394813979
2020-06-06,0.2572026483709483,-0.3047550173884858,2.872525126617341,0.01184153567586249,0.5269757854055005
2020-06-07,-0.5073716444581705,-0.2719035884068228,1.633221748690091,0.01030865555291324,0.43583293080844443
2020-06-08,1.3121825072929127,-0.13992330840621434,2.5725030273696814,0.008974205898414338,0.5937449277663533
2020-06-09,2.8745419562461727,0.0529648406310099,3.727523561602942,0.007812500000000002,0.720014873776037
2020-06-10,1.8094824474096645,0.0009472229008437448,3.6957267333415236,0.0068011762757509715,0.6466918072228754
2020-06-11,0.2806122071590176,-0.18660633186478484,2.277609923395041,0.005920767837931244,0.5127406626050928
2020-06-12,0.2001106685855061,-0.3341146616409661,1.7418110593226657,0.00515432777645662,0.48325278481455086
2020-06-13,-0.7111656633358102,-0.3571960686172182,0.7616681119734503,0.004487102949207169,0.38876778876005796
2020-06-14,-0.8327718579835071,-0.19609744505971322,-0.3620890184955121,0.003906250000000001,0.34982745280709443
2020-06-15,-0.08780644586735183,-0.20890674598074602,0.4602500318147591,0.0034005881378754853,0.4262935451408188
2020-06-16,0.17085524304506697,-0.1561172894044049,0.962972335631677,0.0029603839189656215,0.462428597920055
2020-06-17,0.07682922891586941,-0.14931815227177972,1.0776242448383937,0.0034005881378754853,0.4603312552983616
2020-06-18,0.6127157299357122,-0.14980208380991658,1.657012186545438,0.003906250000000001,0.5154256388884823
2020-06-19,1.1184828439100245,-0.1989738732579889,1.9838540370608642,0.004487102949207169,0.5580764782193287
2020-06-20,0.37512120266301974,-0.30777991677527544,1.5480330693303734,0.00515432777645662,0.4895581684560458
2020-06-21,-0.214963483446615,-0.3642645574141248,1.7295498358160124,0.005920767837931244,0.4540311875808606
2020-06-22,1.183100967177959,-0.361421697329511,2.5097097892829328,0.0068011762757509715,0.5734913298405948
2020-06-23,2.484186822201171,-0.16194575347934173,2.1757474565490296,0.007812500000000002,0.6575615053034065
2020-06-24,0.1933511689025348,-0.3683918793414806,1.5996989812792717,0.008974205898414338,0.4772098465483452
2020-06-25,-0.06877248028755509,-0.41550652432106117,1.545439045641775,0.01030865555291324,0.45616332932178166
2020-06-26,0.7914764822644489,-0.30407424412651635,1.6775075610815866,0.01184153567586249,0.5227884876997907
2020-06-27,2.429070834255419,-0.2991864154298838,1.4815607776585942,0.013602352551501933,0.6258976671121279
2020-06-28,0.8567777025547649,-0.33866734973617374,1.8102336978630635,0.015625000000000007,0.5306922471934126
2020-06-29,2.211735858397444,-0.23868113573032732,2.4192232054717366,0.017948411796828663,0.6458370451896481
2020-06-30,-0.29728244931043263,-0.23098689911649617,1.5944340254716318,0.020617311105826482,0.4517971134310455
2020-07-01,1.016195432092622,-0.1644780024714706,1.9876664625951321,0.02368307135172497,0.55570112149246
2020-07-02,2.079458729710865,-0.20562600908770878,2.2983107572102592,0.027204705103003893,0.6357538959411957
2020-07-03,1.7580346483205433,-0.3439515473334736,2.286681165776337,0.03125,0.6087812009416861
2020-07-04,0.2987321772349893,-0.2809505972090462,1.7406418102942596,0.03589682359365736,0.4966151208141463
2020-07-05,2.374175623325957,-0.25817937581594463,1.983314880216469,0.04123462221165295,0.6448165902350297
2020-07-06,2.970685370669678,-0.28235056324810115,2.4467793699438762,0.047366142703449944,0.6999453183129543
2020-07-07,2.2971591761424275,-0.2326994614883545,2.0708447846887763,0.054409410206007765,0.6456377052013409
2020-07-08,3.980189632522625,-0.14544395252081463,2.1429959815801194,0.0625,0.6997480346976368
2020-07-09,3.0790575998254672,-0.06104665228433233,2.2803693743758275,0.0717936471873147,0.7092377490454443
2020-07-10,1.5101488970600756,0.0012101562459066013,1.6377892670220031,0.0824692444233059,0.5926903785451472
2020-07-11,2.973724779493306,-0.2732069440581173,1.1834839812329645,0.09473228540689989,0.6655240048159327
2020-07-12,2.8000994504369867,-0.2902227295952112,0.8839364650039929,0.10881882041201553,0.6453680548579341
2020-07-13,0.43493650751816126,-0.3413119722426264,1.3924282760071545,0.12500000000000003,0.5049387108580066
2020-07-14,0.5896615749566604,-0.3029529471334738,1.472328664488994,0.14358729437462942,0.5223034485057102
2020-07-15,1.670581748929201,-0.19592410912880545,1.5393260677875809,0.16493848884661183,0.604260254301491
2020-07-16,0.5299024637176885,-0.14741296578178278,1.2900555972266743,0.1894645708137998,0.5256061628698974
2020-07-17,1.576716794899089,-0.19622741164924884,1.680363847408216,0.21763764082403103,0.6105960852117658
2020-07-18,1.4747149016045062,-0.21276250527110138,1.667720383050814,0.25,0.607539901822365
2020-07-19,2.0939813352434427,-0.2266472716280046,1.5163642468568896,0.2871745887492588,0.6487767825726812
2020-07-20,3.2179654548943746,-0.03160970273053372,1.858689594532108,0.3298769776932236,0.735120795524615
2020-07-21,1.3209323250718876,-0.2607044695163601,1.6535449130492434,0.37892914162759955,0.6141570037873922
2020-07-22,3.802141757670239,-0.21952256455174954,1.4346770276116074,0.4352752816480621,0.7289670863112734
2020-07-23,2.3971120684622793,-0.27234321812400053,1.2720302325021886,0.5,0.6908608448923915
2020-07-24,0.6117977294261393,-0.3399091626898517,0.9814892882757834,0.5743491774985175,0.5704923197503026
2020-07-25,2.1190806694775177,-0.2828343236299089,1.1678277038711402,0.6597539553864472,0.69237796458426
2020-07-26,2.3105549593599455,-0.2870429789848951,1.4346910168414269,0.7578582832551991,0.7285786495492865
2020-07-27,3.3962538894699805,-0.2094005845600226,1.585335282390502,0.8705505632961241,0.7997020695507678
2020-07-28,2.1812134407756774,-0.29816067398761376,1.3965580980952668,1.0,0.7545428045720701
2020-07-29,1.2869373864012184,-0.3285051742745014,1.4037150134355678,1.0,0.6938986106131626
2020-07-30,1.7310913551305485,-0.2563270530168376,1.0796125290438088,1.0,0.7157128807677954
2020-07-31,0.24842586345643689,-0.31773202738203477,0.38453705059575843,1.0,0.5911407914427029
2020-08-01,-0.27173771739800434,-0.3031285104783008,0.29628253789422426,1.0,0.554129882166678
2020-08-02,1.4458802894006493,-0.224900202455882,0.4526925400338505,1.0,0.6771109288588432
2020-08-03,0.3813691045612536,-0.25295646588858084,0.5070899415677053,1.0,0.6067877522776496
2020-08-04,-0.6875490506233386,-0.21421628768349116,-0.15012994298499024,1.0,0.515233386538799
2020-08-05,0.47747334205898484,-0.12152702681755002,0.20719789612824507,1.0,0.6086745265574759
2020-08-06,-0.3155295999267624,-0.14611042865093787,0.12364564613570309,1.0,0.5519982803489502
2020-08-07,-0.29274996461752584,-0.08325798631803469,0.22698839755920497,1.0,0.5595805328475536
2020-08-08,-0.4482542375663342,0.04495902303805419,0.241845843564067,1.0,0.5550512049076323
2020-08-09,0.33915719560618385,-0.5200584821337308,0.7793810377812858,1.0,0.601920744210883
2020-08-10,1.2805141530236688,-0.4007327278988008,1.311057366713497,1.0,0.6873723254295778
2020-08-11,0.7389819905267218,0.03713095905052232,1.1619826078265203,1.0,0.664545342923104
2020-08-12,0.3716809467207057,0.185483726281883,0.9175257509566688,1.0,0.6380914100750145
2020-08-13,-0.178932757504549,-0.31915668890119875,0.6503188439801875,1.0,0.571450248928153
2020-08-14,-0.20736018923768523,-0.8199284323064036,0.655316429742565,0.8705505632961241,0.5294387681905584
2020-08-15,-0.6401905274025388,-0.06554047979535099,-0.16804687186147796,0.7578582832551991,0.4876669582745884
2020-08-16,-0.7091537659408405,1.063130495326582,-0.8726759907875068,0.6597539553864472,0.4918940798576018
2020-08-17,-0.20960806402611,0.7853208098733643,0.01434374700442234,0.5743491774985175,0.5303783310012412
2020-08-18,-0.4164688024943287,-0.1494222120822274,-0.141233334864293,0.5,0.46130170983480884
2020-08-19,-0.779271073060482,-0.22451678813101142,-0.34432188642395356,0.4352752816480621,0.4175076249902533
2020-08-20,-0.35550901491681214,0.8620357780941936,-0.12431791115033328,0.37892914162759955,0.4899129972985994
2020-08-21,-0.16119249026217713,0.7631476321882115,0.15855883582930372,0.3298769776932236,0.5008184931719907
2020-08-22,-0.26381108206149634,0.03370025753372941,0.042322620645070176,0.2871745887492588,0.4533037142603634
2020-08-23,-0.1259588498143033,0.1616331481992354,0.3010910831793279,0.25,0.4708738272933255
2020-08-24,1.112526696436056,0.061065301369243256,1.3384710558839892,0.21763764082403103,0.5789741819725265
2020-08-25,1.2406850412813222,-0.08721970091496284,1.2052752836362965,0.1894645708137998,0.5726737102905779
2020-08-26,1.0350725068161912,1.8240982885382666,0.5892123633942332,0.16493848884661183,0.6143901145836401
2020-08-27,1.8891358048116704,-0.3056353264230967,1.3027373484602944,0.14358729437462942,0.60317025415802
2020-08-28,0.5774044119220271,-0.6355703937241244,0.7611203043783668,0.12500000000000003,0.48113220453557554
2020-08-29,-0.7654589130890527,-0.09858243203979125,-0.49853514137552174,0.10881882041201553,0.36956678947502347
2020-08-30,-1.1307932384955617,1.8780992142168194,-1.3514446066244123,0.09473228540689989,0.3970296072828846
2020-08-31,-1.3425729228139507,1.1336026936981678,-2.041966393237367,0.0824692444233059,0.32703342427207727
2020-09-01,-0.13308585866091008,2.7957875682950695,-0.8181726853217656,0.0824692444233059,0.5177167219210043
2020-09-02,0.12191005958036902,0.4964111579140989,0.11027112037669018,0.09473228540689989,0.47169668237537
2020-09-03,0.9944591684157918,5.0,0.28132437017312933,0.10881882041201553,0.6419975799619595
2020-09-04,2.3248057004647134,0.9293020130274519,-0.44816936088903464,0.12500000000000003,0.6225189852108236
2020-09-05,-1.2042377288366515,-0.15775801813091678,-1.5506903410262585,0.14358729437462942,0.30799265011075416
2020-09-06,-1.0968182830316069,-0.09799087701536376,-1.849520852856138,0.16493848884661183,0.3108859061540399
2020-09-07,-0.7388819630354595,-0.36038140726992207,-1.3889563800249798,0.1894645708137998,0.34284645011595993
2020-09-08,1.0498338559143146,0.2697857760082938,-0.18613203224630256,0.21763764082403103,0.5326712427766945
2020-09-09,0.3547615753453868,0.10880746704897543,-0.508621394015277,0.25,0.47373036968289056
2020-09-10,-0.20583935390332384,-0.016410940464177837,-0.48572244689892075,0.2871745887492588,0.4374790273028625
2020-09-11,-0.5513496372749319,0.5644741869357854,-1.0208145142215652,0.3298769776932236,0.42721751148392695
2020-09-12,-0.9629980112094726,1.4398202004449767,-2.137665721299427,0.37892914162759955,0.40637648813873495
2020-09-13,-0.4906483198012257,1.3781841398030683,-1.958541026156846,0.4352752816480621,0.44972104254702716
2020-09-14,-0.3052281493356898,0.48466550095493244,-1.8850491073295872,0.5,0.43701088233975666
2020-09-15,-0.9654263106358076,1.4404879946153069,-2.437494662380375,0.5743491774985175,0.42556113361201575
2020-09-16,-0.8138878123315232,0.8328715205451543,-2.302469848096257,0.6597539553864472,0.4276578909053718
2020-09-17,-1.3315212741053033,-0.10517330143314028,-2.305811620627123,0.7578582832551991,0.3686680493006414
2020-09-18,-1.512787198963871,-0.061933104745044446,-2.376869578317951,0.8705505632961241,0.3729205725885187
2020-09-19,-1.5798814385717388,1.2955568088964389,-2.7753568702052513,1.0,0.431144208792394
2020-09-20,-1.547359596408473,1.09154563793924,-2.926524643079436,1.0,0.4197729403842556
2020-09-21,-1.3911821217098994,0.23376767507422097,-2.3558061566099675,1.0,0.41346797312710026
2020-09-22,-1.3677941852752156,0.6185613542505306,-2.1788332786702953,1.0,0.4369593347864146
2020-09-23,-0.9801088914355299,1.6757927910500892,-1.8074880604081918,1.0,0.519234504851112
2020-09-24,-1.183991291853585,0.08494291428195114,-1.8223406231756218,1.0,0.43886184786565485
2020-09-25,-1.2008345032368812,-0.4350625838027093,-1.685461760419637,1.0,0.42063470011177384
2020-09-26,-1.1557013503949183,0.1913813188243813,-1.849285401711816,1.0,0.44428461820096077
2020-09-27,-1.0147274018136925,1.5248558938256718,-1.6420337191781547,1.0,0.5161527114825517
2020-09-28,-0.8308568297881704,0.5915245732452424,-1.117858017138404,1.0,0.506994467994727
2020-09-29,-1.1368479449931834,0.4302608844025011,-1.3617232660350942,0.8705505632961241,0.45232948281047414
2020-09-30,-1.2665105922876558,-0.16004177330834604,-1.6167510078456642,1.0,0.4300058530314531
2020-10-01,-0.9996194103911963,0.374827203500252,-1.7489456159849477,1.0,0.4656783189202658
2020-10-02,-1.234979065946448,0.847722287221904,-1.779866406731952,1.0,0.46866094401341774
2020-10-03,-1.1766682027057611,0.25655010122560706,-1.9202470295086627,1.0,0.44323680638706076
2020-10-04,-1.0523475336079875,-0.23218298795399392,-1.9455331320320113,1.0,0.43031810219365074
2020-10-05,-0.9085892626009299,1.716404525502995,-1.5697822599120486,1.0,0.5336181623921612
2020-10-06,-0.8615299112195185,0.3060567217823098,-1.4890071812547179,1.0,0.4806834632844711
2020-10-07,-0.5259177696912517,0.3202460788361087,-1.2909489701686043,1.0,0.5102507696331343
2020-10-08,-0.6076598026987874,0.5697270794980284,-1.3558171389866158,1.0,0.5130340701662782
2020-10-09,-1.003599042189446,0.5635454945699526,-1.497083790808082,1.0,0.48167166643418224
2020-10-10,-0.8199592943431133,0.7408229020952377,-1.5552938846621405,1.0,0.4993605384756893
2020-10-11,-0.7144522987003972,0.9030511391556862,-1.5492057098101293,1.0,0.5133567872244561
2020-10-12,-0.5018278611206265,3.1300523632039834,-1.1660919563987402,1.0,0.6276750773786669
2020-10-13,-0.48832715454774417,-0.09156855616988835,-1.24445377798518,1.0,0.49714770725689905
2020-10-14,-0.7142883985860132,0.2590042154117009,-1.1988122557381262,1.0,0.4982122072118158
2020-10-15,-0.3804196109325661,0.6351780709402786,-1.1481753305439357,1.0,0.5378319345422093
2020-10-16,-0.4973205434567552,0.13063697403663807,-1.2185813823348177,1.0,0.506669124943249
2020-10-17,-0.7008255460700697,0.19751826073149478,-1.3514733397282142,1.0,0.4914591131348671
2020-10-18,-0.7055533179966772,-0.06484282448211016,-1.4008517149496567,1.0,0.4785662706151451
2020-10-19,-0.3796252519979131,0.14308858159874763,-1.0249149709416638,0.8705505632961241,0.5020724262297834
2020-10-20,-0.46986112871798014,0.28007825251405577,-0.9460619048257729,1.0,0.5238104551126946
2020-10-21,-0.15431647203499294,0.24748341035174823,-0.8513622993474523,1.0,0.5466453006507416
2020-10-22,-0.17625863638912148,0.5195378829490401,-0.7324323282907391,1.0,0.5604824250872439
2020-10-23,-0.533494681786359,1.6858629972046582,-0.8349977543761871,1.0,0.5818447209518972
2020-10-24,-0.5960816169555979,0.31281403243059813,-1.055176156507865,1.0,0.5131226050039729
2020-10-25,-0.563880134982431,-0.45714784948298703,-1.1508889256555863,1.0,0.47999719975086064
2020-10-26,-0.16717256722312399,-0.17078169083971606,-0.7931055351063521,1.0,0.5303024072299252
2020-10-27,-0.10491686653870004,0.19717120294280113,-0.8128898597895878,1.0,0.5491246803603838
2020-10-28,0.09621296775948183,-0.3924685107544287,-0.7974855747385475,1.0,0.5384784907445793
2020-10-29,-0.002357563621100362,-0.8603563173156722,-0.6743307295761592,1.0,0.5165169582179017
2020-10-30,0.13318774590283788,-0.8599841429760212,-0.7543524708481608,0.8705505632961241,0.5034840125690015
2020-10-31,-0.11097806842692459,-1.243141046762659,-0.819851629974914,0.7578582832551991,0.4521542733122103
2020-11-01,-0.26812696245362705,0.14308734795842043,-0.8168901718521071,0.6597539553864472,0.4848202629142559
2020-11-02,0.8928352103244629,-0.7873288364613586,-0.22080492454109518,0.5743491774985175,0.5305091916424821
2020-11-03,0.1261682381160007,-0.9016833459726034,-0.29008695452577504,0.5743491774985175,0.4723238879327934
2020-11-04,0.0046405015350429275,0.01585480850095509,-0.6213467936096552,0.6597539553864472,0.5042215173108546
2020-11-05,0.008021554659253511,-0.44653608756622665,-0.7349612388926822,0.7578582832551991,0.4961091345205479
2020-11-06,-0.6105527401386627,-0.879549275803029,-0.8195513345836805,0.8705505632961241,0.45091280417392554
2020-11-07,-0.7538208882823186,0.3324368426596979,-0.9490161645950642,1.0,0.506962937072164
2020-11-08,-0.8213448438090446,0.7682879928455765,-0.997427768694868,1.0,0.5190080844914672
2020-11-09,-0.48354384296257,-0.3109683572947117,-0.49734675143187385,1.0,0.5132285038674865
2020-11-10,-0.6233514829490199,0.41424562965483236,-0.4316650461480558,1.0,0.5363146341674149
2020-11-11,0.40656582058540164,-0.4081137744953502,-0.42262934909705296,1.0,0.571012002465152
2020-11-12,0.007972462896041982,-0.7613870723199003,-0.4564570046259881,1.0,0.5285918026922074
2020-11-13,-0.21712919621135116,-0.7903875087664615,-0.526067990637568,1.0,0.5100563076993885
2020-11-14,-0.564897530261413,-0.4976110528474874,-0.6080575301455279,1.0,0.49633778644240956
2020-11-15,-0.6679073188252327,3.863862623040345,-0.7171165671519224,1.0,0.6315689598399205
2020-11-16,0.23541713000598585,-0.24936603485933181,-0.1859349599502659,1.0,0.574106391882918
2020-11-17,0.12936882801720376,-0.8835038131323535,0.2341761836581576,1.0,0.5546178024425708
2020-11-18,2.3936323903884653,-0.1459725242613522,0.33702998395886863,1.0,0.7397276369803036
2020-11-19,1.2483965998999393,2.413234440283798,0.33958965112077616,1.0,0.7700975300425134
2020-11-20,-0.23645467254081654,0.30449992863438535,-0.11678777450248064,1.0,0.568030926373629
2020-11-21,-0.5772746001063855,-0.32811071538921244,-0.6347912406245727,1.0,0.5016840388308713
2020-11-22,-0.45131331983700806,-0.6674452949572052,-0.5463431312009634,1.0,0.4988907870142838
2020-11-23,0.32048846632828154,-0.2086463249025821,0.1492691004030475,1.0,0.5926479375643795
2020-11-24,0.5147844415247669,-0.398985403774338,0.22521540544211807,1.0,0.6002017511257909
2020-11-25,-0.12524944560105694,-0.7493780280860638,0.15946024544837076,1.0,0.5407412939712892
2020-11-26,-1.009230584817075,-0.9890225376553484,-0.3397713583324003,1.0,0.45518297666547547
2020-11-27,-0.8608904995492933,-0.8036233196441829,-0.8770202172166033,1.0,0.4548889878043194
2020-11-28,-1.0850477100306855,-0.5298012229961603,-0.6642388869275956,1.0,0.4584471388088611
2020-11-29,-0.4017705668645789,-0.44644265018554546,-0.3986795588989199,1.0,0.516324199821333
2020-11-30,-1.0771257478921155,-0.8600911382674915,-0.4479332356271872,1.0,0.45242337819180733
2020-12-01,3.943610672752347,0.09125266885430039,1.6309582852783056,1.0,0.8331674707115394
2020-12-02,3.7876403320955645,-0.4700946512670606,1.6047889829567645,1.0,0.8089056889624313
2020-12-03,3.6463262228323035,-0.23731876013420655,1.597962869577459,1.0,0.8183771473136567
2020-12-04,3.2789168321830293,-0.9637730554584042,1.0812556282519945,1.0,0.7708846436309664
2020-12-05,0.5296597520186914,-0.9133701746185513,0.6716838941973342,1.0,0.5946430226653843
2020-12-06,0.9512872446012831,-0.8946784879815183,0.9895665362844308,1.0,0.6341264305170033
2020-12-07,2.079400489269666,-0.7089611599114198,2.4937667567837303,1.0,0.7672122095144597
2020-12-08,1.4051826814845416,-0.8185346304214756,2.4946519564031595,1.0,0.7177283010448466
2020-12-09,1.6146203026355501,-0.18280667654191327,2.450123121151524,1.0,0.7566951793581744
2020-12-10,1.0601117585018645,-0.571729323723196,1.8420098075402076,1.0,0.6832523889963315
2020-12-11,0.38659781555567524,-0.7112865712062129,1.1983374760608478,1.0,0.6110808297721477
2020-12-12,-0.3340002229480275,-0.8709892717120062,0.3489665902612702,1.0,0.5280743184908403
2020-12-13,0.44832053770583763,-0.8477965754989711,0.20433902901964648,1.0,0.5763744795019202
2020-12-14,3.0737646450395966,-0.7268095581595454,2.4625604202668727,1.0,0.8268016157522481
2020-12-15,2.8392626041483395,-0.7282749652614605,2.55703722350837,1.0,0.8191739575076075
2020-12-16,1.0053383978049655,-0.6106353920494907,3.0126578339253283,1.0,0.716579418518269
2020-12-17,1.1064449378911565,-0.6335174008975284,2.472763282232695,1.0,0.70479188022977
2020-12-18,1.7356549214173331,0.22203277749340622,2.2186090831493197,1.0,0.7739153299283582
2020-12-19,1.9690708924278302,2.8549890025744324,1.9828505743397298,1.0,0.8913242870804478
2020-12-20,0.2742510883197772,-0.9233268404978796,1.2889269291373713,1.0,0.5977756851718192
2020-12-21,-0.19152376340905283,-0.05290154446605998,1.4193379128269874,1.0,0.6073387818475436
2020-12-22,-0.5037468648239974,-1.10948365913941,1.2847566742019207,1.0,0.5380136123543221
2020-12-23,-0.371003979400264,-0.19478928982179813,1.2349890963861248,1.0,0.5833164841769449
2020-12-24,-0.8749714320178374,-1.2060202074010908,0.62424155119957,1.0,0.4872257809304178
2020-12-25,-0.4246164207583396,-0.647452437177274,1.2201846197270771,1.0,0.5603878743912936
2020-12-26,0.20862871045738848,0.7344703962560534,1.4738490024457487,1.0,0.6686398139560198
2020-12-27,-0.30927098192950947,-0.6892058850142346,1.3793638047999208,1.0,0.5716438161557703
2020-12-28,0.1360454967160625,-0.8443549390338383,0.9785489291025093,0.8705505632961241,0.5620891261191633
2020-12-29,-0.2565036100715666,-1.0565700330264558,1.570795678405252,0.7578582832551991,0.5299146063875815
2020-12-30,-0.724459868934966,-0.5797855803497,1.4466118481348562,0.6597539553864472,0.49972843113556037
2020-12-31,-0.9848484215368194,-1.142589975846139,0.6497464967877524,0.5743491774985175,0.41954611608832565
2021-01-01,-1.011140887151022,-1.007800897587899,0.49116167402990996,0.5,0.4069709592580998
2021-01-02,-0.9489238847666925,-1.0491336247068164,0.19788094454543556,0.4352752816480621,0.389911830384827
2021-01-03,-0.84791642895779,-1.0972925054841836,0.42187090833418517,0.37892914162759955,0.3936534518629192
2021-01-04,-0.23271175349175763,-0.36697305720181467,1.1209321921643804,0.3298769776932236,0.48104129210993674
2021-01-05,-0.053243319231799556,-0.3769185149815323,1.2433487816292172,0.2871745887492588,0.4902666549603456
2021-01-06,0.4170195402543925,-0.3632463003557221,1.3065130067289217,0.25,0.5187164737264351
2021-01-07,0.13844024566293772,-0.5782401186925648,1.18731132764835,0.21763764082403103,0.4823587018105553
2021-01-08,0.16971104995275277,-0.5021061696752279,1.2664215679280826,0.25,0.4951070318579851
2021-01-09,-0.6311176153781596,-0.5609103100876698,1.0688009449363098,0.2871745887492588,0.4382571158647356
2021-01-10,-0.6922337598402076,-0.7537816499740878,0.4261621082799301,0.3298769776932236,0.41113046419171373
2021-01-11,0.736195940247912,-0.8144297364219041,1.522203408961093,0.37892914162759955,0.5477246418751245
2021-01-12,0.13121230497375136,-0.7484686955331605,1.4962149153748203,0.4352752816480621,0.5177264141107384
2021-01-13,0.6083944552856877,-0.27939845096891774,1.345492944538237,0.5,0.5737677930466155
2021-01-14,0.10279774406525476,-0.5268138441216761,0.847761282983582,0.5743491774985175,0.5243136921568441
2021-01-15,-0.29562046610690357,-0.5552179824579379,0.5747775849049818,0.6597539553864472,0.5002802324619254
2021-01-16,-0.8042124970066697,-0.3151750099861146,0.17421970844282578,0.7578582832551991,0.47773960755317463
2021-01-17,-0.7969384492857979,-0.8593593130846295,0.050743204970553964,0.8705505632961241,0.4683381566625243
2021-01-18,-0.5362172227339161,-0.8715179914042059,1.051422522830359,1.0,0.537986352936909
2021-01-19,-0.3556950208314961,-0.8536020173118012,1.016664557763861,1.0,0.5496090664820373
2021-01-20,-0.5103439516357124,-0.5333017129695051,1.2254544446532611,1.0,0.5596046466723318
2021-01-21,-0.32124084947683407,-0.2992697346449741,1.145656107365285,1.0,0.5793029080035134
2021-01-22,-0.7189052803959276,-0.7762415020434322,0.6209085223106177,1.0,0.5154265361321491
2021-01-23,-0.551471740176738,-0.5474910669314638,0.7964427773253475,1.0,0.5419711821102514
2021-01-24,-0.5013317628800358,-0.29764011464672696,0.7630615683473407,1.0,0.5546115966426287
2021-01-25,-0.5260415818736811,-0.586284828542547,1.216876583686366,1.0,0.5560645794753607
2021-01-26,-0.6322174142501042,-0.7185452239883654,0.9722079765001268,1.0,0.535319720600482
2021-01-27,-0.6675928088027869,-0.43131697025992227,1.0491853670496603,1.0,0.5474951178873061
2021-01-28,0.3585279851141378,-0.6016443552978311,1.963623801662839,1.0,0.6392874775922943
2021-01-29,1.5330931289186382,0.10206910433323822,2.041415475241387,1.0,0.7495062704498404
2021-01-30,0.7123333944599542,3.2229950932415874,1.5250435112291763,1.0,0.7983236766716362
2021-01-31,-0.40010143327263026,2.379527904348874,0.4996081020111004,1.0,0.6641271705300644
2021-02-01,-0.17182248394132857,-0.1417009846319133,1.5417049060428143,0.8705505632961241,0.5896137080734275
2021-02-02,0.25724817650831727,-0.8270564531839153,1.414626531996767,0.7578582832551991,0.5685221531060636
2021-02-03,1.967339535391238,-0.5926933058446223,1.2557763154220494,0.6597539553864472,0.6722827184379253
2021-02-04,2.527177606348544,-0.16586432643506868,1.3550525390804617,0.5743491774985175,0.7178882880825681
2021-02-05,0.7880705811624535,0.31149684447228887,0.5188951298945443,0.5,0.5828135782603271
2021-02-06,-0.1802946294850578,-0.8088576131908688,0.12816283964464337,0.5743491774985175,0.46970242876430907
2021-02-07,-0.2516293651168896,-0.8774420852314839,0.6266355792384135,0.6597539553864472,0.4915155680568098
2021-02-08,1.8890700015674977,-0.8192761584412092,1.7829075769715528,0.7578582832551991,0.689910488556781
2021-02-09,0.4713587255165313,-0.6177283417808084,1.151883535240472,0.8705505632961241,0.5996639364626694
2021-02-10,0.38611523167372724,-0.6328213301755893,1.1308918266502852,1.0,0.6120698542426084
2021-02-11,0.44917632366134397,-0.7820790393951597,1.4448083883583733,1.0,0.6205187412145704
2021-02-12,2.231199826415858,-0.5179333436204686,1.3796979976585133,1.0,0.7481560323654882
2021-02-13,1.2043683418036109,-0.6716366997838461,1.0422077216238375,1.0,0.6620466176833751
2021-02-14,2.0394682532840926,-0.41003019025738546,0.6173256497632587,1.0,0.7144574806169904
2021-02-15,2.750895352899604,0.07490493467390662,1.2647270424956298,1.0,0.8036716305545741
2021-02-16,4.3272052014455635,0.9358218526294412,1.0321873970239839,1.0,0.8483988237603596
2021-02-17,5.0,1.0151844453825278,1.502980666288016,1.0,0.8673987074338726
2021-02-18,3.741735722772957,-0.4542468432731842,1.3347825464550773,1.0,0.8005657997454533
2021-02-19,2.923339910739997,-0.4415723973342807,1.1556601541933065,1.0,0.790012482633515
2021-02-20,0.5998332110555913,-0.6407005778593137,0.7751777796564921,1.0,0.6141322826481178
2021-02-21,-0.0701269481315274,-0.46828805203655754,0.5052196256737831,0.8705505632961241,0.5482361066399197
2021-02-22,-0.08724387613060551,0.21239307054041306,0.6100484916606029,0.7578582832551991,0.5620471450741102
2021-02-23,-0.260890691698818,0.26771010784533433,0.2829405416399038,0.6597539553864472,0.5271563197429315
2021-02-24,-0.6569715731015466,-0.07742886221883193,-0.6884985179014935,0.5743491774985175,0.4411781185621735
2021-02-25,-0.69159397331777,-0.8541627657093908,-1.5194834326918363,0.5,0.36765417211786283
2021-02-26,-0.6419422247480095,-0.7888192301326111,-0.933894171970377,0.4352752816480621,0.38349787027613735
2021-02-27,-0.8681665395786061,-0.9934899118833518,-1.372152863272866,0.37892914162759955,0.33682776016799765
2021-02-28,-0.9324673274314459,-1.0531243764834224,-3.0049855393127882,0.37892914162759955,0.27579470039523424
2021-03-01,-0.5935160693657318,0.052072707767533435,-0.98852746346003,0.4352752816480621,0.4199423349978068
2021-03-02,0.40394632833801275,0.5895734146082526,0.1543530075515058,0.5,0.5566404144162616
2021-03-03,-0.2243737682492645,-0.021929083291022933,-0.18953561635555072,0.5743491774985175,0.488962559725849
2021-03-04,1.3231480726606786,-0.24107209433737933,-1.1965341736990294,0.6597539553864472,0.5622438217646539
2021-03-05,1.4065432343658735,0.7615739913759122,0.08397582975022719,0.7578582832551991,0.6669797354116753
2021-03-06,0.6015789314428704,0.5759143767289996,-0.924174982568841,0.8705505632961241,0.5888784462020236
2021-03-07,1.6342293700542385,0.6601192827579032,-1.847769031831275,1.0,0.6498612937241527
2021-03-08,1.8328228640281163,1.4798101274610842,0.06262047630966276,1.0,0.7609342954564084
2021-03-09,1.0652033345899692,0.7796702775921189,-1.6077227115965824,1.0,0.6249090601524503
2021-03-10,0.3206875828462197,1.119827279183038,-2.4043346200094473,1.0,0.5628941548220597
2021-03-11,0.5048702485547559,1.1203461970286355,-2.6764119104033814,1.0,0.5661253777663975
2021-03-12,0.2885679860381966,0.658714004005524,-2.738807077431732,1.0,0.5303907133217189
2021-03-13,0.4086113647351649,0.05296622654788474,-3.003856183837268,1.0,0.5044476837551729
2021-03-14,0.48292345417414184,0.28666837382366234,-2.866246156851996,1.0,0.5235978739591955
2021-03-15,2.025914529423652,2.9991651785812894,-0.5623995037969559,1.0,0.8162795342758987
2021-03-16,1.276843212240501,0.7294222299970772,-0.8406836591906134,1.0,0.6624926850928912
2021-03-17,0.3642863179156326,0.10908912290054189,-1.224460348258096,1.0,0.5630157897066282
2021-03-18,-0.1869692868660912,1.2813207047605015,-1.3803468266488383,1.0,0.5699121826856536
2021-03-19,0.008013004633124708,0.28778445940487446,-0.8613425365732033,0.8705505632961241,0.53939638605939
2021-03-20,0.3895884255813986,0.3352687893021019,-1.6595664792586804,1.0,0.5596232119510581
2021-03-21,0.48373525147507224,1.1393578818604781,-2.558299421136711,1.0,0.569445614471301
2021-03-22,0.6380775610354935,1.0104952259978406,-1.3848633671161394,1.0,0.6134803595817383
2021-03-23,0.1153381418874678,0.4129295708795392,-1.8510647382011682,1.0,0.538192450305773
2021-03-24,0.48228781509370255,1.5864200547687337,-2.14603789844236,1.0,0.6017187600068654
2021-03-25,0.44508741847680927,0.35374307459573184,-2.145827439895921,1.0,0.5478842080100788
2021-03-26,0.4272206510841372,0.6273042869718048,-2.133934967779608,1.0,0.5584878897701141
2021-03-27,0.2644209806653812,0.17787727217749302,-2.255712450417295,1.0,0.5248492033711778
2021-03-28,0.04354991081063073,0.5907166852776191,-2.3829758258652864,1.0,0.5230839950784333
2021-03-29,0.5078680240960064,1.0798805846606534,-1.2542089587335663,1.0,0.6120459273428088
2021-03-30,0.33979747051126913,3.5042658813909564,-1.2675493670295328,1.0,0.6804015191331002
2021-03-31,-0.5867159594215552,-0.08183124391133142,-1.890922209940044,1.0,0.46944522721092274
2021-04-01,-0.036598099892647576,-0.08466632680145258,-0.9278442605108519,1.0,0.5381042210400679
2021-04-02,0.05006675202179672,0.2132328146862919,-0.5482868851642242,1.0,0.5689462545745745
2021-04-03,-0.8225188923799451,1.4181019399541746,-1.2853825870608921,1.0,0.5364069017707312
2021-04-04,-1.0301230674928001,-0.3314283544398762,-2.198011780792956,0.8705505632961241,0.3998311392001386
2021-04-05,-0.9283260000956763,0.26948843560706237,-1.83611712970383,0.7578582832551991,0.42681512297540136
2021-04-06,-0.7895969476502547,0.8566184711681596,-1.6543679243842493,0.6597539553864472,0.4518701356171485
2021-04-07,-0.6043587972878569,0.6191434364756863,-1.4244463218761414,0.5743491774985175,0.44917788926286945
2021-04-08,-0.5605329904712896,0.44171405459768326,-1.3142164592442631,0.5,0.4372286709353421
2021-04-09,-0.8757847873065082,-0.29615475584590417,-1.5670029382644488,0.4352752816480621,0.36733242699104773
2021-04-10,-0.9456893331593059,0.45729270923642246,-1.7473854153531312,0.37892914162759955,0.37960109807326614
2021-04-11,-0.7994073849069863,0.7200328300090959,-1.9136846458521442,0.3298769776932236,0.38739960071549195
2021-04-12,-0.4408387167477853,0.014148865830917767,-1.3945448376192757,0.3298769776932236,0.3991970070264435
2021-04-13,-0.6187082147280684,-0.31695624715279924,-1.3765961680777477,0.37892914162759955,0.3814991076949772
2021-04-14,-0.48305144937422884,0.3950063600252072,-1.435227056819465,0.4352752816480621,0.42670555872932886
2021-04-15,-0.5721180954618479,-0.2106497193499592,-1.2659396823144986,0.5,0.41088373258581196
2021-04-16,-0.26841315040001146,0.48025638269190185,-1.0914783582865986,0.5743491774985175,0.47688623726738616
2021-04-17,-0.6071262754474073,-0.452980161200952,-1.3994534572769755,0.6597539553864472,0.41796538631886776
2021-04-18,-0.5628319515307536,-0.6497599733951017,-1.7815698698600648,0.7578582832551991,0.4146976178327649
2021-04-19,-0.5502337811721265,-0.11663502696204425,-1.2406415719189037,0.8705505632961241,0.47268582056222824
2021-04-20,-0.45778278659847177,1.3413412680563277,-1.144246947218337,1.0,0.5622288021551709
2021-04-21,-0.37973425189021504,0.8398738687539594,-0.9404119816640807,1.0,0.5533320616832647
2021-04-22,0.12962658405663252,0.43244151661369806,-0.3797688858902619,1.0,0.5890012059330042
2021-04-23,0.05081231923303403,0.92432393682611,-0.5082940578469859,1.0,0.5999578500550573
2021-04-24,-0.6028704653721958,0.3144514957309509,-1.361745413520763,1.0,0.5025192675132845
2021-04-25,-0.7362331462822107,-0.2947173787550227,-1.5574191447678885,1.0,0.4617239279741304
2021-04-26,-0.5322405831600339,0.9157173164093929,-0.9550791644382995,1.0,0.5458362104917791
2021-04-27,-0.3052698201898717,1.3317671770763915,-0.5468125488400485,1.0,0.5919118927375233
2021-04-28,0.25946850442726266,0.7865754378334323,-0.07919328266224433,1.0,0.6224321007828024
2021-04-29,0.5150723441013831,2.364214597307954,-0.12127848239089245,1.0,0.7038044817482272
2021-04-30,-0.2743556054004606,1.4387985550208693,-0.463095209616406,1.0,0.6012230591119586
2021-05-01,-1.1281022361087167,2.9897125368148045,-1.755718583011908,1.0,0.5658405871929721
2021-05-02,-0.39917388073789484,2.1348160999019394,-0.8825517072910984,1.0,0.6079206885370179
2021-05-03,-0.34579382218976007,-0.14040582294851836,-0.5180273217704944,1.0,0.5288292585054779
2021-05-04,1.773634435672846,4.544110130099161,-0.049634861736379425,1.0,0.8165878003203104
2021-05-05,0.35589243451583474,0.3118871671232113,-0.37297033396221096,1.0,0.5992891164657825
2021-05-06,-0.5829984664484092,-0.3103662782876607,-0.8344856003362053,1.0,0.49538532063024665
2021-05-07,-0.7735771814143916,-0.22075123388790252,-1.040585250835786,1.0,0.4795440447991851
2021-05-08,-0.7968626763234422,-0.9927376701774488,-1.2056850871134865,1.0,0.44032224908392725
2021-05-09,-0.7171561256928456,1.3462013802012005,-1.4486301787775988,1.0,0.5349936431696071
2021-05-10,-0.611833347157871,-0.15546094773127245,-0.7583969381582308,1.0,0.5024536727620645
2021-05-11,-0.7748560685530723,-0.7860375523731681,-0.9069699675175426,1.0,0.46035903183032845
2021-05-12,-0.8570243001675277,-1.0435320297121222,-0.893571232705602,1.0,0.4445988376606397
2021-05-13,-0.7220438604314586,-1.2063967036061722,-0.9169676427086311,0.8705505632961241,0.4266142097251099
2021-05-14,-0.8140635040477541,-0.7996939131958745,-0.9287548984208227,0.7578582832551991,0.4201287658879074
2021-05-15,-0.9761207144513389,-1.3674319211310981,-1.1319664715650966,0.6597539553864472,0.36417983324524555
2021-05-16,-0.9432260491638716,-1.2077570642921018,-1.4212337043386005,0.5743491774985175,0.3505729721903953
2021-05-17,-0.8734423950255024,-0.4379698852401126,-0.4139763151179493,0.5,0.4097225512760302
2021-05-18,-0.7746724327567098,-0.5048137690498387,0.37479767605899816,0.4352752816480621,0.430105812221652
2021-05-19,-0.14847749882144504,-0.574805478349333,1.7114237800076022,0.37892914162759955,0.5050381023917415
2021-05-20,0.546206071815133,0.3885086660414658,2.284116148903964,0.3298769776932236,0.603220350823519
2021-05-21,0.5967038875104985,0.8141495768681305,2.275309353626831,0.2871745887492588,0.6176229916368218
2021-05-22,0.22438180903933913,-0.4684191998094784,1.9491068787579902,0.25,0.522911549902494
2021-05-23,0.5398507473441304,-0.566021643522659,2.825941698799334,0.21763764082403103,0.5642495174264137
2021-05-24,-0.21883051973915893,0.13014690711554275,2.110401632992121,0.1894645708137998,0.5146004932023444
2021-05-25,0.16255219624496503,0.4665857977001148,2.3643322842393664,0.16493848884661183,0.558829737455473
2021-05-26,0.9082039923816401,0.4925200580064965,3.0042433206430736,0.14358729437462942,0.6276066960652411
2021-05-27,0.45125393308044054,0.07786399717299322,1.7604341498685432,0.12500000000000003,0.535759067083189
2021-05-28,-0.643112848221154,0.430488824008021,0.8535490408134331,0.10881882041201553,0.44483730220784073
2021-05-29,-1.2529594234479149,-1.2549940777620734,-0.5872641879877142,0.09473228540689989,0.2838123217414972
2021-05-30,-1.4241961192900074,-1.3192249014669548,-1.5272532395737786,0.0824692444233059,0.236547833163913
2021-05-31,-1.396793706055467,-1.4772701552886713,-1.6086446948721962,0.0717936471873147,0.22747505370829826
2021-06-01,-0.6768683012614798,-1.027366973988086,0.3028125333371794,0.0625,0.3565372404443038
2021-06-02,-1.0805610772395908,-1.1772776649872507,0.5856087365047636,0.054409410206007765,0.3315910615572851
2021-06-03,-0.9316238296635106,-0.7993245301147067,1.2435388882093976,0.047366142703449944,0.378142773613484
2021-06-04,-0.46312462248617464,-0.8710060703875718,2.180126591578377,0.04123462221165295,0.4366891852858001
2021-06-05,-0.05248809134188434,-1.071811250855877,2.934636883768471,0.03589682359365736,0.4800477447895438
2021-06-06,1.2196215101210415,-0.5849221397691373,3.212401347322614,0.03125,0.586623844851022
2021-06-07,1.4505822257368828,-0.8943555765623523,3.4673947705520978,0.027204705103003893,0.5885213717911447
2021-06-08,0.6529677853170994,-1.1676202549506924,3.189463329164399,0.02368307135172497,0.5234328024342866
2021-06-09,0.9560426906299008,-1.093678827831866,2.7812658224552456,0.020617311105826482,0.5389676856300479
2021-06-10,-0.07426177924074338,-0.3820545663153333,2.4680150772407137,0.017948411796828663,0.4890897054650263
2021-06-11,0.687783389526363,1.3034224400140406,1.4447716775969,0.015625000000000007,0.5756643002222392
2021-06-12,0.17353608559917194,0.6819141650293024,0.8813996066551071,0.013602352551501933,0.49640250235406136
2021-06-13,-0.1076297531369754,0.10331927326111738,1.1198908955987756,0.01184153567586249,0.46123557971475343
2021-06-14,-0.029067429483910792,0.06051868530139157,1.9265570831166778,0.01030865555291324,0.49134865102545683
2021-06-15,-0.5327844760480521,-0.4084967622585348,1.1421826757180453,0.008974205898414338,0.4118792232447212
2021-06-16,-0.7213622779336444,-0.8291318434202397,0.823731748998518,0.007812500000000002,0.3709916212951977
2021-06-17,0.2964496672165198,-0.26804395097685657,1.1432255630606047,0.0068011762757509715,0.47272250840044844
2021-06-18,0.9394228939422193,-0.0952165204482896,1.5824775957938935,0.005920767837931244,0.537298206279622
2021-06-19,0.0423497210725847,-0.8462405162849881,1.2780870292477886,0.00515432777645662,0.4359393433676926
2021-06-20,0.8447298803979002,-1.2253738038023094,1.8326113184438164,0.004487102949207169,0.49201819292527205
2021-06-21,1.5019774429948032,-0.02334278841714819,2.1562312529545156,0.003906250000000001,0.596619525947423
2021-06-22,0.1357308106930777,-0.8713171989290146,1.038936453461596,0.0034005881378754853,0.43288514076023077
2021-06-23,-1.1444142137609261,-0.5270181557305487,0.20765560749034315,0.0029603839189656215,0.334112540431355
2021-06-24,0.5335077089587118,-0.43226674756429695,0.7273708355413055,0.0025771638882283094,0.4671883352166795
2021-06-25,0.0421173037743202,-0.5106897062554719,0.9697424198715596,0.002243551474603584,0.4391903625412193
2021-06-26,0.019334297412528515,-0.8297558540401578,1.407986346002197,0.001953125,0.438941639525902
2021-06-27,2.1257655711052488,-1.0794609525714174,2.0052864694000365,0.0017002940689377426,0.5888380914735494
2021-06-28,2.8341132467129517,-1.262578761977049,2.6310769990045,0.0014801919594828095,0.6492580301258922
2021-06-29,4.21228691575483,-1.2701491000376803,2.810875384690398,0.0012885819441141558,0.6659662542797271
2021-06-30,0.8469896326426679,-1.3937776623691203,2.062681517189288,0.001121775737301792,0.49231622317770274
2021-07-01,1.5235852521390005,-0.9735284120186211,1.133274143647821,0.0009765625,0.5239309554717515
2021-07-02,-0.7050316829460899,-1.2260434795230613,0.4240727266475724,0.000850147034468872,0.3411760224335559
2021-07-03,-0.42723228531354646,-0.5000677926170979,-0.14641029782256956,0.0007400959797414059,0.37091236075626005
2021-07-04,0.09659280434324292,0.006781592674652593,0.623184502748398,0.0006442909720570772,0.4525915470550819
2021-07-05,0.781726976864687,-0.35306405683563363,1.7356299680210974,0.0005608878686508959,0.5203425948704953
2021-07-06,2.540352465044292,-0.6672854222393376,2.4439681085508647,0.0005608878686508959,0.6481030085416402
2021-07-07,2.555501560121179,-0.7359744907022201,2.182024947668875,0.0006442909720570772,0.6375319754635905
2021-07-08,0.37717899379578756,-1.2383677400928286,1.3398858754734828,0.0007400959797414059,0.4433204873285953
2021-07-09,1.3653151613406362,-1.1604851660474762,0.9785491881169273,0.000850147034468872,0.5004132904964654
2021-07-10,-0.3047257715434272,-1.1699097320961895,0.29235776311334233,0.0009765625,0.365830452871875
2021-07-11,0.07989052899506663,5.0,0.5196046256959124,0.001121775737301792,0.5728144558167969
2021-07-12,1.4300986387711283,-0.20864412531624735,1.5237373422038074,0.0012885819441141558,0.5626309360616424
2021-07-13,0.7124525663981995,-0.19518311663222487,1.3283714524055859,0.0014801919594828095,0.5088652851076458
2021-07-14,0.3856463268379342,-0.2066827068967961,1.6430290168656991,0.0017002940689377426,0.4971206536743597
2021-07-15,1.5271574110859623,-0.17011208357547677,1.700004766039041,0.001953125,0.5766822848747206
2021-07-16,1.2303851150405427,-0.1908741027532811,1.4720028980967736,0.002243551474603584,0.5484758827123991
2021-07-17,0.8780854720215756,-0.1737218771553504,0.8640600944004109,0.0025771638882283094,0.50548919764988
2021-07-18,-0.3995719967511357,-0.2054658315025875,0.3747094169353989,0.0029603839189656215,0.40273516205634124
2021-07-19,0.42633533302288384,-0.17619000137599994,1.1408984424493482,0.0034005881378754853,0.4846211417798518
2021-07-20,1.5360609676502757,-0.1679812690334921,1.4680651623822334,0.003906250000000001,0.5699262878796973
2021-07-21,0.005221465514340774,-0.2014888654507575,0.7803906917214114,0.004487102949207169,0.44363881680693595
2021-07-22,0.13909236291305563,-0.15062716857122752,0.5731424296995336,0.00515432777645662,0.44787458899352217
2021-07-23,0.01434870347244447,-0.1807526315332587,0.6844879637614619,0.005920767837931244,0.44212960121868233
2021-07-24,0.44109637798541446,-0.15715978931191701,0.6189854396555386,0.0068011762757509715,0.4695111250742451
2021-07-25,0.6533526768413301,-0.16194753462794675,1.0535321148529118,0.007812500000000002,0.49809864334168796
2021-07-26,1.0432712214182907,-0.19303851655415163,1.5497341778737714,0.008974205898414338,0.5395120800520176
2021-07-27,1.495710737312552,-0.17765926971800824,1.5461047634998544,0.01030865555291324,0.5703947033655186
2021-07-28,1.0824461596205144,-0.1301168672890195,1.3536738370991024,0.01184153567586249,0.538640232759008
2021-07-29,0.12349554018568422,-0.10091670021746459,0.9583642350360855,0.013602352551501933,0.4630140008872461
2021-07-30,-0.2850389761377922,-0.13790704505990478,0.5769330794297473,0.015625000000000007,0.421826127360976
2021-07-31,-0.8866327808228921,-0.13119742153966243,-0.2298460759000216,0.017948411796828663,0.35545531462051155
2021-08-01,-0.890394332375,-0.15412779540189983,-0.5873789806033356,0.020617311105826482,0.34273168367901696
2021-08-02,-0.10322334378064947,-0.13885012404371871,-0.07202902840650749,0.02368307135172497,0.4134845150020102
2021-08-03,-0.218528443806394,-0.14433435586330667,-0.12453260455899277,0.027204705103003893,0.4043471245320868
2021-08-04,-0.07646533896738844,-0.12971075640226282,0.017059653633166715,0.03125,0.41975385100651874
2021-08-05,0.49129836957004236,-0.12665829954000954,0.6131366905135096,0.03589682359365736,0.4782982087133347
2021-08-06,0.7835490781471771,-0.1541252209468922,0.9476246274935458,0.04123462221165295,0.5085874019185574
2021-08-07,-0.06327412189097338,-0.17025706181238887,0.1432146995171839,0.047366142703449944,0.4255664256878426
2021-08-08,0.3722941805393841,-0.1253666121295065,0.47445512939763707,0.054409410206007765,0.4685725857080519
2021-08-09,0.5926243062505714,-0.12831164274602022,1.0498953010736776,0.0625,0.5035334786714099
2021-08-10,0.964202808834329,-0.16045530443780584,1.4337838901704076,0.0717936471873147,0.5411563929878241
2021-08-11,1.7981257778326913,-0.1723468694722611,1.4684116574370203,0.0824692444233059,0.5990113742055652
2021-08-12,3.86732093758819,-0.0849026646165617,1.8495534596583407,0.09473228540689989,0.6973240137739564
2021-08-13,2.401897987240464,-0.12662280860659553,1.4590423084511472,0.10881882041201553,0.64480814880093
2021-08-14,0.540451181108793,-0.16919313462327107,0.39787052342989154,0.12500000000000003,0.4859927155789463
2021-08-15,-1.1399297600624558,-0.1977498039489007,-0.48188496796505054,0.14358729437462942,0.34624036938865815
2021-08-16,-0.7689755044866067,-0.17657598626793478,-0.1022854919515409,0.16493848884661183,0.3877088905350027
2021-08-17,0.13711140287797488,-0.15650365473011488,0.39402433570228274,0.1894645708137998,0.4691736047235896
2021-08-18,0.29836429390344277,-0.16942904398094039,0.8551556732116325,0.21763764082403103,0.4989822446583494
2021-08-19,1.9995144232154982,-0.138659239984812,1.0145518370646651,0.25,0.6238418877838215
2021-08-20,0.039482769037584846,-0.13418156462527076,0.614334879457244,0.2871745887492588,0.485595303704083
2021-08-21,-0.002402059575602083,-0.13906998052368513,0.19067945208306866,0.3298769776932236,0.47488280856322546
2021-08-22,0.28940496282189615,-0.1259652126410207,-0.024524994165410777,0.37892914162759955,0.49506698510004343
2021-08-23,1.210369223516087,-0.09965268709009638,1.3165591996558272,0.4352752816480621,0.6107156851747221
2021-08-24,1.6135740087977142,-0.12681040204872832,1.784349300332981,0.5,0.6617661438455833
2021-08-25,3.8659902375235125,-0.08159728652577151,1.4401230544094177,0.5743491774985175,0.755756591499851
2021-08-26,2.737740960004347,-0.12487382051241157,1.5241739507426804,0.6597539553864472,0.7520818798116624
2021-08-27,1.3011658404814126,-0.13908676266542216,1.4812129689345575,0.7578582832551991,0.6690016157071335
2021-08-28,0.7152238460647969,-0.05271476926967384,0.43785614687378904,0.8705505632961241,0.615662930408295
2021-08-29,0.3720270962793739,-0.10535592439322956,-0.1294183049595828,1.0,0.591098032736921
2021-08-30,1.2796198566771788,-0.10443645672927232,0.9297153332818233,1.0,0.6869469825241531
2021-08-31,0.18128403236226553,-0.08995056634334103,-0.14055122724992214,1.0,0.5786526209848477
2021-09-01,-0.8449716108649177,-0.12866987042391523,-0.9492626790240175,1.0,0.4816652253738751
2021-09-02,-0.9887787711882511,-0.14197851555464294,-1.4364566778897878,1.0,0.45528375450968017
2021-09-03,-1.2145763505131393,-0.12177336465245413,-1.9520311930129195,1.0,0.42388664667150777
2021-09-04,-1.1584858229381318,-0.15045776078474446,-2.0359135323669713,1.0,0.42363475402586115
2021-09-05,-1.0065552813241978,-0.14928945031435972,-2.0175176886286152,1.0,0.4344253311943347
2021-09-06,-0.6044583804401092,-0.14500568527845778,-1.1433740339915672,0.8705505632961241,0.4711309877787567
2021-09-07,0.45840310791147687,-0.07308338328448899,-0.30273567131911266,0.7578582832551991,0.5561026196682208
2021-09-08,0.042022917125661446,-0.08367164694118973,-0.2660094351064996,0.6597539553864472,0.5144113213235783
2021-09-09,-0.3503401567712277,-0.11023193499308699,-0.9600662510298201,0.5743491774985175,0.4512011605143232
2021-09-10,-0.8070850556811657,-0.05837129677825866,-1.683461901881499,0.5,0.3876467955261116
2021-09-11,-0.4001658941488055,-0.05336263448206852,-1.6799828913142403,0.4352752816480621,0.40539069315672804
2021-09-12,0.7647293292880988,-0.059037342069597765,-0.549040277096456,0.37892914162759955,0.5120600947072315
2021-09-13,2.946339310808038,-0.03120190040790486,0.6043123767411299,0.3298769776932236,0.6897478340822277
2021-09-14,1.5287403147862513,-0.046869198540965516,0.6734867505443161,0.2871745887492588,0.5904888843770758
2021-09-15,0.9093891607526553,-0.09552203584390134,-0.13939106190661002,0.25,0.5144994904931275
2021-09-16,0.23854741383173905,0.0013126752865661028,-0.6611938090685449,0.21763764082403103,0.4515637082137094
2021-09-17,0.6015702605916201,-0.02803467527145674,-0.3078095202544616,0.1894645708137998,0.48209594085005186
2021-09-18,0.31693166873289785,-0.10063348329649326,-0.41699353336647865,0.16493848884661183,0.4527767049929484
2021-09-19,0.4942635701081076,-0.053120622665790644,-0.7967340867521255,0.14358729437462942,0.45071783666058945
2021-09-20,0.0956967666807226,-0.05726548553520076,-0.8714857710326425,0.12500000000000003,0.41869419684699344
2021-09-21,-0.458154975157797,-0.05121292339803047,-1.3457217885308501,0.10881882041201553,0.36378789329200295
2021-09-22,-0.7857471308602998,-0.049529734530392125,-1.4182691475586748,0.09473228540689989,0.3374873235629595
2021-09-23,-0.8478718187099601,-0.02193502085246726,-1.731559652869146,0.0824692444233059,0.32221298445167423
2021-09-24,-1.2039360862341981,-0.12676108162811225,-2.248029111435849,0.0717936471873147,0.2752906258801177
2021-09-25,-1.2254340118711033,-0.11538076704871003,-2.466709655168285,0.0625,0.265648212075954
2021-09-26,-1.0388801872594493,-0.0951056977938394,-2.4263456184411383,0.054409410206007765,0.2790618076908233
2021-09-27,-0.14190664847629583,-0.01640226010935208,-1.2283292768242318,0.047366142703449944,0.3810167414417337
2021-09-28,0.2892031159099596,-0.002724705956203195,-1.273860812506453,0.04123462221165295,0.4078898445606884
2021-09-29,0.3949363339962953,0.03406625017557587,-1.5610909151395878,0.03589682359365736,0.4060966757247977
2021-09-30,-0.448950111065784,-0.018149445511736768,-1.8495716580101367,0.03125,0.33734887709895417
2021-10-01,-0.0795727425711689,-0.009278026637650797,-1.8004763984884817,0.027204705103003893,0.3633733918678545
2021-10-02,-0.04891542977214035,-0.05503275528594242,-2.0391436706098207,0.02368307135172497,0.3550269448940411
2021-10-03,0.33673846257925777,-0.017880728540247786,-1.5400340865540072,0.020617311105826482,0.3984623275968473
2021-10-04,1.0104556642749813,-0.07957609863272412,-0.9605543417943433,0.017948411796828663,0.4597218238850148
2021-10-05,0.9548569807107594,-0.0628472080824566,-1.1719915105500853,0.020617311105826482,0.45006471135815274
2021-10-06,0.881019037700436,-0.024432795133563973,-1.2753395614991418,0.02368307135172497,0.4437577113689179
2021-10-07,1.3108912317693022,-0.035150671148066706,-1.1903782764727167,0.027204705103003893,0.47532956736981075
2021-10-08,0.3999186228097887,-0.0452365462030345,-1.2179226145822553,0.03125,0.4138664649427843
2021-10-09,-0.21252120026892002,2.601635874041597,-1.5588174504813015,0.03589682359365736,0.4726573565901438
2021-10-10,0.33166242563049575,2.825768596413332,-1.564698719702172,0.04123462221165295,0.5188797559009307
2021-10-11,0.9536189646539599,1.5080655887741707,-1.182453059791547,0.047366142703449944,0.519100483254987
2021-10-12,0.6250031704696903,2.0881203079399016,-1.3172712825809496,0.054409410206007765,0.5179242596403448
2021-10-13,1.5442960204458613,1.751478554420383,-1.2638049331868237,0.0625,0.568179510024346
2021-10-14,0.9216755553862268,1.4230904572681413,-0.9259289369255771,0.0717936471873147,0.5256452219258323
2021-10-15,0.8483056250847403,2.1331025946652336,-0.9234558488198151,0.0824692444233059,0.5520215081528695
2021-10-16,-0.18206533355984375,1.673179934045476,-1.3272502237057935,0.09473228540689989,0.45254631036874715
2021-10-17,-0.39364405248458567,-0.44978361461821637,-2.0124109987475625,0.10881882041201553,0.3292585356621522
2021-10-18,0.18650650556944576,2.1694638289494126,-1.5529015669140946,0.12500000000000003,0.49481470768038543
2021-10-19,-0.21976826647292425,1.4251909454127707,-1.4926076900322083,0.14358729437462942,0.441516242782458
2021-10-20,-0.35331483759868404,1.0171178629351283,-1.406164254869164,0.16493848884661183,0.42169421994707107
2021-10-21,-0.1743536401049748,0.9698636945270246,-1.386037112050201,0.1894645708137998,0.436005859818691
2021-10-22,-0.29419944195657594,0.6151596331944561,-1.4731254892715173,0.21763764082403103,0.41455981840055134
2021-10-23,-0.15506445662354823,1.0557422862705512,-1.6257612321021016,0.25,0.4419595904162997
2021-10-24,-0.3580378848165604,0.4553313679281258,-1.5744497136428324,0.2871745887492588,0.4106974792001956
2021-10-25,0.22407505141802345,1.6207505438201117,-1.1431947230907953,0.3298769776932236,0.5188446653046633
2021-10-26,0.15722991970892464,0.6046010036192789,-1.2089610846547354,0.37892914162759955,0.4772143715537137
2021-10-27,0.8867103429740543,1.5744969072065467,-1.1933179248658168,0.4352752816480621,0.5752320887502251
2021-10-28,0.25563485613924364,1.422357778280691,-1.2101196103431806,0.5,0.5359699108262056
2021-10-29,-0.0923151087476439,1.7609473502682882,-1.239218773984348,0.5743491774985175,0.5370635498366352
2021-10-30,0.07408888469696118,0.788940261373078,-1.3715913637463064,0.6597539553864472,0.5160551510534326
2021-10-31,-0.4490318053685222,0.31296105979491,-1.625852918014797,0.7578582832551991,0.4675882356880064
2021-11-01,0.5198364132710157,0.9490839422270165,-1.046655969164903,0.8705505632961241,0.5948949773331152
2021-11-02,0.8413826958035286,1.0742371893689573,-0.8064164950128588,1.0,0.6489715127768465
2021-11-03,1.9093286245239387,-0.5588940018893961,-0.5827913135992021,1.0,0.6595749477695644
2021-11-04,2.7409682424741844,0.658199433138506,-0.46101999565198987,1.0,0.7697888593573171
2021-11-05,4.3981960857966,3.071483008792517,-0.3531745615687302,1.0,0.8882275146143758
2021-11-06,0.8554534048293683,1.232495287646403,-0.8129250289172248,1.0,0.6562866963433172
2021-11-07,-0.29422360239701306,2.5470165893307297,-1.0735594543982159,1.0,0.625725469249039
2021-11-08,0.5869159754927507,4.8118041090052115,-0.7186251465754274,1.0,0.7151735601470025
2021-11-09,0.18214946303510932,0.4055592051334522,-0.8607647870551263,1.0,0.5753494381810635
2021-11-10,0.7554121008659392,0.19501261658421812,-0.8726557208635786,1.0,0.6043978083866192
2021-11-11,0.014959408862761155,5.0,-0.8112400843420302,1.0,0.6739559577794497
2021-11-12,0.23806602722108108,2.5758138737752203,-0.8503721361866564,1.0,0.6698509086824844
2021-11-13,0.014434413787836785,2.5263389254167863,-0.7886364792829332,1.0,0.6549385335021242
2021-11-14,0.2541136600361291,3.699391411821884,-0.5822731598752241,1.0,0.6975318053399012
2021-11-15,0.43252438967970386,1.1138886102451142,-0.12265527903679432,1.0,0.6461584754376335
2021-11-16,0.9155671556462169,1.569197860005575,-0.1720316893866866,1.0,0.6956866648970906
2021-11-17,0.1845916294573109,5.0,-0.37853146499178053,1.0,0.6996883931307614
2021-11-18,0.1490908785555685,1.0021371208839303,-0.45222690804766247,1.0,0.6116208750056129
2021-11-19,1.1733030578402954,1.2783223530349241,-0.1845772447267835,1.0,0.7003310604082488
2021-11-20,0.8571802235739876,2.110803260981954,-0.2193056959025625,1.0,0.7127852942490952
2021-11-21,-0.2626728130048052,0.638912358541472,-0.6359179172368812,1.0,0.5629125634976784
2021-11-22,0.9894300935978807,1.0953327754833937,0.07756260753599897,0.8705505632961241,0.6697688766306187
2021-11-23,1.9918678589424494,0.7988807916173551,0.389069349816959,0.7578582832551991,0.7177256110623984
2021-11-24,1.9198656400387317,4.361936718295924,0.4347382664608607,0.6597539553864472,0.7914454115259113
2021-11-25,-0.6828887005425228,2.2392682164386764,-0.15185813947103788,0.5743491774985175,0.5538673676245197
2021-11-26,-0.10343740759766325,-0.23040263981646097,-0.1386783047496262,0.5,0.47888145267614907
2021-11-27,-0.022283955394570547,0.5555718435843199,-0.19711113377218178,0.4352752816480621,0.5053841509111785
2021-11-28,-0.5102389955863629,0.811806033366535,-0.2815844091009533,0.37892914162759955,0.47226254262528955
2021-11-29,0.7885033488888966,-0.14289407831812437,0.740580119119168,0.3298769776932236,0.5457805206206271
2021-11-30,-0.3435597453661845,0.8014110042878207,0.6779373268830868,0.2871745887492588,0.5011622413627386
2021-12-01,0.7296944144580578,1.375034390308504,0.41155707202527714,0.3298769776932236,0.5941395096148843
2021-12-02,-0.8677439405641459,0.18840543369705426,0.04066753209654971,0.37892914162759955,0.4331955860137925
2021-12-03,-0.7835636363413694,-0.6198130272810788,-0.27368666066779945,0.4352752816480621,0.4031052849988131
2021-12-04,-1.0020842860986412,-0.3793485069431101,-0.38149403538037124,0.5,0.4046717252914487
2021-12-05,-1.548388266724591,0.5630045932012598,-0.3879718697025096,0.5743491774985175,0.41845262123644045
2021-12-06,-0.8130526903885886,2.689265948813319,0.32693302004856223,0.6597539553864472,0.5927100958175682
2021-12-07,-0.11711785778294248,0.06800682024940605,1.2093835181164307,0.7578582832551991,0.5740172867503566
2021-12-08,2.143729392248349,0.4094238159286116,1.1469731504787206,0.8705505632961241,0.7537896413239581
2021-12-09,1.9219506087228573,1.61296552879681,1.2359932806949543,1.0,0.8115367136378895
2021-12-10,0.550283321691891,-0.4000919647539915,0.7906646455073405,1.0,0.6213705444316212
2021-12-11,-1.7673866603467445,3.7566473860079417,-0.22415745141224888,1.0,0.5747023075964753
2021-12-12,-1.3146518486708665,0.5294551710712615,0.022180282320252126,1.0,0.51015651829392
2021-12-13,0.005464202643063121,1.8878969974835995,1.1134340327534227,1.0,0.6911411228298016
2021-12-14,0.19494354109571485,-0.21005238736309148,0.9979437999285721,1.0,0.6125088465972046
2021-12-15,-0.03843849530438865,1.7581413270947384,0.421342485693923,1.0,0.6597380717984523
2021-12-16,-1.5027077208223567,0.7937573946874569,0.014349829067862667,1.0,0.508371037692749
2021-12-17,-1.1992201229851254,-0.4187823770368158,-0.055908337562042415,1.0,0.4757391148390563
2021-12-18,-1.4757676957008836,-1.1790826072450136,-0.286194838183086,1.0,0.417947217045296
2021-12-19,-0.9424464277033945,-1.1770167452411024,0.8341309227465799,0.8705505632961241,0.4715148223540324
2021-12-20,0.5493714593679944,0.23323230667418735,2.098381406893878,0.7578582832551991,0.6549675661207
2021-12-21,0.051272996489503335,-0.8547404014190808,1.9705512657552953,0.6597539553864472,0.5574521518733154
2021-12-22,-0.8417628754696532,-0.5114008337278485,1.5492520447748288,0.5743491774985175,0.4853682183473013
2021-12-23,-0.6574915281308226,-0.4432434251669636,1.5009492300681815,0.5,0.48773039641159444
2021-12-24,-1.7012151156403168,-0.2586474039271251,0.8850333573979585,0.4352752816480621,0.3956010879541566
2021-12-25,-2.12938666255759,-1.1944473225082293,-1.4345344420271156,0.37892914162759955,0.2422938072348872
2021-12-26,-2.0138693102691616,-1.2012304902331712,-1.0992846221109012,0.3298769776932236,0.25352950147262726
2021-12-27,-1.7647376463877191,-0.7893679721427957,0.3570265426936497,0.2871745887492588,0.32943756447037936
2021-12-28,-1.7687674126119288,-1.2451986833645843,0.29562789250764315,0.25,0.3025531571026018
2021-12-29,-1.6198342711364748,-1.012028925898084,-0.009879802973038622,0.21763764082403103,0.30715949603631826
2021-12-30,-1.6576477771943992,-0.7838374729286796,-0.3401321635564563,0.1894645708137998,0.29891220031853316
2021-12-31,-1.7479245422342873,-0.9413199371118721,-0.6599151641344531,0.16493848884661183,0.27199363432722956
2022-01-01,-1.859998659420947,-1.2429941414151857,-1.4122745724932881,0.14358729437462942,0.22367094188605557
2022-01-02,-1.4686923512405266,-0.9419847887820918,-0.37866053270143196,0.12500000000000003,0.29396579262799666
2022-01-03,-0.3381143664271924,-0.7270002453703998,2.327413295313813,0.10881882041201553,0.46607063158668327
2022-01-04,0.2124053925205105,0.050484056641980066,2.3549534644013557,0.09473228540689989,0.5339721534858634
2022-01-05,-0.12176136366315687,1.7167302764840557,1.8377054078603436,0.0824692444233059,0.5620402375347993
2022-01-06,-0.4261092376058168,-0.8830075852594104,2.076703461195398,0.0717936471873147,0.439793230558414
2022-01-07,2.116970866167975,-0.6533056714368535,2.7305797867730472,0.0625,0.6393046476604312
2022-01-08,0.9555906037867123,0.6992601106768399,2.4625207386310337,0.054409410206007765,0.6080873143492513
2022-01-09,-0.24281235625966197,0.3991671931834396,1.2703532634176475,0.047366142703449944,0.4748945061514383
2022-01-10,0.7538873050510551,-0.7583282832610152,2.2449820888676117,0.04123462221165295,0.5246800714948631
2022-01-11,2.5254430212465184,0.7242399367522158,2.6615310908626575,0.03589682359365736,0.7176417586822474
2022-01-12,1.2547295568718009,1.1041818486426331,2.329254604077195,0.03125,0.6369855342874696
2022-01-13,-0.4517334168865537,-0.9621121006850347,1.0835566209700382,0.027204705103003893,0.39499569447680516
2022-01-14,0.3767672337300386,-0.7795827580869034,0.9310649127218243,0.02368307135172497,0.4522231584552011
2022-01-15,1.83302196691783,0.8251480029938201,1.5478183258995135,0.020617311105826482,0.6362691721151222
2022-01-16,0.8623678234984455,0.6156523505658691,1.625761247563346,0.017948411796828663,0.5650276728617768
2022-01-17,0.9856050662199903,0.41373543581998257,1.6549922517048332,0.015625000000000007,0.5654561392973264
2022-01-18,0.9282032405210011,0.44071407365087617,1.4403381129370445,0.013602352551501933,0.5552949257508134
2022-01-19,0.25551667635352193,0.8613651864090294,1.272833464441184,0.01184153567586249,0.5221286736900299
2022-01-20,0.8526590029488499,-0.8896837032259938,1.7640994674796204,0.01030865555291324,0.5051233931444313
2022-01-21,2.4372528816745302,2.2078617132899994,2.398693018146611,0.008974205898414338,0.7607803283217012
2022-01-22,2.165876071908902,2.345660594328207,2.0127423264602635,0.007812500000000002,0.7353908821062776
2022-01-23,0.5176580454175935,0.7213282696198241,1.1426185764324353,0.0068011762757509715,0.5286733432511095
2022-01-24,1.2125209847452536,0.5576213899640368,1.452808817319122,0.0068011762757509715,0.5785160939168519
2022-01-25,-0.24949262287648338,-0.6049721419142795,1.1630723884724683,0.007812500000000002,0.42310094051088837
2022-01-26,1.3539010513513001,-0.7220590841970216,2.0091805750037,0.008974205898414338,0.5534930916334296
2022-01-27,1.8803338739582045,2.530212738025354,2.521609642800879,0.01030865555291324,0.7413810754412363
2022-01-28,0.3145685401180408,-0.9564097358203343,1.20305121111146,0.01184153567586249,0.44799876773711683
2022-01-29,2.338382235542388,0.25113339116853384,1.6119407453497603,0.013602352551501933,0.6471277513958988
2022-01-30,2.4307307799754754,2.306874711420956,1.5401707261747164,0.015625000000000007,0.7368512725133954
2022-01-31,1.5373147123987925,-0.36969284914703776,0.8673054893793065,0.017948411796828663,0.5436862235276274
2022-02-01,1.3559565614999372,4.412687713718386,1.3595468974075742,0.020617311105826482,0.6888079306794556
2022-02-02,-0.06061981459538371,-0.691840605902936,0.7406589653606792,0.02368307135172497,0.42037307999580015
2022-02-03,-0.4695321126242429,-1.1042521505925413,0.13437061724548544,0.027204705103003893,0.35624707922399473
2022-02-04,-0.33397227717703565,-1.1525827430967843,0.3996270426077251,0.03125,0.3727193019794225
2022-02-05,1.0560722727288612,-0.46668765585887095,0.6679904913058754,0.03589682359365736,0.5036103724370489
2022-02-06,0.7629983231641779,0.6018416824987366,0.7020938692741719,0.04123462221165295,0.5305316139559462
2022-02-07,0.5304347138893389,-0.7440766822477064,0.8203394743597323,0.047366142703449944,0.46380868971647676
2022-02-08,0.18537475767653355,-0.6504344807040359,0.8144125552243554,0.054409410206007765,0.4455653771874804
2022-02-09,-0.35267220016917294,-0.535270050411396,0.6886715060626655,0.0625,0.41151631809033584
2022-02-10,-0.9621644902437161,-0.7119003268130577,-0.14543865593580602,0.0717936471873147,0.33711427891344525
2022-02-11,-1.0824499706774255,-0.07493679309746695,0.025765564244646235,0.0824692444233059,0.36294354104742793
2022-02-12,-1.197365229969967,-0.9821212613579723,-1.1810947583484965,0.09473228540689989,0.27909394964483847
2022-02-13,-0.4929084364327441,-1.0584682910128433,0.059891223326000206,0.10881882041201553,0.36635578928495094
2022-02-14,0.7963792298563309,-0.5902808392971355,1.2389979426383513,0.12500000000000003,0.5135468451076531
2022-02-15,1.5097252438878213,-0.03051956854225408,1.7737904418000816,0.14358729437462942,0.605041143119458
2022-02-16,0.7204742955617034,1.94571863377138,0.45199070653300194,0.16493848884661183,0.5939103596560129
2022-02-17,-1.1651461741786662,-0.43811898477805467,-0.8190771483264219,0.1894645708137998,0.3301857447001926
2022-02-18,-1.000529790116431,-0.5396949033732076,-0.30316278789435175,0.21763764082403103,0.3583509462121472
2022-02-19,-0.49387739877952563,-0.10128257571685015,-0.2648235000968503,0.25,0.41652728275660117
2022-02-20,0.34533132960552987,2.217314725342041,-0.1099845555924142,0.2871745887492588,0.5798202386555954
2022-02-21,-0.7459140122449875,-0.619626116129514,-0.48197291070520687,0.3298769776932236,0.3828704273087477
2022-02-22,-1.1130051350910317,-0.542054220123326,-1.1769891289884107,0.37892914162759955,0.3458204654333189
2022-02-23,-0.5830418834371227,-0.20670377417130775,-0.8869222560932888,0.4352752816480621,0.4132451008911537
2022-02-24,-0.17142976801560897,-0.23302225550305272,0.19229687405039372,0.5,0.4852719839546787
2022-02-25,0.08419801421225977,-0.6562165629882492,0.08245366242890378,0.5743491774985175,0.49217167619538144
2022-02-26,-0.6393909440507903,-0.85442330811112,-0.5264694071436515,0.6597539553864472,0.4281870789618294
2022-02-27,-0.8847710161999072,-0.8305365598354996,-0.8156839381343773,0.7578582832551991,0.41789885347732764
2022-02-28,-0.998295371850729,-0.9199505013986926,-1.2045522575673537,0.8705505632961241,0.41054654689384606
2022-03-01,-0.26482800283357666,-0.6278663498944725,-0.35610850378799774,1.0,0.5193134184392253
2022-03-02,-0.8593663269934751,-0.6916950209279629,-0.9690623610267288,1.0,0.4565862069608789
2022-03-03,-0.5525251729786849,-0.7504603344877543,-0.9221658354778152,1.0,0.4761569466818375
2022-03-04,0.9043683723905445,-0.8913612515989675,-0.058086754082256165,1.0,0.5962149475400041
2022-03-05,-1.0030206353836963,-0.6285638699386453,-1.0085822355516367,1.0,0.4483223885419222
2022-03-06,-1.039231578283564,-0.38037545658373223,-2.305061694981795,1.0,0.41303352759071377
2022-03-07,-0.6006738115571884,-0.6310719979740835,-1.271679799615567,1.0,0.46627108599341505
2022-03-08,-0.4689353122669507,-0.38738671829767785,-1.1482635562270629,1.0,0.48932108071223124
2022-03-09,-0.5513282085113587,-0.49446525954726506,-0.7140491895779076,1.0,0.49384042729884314
2022-03-10,-0.5287890446767712,-0.38819108866202207,-0.3938904177940841,1.0,0.5104430877341615
2022-03-11,-0.3504996213787489,-0.43663595278654777,-0.5862718220212302,1.0,0.5138977998079363
2022-03-12,0.35212970922010095,-0.5414458041350614,0.2607637059697699,1.0,0.5846071956413715
2022-03-13,0.6555063758613366,0.5895612203848227,0.418141310949052,1.0,0.6572035196050918
2022-03-14,0.18178245168682372,-0.566511733552608,-0.07873843156902527,1.0,0.5608895601621288
2022-03-15,-0.3845518807977874,-0.726403862474149,-0.9916399919880897,1.0,0.48604171394412166
2022-03-16,-0.8624240465298447,-0.42550372660264923,-1.4531860384834026,1.0,0.45133620700678656
2022-03-17,-0.9509792104954017,-0.6575418512263335,-1.848152049422861,1.0,0.42259874051844726
2022-03-18,-0.9601084171734635,-0.4358626892936969,-1.8940570515597925,1.0,0.42969659174920527
2022-03-19,-1.0717229057862168,-0.48793268009965235,-2.148205260780763,1.0,0.411614435917408
2022-03-20,-1.0174580276809948,-0.401968152489103,-2.205249431321944,1.0,0.4169124774234896
2022-03-21,-0.5079239480450053,-0.12010863049255825,-1.2407323617056794,1.0,0.49477613180295377
2022-03-22,-0.8137944499395768,1.1106806008927232,-1.6124303913029132,1.0,0.513277715331128
2022-03-23,-0.926067269123646,0.10235126560904649,-1.426141905809574,1.0,0.46998875459848144
2022-03-24,-0.8988998667095631,-0.44031415245725164,-1.3431215655970106,1.0,0.4519562003470766
2022-03-25,-0.8391201635517032,-0.47500723724360444,-1.316725869773408,1.0,0.45537582521895603
2022-03-26,-0.5944949014439194,0.16808267635935475,-1.4960860406701493,1.0,0.49250091672970686
2022-03-27,-0.31420451767482727,0.06776756360380722,-1.022926260104704,1.0,0.5227791386350134
2022-03-28,1.1834709930093854,-0.7507034499596698,0.26999548437391957,1.0,0.6316186052647701
2022-03-29,1.353872486276691,0.010040595181634086,0.47103268849073054,1.0,0.6813776135007052
2022-03-30,0.9376983929782221,0.6226248766324992,-0.46898314310277933,1.0,0.6478231579548096
2022-03-31,-0.9608174595802668,-0.4270873575813648,-1.3888560142793578,1.0,0.4468549956527801
2022-04-01,-0.6661110287257385,-0.7403377699130411,-1.4713238057352194,1.0,0.4507010641474001
2022-04-02,-0.33339675189829887,-0.9054403655992079,-1.4652917626732722,0.8705505632961241,0.44678639371212264
2022-04-03,-0.6359863723673003,-0.5807688618478957,-1.8863324835580517,0.7578582832551991,0.4092031989681958
2022-04-04,0.11437707726633495,0.37064747662800024,-0.8797606276759358,0.6597539553864472,0.5177065223960249
2022-04-05,-0.07604109007965994,0.014098280273223292,-1.2234392355467048,0.5743491774985175,0.46588909111262783
2022-04-06,-0.343531680850987,2.198830826644813,-1.395373976419304,0.5,0.5222033731728246
2022-04-07,-0.271813455004205,2.440083917494368,-1.2080261542125137,0.4352752816480621,0.5335730200021105
2022-04-08,-0.06970110718596864,0.46207235100972105,-1.1500804151274773,0.37892914162759955,0.45810963155289786
2022-04-09,-0.19479503206771134,-0.4281898335173603,-1.4573467588816928,0.3298769776932236,0.395075742823523
2022-04-10,0.10307346270412064,2.8332965265603285,-1.5609004358666136,0.37892914162759955,0.5547349428355413
2022-04-11,0.2747245397157181,0.48651038199073693,-0.9369665432996138,0.4352752816480621,0.4976453093678841
2022-04-12,-0.10542729373183436,-0.21698907102267984,-1.4167953891962068,0.5,0.4367037894853925
2022-04-13,-0.1154867445309075,0.20397070857649074,-1.1959865847311624,0.5743491774985175,0.47208582035569885
2022-04-14,-0.03317342970012053,0.006832208909211457,-1.0981403261078837,0.6597539553864472,0.4854315291622468
2022-04-15,0.013149484348707842,-0.6441834789401532,-1.3905349390529878,0.7578582832551991,0.4663632318539211
2022-04-16,-0.29298050775105366,-0.7003872931937956,-1.8642524578397583,0.8705505632961241,0.44472599816661496
2022-04-17,0.05495219896478469,-0.768540910557519,-1.858336942603749,1.0,0.4846963772376307
2022-04-18,0.3482422054512746,-0.6240957530468766,-0.4153118754552708,1.0,0.5583684281379561
2022-04-19,0.9482728261637039,-0.3656497886154626,-0.39991261201481143,1.0,0.6096523601514423
2022-04-20,1.1882289607707603,-0.22650926965492807,-0.4256065891217781,1.0,0.6305904915117028
2022-04-21,0.04064660745236379,-0.22889935211108262,-1.1687514377924606,1.0,0.5292139195657805
2022-04-22,0.3230925967233218,-0.17379986592709026,-1.2945518907276692,1.0,0.5461461156770038
2022-04-23,-0.6094375046252297,0.9794626139288651,-1.3810494020318713,1.0,0.5291467952042918
2022-04-24,0.05825489436220789,1.4188173775872879,-1.0812963816564096,1.0,0.6019578376350706
2022-04-25,0.2321662889404933,0.18412284076658858,-0.8201911229534424,1.0,0.570809833529526
2022-04-26,0.007287249760028445,-0.2023924225779932,-0.8755379833162411,1.0,0.5378681995993775
2022-04-27,0.4180265619226193,-0.29356578421034946,-1.1208157417427747,1.0,0.5532760050613176
2022-04-28,0.501963290482195,0.16091715384702315,-0.6438836556323129,1.0,0.5937063122546952
2022-04-29,0.11620587795891221,0.4530599461504122,-0.8757296057902456,1.0,0.5724335694271865
2022-04-30,-0.44297664085525035,3.080566484854012,-1.486392721417441,1.0,0.6209217998957353
2022-05-01,-0.3586874037831446,3.9083495277138187,-1.656513217268751,1.0,0.6208703991721654
2022-05-02,0.8910523265918956,-0.32641142070239765,-1.0995410111814519,1.0,0.5841516455374781
2022-05-03,1.2700278330738075,0.17421327633177705,-0.8238176753063841,1.0,0.6394668195418651
2022-05-04,1.1032176370146085,-0.27683984043200904,-0.8216163820621768,1.0,0.6096256363809011
2022-05-05,0.9811486747831714,-0.5354079350460416,-0.8180271601638215,1.0,0.590833675686499
2022-05-06,0.44368208066193376,-0.614962556155446,-0.8882295099334068,0.8705505632961241,0.5299302997009572
2022-05-07,-0.39582667026004553,-0.764692698630139,-1.176213032034281,0.7578582832551991,0.44122100096021166
2022-05-08,-0.31639783509085184,-0.5202119259739437,-1.5039284832322863,0.6597539553864472,0.4310634579452532
2022-05-09,0.13333603676413155,0.49521718451033814,-0.8381453635258118,0.5743491774985175,0.5127373163127901
2022-05-10,0.995082772935587,-0.2277876925084279,0.08582808494233657,0.6597539553864472,0.583671727147233
2022-05-11,1.0224824725714914,-0.29106190266748155,0.6876998644686316,0.7578582832551991,0.617639990197522
2022-05-12,2.3067937183148244,-0.18914368515637936,0.9178657764068252,0.8705505632961241,0.7320833713807853
2022-05-13,2.109680316587082,-0.1792025353304336,0.8041372741439525,1.0,0.7349831579385026
2022-05-14,1.1670701100474663,-0.370013354263073,0.24675036157580854,1.0,0.6456124629613966
2022-05-15,1.052305373262646,-0.21624833075145503,0.37429207894391303,1.0,0.6486197470676629
2022-05-16,0.8303661555096085,0.30233772691544225,0.5919382055736742,0.8705505632961241,0.6432690070023251
2022-05-17,0.8877939252223116,-0.06164450674993721,0.15011062640924608,0.7578582832551991,0.6003001706021615
2022-05-18,1.347694524333531,-0.45242156093112423,-0.28024783350934424,0.6597539553864472,0.5856169021077609
2022-05-19,3.2050455150886177,0.0009127132942467232,1.1144049524049928,0.5743491774985175,0.7483372380922043
2022-05-20,4.913450455535848,0.5641377328372328,2.4432830355525152,0.5,0.8049485067199685
2022-05-21,2.5174937416766725,0.7194344998408824,2.416168165492367,0.4352752816480621,0.7686395847021031
2022-05-22,2.0520360504612576,1.581874287004557,1.382197642836987,0.37892914162759955,0.7306264579946465
2022-05-23,0.6440385433470484,-0.20665689817977453,0.40701094850511665,0.3298769776932236,0.5223737770698
2022-05-24,-0.377854464593692,-0.7701506590801369,-0.6429971331656055,0.2871745887492588,0.3893630421056168
2022-05-25,-0.14443590122085545,0.8033165536235372,0.1406968213671188,0.25,0.49103235703182757
2022-05-26,0.18056532579204773,0.07985963558877449,0.23225354296967918,0.21763764082403103,0.48075260409159615
2022-05-27,0.309290617130372,-0.2740287489438149,0.02988381584252066,0.1894645708137998,0.4636173227528532
2022-05-28,-0.07106810091145081,-0.15291519903243528,-0.5966954338881141,0.16493848884661183,0.41874158551027313
2022-05-29,0.6958356202537769,3.2267841299176006,0.7889337143186813,0.14358729437462942,0.6442249259837357
2022-05-30,1.4557502669739621,3.1497076712075205,3.138956226461312,0.12500000000000003,0.7658000177982642
2022-05-31,0.2712964202507773,-0.5385099162136752,2.2762267780884216,0.14358729437462942,0.5180608349336239
2022-06-01,1.6325694860710898,-0.3685070517296036,3.571138470241629,0.16493848884661183,0.6432242785763309
2022-06-02,0.42116552502152915,-0.7542677234972063,2.1955378656711746,0.1894645708137998,0.5232541610001609
2022-06-03,0.2225144493658152,-0.5469573956392667,1.1969002450905444,0.21763764082403103,0.48958672609937437
2022-06-04,-0.15524424638479903,-0.8605258093870467,0.3956847461530552,0.25,0.4294846330549883
2022-06-05,0.13847722139884813,-0.8614497455590897,0.4166224398470528,0.2871745887492588,0.45530167833558505
2022-06-06,0.8561993751638333,-0.4968965393501021,1.4312865366581722,0.3298769776932236,0.5585670337472572
2022-06-07,0.7065988316584608,-0.651701181406542,0.995686425928848,0.37892914162759955,0.534981291660393
2022-06-08,1.2531318441105517,-0.6904822748142881,2.1059963195396842,0.4352752816480621,0.6152631977219736
2022-06-09,0.45960729078356044,-0.8157846121216239,1.1996954321167106,0.5,0.5366393082843933
2022-06-10,0.1973352322890483,-0.8171018043469809,0.699267646296609,0.5743491774985175,0.5135710718061437
2022-06-11,-0.07184743876970516,-0.8508302526791144,-0.12879487656091268,0.6597539553864472,0.4794288409763266
2022-06-12,0.7285026981797996,-0.5909323409440909,0.8251641044155702,0.7578582832551991,0.5901288783081151
2022-06-13,2.1677307120783813,-0.4846403123554327,3.878303103167043,0.8705505632961241,0.7799046189515011
2022-06-14,4.0971805139495885,0.055131003175357,3.1561061666797916,1.0,0.8772971251323066
2022-06-15,5.0,0.2957771994427561,3.6151840504065587,1.0,0.8873240499767815
2022-06-16,3.4584968784275465,0.008606220089409351,2.760441767240021,1.0,0.8673733180783928
2022-06-17,1.370514391019044,-0.5048800440343592,2.7677409222049625,0.8705505632961241,0.7181715728010887
2022-06-18,0.10571573550268769,-0.5350898286687682,1.5911987548405246,0.7578582832551991,0.5764710071552779
2022-06-19,-0.7585968536578509,-0.5118860509567625,-0.42816611492091766,0.6597539553864472,0.43778918044354803
2022-06-20,0.46215193154227274,-0.2381908603205416,0.9333132668268835,0.5743491774985175,0.5631483284418027
2022-06-21,1.9652979399850157,0.054407049908122056,2.276060782196749,0.5,0.7091555158183978
2022-06-22,1.613966972110198,0.36555961928494873,2.128246356657149,0.4352752816480621,0.6840622864133337
2022-06-23,0.21120173860989241,-0.04412279579164488,1.0686610164504886,0.37892914162759955,0.5297030712084971
2022-06-24,0.6254121948644551,-0.43566913448001215,1.7356646961390483,0.3298769776932236,0.5558783022462483
2022-06-25,0.8488015511893443,-0.4205516343736203,1.4909153211151975,0.2871745887492588,0.5568371509966175
2022-06-26,0.16977032233799674,-0.5037670327105092,1.4780364860748525,0.25,0.502095611328757
2022-06-27,-0.04079116853685014,-0.5912330371781778,1.020983149656907,0.21763764082403103,0.4643242966606208
2022-06-28,-0.06015501345973927,-0.4187758303129393,0.9816347945488265,0.1894645708137998,0.46468151828000914
2022-06-29,0.6831456254812622,-0.5326229097624361,1.7314998029783015,0.1894645708137998,0.534486766179996
2022-06-30,-0.24682971695493788,-0.4117721681042814,1.0854175604732905,0.21763764082403103,0.4602137433380401
2022-07-01,1.4353890089177657,-0.9171600547963172,2.1182134371610815,0.25,0.5905847128833739
2022-07-02,0.18226880781414898,-0.898889362114886,1.4745922521933001,0.2871745887492588,0.49192679381832183
2022-07-03,-0.0684486926779321,-0.712322929030585,1.1454784050554756,0.3298769776932236,0.47842079193436293
2022-07-04,0.030058265660486454,-0.63169615919734,1.132059476395334,0.37892914162759955,0.49525789820146104
2022-07-05,0.9802765651829827,-0.44267638576562734,1.7233151138746132,0.4352752816480621,0.5946420509816608
2022-07-06,1.1037554640522877,-0.6024681966534889,1.6089713857856411,0.5,0.6021132356024452
2022-07-07,0.7251840806234289,-0.16769168537251958,1.5048879347499793,0.5743491774985175,0.6026737596008173
2022-07-08,-0.18153344229007654,-0.38350676711375903,1.120351793918647,0.6597539553864472,0.5332264749895103
2022-07-09,-0.7119620588196359,-0.4477884495435001,0.46097128884577915,0.7578582832551991,0.4879224627975176
2022-07-10,-0.6115973463552681,-0.0972546784502136,0.4869891412141018,0.8705505632961241,0.5269901211757786
2022-07-11,0.3458944547190343,0.1022933657994857,1.5255985410776651,1.0,0.6531751385921697
2022-07-12,0.5684578051822073,-0.3087527552233252,1.9345091362788003,1.0,0.664516126753802
2022-07-13,0.6404251834872685,-0.7668301457274223,1.6352328675951813,1.0,0.6402515184136814
2022-07-14,0.5410115593094008,-0.8442343077310828,1.4514391378987896,1.0,0.6242723123951246
2022-07-15,-0.10749201004161728,-0.8248390814849196,0.9703421220292672,0.8705505632961241,0.546392892830748
2022-07-16,-0.4014025633726985,-0.6634154578776141,0.46358048907516686,0.7578582832551991,0.49972894382103833
2022-07-17,0.054991796970798486,-0.7261990708909838,0.362942278697383,0.8705505632961241,0.5410884856285937
2022-07-18,0.5893906066087755,-0.8145633417456367,1.5144817790190357,1.0,0.6308352938351514
2022-07-19,1.815090617520236,-0.8872940263592449,2.007371270395962,1.0,0.7259478324162459
2022-07-20,2.8036721461376377,-0.7391402097477837,2.2648667781020415,1.0,0.806609526939753
2022-07-21,3.077772994185281,-0.7145063836839478,2.072938805322091,1.0,0.8143268608572386
2022-07-22,3.267670696412931,-0.7275365062715665,1.9649516989727842,1.0,0.8101843688711109
2022-07-23,2.2413193908768987,-0.4891058253466699,1.3442275161798962,1.0,0.7488494672083452
2022-07-24,3.1449343617448253,0.02849040492890887,1.6101190639540843,1.0,0.8298577356705074
2022-07-25,2.3431756365677607,-0.2033200313986305,1.2009011170500747,1.0,0.762770078364577
2022-07-26,0.23547125404747704,-0.6497704679324438,0.5044525352241205,0.8705505632961241,0.5610219831078693
2022-07-27,0.6920713300704009,-0.6842639919037411,0.9275580252818764,0.7578582832551991,0.5872244323397133
2022-07-28,2.0129835776722613,-0.43316987324276324,1.4261346577948695,0.6597539553864472,0.687651075694165
2022-07-29,0.48328056657458807,-0.7164331494722432,0.6818945478782058,0.5743491774985175,0.5362495180976802
2022-07-30,-0.18366612451717285,-0.6977195292848557,0.3761570809645523,0.6597539553864472,0.4951856073187717
2022-07-31,-0.8365366955965455,-0.851070349356524,-0.2352401423277024,0.7578582832551991,0.4396070268143982
2022-08-01,0.14759183648157972,-0.4395602935821458,0.7360809634328744,0.8705505632961241,0.5716430601416971
2022-08-02,1.1165185209986144,-0.3018620982361605,1.5567959576761015,1.0,0.6887501792292711
2022-08-03,1.052867372330652,-0.5589470116885731,1.618401614590177,1.0,0.6758484198213589
2022-08-04,2.944983767773314,0.013092244037419576,1.5662206684716646,1.0,0.8240851169688357
2022-08-05,2.2972546949108477,-0.1271483365986778,1.2386945887091372,1.0,0.7641422852594162
2022-08-06,0.5882119324755587,-0.49168443691998853,1.0021314253713125,0.8705505632961241,0.6077142426335
2022-08-07,1.6676388662964472,-0.26083690862890185,1.0423466600308495,1.0,0.710052608561254
2022-08-08,2.8572356365384706,-0.1368726253519107,1.5798885982109938,1.0,0.8124423029866017
2022-08-09,2.9966656644035234,0.34602022329490717,1.3770108330219197,1.0,0.8350955813649201
2022-08-10,0.9580986897633906,0.38324521506213854,0.7728208366355885,1.0,0.6806024911663349
2022-08-11,-0.05490071161941254,-0.6625487887504442,0.49632928523720177,0.8705505632961241,0.5408606470297627
2022-08-12,-0.5877525529528279,-0.6550406494811574,-0.2754835770265249,0.7578582832551991,0.46301909266215896
2022-08-13,-0.9617332163811165,-0.7896065135227858,-1.077489339997558,0.6597539553864472,0.39103096281919136
2022-08-14,-1.0168098241896426,-0.7583597179406159,-1.2735436731435537,0.5743491774985175,0.369315277659824
2022-08-15,-0.5418232814975874,-0.6659289201348356,-0.6077354123995575,0.5,0.41587356248122415
2022-08-16,-0.632313826122649,-0.549025316656853,-0.38404958032947356,0.4352752816480621,0.41245932963401477
2022-08-17,-0.4562711353197359,-0.5967427063833157,-0.40733068217615653,0.37892914162759955,0.4129793267176475
2022-08-18,0.02418789716318758,-0.5961771896244499,0.07867169253886329,0.4352752816480621,0.46968549224169853
2022-08-19,0.34725382138678296,-0.6925527052404884,0.44342702328698375,0.5,0.509074792816998
2022-08-20,-0.20462405036112655,-0.6692899342325943,-0.08242570764902124,0.5743491774985175,0.46687616908604374
2022-08-21,-0.5648431016205099,-0.7753697780710975,-0.7415591892549275,0.6597539553864472,0.42928117280513983
2022-08-22,-0.5073662090783364,-0.7590469963020889,0.09394559706611144,0.7578582832551991,0.47635889027267414
2022-08-23,0.2978526553421934,-0.7499150954068005,0.3960713394780757,0.8705505632961241,0.557395343857884
2022-08-24,0.5493199540033826,-0.7639598151863464,0.6385146859890388,1.0,0.6010734941670957
2022-08-25,0.7652971527909607,-0.6792896124252927,0.5351747293079846,1.0,0.6155552339786097
2022-08-26,0.5397974412760722,-0.6787181236114328,0.5415074578241574,1.0,0.600756822862067
2022-08-27,-0.4106671339356359,-0.6853340293473991,-0.04451587962673658,0.8705505632961241,0.49816532835501004
2022-08-28,-0.12133258659708766,-0.8978468467861626,0.5004872227161525,0.7578582832551991,0.5098625255229223
2022-08-29,1.2092831613972979,-0.536205956101604,1.1066566253583814,0.6597539553864472,0.6191286100754995
2022-08-30,0.9647698123260299,0.4689010622556629,0.5863276348203763,0.5743491774985175,0.6145521628678448
2022-08-31,-0.40728378185001807,-1.1200660992077496,-0.5041719538864349,0.5,0.4093725952801281
2022-09-01,-0.2916157432305841,-0.6383071041557463,0.3096505597007878,0.5743491774985175,0.4754368830596089
2022-09-02,-0.30096841305889366,0.50945971242218,-0.07027948722460899,0.6597539553864472,0.5227833708808114
2022-09-03,-0.3077725100112188,-0.05384319346574379,-0.764180170031077,0.7578582832551991,0.4904444364254234
2022-09-04,-0.4675531244762505,-0.8063084252308126,-1.0642584705945723,0.8705505632961241,0.4553409094582323
2022-09-05,-0.7636063045428342,-0.9731771331190756,-1.2557750777727779,1.0,0.4416846965580903
2022-09-06,-0.42611060011270124,-0.5905455519648881,-0.8853211476894685,1.0,0.4924758570709673
2022-09-07,-0.7376375230633969,-0.3346502349381998,-1.3276851156941547,1.0,0.46762423481687676
2022-09-08,-0.5153243205048975,-0.42590284756087327,-1.0137631068944992,1.0,0.4891069897548205
2022-09-09,-0.4123744918545828,0.0792143292007792,-0.7444248893985715,1.0,0.5259948012797746
2022-09-10,-0.7328747213777471,0.31506407043012136,-1.7101482962845989,0.8705505632961241,0.46284699612767055
2022-09-11,-0.9130570237194997,-0.004488868693066504,-2.157972894878663,0.7578582832551991,0.40568880821548003
2022-09-12,-0.2684330629981674,0.23442513154808883,-1.0943809575500223,0.6597539553864472,0.47935590433759223
2022-09-13,-0.31420398627069757,-0.0692179955678504,-1.3990326984385555,0.5743491774985175,0.4406869377767855
2022-09-14,-0.3206177504592713,0.3444762411170659,-1.356181513864526,0.5,0.4477726095537755
2022-09-15,-0.05127737176878962,1.687007616305621,-1.3407682799800802,0.5743491774985175,0.5333335931869231
2022-09-16,-0.24115096570891478,2.3151735566043237,-1.3645386815173104,0.6597539553864472,0.5588673044019759
2022-09-17,-0.3742791393298591,1.2849672307020699,-1.6749201952915762,0.7578582832551991,0.5114364279691563
2022-09-18,-0.24256859174502626,0.6135073922525855,-1.0064192412537671,0.8705505632961241,0.5314268450134824
2022-09-19,0.5835310873505262,0.5056043996593972,-0.5158654260091154,1.0,0.6177734082755395
2022-09-20,0.9370631471962988,2.393273523065251,-0.3696427194441366,1.0,0.7248691826260009
2022-09-21,0.6051421451662636,3.660077948510246,-0.02259823217526829,1.0,0.7395895352719086
2022-09-22,-0.7213295788125103,5.0,-0.9899869115951484,0.8705505632961241,0.5994943821870797
2022-09-23,-1.2534141313370017,1.1383250762773274,-2.666024874028573,0.7578582832551991,0.4136805161097493
2022-09-24,-1.5926950754029252,0.9759534816333008,-3.0718381840165283,0.6597539553864472,0.3584481500158263
2022-09-25,-1.4529891266918205,4.922018294530043,-2.7234706584132016,0.5743491774985175,0.4485040795648829
2022-09-26,-1.2982757735013333,2.1392803700129,-2.2585011545479543,0.5,0.4273015920321835
2022-09-27,-1.3241574039671087,0.3001654600728291,-2.2809221188160143,0.4352752816480621,0.33849028885856947
2022-09-28,-1.2278738464076382,0.8005682784539778,-2.2515785389684955,0.37892914162759955,0.35828550845359664
2022-09-29,-1.3789564116285478,-0.27667008310633434,-2.2153444591031177,0.3298769776932236,0.2971783837792125
2022-09-30,-1.5416168464381867,-0.4946709863224538,-2.2007605389968785,0.2871745887492588,0.27133175615317817
2022-10-01,-1.4541395192990845,-0.37811016022537863,-2.402085765420741,0.25,0.26973324985664554
2022-10-02,-1.4564330617281214,-0.21086114218394655,-2.231738541087141,0.21763764082403103,0.27737294304782745
2022-10-03,-1.0647695864910165,0.5951151561487882,-1.7475030780736098,0.1894645708137998,0.34898140875974804
2022-10-04,-1.0319367327304636,1.3907627417920176,-1.6592781069395124,0.16493848884661183,0.38358416848831123
2022-10-05,-1.0490807415503016,0.38317707967002373,-1.675980582238711,0.14358729437462942,0.3366990702978016
2022-10-06,-0.8529434148272336,0.6670381968511991,-1.6094645685276698,0.12500000000000003,0.36103154492939543
2022-10-07,-1.0776695798330913,0.2412891034623389,-1.659362302368214,0.10881882041201553,0.32421982030491986
2022-10-08,-0.66159822615337,-0.21170606993843202,-1.7949219470447475,0.09473228540689989,0.32645147658521745
2022-10-09,-0.739627909938747,-0.17810711665129703,-1.9139904264669334,0.0824692444233059,0.31684104859154427
2022-10-10,-0.5357396577349623,1.1762006712020099,-1.5082989447547657,0.0717936471873147,0.3987847997040247
2022-10-11,-0.16934371917963512,2.1745753566893615,-1.4443418760965194,0.0625,0.4655479960468638
2022-10-12,0.09476804810193301,5.0,-1.3767016921475013,0.054409410206007765,0.5185892249994466
2022-10-13,0.2199203692864958,0.6292808601491062,-1.3374792860324156,0.047366142703449944,0.42840367232974946
2022-10-14,-0.349503517079552,0.1869725137999131,-1.3927337843805379,0.04123462221165295,0.36925102078875627
2022-10-15,-0.8847048925717601,0.14701669284668362,-1.6116267607679922,0.03589682359365736,0.3238090008772767
2022-10-16,-0.9552725494633797,0.22669532304912232,-1.543684346408477,0.03125,0.3239921569492056
2022-10-17,-0.5619878330087014,0.41940281469837665,-1.1023510253961066,0.027204705103003893,0.372344933330766
2022-10-18,-0.6407203645917543,0.4186153029929292,-0.9391055092092524,0.02368307135172497,0.37197655704770544
2022-10-19,-0.09813948418811493,0.4053794781949122,-0.8685291696046519,0.020617311105826482,0.40948980365796595
2022-10-20,0.15421391061931256,0.49730331533928496,-0.7171680763230522,0.017948411796828663,0.43478855807251365
2022-10-21,-0.5034786976768407,0.5115789390511045,-0.8598750760404924,0.015625000000000007,0.38643179008065687
2022-10-22,-1.3381393887809192,0.350449082639038,-1.3726229899919844,0.013602352551501933,0.30667900574089113
2022-10-23,-0.9454815454525584,0.7586201430511355,-1.345641014898723,0.01184153567586249,0.3504985994517153
2022-10-24,-0.776349159270167,0.8054742256310223,-1.007859209927587,0.01030865555291324,0.3747558067852989
2022-10-25,-0.6610939858306742,0.12998255290298,-0.9917314345928018,0.008974205898414338,0.35463142371391465
2022-10-26,-0.6165387361259731,0.3906939739771546,-1.0030308387625446,0.01030865555291324,0.3682882702148355
2022-10-27,-0.8173383975882983,-0.13347073180378935,-1.0542539911561186,0.01184153567586249,0.3315839236484643
2022-10-28,-0.6746183283169429,-0.1906494511103003,-0.8681275801166799,0.013602352551501933,0.3451844845281106
2022-10-29,-1.2457366708799689,-0.43998513847984005,-1.1732634715229384,0.015625000000000007,0.28685314212057744
2022-10-30,-1.0002423051347893,-0.5288563515138858,-1.2307400628651162,0.017948411796828663,0.2979490913519559
2022-10-31,-1.4093293908298243,-0.6201160030718613,-1.2769916894255482,0.020617311105826482,0.26573274750170656
2022-11-01,-0.8567695239014548,-0.4761273279289947,-0.8759661259128023,0.02368307135172497,0.3223969829151936
2022-11-02,-1.0888083711347898,0.1692891005517464,-0.90339188402231,0.027204705103003893,0.3334341307453771
2022-11-03,-1.1995880009230853,0.5619086130740539,-0.9018070883617665,0.03125,0.3430675892044877
2022-11-04,-1.401911326465682,0.3393961455374111,-0.9699972082275797,0.03589682359365736,0.31873203423114266
2022-11-05,-1.3926989875761961,0.8022698620736121,-1.0886717169416191,0.04123462221165295,0.3354774478483481
2022-11-06,-1.0300711919396779,0.8264962631918238,-0.9215092012885919,0.047366142703449944,0.3671538795329119
2022-11-07,0.7447119705778876,1.7808229918632932,-0.6237888170318612,0.054409410206007765,0.5362168736626689
2022-11-08,-0.5999685096852438,0.37403817708404635,-0.6785319259741088,0.0625,0.3873442925336821
2022-11-09,-0.6662814897751366,-0.016157316590713712,-0.6201069844961591,0.0717936471873147,0.3700068267519364
2022-11-10,-0.868703443181917,0.039525695996845155,-0.6811475668076298,0.0824692444233059,0.3583988088909823
2022-11-11,-1.3266347054641858,-0.31422495065622935,-0.6109862220919093,0.09473228540689989,0.3173086154330161
2022-11-12,-1.107873447575682,0.1267102012867365,-0.7630505156624748,0.10881882041201553,0.3473091677549551
2022-11-13,-0.39579665773870915,0.35309311758459944,-0.44916636202231625,0.12500000000000003,0.4171035573160338
2022-11-14,1.0754778140132923,0.739156674767241,0.026098617132616263,0.14358729437462942,0.5499047637768029
2022-11-15,0.17720910616307864,0.29974290421130584,0.27117960731162294,0.16493848884661183,0.48308332165705553
2022-11-16,-0.20043311256954427,-0.19451827902065272,0.16942375855994268,0.1894645708137998,0.4376000084435713
2022-11-17,0.2821832272342016,0.018770766642350466,0.49687248684097063,0.21763764082403103,0.49380239277734844
2022-11-18,0.4225108203444317,0.09200176827937079,0.4781279295064453,0.25,0.5104383926848174
2022-11-19,-0.709097185039823,0.1740477410936945,0.30529009644480976,0.2871745887492588,0.4382313684034649
2022-11-20,-0.3100844173937291,-0.28190128507979595,0.4675620534606954,0.3298769776932236,0.45764876706476665
2022-11-21,0.8814510332327861,0.3259133177178652,1.0193992391921562,0.37892914162759955,0.5881624696709753
2022-11-22,-0.06549437467017867,-0.6417629720568316,0.605939941879111,0.4352752816480621,0.4793828748294665
2022-11-23,-0.9050001579958025,-0.5854034512386721,0.2626482400014571,0.5,0.42402978699871713
2022-11-24,-1.3824402973273955,-0.4397105745527958,-0.33816153958903095,0.5743491774985175,0.38939636487695045
2022-11-25,-1.3572596763512168,-0.6454345094799171,-0.8015568073487916,0.6597539553864472,0.3798674500779297
2022-11-26,-1.414207555211901,-0.584934700804226,-0.8075956973461479,0.7578582832551991,0.3931061030291055
2022-11-27,-1.369941756900606,-0.6808083764109946,-0.5848801782992559,0.8705505632961241,0.4163901124072783
2022-11-28,-0.7689588430386768,-0.5808560367666612,0.19891293496191886,1.0,0.5061641734308747
2022-11-29,-0.7807883307357129,-0.19785664536625444,0.255879914192699,1.0,0.5232327482004485
2022-11-30,-1.3420923612679745,0.7358055204684075,0.19791813349167608,1.0,0.5227830103847079
2022-12-01,0.38419135920098174,-0.27503893838012883,1.1204364749996085,1.0,0.6265006840142138
2022-12-02,0.3677845293711454,0.6367659132432975,1.3423894951469926,1.0,0.6707971981814469
2022-12-03,-1.0159368715524053,0.31335842577304823,0.25542212126913844,1.0,0.5288415470126879
2022-12-04,-0.720210861617401,-0.32206067243811004,0.5514649426899939,1.0,0.5319489126302518
2022-12-05,0.6028624043585936,0.6683212655564587,1.5582460140560166,1.0,0.6949790801572926
2022-12-06,-0.5168116579125939,0.11759958126920406,0.8639244107455559,1.0,0.5742433523835625
2022-12-07,-0.9535990272152761,-0.27005529249788157,0.3546112715214091,1.0,0.5119948033822835
2022-12-08,-0.8062263609721263,-0.2243763977425924,0.4827506173034035,1.0,0.5279942466060303
2022-12-09,-0.694114737842084,-0.16052851071139174,0.540760748005538,0.8705505632961241,0.520644938958823
2022-12-10,-0.8195248545221047,-0.43148367199364224,0.42454943635626957,0.7578582832551991,0.48021691373228015
2022-12-11,-0.795926812199572,-0.6894088244358627,0.3229707725261298,0.6597539553864472,0.45294163056070563
2022-12-12,0.4228977979209599,0.0035386191911188553,1.401782070705905,0.5743491774985175,0.5862190746426683
2022-12-13,1.8186756747864619,0.8248930531839481,1.530053792509176,0.5,0.7066173819520679
2022-12-14,2.1222776034703004,5.0,1.6360545333474128,0.4352752816480621,0.8113116169234764
2022-12-15,1.0707191439669348,-0.01755246951747419,1.3414644435137735,0.37892914162759955,0.5972047760625
2022-12-16,0.0942218624945576,0.9058695783407141,1.1056450695471332,0.4352752816480621,0.571172151162614
2022-12-17,-0.07806041604440218,-0.09388258003642933,0.9009797987353076,0.5,0.5209168580533655
2022-12-18,0.639376254414654,-0.11831113496541228,1.421639513002056,0.5743491774985175,0.5962358133955976
2022-12-19,2.5224321272319026,-0.21217138251559314,2.1954280769432106,0.6597539553864472,0.7564656967500512
2022-12-20,2.5937886810016835,-0.29229494338215045,2.183942708928809,0.7578582832551991,0.7722171222117629
2022-12-21,1.0226809505532835,-0.4393854359867645,2.3625243704088863,0.8705505632961241,0.6842044003788186
2022-12-22,-0.757402245762302,-0.42166789126516996,1.5449914331011307,1.0,0.5584367359165022
2022-12-23,3.402414278022293,-0.22028257555493225,3.7943874429669275,1.0,0.8658215593518778
2022-12-24,5.0,0.6984359201712366,3.430561556205382,1.0,0.9041014966738016
2022-12-25,5.0,0.39111236235660635,2.480813933185923,1.0,0.8739901462043894
2022-12-26,5.0,-0.12627428118295125,1.6236347487816152,1.0,0.8238597299100976
2022-12-27,2.527524745505124,-0.11841995442864377,1.5099860459216374,1.0,0.7889003531298694
2022-12-28,1.500442299651133,0.1872675521142248,1.296915121533502,1.0,0.7260628053659517
2022-12-29,-0.5791509434840483,-0.2296111436905744,0.6676494827902995,0.8705505632961241,0.5296603733680514
2022-12-30,-0.8852450801055164,-0.39924053080084976,-0.01531925452718237,0.8705505632961241,0.4794205818864427
2022-12-31,-0.9264333155924741,-0.46812047988501,-0.651844452675961,1.0,0.4720046105427609
2023-01-01,-1.1179780251679658,-0.5588949243652022,-0.9698791782498593,1.0,0.4448515371985903
2023-01-02,-1.1009090967833146,-0.5433179624686681,-0.5225964732525202,1.0,0.4615479293365006
2023-01-03,-1.041404123196504,-0.5292728604711127,-0.25070486866660274,1.0,0.47516319364505
2023-01-04,-0.9354472041648032,-0.30080949886260533,-0.27895274677952087,1.0,0.4908046990437539
2023-01-05,-0.7703543447759348,-0.2352046840691932,-0.04475473910606684,1.0,0.5123510238751857
2023-01-06,-0.7499645861336458,-0.33549466978893516,0.2947475352171879,1.0,0.5208483341904576
2023-01-07,-0.815325541986885,-0.3708412768926107,0.1822145379214287,1.0,0.5112670619277299
2023-01-08,-0.683541849931477,-0.4736261973932823,0.24703317728683788,1.0,0.5179305576894093
2023-01-09,-0.570745875863508,-0.40404735465719854,0.6410948917559472,1.0,0.5414847982235811
2023-01-10,-0.3228865400128219,-0.038112179793391404,0.9506792816274691,1.0,0.5835755325620029
2023-01-11,-0.34384692895625196,-0.36297698831653963,0.8578802289341577,1.0,0.5655488378541993
2023-01-12,-0.8090491642328995,-0.2116944561635246,0.25176568482724704,1.0,0.5206349762052347
2023-01-13,-0.6728355794960634,-0.2726695008854908,0.41104803329673534,1.0,0.5324846666065916
2023-01-14,-0.5568490980319682,-0.37560676676567345,0.6690068594079451,1.0,0.5445266734962306
2023-01-15,-0.6610390031017417,-0.14547201542212085,0.6021086513245941,1.0,0.5449396875281154
2023-01-16,-0.24896177609082804,-0.05579867028828871,0.6666579904103714,1.0,0.5782995366789452
2023-01-17,-0.647551566123602,-0.20993030768118096,0.2408024193705408,1.0,0.5311095467507286
2023-01-18,-0.6365413039087318,-0.3446936499622377,-0.04318800798783484,1.0,0.5167620773913969
2023-01-19,-0.8546752422401063,-0.23734319376009716,-0.03536387249821709,1.0,0.5069535550273817
2023-01-20,-0.7231557979211392,-0.2709065118754559,0.1681679649428219,1.0,0.5211074409752074
2023-01-21,-0.7381741592694944,-0.32093936143532786,0.021615899279104775,1.0,0.5131364459648653
2023-01-22,-0.7352695994352828,-0.29619199512754646,0.13700424367204717,1.0,0.5182075016964016
2023-01-23,-0.6416180459848062,-0.323017844787505,0.8352652339886655,1.0,0.5466085612011558
2023-01-24,-0.41889897660794867,-0.2008881458391308,0.874629573333583,1.0,0.5678573812606258
2023-01-25,-0.6685546587195982,-0.3123429925323943,0.5428250889143627,1.0,0.5355095676936558
2023-01-26,-0.7305843315565551,-0.30615709871464064,0.65576862083408,1.0,0.5353967861442557
2023-01-27,-0.6756761512867441,-0.23303245802592576,0.7912619166530821,1.0,0.5466206347182396
2023-01-28,-0.8506768537759779,-0.3879541971439779,0.2946209026596455,1.0,0.5119441482892573
2023-01-29,-0.8282844258337436,-0.428389747845405,-0.5247597231732811,1.0,0.48443947467841586
2023-01-30,-0.6254901137237026,-0.17099434685037054,0.020590523961686848,1.0,0.5268622454317107
2023-01-31,-0.6466348654200846,-0.033037494502789956,-0.04597360911902736,1.0,0.5289819930637439
2023-02-01,-0.6628873644490578,-0.41246886633687596,1.130750942060467,1.0,0.5513130043413752
2023-02-02,-0.5326666782566365,-0.2207381388390269,1.1241837793351004,1.0,0.5677642583091015
2023-02-03,1.889544615551289,0.3969526117120344,1.9263100021117558,1.0,0.7817196665951459
2023-02-04,1.5708418543561091,2.0616743521337697,1.9012418179764896,1.0,0.829000615561864
2023-02-05,-0.3548627101719952,0.07562605119115995,0.5471148785563843,1.0,0.5727307340733782
2023-02-06,-0.7039983351183747,-0.4126335368852075,-0.06702057646287901,1.0,0.5086396944064621
2023-02-07,-0.72216250964608,-0.1380802354855681,0.5665172660403571,1.0,0.5399863984130413
2023-02-08,-0.7768285258715197,-0.3206667107794351,-0.4869512393956673,1.0,0.4936186106795667
2023-02-09,-0.8231008453406942,-0.3963932642491505,-0.8880894999032247,1.0,0.4740072409701317
2023-02-10,-0.8073410741655492,-0.2260801975329716,-1.1769143686053014,1.0,0.4725267745382462
2023-02-11,-0.7718916330748402,-0.23843966626609686,-1.2212020799927708,1.0,0.4728988357008309
2023-02-12,-0.7731021409221874,-0.3399003096844996,-1.0819167911385859,1.0,0.47323345133038053
2023-02-13,-0.6378781508183198,-0.38507306781820083,-0.2614497425804357,1.0,0.5077150873670058
2023-02-14,-0.6457155766159481,-0.2961634835118324,-0.2545821390046315,1.0,0.5111260784457894
2023-02-15,-0.703938155662715,-0.14077802271908987,-1.1506981229966946,1.0,0.48384843457596716
2023-02-16,-0.7459347651804656,-0.3354413302482839,-1.1020672574946535,1.0,0.4745587183111354
2023-02-17,-0.5905067359949638,-0.24579632146315977,-0.2861862419249616,1.0,0.5158518294752054
2023-02-18,-0.6273439802713457,-0.18834961431259412,-0.2984709506062829,1.0,0.5153801356986761
2023-02-19,-0.7313844190790623,-0.2352530243373886,-0.9935198495189556,1.0,0.4833215010633728
2023-02-20,-0.377138526700892,-0.2370257870183809,-1.0910942486126967,1.0,0.5036115488070848
2023-02-21,0.03761045580011933,-0.13971666968001747,-0.9573786078171375,1.0,0.5397732155561027
2023-02-22,-0.6235618250357031,-0.14153035543250866,-0.5781093229860135,1.0,0.5082618027550648
2023-02-23,-0.6599723590282252,-0.2659625966907721,-0.7144649326771999,1.0,0.49610457011342957
2023-02-24,-0.6330729165867522,-0.26910606984268787,-0.9657511585529346,1.0,0.4893906806990067
2023-02-25,-0.588336962474231,-0.4012630458884923,-0.9131315925813195,1.0,0.4886205225036535
2023-02-26,-0.6544324285433264,-0.4650786798942564,-0.9489538660807733,1.0,0.4803610975654917
2023-02-27,-0.4068200154108737,-0.144235040834968,-0.5460155797856585,1.0,0.5236683529449628
2023-02-28,-0.6279503450234829,-0.29675849701436957,-0.6609122960758469,1.0,0.4987412964203075
2023-03-01,-0.5743194772574172,-0.29800751648701646,-0.5588947245831398,1.0,0.5056652308431085
2023-03-02,-0.5736632857650829,-0.3292372646743948,-1.2254687498460173,1.0,0.48218860325936075
2023-03-03,-0.5947205155399254,-0.2941566062379876,-0.5648790086591573,1.0,0.5042661400821169
2023-03-04,-0.5741056855489173,-0.2954003778852731,-0.7360798123056721,1.0,0.49988194480799675
2023-03-05,-0.5463741764705934,-0.10281122939801804,-1.7330382295823972,1.0,0.47652331269096315
2023-03-06,-0.44205687374729935,0.0980693847995913,-0.7721201220162649,1.0,0.5238784287162875
2023-03-07,-0.46535861242940296,-0.016629393028731947,-0.7319411030198203,1.0,0.5188851643611819
2023-03-08,-0.3290098338628172,-0.014106652366341732,-0.13908754842790988,1.0,0.5478419822796177
2023-03-09,-0.37158054666298573,0.10961793150903139,-0.27159687910852975,1.0,0.5457421480650596
2023-03-10,-0.5211118432023959,-0.12673830442807163,-0.4653820844232814,1.0,0.5194657116212279
2023-03-11,-0.5324417222170941,-0.20155162817507494,-0.5533966696338759,1.0,0.5126593450237698
2023-03-12,-0.5533673585500803,0.013133235469024554,-0.6727485247912128,1.0,0.5162311100814969
2023-03-13,-0.43001739728355376,0.017117738446353503,-0.03233898508105284,1.0,0.5459674464469928
2023-03-14,-0.2247202619934867,-0.056836717038347216,0.5689214214670834,1.0,0.576614500039406
2023-03-15,-0.03985100939257317,2.3958095846702205,0.9709196655997294,1.0,0.7045326542550787
2023-03-16,-0.09993231924302408,2.4780417285191643,0.3019474452291158,1.0,0.6816544989130675
2023-03-17,-0.5289900445461366,0.19751024185873062,-1.0482021772071826,1.0,0.5130235178674653
2023-03-18,-0.45770479906800476,0.03744785041810723,-1.2532434792289797,1.0,0.5042718911885882
2023-03-19,-0.3567086529052542,0.07667818635158806,-0.7216871244981755,1.0,0.5303581100876934
2023-03-20,0.45355937473354224,0.6732659766625342,1.0129340053038531,1.0,0.6670545075199702
2023-03-21,0.35508862329338226,1.3980212005958503,0.5008213441565121,1.0,0.673617503049603
2023-03-22,-0.4633658114738027,0.020306495035966536,-0.8645245073211469,1.0,0.5161375662842069
2023-03-23,-0.47610288323538597,-0.6465372762665341,-1.4086845105296941,1.0,0.4693646042555456
2023-03-24,-0.4706091636200053,-0.5842533142930859,-1.4778238078276447,1.0,0.47002137406886624
2023-03-25,-0.5062776737278096,-0.510957889076399,-1.6806868231584855,1.0,0.4639353489346799
2023-03-26,-0.4611153695366487,-0.33001980804537273,-2.3168567981064263,1.0,0.4532795900921187
2023-03-27,-0.23854966743336314,-0.4897148062956593,-1.3603940448903158,1.0,0.4933454370791128
2023-03-28,-0.3002784049768922,-0.19115470906031104,-0.9931189092763721,1.0,0.5139126964814819
2023-03-29,-0.4721194242070471,-0.25515555401708645,-0.42925569178472145,1.0,0.5185853672426608
2023-03-30,-0.18957515281631465,0.5967468913065743,-0.1262371086223094,1.0,0.5830182066626093
2023-03-31,-0.5878589818109001,5.0,-1.2801754229560756,1.0,0.6181368871140708
2023-04-01,-0.5290207309672369,1.283755916379365,-2.595180523062902,1.0,0.506715763682561
2023-04-02,-0.45486513803919076,5.0,-2.4393211629818374,1.0,0.5883649520313261
2023-04-03,-0.021298759137713973,0.9973882005408863,-0.895192372951017,1.0,0.5852981786483221
2023-04-04,-0.3582780345176652,1.0717100143939569,-1.526222581866166,1.0,0.5448952955696983
2023-04-05,0.2909572252965056,5.0,-1.0769103947149348,1.0,0.6835001351959359
2023-04-06,0.13884215457482663,0.24550811625471042,-1.0698819466194154,1.0,0.5588229169282876
2023-04-07,-0.18430280141263877,-0.1923400310810772,-1.353579634420505,1.0,0.509579657463429
2023-04-08,-0.514854733455312,0.2595440430574231,-1.9925981176060379,1.0,0.4850707489768372
2023-04-09,-0.45980417115002786,5.0,-2.042969268227385,1.0,0.6012474129824187
2023-04-10,0.6880167683613262,0.7930205099883667,-1.0747611176962415,1.0,0.6180849352170623
2023-04-11,-0.015891016362951888,4.753171177715388,-1.295555994801489,1.0,0.6557553990824203
2023-04-12,-0.004310037824199415,0.3526423328506725,-0.8140950468147803,1.0,0.5622695931200055
2023-04-13,0.30801816207369004,4.2527487610597055,0.09511796168167898,1.0,0.7237051428609687
2023-04-14,0.04671667759862837,-0.17852657942643885,-0.2296178889308814,1.0,0.5630219080661109
2023-04-15,-0.3290059899320233,-0.18079138831686825,-0.9012983361887721,1.0,0.5154900149517032
2023-04-16,0.054919278345282575,2.9532559837183103,-1.5006378404037384,1.0,0.6516923565311572
2023-04-17,-0.09352593708062751,5.0,-1.1959176143813366,1.0,0.6539010170485803
2023-04-18,-0.004489922214732986,-0.10909444869166261,-1.0975290378735407,1.0,0.5335707685610805
2023-04-19,0.16519233077232753,-0.09407918818965383,-1.2748034367852838,1.0,0.5395994079840768
2023-04-20,0.6297592455857689,-0.09855841196135733,-0.5945916899012206,1.0,0.5930576262106207
2023-04-21,0.45600483231497146,-0.10472166692851766,-0.6836511529151432,1.0,0.5782485476018051
2023-04-22,0.2391694380586823,-0.10663809616579772,-1.103036589393858,1.0,0.5497334888838753
2023-04-23,-0.31799580619489776,-0.10977452056785905,-1.9081462819638415,1.0,0.4856214651645514
2023-04-24,0.38802577911658587,-0.10980274423808946,-1.0978215230726003,1.0,0.5596992201620987
2023-04-25,0.4532622736891349,-0.10962545694683279,-0.7676104507365675,1.0,0.575062742515272
2023-04-26,0.0591876514262089,-0.1091686773095506,-0.9586954026160445,1.0,0.5424406351199812
2023-04-27,-0.14179396397063201,-0.1087482063875954,-1.1319681745830148,1.0,0.5232836213163743
2023-04-28,-0.18293759075089686,-0.1091260908041608,-1.178266108813766,1.0,0.5189817032059747
2023-04-29,-0.34522545225078766,-0.10824269201696395,-1.4042148791786069,1.0,0.5006676950432871
2023-04-30,-0.36647399723745633,-0.10783361443540497,-1.90001739958028,1.0,0.48274141959668504
2023-05-01,-0.44894261827615567,0.02127566753086943,-0.8545270612217255,1.0,0.5174727428879851
2023-05-02,-0.15602861912622734,-0.10407778629270194,-0.6923833721319319,1.0,0.5371820718916579
2023-05-03,-0.1769320625128646,-0.11017564255412315,-0.6409561840801833,1.0,0.5372486712567145
2023-05-04,-0.06544140409516358,-0.11004073906177585,-0.7936713784805309,1.0,0.5395964963167308
2023-05-05,-0.265841836167643,-0.09451964017858237,-1.2358465468760162,1.0,0.5121440076855156
2023-05-06,-0.688072174676771,-0.10854961282096398,-1.719633668248501,1.0,0.46728449887905843
2023-05-07,0.5251651726905275,-0.10879602470524231,-1.294821297777402,1.0,0.5623171338907367
2023-05-08,2.1793773180372025,-0.10935114384208368,0.10054950370364328,1.0,0.7190871736658482
2023-05-09,0.3453451092451516,-0.1095142123978399,-0.11999386230819485,1.0,0.5894601196894936
2023-05-10,-0.009629232195941076,-0.10905533731481787,-0.5852101893000543,1.0,0.550307072488818
2023-05-11,0.8818010230773221,-0.10900032234361227,0.5241063587393995,1.0,0.6467152667321511
2023-05-12,2.2141977521964336,-0.1101410352346751,1.0113390856098805,1.0,0.7517352765319801
2023-05-13,0.5295095285208736,-0.11022982642489486,0.30257147224595976,1.0,0.6157934415418863
2023-05-14,-0.31033898375629104,-0.10793978880597273,-1.198999697427222,1.0,0.5098465866350911
2023-05-15,0.05443839107918922,-0.10995122359317502,-0.3373450248252388,1.0,0.5628030909280557
2023-05-16,0.0174848292173903,-0.11124385846847067,0.11154055493616488,0.8705505632961241,0.5558310975039306
2023-05-17,-0.2951454445306111,-0.11144602275945069,-0.2278277266403201,0.7578582832551991,0.5067645376832514
2023-05-18,-0.410039215052853,-0.1110776601311858,-0.9625666304610433,0.6597539553864472,0.45991335545027606
2023-05-19,-0.34972169562017835,-0.11059701155959545,-0.556826922918911,0.7578582832551991,0.49219485653465445
2023-05-20,-0.6816998801154158,-0.11154629432435487,-0.9522022746212467,0.8705505632961241,0.4737480877358346
2023-05-21,-0.2226266141224216,-0.11161106152474214,-0.9071071359034594,1.0,0.5252708602981924
2023-05-22,0.9405087473242794,-0.11166585437380998,0.6738298475494587,1.0,0.6555088341410252
2023-05-23,0.9060008036073186,-0.11103486847435234,0.6638265244008522,1.0,0.652901151534085
2023-05-24,0.07195287842286688,-0.11056792774440222,0.7682998532847429,1.0,0.6007998566816658
2023-05-25,-0.44344475555385976,-0.11018834240008382,-0.015038657371355147,1.0,0.5403445467840273
2023-05-26,-1.013736938068987,-0.11161243002307777,-0.7811902986501976,1.0,0.4767273429227661
2023-05-27,-1.3978803106396887,-0.10846538978607707,-1.213381614551395,1.0,0.4368425342312211
2023-05-28,-1.2732892635324935,-0.0593275635620566,-1.3512613607964943,1.0,0.44260002192286496
2023-05-29,-0.47388031084683063,-0.11183823705689283,0.1872520703580583,1.0,0.5449897884114427
2023-05-30,0.7801293328480925,-0.11084122500557761,1.886259517172211,1.0,0.6852655550537142
2023-05-31,-0.5763188160150646,-0.11135443655742346,1.102975605106577,0.8705505632961241,0.5492874154070743
2023-06-01,1.9714683970891558,-0.11151034581510832,3.24270240353433,0.7578582832551991,0.7654637045519275
2023-06-02,2.2203112246064634,-0.11213480646627008,3.888743530933621,0.6597539553864472,0.7673115580123034
2023-06-03,-0.21286065658860434,-0.11149800963087995,2.3186403379727656,0.5743491774985175,0.5696039270500095
2023-06-04,-0.9086967510267152,-0.1116709940464227,0.45145614042781723,0.5,0.44981579652721193
2023-06-05,-0.15836346080052374,-0.11210264824527377,0.9681912279524859,0.4352752816480621,0.5073358254487041
2023-06-06,0.8132141755265145,-0.11205953307509534,0.9351145900704754,0.37892914162759955,0.5625549887367944
2023-06-07,-0.5843569125467173,-0.11225229116679718,0.43800036085537236,0.3298769776932236,0.44544725238076494
2023-06-08,-0.916263229193347,-0.11218572734965612,0.03693812529240382,0.37892914162759955,0.417312021501428
2023-06-09,-1.0626022048360153,-0.11236320995289616,0.18773180835945252,0.4352752816480621,0.4210270717887527
2023-06-10,-0.8495029552418362,-0.11215580285121102,0.7686283052100553,0.5,0.4643142547054124
2023-06-11,-0.42467444663216347,-0.11075692375272855,0.5835778440190185,0.5743491774985175,0.4976784698269037
2023-06-12,-1.291769719270142,-0.11269169300165474,0.6903796502868074,0.6597539553864472,0.45616227982444896
2023-06-13,-1.1383455270005436,-0.11233314930046444,0.5577081032599892,0.7578582832551991,0.47669876290939056
2023-06-14,-0.601457561188524,-0.11225104487906952,0.5713244541046728,0.8705505632961241,0.5298524353487115
2023-06-15,-0.6148689496936095,-0.1122847828281518,1.418346352314033,1.0,0.5766084158130541
2023-06-16,-0.9404110844165127,-0.11246342987394889,0.5305284161512013,1.0,0.5253042319991913
2023-06-17,-0.49358663983148293,-0.11192566137477407,0.18646113647579482,1.0,0.5436460260031454
2023-06-18,-0.29774978961916637,-0.11202920969571864,1.2140773151761683,1.0,0.5909513741272729
2023-06-19,0.7948166877733297,-0.11217350772770036,2.767555682714926,1.0,0.7155657391200654
2023-06-20,-0.2578720871488225,-0.1118673704816815,2.046583191913812,1.0,0.6213668268171356
2023-06-21,-0.5918578373135011,-0.1122807871438344,1.511683990190705,1.0,0.5812539110544637
2023-06-22,-0.8823360974553037,-0.1122593014967616,0.7157808278065123,1.0,0.5353594835341651
2023-06-23,-0.3734897293220082,-0.1126242443306372,1.1628493206671777,1.0,0.5841696518869955
2023-06-24,-0.4892387175803491,-0.11213844542341252,2.038650844745693,1.0,0.6056666784268576
2023-06-25,0.37623080570197664,-0.11216271198098496,2.3224101782499895,1.0,0.6728222799892571
2023-06-26,1.6149370693952583,-0.11231731790068115,2.615016587912784,1.0,0.7651498026442484
2023-06-27,0.0064591798529490645,-0.11264242918854224,1.5558395420838742,1.0,0.6225984955101365
2023-06-28,0.3406752412491595,-0.11234749163314242,2.0274142174620664,1.0,0.6606110111806319
2023-06-29,1.9994731818952147,-0.11209636100779079,2.7119080694550983,0.8705505632961241,0.7746070505606116
2023-06-30,-0.46200176828432676,-0.11184555624318396,1.6712606688674203,0.7578582832551991,0.5589270820547727
2023-07-01,-0.2818917178878227,-0.11208520896210224,1.7799530426135495,0.6597539553864472,0.5598318631624762
2023-07-02,-0.5040635093759378,-0.11188481336971644,2.0755992800311107,0.5743491774985175,0.5420729181103473
2023-07-03,3.0386312774964024,-0.11253131554634095,2.791022698948459,0.5,0.7883452851505177
2023-07-04,3.1863756333838937,-0.11185861847046799,2.6074037672528108,0.4352752816480621,0.7725439753860336
2023-07-05,4.859790941399209,-0.11171356725890276,3.555257279078777,0.37892914162759955,0.777184639275019
2023-07-06,3.6749632322306156,-0.11185992649479315,3.0730591110905237,0.3298769776932236,0.7698207163833672
2023-07-07,4.028470578029116,-0.11171855100213003,2.5387081052195457,0.2871745887492588,0.7480448521946182
2023-07-08,2.744238354905705,-0.11085947219131936,1.5455905264003178,0.25,0.6923497631990859
2023-07-09,-0.12128466130375042,-0.11107051861658432,0.8308200677836882,0.21763764082403103,0.4726260660204532
2023-07-10,0.6551383204120838,-0.11033564457971481,2.2083489167733745,0.21763764082403103,0.5703358461860346
2023-07-11,3.8712413598763793,-0.11003894428476686,2.3524192096141214,0.25,0.7363290176419388
2023-07-12,4.148181896345941,-0.10903901464736673,2.287389772121053,0.2871745887492588,0.7397792217727837
2023-07-13,4.179803991113931,-0.10909117425142723,2.5118162896557172,0.3298769776932236,0.7536632907153648
2023-07-14,1.05941535022819,-0.10936896195533959,2.4335112934055654,0.37892914162759955,0.629027064291399
2023-07-15,2.590963431828699,-0.10877354361286767,1.5484966456849687,0.4352752816480621,0.710106511574752
2023-07-16,1.7642058832761949,-0.23558221274544305,1.108835013325994,0.5,0.6447589671315527
2023-07-17,3.8959636563053137,-0.21407850615619906,1.9221205533173458,0.5743491774985175,0.7663031239788476
2023-07-18,2.8349244808871923,-0.22592923097732837,1.7563413938965111,0.6597539553864472,0.7620890538729416
2023-07-19,0.9427220189930536,-0.22014673367111331,1.5974937347622986,0.7578582832551991,0.6456038876769303
2023-07-20,0.5148946798945484,-0.2034404579996138,1.951835201951006,0.8705505632961241,0.6464933841357715
2023-07-21,-0.06560031082241387,-0.19714281304312503,1.3015973346691327,1.0,0.60579893989068
2023-07-22,-0.3858491530730795,-0.18372337973252167,0.641771710293605,1.0,0.5630139726493931
2023-07-23,-0.035400721502554425,-0.19819213172455621,1.026203056288101,1.0,0.5985887149542433
2023-07-24,0.4300336355817884,-0.21058607762165124,1.6855949846941911,1.0,0.6510809886276901
2023-07-25,0.679874834424219,-0.20157822737058878,1.5425774378281942,1.0,0.6633451440821133
2023-07-26,1.9633454948627607,-0.20112193056581965,1.9227358608837675,1.0,0.7616008145800672
2023-07-27,5.0,-0.2111318813855011,2.369565167469078,1.0,0.8451883438579068
2023-07-28,5.0,-0.21817576878412648,2.1578929683666326,1.0,0.8378391085795491
2023-07-29,1.6150549466790354,-0.18724515672333464,1.4405840075401628,1.0,0.7228879151664689
2023-07-30,0.11235208013657433,-0.13003067609774047,0.5007958352703933,0.8705505632961241,0.5743479728417975
2023-07-31,-0.6227044701045471,-0.1124453688677315,-0.04656762313148545,0.7578582832551991,0.4909276333407718
2023-08-01,-0.2182455838469002,-0.12058764611017109,0.5178753130052608,0.6597539553864472,0.5216514128970919
2023-08-02,-0.377121811923272,-0.11376188916741768,0.6464332026475553,0.6597539553864472,0.515629333886025
2023-08-03,-0.2532308469420067,-0.12318709903971131,0.6069193966189281,0.7578582832551991,0.5368945367861224
2023-08-04,-0.2658715976735697,-0.08720812731645966,0.6928767708585506,0.8705505632961241,0.5573200317066132
2023-08-05,-0.416091980646255,-0.1717377662912761,0.3148511145619309,1.0,0.5505998315135109
2023-08-06,-0.26249930697416685,-0.11823035383460823,0.4997836330362808,1.0,0.5692332358931562
2023-08-07,0.27763241416225926,-0.17499936514673142,0.7957430217652092,1.0,0.6127419547885438
2023-08-08,-0.4641979742253056,-0.17245966256605694,0.5176466690230555,0.8705505632961241,0.5347051225732478
2023-08-09,0.09403117854378724,-0.1611738164688034,0.795149751682841,0.8705505632961241,0.5816407457672323
2023-08-10,-0.2254221140546725,-0.08604881035648498,0.34224564529734147,1.0,0.567794680141413
2023-08-11,-0.3415680050751296,-0.06586241568138389,0.8988706866648118,1.0,0.5794468885637607
2023-08-12,0.33015157206162177,-0.08180833415051426,0.7947825315325533,1.0,0.6200941752655885
2023-08-13,0.7597237955680547,-0.13281144311309978,0.7837297024279375,0.8705505632961241,0.6268213508168411
2023-08-14,0.382450851814079,-0.08861487499892978,0.6913689726362435,1.0,0.6198500694171913
2023-08-15,0.8856862984259803,-0.10992579501414976,0.6339965033127625,1.0,0.6505987285465679
2023-08-16,0.19780261936920795,-0.14026121275138945,0.5554979219121143,1.0,0.6008592214903764
2023-08-17,0.608610660494109,-0.11947573217739167,0.7220289979051825,1.0,0.6346635217890554
2023-08-18,-0.1964964714928193,-0.229963707185681,0.046571473750593444,1.0,0.5538707965594285
2023-08-19,-0.639616141025413,-0.06468507670882087,-0.532233485753316,1.0,0.5119225962103278
2023-08-20,0.13191090624047822,-0.0909089455073134,0.7430798564104062,0.8705505632961241,0.5853581007279927
2023-08-21,1.8257207998588432,-0.060906518583316756,1.5476888758289717,0.7578582832551991,0.7094453200655304
2023-08-22,-0.158063607470557,0.07704804930232156,0.8692368978721642,0.7578582832551991,0.5603260673069116
2023-08-23,0.015929323543961763,0.14856163745470002,0.6800951166662714,0.8705505632961241,0.5855044448468376
2023-08-24,0.05742531022952964,0.13518903638846202,0.7588621827212656,1.0,0.6097566366221968
2023-08-25,0.22042384932519896,0.03316451752254113,0.914346841404659,1.0,0.6215550062319412
2023-08-26,0.3717822522900848,0.00808901672871845,0.3662511235706171,1.0,0.6123308966353895
2023-08-27,-0.7055962259038862,0.8371554888944766,-0.25350195675322934,1.0,0.5543916650852365
2023-08-28,-0.5616137154265219,0.8598656578786696,-0.31146083800063273,1.0,0.563004793449822
2023-08-29,-0.5821269217659525,-0.07934340747226677,-0.0024862529483872416,1.0,0.5328026881393125
2023-08-30,-0.26310423052844145,-0.5093866861455896,-0.367242252473882,1.0,0.5239938642929083
2023-08-31,-0.7754086321611643,-0.637475616372745,-1.033282758709917,1.0,0.46230184855006073
2023-09-01,-0.7754059902944513,-0.7429491352664337,-0.6635718480568101,1.0,0.4702309917423748
2023-09-02,-0.6604542183093965,1.4250834877936351,-0.3796436471502565,1.0,0.5776934091990998
2023-09-03,0.30243752612237834,-0.40030199266590005,0.8505921481292119,1.0,0.6068363236513865
2023-09-04,1.3850474198647533,-0.18642166307964486,1.5968846859480712,1.0,0.7127984148942674
2023-09-05,1.7837325285201113,-0.4460726330051269,2.1245555705954966,1.0,0.7461476612126438
2023-09-06,2.093461602754148,0.7503914214856228,1.7186223212320166,1.0,0.8031178267865782
2023-09-07,1.7473608846842121,1.3619846284994654,0.8709080447586864,1.0,0.7772703533250481
2023-09-08,1.1426808241691246,-0.7610243410343375,0.18767261413591818,1.0,0.6257251278727082
2023-09-09,0.432477351076797,-0.782493081437575,-0.9811084019179418,1.0,0.5385243316146228
2023-09-10,-0.5896007875866112,-0.9509394184538364,-1.3068213075223585,0.8705505632961241,0.43309267930232276
2023-09-11,-0.291024689775143,-0.15476510237764407,-0.4018783568269236,0.7578582832551991,0.49943260534330436
2023-09-12,-0.29853320107090964,1.334975588978988,-0.6089051979003415,0.7578582832551991,0.5541036720276658
2023-09-13,-0.5884012031686819,0.24605207385662473,-1.0565530132042387,0.8705505632961241,0.49138957358705787
2023-09-14,-0.7010733727347572,0.8877446673668955,-1.654957885188287,1.0,0.510085873451694
2023-09-15,-0.6179191446890938,0.8945777136215514,-2.2542224168674125,1.0,0.49593871452604465
2023-09-16,-0.7294756469551921,2.636121028501797,-2.6836094775124533,1.0,0.546753017140147
2023-09-17,-0.8683101780074026,2.1366871396417983,-2.6938845241861262,1.0,0.5163451348117106
2023-09-18,-0.6158598310601656,0.04864372521164977,-2.114556369343179,1.0,0.4654842875017017
2023-09-19,-0.7916581598063688,2.1410320958514464,-2.100194925262572,1.0,0.5414259624979666
2023-09-20,-0.49022642362098656,2.7401980183394765,-1.6573027463316958,1.0,0.601249730978356
2023-09-21,-0.4960320276229758,4.43739599102332,-1.6311852249994088,1.0,0.6125583573251546
2023-09-22,-0.65348686273717,2.1426097027299247,-1.9395381870983766,1.0,0.5560583405279896
2023-09-23,-0.979514752473549,1.2126137655305236,-2.3365510518180215,1.0,0.48233955500493453
2023-09-24,-0.8952623272393523,0.7605250682127923,-2.354344691755043,1.0,0.46852623296774143
2023-09-25,-0.5732828971763847,1.4815909161125693,-1.9159588147021258,1.0,0.5346488012028606
2023-09-26,-0.6805230443251541,0.9026476272716335,-1.923413385162996,1.0,0.5031283353425413
2023-09-27,-0.7989244028868306,2.0418500053102306,-1.9673694357790634,1.0,0.5412364755028355
2023-09-28,-0.6276004562528176,2.3599732748860203,-1.9331119166880557,1.0,0.5670551254804611
2023-09-29,-0.6906093923468258,2.0494912000443724,-1.8286663364434514,1.0,0.5533992959639454
2023-09-30,-0.8313347890919275,2.005678464167057,-1.9732085097167136,1.0,0.5373739997436084
2023-10-01,-0.41072189252296787,4.425750792127438,-1.3737995960476215,1.0,0.6268252206302147
2023-10-02,0.01581372068135141,1.3223960422914494,-0.5818159859781277,1.0,0.6117602169416295
2023-10-03,0.2774539935659618,1.0226396930295054,-0.31907790687676163,1.0,0.6254709898847348
2023-10-04,0.34380890062254704,1.2863246891450437,-0.4196994975351885,1.0,0.6375274721713737
2023-10-05,-0.31000935667168344,2.1863545549379815,-0.999068924095952,1.0,0.6121285185411053
2023-10-06,-0.7696085377720657,0.7253639937411152,-1.3226339767511772,1.0,0.5098284646627028
2023-10-07,-0.6920543482938332,0.1598824502443571,-1.6546341077471958,1.0,0.4803703419490195
2023-10-08,-0.30003235323152105,2.1302435152362724,-2.170556461043603,1.0,0.5714061075512898
2023-10-09,-0.24934163259610206,2.2820429157600333,-1.7056287074931693,1.0,0.5966080557338223
2023-10-10,-0.25306026065493104,1.4349262052935672,-1.669578874843784,1.0,0.5622652786821104
2023-10-11,-0.44566686498270425,0.5654356509714629,-1.6098938853886036,1.0,0.5151855649453438
2023-10-12,-0.37122920830600026,-0.02333515852540225,-1.540189643593261,1.0,0.49793943305459953
2023-10-13,-0.44779013651871213,2.203248814210449,-1.608386980057979,1.0,0.5833364588222553
2023-10-14,-0.6411749929758543,1.6645288331427361,-1.748290128049022,1.0,0.5433340309142564
2023-10-15,-0.299015276799276,1.5129397175139587,-1.7412936968022419,1.0,0.5600616798830552
2023-10-16,-0.027359113822588665,0.6943449377803035,-1.3144962876297839,1.0,0.5582905552316806
2023-10-17,0.47276186620807226,0.9267177296899546,-1.3255450844894585,1.0,0.6009458603346377
2023-10-18,0.29903066690280417,2.4850883346970734,-1.323989621637491,1.0,0.6543477376846486
2023-10-19,0.33151625506673904,0.13689724393061697,-1.305661134530796,1.0,0.5592830976838651
2023-10-20,-0.09970663450098263,-0.29094719190137347,-1.3638969398467153,1.0,0.5107668600424867
2023-10-21,-0.5191892892260773,-0.26641369562325506,-1.4724516826463283,1.0,0.48020508731241496
2023-10-22,-0.05971734992751502,-1.414372404530067,-1.4731720904094816,1.0,0.4629809234690968
2023-10-23,0.6846401724711405,-0.4663277090342947,-1.0156892390196925,1.0,0.5673560489876573
2023-10-24,-0.2840722160536834,-0.40529894820520646,-0.9979276736701799,1.0,0.5059101402988649
2023-10-25,-0.5508218414495255,-0.8315244806946895,-1.0723619118655154,1.0,0.4678862934789024
2023-10-26,-0.33897931882798826,0.12210166396856457,-0.9892113243843846,1.0,0.5245152372640115
2023-10-27,0.2455835343195769,1.1380075464709023,-1.0301472925120554,1.0,0.6044509736405242
2023-10-28,0.16640439652399946,0.2769981083255408,-1.1971160340871527,1.0,0.5577313464789257
2023-10-29,-0.11632920826574544,0.050280346002130064,-1.1674418913495044,1.0,0.5304250041540556
2023-10-30,0.17978541822708863,-0.29873879679098503,-0.7838514630251825,1.0,0.5484098625813422
2023-10-31,-0.6825626471211985,-0.06607486662555084,-0.8998459480925508,1.0,0.49674783914610376
2023-11-01,0.7775918045279467,0.5649296108471653,-0.3904716089520728,1.0,0.6373624671220927
2023-11-02,1.135342331759711,1.9359298194874361,-0.038690238235461256,1.0,0.7300635566547752
2023-11-03,2.337399389089201,5.0,-0.21014604445446355,1.0,0.848821757790798
2023-11-04,-0.7269278206334793,-0.6198576925434707,-0.9590492342858653,1.0,0.46874243362559465
2023-11-05,-0.7942190410495734,-0.3973126942161463,-1.1764621811855065,1.0,0.4662819622981721
2023-11-06,-0.3513961575578238,5.0,-0.7535708868703548,1.0,0.6514545599338
2023-11-07,-0.46569269750590386,-0.7085521986852833,-0.7322120602480251,1.0,0.4900237432127854
2023-11-08,-0.40437834160435976,-0.6080753936587544,-0.6673958270144063,1.0,0.5004584415901144
2023-11-09,-0.36976258934296063,-0.08518860450567983,-0.7240790078651407,1.0,0.5226636685938946
2023-11-10,-0.31741966211085043,-0.7781179789562824,-0.6486183276321776,1.0,0.4997964958150257
2023-11-11,-0.6001426981540262,-0.8096787965890716,-0.7052371382385307,1.0,0.4777459656572359
2023-11-12,-0.45714519044204155,-0.14486253998453866,-0.7108881014050964,1.0,0.5147914447576716
2023-11-13,0.8924207478700542,0.3769415127411886,-0.04481659602367598,1.0,0.648706726354764
2023-11-14,-0.0706018637325643,0.15997957347101852,-0.21487277841767205,1.0,0.5697965986985325
2023-11-15,0.6194446706104194,0.7185935037398234,-0.10884347010587063,1.0,0.6426095916929916
2023-11-16,-0.17390974027416414,0.9636845531614706,-0.2875813838908986,1.0,0.5939734942337537
2023-11-17,-0.6689616893051155,0.1699623272145648,-0.6470949975019263,1.0,0.5159144844302016
2023-11-18,-0.8875071331253094,-0.6565652239171632,-0.8229115576530416,1.0,0.46104558820666286
2023-11-19,-0.9086435260435761,-0.9230581647313979,-0.6903139364114321,1.0,0.45295254351957226
2023-11-20,-0.005971592756546475,0.7290717244909851,-0.0018229516654905491,1.0,0.6049191172811716
2023-11-21,-0.5382151294170143,-0.2037650678263982,0.07359872114478556,1.0,0.533082070917592
2023-11-22,-0.8866897920321866,-0.7526128607638104,-0.10822330923642617,1.0,0.4809210343581479
2023-11-23,-1.0033583336478749,-0.5405464589068655,-0.36335518202846956,1.0,0.4734748359014067
2023-11-24,-0.41726126461666824,-0.6818955186142953,-0.4374827438212015,1.0,0.5041875109559197
2023-11-25,-0.2539968214698839,-0.6757208468546543,-0.24453314963463488,0.8705505632961241,0.5023433227896613
2023-11-26,-0.11881458076298457,-0.6299431101325036,-0.13629663137506298,1.0,0.5362881773144447
2023-11-27,0.020709051162242267,-0.4123878749594275,0.8146259622461868,1.0,0.5863519740290463
2023-11-28,0.6577295539881298,-0.4470719525698321,1.4815267265562475,1.0,0.6496048631273406
2023-11-29,1.700961317250243,0.6708113147546803,1.5449048077786738,1.0,0.7678447195240837
2023-11-30,-0.03311769409267581,-0.0535857152408677,1.0050027288400047,1.0,0.6040595065534523
2023-12-01,-0.3533789341734587,-0.711064078104017,0.22391675987800846,1.0,0.5292776264633691
2023-12-02,-1.0190983823165833,-0.7700504833569142,-0.04016122408612598,1.0,0.47363596356948545
2023-12-03,-0.7073565608057918,-0.8919871484483458,-0.357880307900639,1.0,0.47874742116424485
2023-12-04,0.056978668727959675,-0.7422903619968759,0.5189788099526508,1.0,0.5651691064970825
2023-12-05,0.18623387199226987,-0.41336619331822955,0.9054774695772836,1.0,0.6003745823971345
2023-12-06,1.5445904736114289,-0.5319863092191721,1.4770042881841803,1.0,0.7050400782961024
2023-12-07,0.6662491340818951,0.5556942569563733,1.5436126489013073,1.0,0.6940242912753521
2023-12-08,0.13580988333890576,1.0083090281793428,1.013374136003958,1.0,0.6598460062635316
2023-12-09,-1.4190107608751208,-0.2096410481759224,0.028267497329796665,1.0,0.47260648884532175
2023-12-10,-1.2670730053676234,-0.5740759319047738,0.08464755909436515,1.0,0.46943022111593835
2023-12-11,1.0586517212853057,-0.21771618503483842,1.828701384549537,1.0,0.6974619865275534
2023-12-12,1.6752687717252974,0.790040769775846,2.2198607015050924,1.0,0.7935983069058499
2023-12-13,0.19954792861955856,-0.5635154680281143,1.7580183106868905,1.0,0.6234239944296955
2023-12-14,0.4715342436603407,-0.47529567017207036,2.1492444739360037,1.0,0.6582731124513866
2023-12-15,0.06519815187002799,-0.1079115916678409,1.6936829125585389,1.0,0.6313063242237932
2023-12-16,-0.4018045131136801,-0.8167863305906878,0.31671779408361894,1.0,0.5247375284872633
2023-12-17,-0.3225193271803315,-0.7814131878691426,-0.07881239372729204,1.0,0.5183127489025205
2023-12-18,-0.28682802001307406,-0.42257801200507605,1.412243310520303,1.0,0.5853454918495936
2023-12-19,-0.09931903039182122,-0.37519156771710965,2.0181559875451067,1.0,0.6200176155705026
2023-12-20,0.8456148109346044,-0.07485002072673795,2.0960860720578167,1.0,0.6981251056006202
2023-12-21,0.23109570221383713,-0.5670002968284352,1.4018612154288126,1.0,0.6135100749606981
2023-12-22,-0.8228378423143232,-0.8843463610568404,0.9278068566944487,1.0,0.5142232740248251
2023-12-23,-1.3868486673928968,-0.8449248157867756,0.3873977980809971,1.0,0.46025148145205785
2023-12-24,-1.7076348109908912,-0.5499261108959983,-0.35937564037425923,1.0,0.4262649033007987
2023-12-25,-1.7941187374181893,-0.3271601267755529,-1.1983001804926792,1.0,0.4018170728733834
2023-12-26,-1.286419835096322,-0.7022761598572195,-0.29379021018034995,0.8705505632961241,0.43076674848793467
2023-12-27,-1.5389799866588834,-0.9476123605969755,-0.06835260748717246,0.7578582832551991,0.3943178081032412
2023-12-28,-1.4942302326243948,-0.793743427165625,-0.01562775319072232,0.6597539553864472,0.3907541765614157
2023-12-29,-1.4425737139794244,-0.622031798274944,0.07463738032895346,0.5743491774985175,0.39155071677565845
2023-12-30,-1.4962973918372247,-0.619102701455515,0.04480472200888419,0.5,0.37594438538383473
2023-12-31,-1.6478574775915265,-0.7887041784657508,0.0032715693177886164,0.4352752816480621,0.3476805052822942
2024-01-01,-1.2638150957337018,-0.7916448713708182,0.3936261797684793,0.5,0.39588132996958514
2024-01-02,-0.42107436187583275,-0.8182768607267735,1.3607045941063827,0.5743491774985175,0.49434270310631934
2024-01-03,-0.21031231264418473,-0.7035032154399559,1.5409557111766443,0.6597539553864472,0.5319948288609114
2024-01-04,-0.4672802155260678,-0.7882378452602717,1.5970780350944604,0.7578582832551991,0.5279194190705128
2024-01-05,0.7966632830201432,-0.7330604322616234,2.1005173631366345,0.8705505632961241,0.648166530789415
2024-01-06,-1.0086091308970924,-0.9173612267235269,1.2034165509035517,1.0,0.509649891856832
2024-01-07,-1.1992204700834346,-0.9377435362066598,0.6064716617918764,1.0,0.4761950433788894
2024-01-08,-0.5977831278562137,-0.7741689733151631,1.0799872984933951,1.0,0.5388903275379004
2024-01-09,-1.1715913513714533,-0.5298020478881231,1.0730462353021033,1.0,0.5105870324233014
2024-01-10,-0.633705789487872,-0.687239591576527,1.0056718647125245,1.0,0.5376403598755374
2024-01-11,-0.3846540057743585,-0.5463481411192133,1.026376213289606,1.0,0.5608044341780625
2024-01-12,-0.7355519525814513,-0.2749206883618007,1.0521029848297943,1.0,0.5495782739738214
2024-01-13,0.3812561503199203,4.513188919425536,0.7232873503873883,1.0,0.749526655034241
2024-01-14,1.2970321045151854,-0.5488734601551194,1.6329924020699065,1.0,0.6930321595302126
2024-01-15,3.0157079022810804,-0.5243805641981185,2.5864280891820925,1.0,0.8393650794644816
2024-01-16,3.481522449648425,-0.5317719629636124,2.9321213409884117,1.0,0.8505802129094632
2024-01-17,5.0,-0.23793395368626896,3.23420394425689,1.0,0.8650860852630721
2024-01-18,2.5684878062594976,-0.10748545892142299,2.472896406991496,1.0,0.8241838398619571
2024-01-19,0.2591624985600792,-0.48218653561373853,1.9354319502378228,1.0,0.6367007925946937
2024-01-20,1.527106989626077,0.13991083538285198,2.142305214153317,1.0,0.7540469245878013
2024-01-21,1.4470490379541034,1.26671120762958,2.0354447096178485,1.0,0.7920977265021011
2024-01-22,3.1154501298024604,1.3682198028065689,2.369934845904601,1.0,0.9110069866470937
2024-01-23,0.09584097845256963,-0.4999334242597786,1.0783545178362532,1.0,0.596503989813889
2024-01-24,-0.8845081814272724,-0.5934607415415047,0.42136321110217095,1.0,0.5053506973773582
2024-01-25,-0.9009681076232932,-0.4924360567264282,-0.22797092002825856,1.0,0.48681825979390403
2024-01-26,-0.860243314170613,-0.5364930643803594,-0.707449113483034,0.8705505632961241,0.45229751541776164
2024-01-27,-0.9426252969458127,-0.59572374962323,-0.99550898004281,0.7578582832551991,0.4178316004561641
2024-01-28,-0.890947021489013,-0.6894049095769574,-0.33014215109126244,0.7578582832551991,0.439552331453597
2024-01-29,-0.6465754691806765,-0.6111108521263097,0.4186083903300156,0.8705505632961241,0.5009682140547778
2024-01-30,-0.49499042121446163,-0.41999126459963226,0.44054426812674885,1.0,0.5391858114982763
2024-01-31,-0.7870655759690335,-0.5621043188702445,0.3332587205278033,1.0,0.5102165723333977
2024-02-01,-0.6623676570059821,-0.6217745287822934,0.3759979691734462,1.0,0.5174681498061204
2024-02-02,-0.9045073329162765,-0.7001608847558182,-0.3355096176677385,1.0,0.4743424870184979
2024-02-03,-0.9391927795997134,-0.6809906462906649,-0.41708390798368966,1.0,0.47010974083178514
2024-02-04,-0.9368888397266785,-0.8724706583103025,-0.7238041384405753,1.0,0.45206099530727295
2024-02-05,-0.4019223453695416,-0.6668649905761184,0.5198804549461127,1.0,0.5377484841995627
2024-02-06,-0.3087075989353484,-0.6425949552463434,0.5063028587141537,1.0,0.5445214655595176
2024-02-07,-0.23937113716318875,-0.5214216473759942,0.7450235116930572,1.0,0.5621501392715562
2024-02-08,-0.3768548444152946,0.47717700973238936,0.26385203468873863,1.0,0.5785537869341212
2024-02-09,-0.872931309977695,-0.5129019185557899,-0.7360927925740052,1.0,0.47089723964252894
2024-02-10,-0.9327164344600527,-0.7101341140283877,-1.4589264391665764,1.0,0.43459910164592785
2024-02-11,-0.8588058935530173,-0.49786824605441404,-1.3462216764918005,1.0,0.45212770762780485
2024-02-12,-0.6672695723507681,-0.2705796234631532,-0.5243569357288964,1.0,0.5017626463413541
2024-02-13,-0.5756179490317535,-0.39385352823599257,-0.1841111581662271,1.0,0.5140778677825092
2024-02-14,-0.3761234259327551,-0.44119981313639356,0.13889331964914095,1.0,0.5361715567121046
2024-02-15,-0.3761320805873647,1.339133517937369,0.5719126981268265,1.0,0.624785514479127
2024-02-16,-0.5657732027715775,-0.2784574872675202,-0.1877606411979864,1.0,0.5194207031391487
2024-02-17,-0.6999023689591539,-0.2515368540783014,0.048718374285635344,1.0,0.5194830856256485
2024-02-18,-0.6980969041242678,0.27317476488059417,0.11405808440395751,1.0,0.5436444244085388
2024-02-19,-0.347597778189561,-0.2781803358653262,0.25723097872588124,1.0,0.5488103334171701
2024-02-20,-0.29008213789739923,-0.5510173019103726,0.7277695216651883,1.0,0.5569611206160808
2024-02-21,-0.3538681323938876,-0.37117397512014877,0.4210393534636165,1.0,0.5499778539925219
2024-02-22,-0.5033098091349918,-0.4160208752576594,-0.3453729568634318,1.0,0.5125993776931503
2024-02-23,-0.7482337405414692,-0.3031185060211551,-0.8629187234960711,1.0,0.48372385542981833
2024-02-24,-0.6198550811097245,-0.23473880270898959,-0.99150742887563,1.0,0.49084529685062284
2024-02-25,-0.5906693943543637,2.49209049693893,-0.8082612140024723,1.0,0.6125171039487488
2024-02-26,-0.2881670845570148,-0.16589201747330493,-0.46690583760506454,1.0,0.5333131657146425
2024-02-27,-0.7403165405156947,0.17827565893032427,-1.3497024168559502,1.0,0.48808363585918546
2024-02-28,-0.48538057327894657,0.07286370579444004,-0.8434688682084224,1.0,0.5175616539158912
2024-02-29,-0.5365167316022191,1.1577273444156202,-0.7914531278500476,1.0,0.5610890863155014
2024-03-01,0.03326581994120956,1.1977812307383988,0.13519527076002294,1.0,0.6316317816355147
2024-03-02,-0.6915091104316781,-0.35644807641853465,-0.9094965091614838,1.0,0.48373083914839976
2024-03-03,-0.7695599838343845,5.0,-1.8412549089560464,1.0,0.5873208374458395
2024-03-04,-0.5017895983408138,-0.02241422027373982,-1.5203237165200418,1.0,0.48993597704853853
2024-03-05,-0.6519055070170099,-0.30826524194529453,-1.337712498516749,1.0,0.47410483116725377
2024-03-06,-0.6574821871489022,-0.3252100087582686,-1.077522198685897,1.0,0.4817000305356155
2024-03-07,-0.5583719527581836,-0.2421100864099469,-1.0619834947269802,1.0,0.4922878330581406
2024-03-08,-0.605316257545302,-0.13317874559293508,-1.2475444834512877,1.0,0.4875116523155646
2024-03-09,-0.6982722390287254,-0.13119005765267813,-1.4045075949804877,1.0,0.4761653451632071
2024-03-10,-0.39264273150147755,-0.1540719534073189,-0.8643640884957653,1.0,0.5135920168914044
2024-03-11,0.7586869056111113,0.28141292210005514,0.03138912436993741,1.0,0.6383509696072409
2024-03-12,8.377978846913637e-05,5.0,-0.596843140552292,1.0,0.6801108139674882
2024-03-13,-0.3060273715153255,-0.11327703524715986,-1.2390815399787847,1.0,0.5085755807643871
2024-03-14,-0.4981113562635929,0.024573001490911375,-1.41109102910783,1.0,0.4957800836742875
2024-03-15,-0.5369000708157723,-0.09998794439642718,-1.5283851327828961,1.0,0.4840943265030009
2024-03-16,-0.6009227176841645,5.0,-1.7709274288392498,1.0,0.6009075711930807
2024-03-17,-0.33982981315095134,-0.10450880720288218,-1.7541290063354158,1.0,0.48951917861196925
2024-03-18,0.03714833774538284,-0.10604351553715084,-0.3983439776610409,1.0,0.5597799434469429
2024-03-19,0.3794526287388049,-0.10282680698956669,0.1467890841922359,1.0,0.6009053610977629
2024-03-20,-0.004900146499810931,-0.10555313570792006,-0.4659396776997899,1.0,0.554743953655523
2024-03-21,0.7680470696741363,-0.10673423281432394,0.15338003165335728,1.0,0.6268685459994575
2024-03-22,0.3025147929885114,-0.10636489383886925,0.0728665940714185,1.0,0.5931646687583285
2024-03-23,-0.5558843118637778,-0.10812660261935626,-0.9521168137292696,1.0,0.5016985436422994
2024-03-24,-0.3302465277636955,-0.10216919641878913,-1.0270018874348237,1.0,0.5144931187171433
2024-03-25,0.4056943590355148,-0.10242395317644443,-0.23933721025250743,1.0,0.5898007188782656
2024-03-26,0.053131362641267714,-0.10237363866517651,-0.8020496592012619,1.0,0.5475415339249934
2024-03-27,-0.28760343194704274,-0.10785324808523902,-0.9075211865831838,1.0,0.5210818463138728
2024-03-28,-0.25690191450595795,-0.10785633738286479,-0.756614693801598,1.0,0.5281587018485969
2024-03-29,-0.3802082514486743,-0.10851712297078013,-1.121361251451655,1.0,0.507752528064584
2024-03-30,-0.6517895542303155,-0.10105739998929136,-1.7610631035951894,1.0,0.4686345345985855
2024-03-31,-0.6298762369648456,-0.10899082035610669,-1.9808309192008555,1.0,0.4624392693808107
2024-04-01,-0.5136459442583768,-0.10725493725597474,-1.1874372253783907,1.0,0.49670674048449626
2024-04-02,-0.4769597429046488,-0.1074831051899431,-0.9784438836789716,1.0,0.5061094249674767
2024-04-03,-0.3840662930844659,-0.10689557947602112,-0.6948075784243012,1.0,0.5217813453687247
2024-04-04,-0.18541554225486198,-0.1063268691981089,-0.5267908104598343,1.0,0.5406489839510935
2024-04-05,-0.056221936083437424,-0.10807167982281843,-0.5997090989888945,1.0,0.546758580968857
2024-04-06,-0.2243559313264371,-0.10737215875020151,-0.8111363788545087,1.0,0.5285312186684955
2024-04-07,-0.25465661881647217,-0.10266894051914811,-1.4786584552449487,1.0,0.5044564043824391
2024-04-08,-0.12499846626595199,-0.10704970179740678,-1.0660261176022887,1.0,0.5266721607539683
2024-04-09,-0.26653596527761125,-0.10762055861098667,-1.2321987377396144,1.0,0.5116734544480477
2024-04-10,-0.16597653152583736,-0.10758015587352415,-1.1418718366635718,1.0,0.521389996848095
2024-04-11,-0.16891145110220146,-0.10128614087603355,-1.0560875078147796,1.0,0.5243160637961926
2024-04-12,-0.17039318687894872,-0.1054021557082446,-1.046647644911064,1.0,0.5243604428898577
2024-04-13,-0.26403792955808664,-0.1078231213617923,-1.301619294714386,1.0,0.50951753148224
2024-04-14,-0.027475844428150133,-0.09684337670276848,-1.433261743040801,1.0,0.5213577449074813
2024-04-15,0.6562907589353965,-0.10571359835165524,-0.44906298897843144,1.0,0.5993792176984265
2024-04-16,0.7819152587083679,-0.09586203361598868,-0.4716920239681466,1.0,0.6074103650476201
2024-04-17,-0.09040111413075831,-0.10092931154322916,-0.6818092469918549,1.0,0.5420408961772532
2024-04-18,0.6388005163448189,-0.10796711875250503,-0.8027566960876732,1.0,0.5863295146053779
2024-04-19,0.41949101616449463,-0.10773148776340943,-0.8043270809555628,1.0,0.5716663530556388
2024-04-20,-0.3120111518346624,-0.10807467980385854,-1.5643854429058317,1.0,0.4975499634556674
2024-04-21,-0.1149769868383994,-0.1066679014468992,-1.8709202604536899,1.0,0.5005263629686962
2024-04-22,1.4205446558084074,-0.05358180635224159,-0.6349071415065644,1.0,0.646306830405665
2024-04-23,0.6042696079347918,-0.06756515263706594,-0.9667513038220229,1.0,0.580244382375041
2024-04-24,0.009759822922833545,-0.10936940473585627,-1.1836858499815968,1.0,0.531637401331475
2024-04-25,0.5763834585161193,-0.10867560366377663,-1.1293390180840277,1.0,0.5712527798122831
2024-04-26,0.09716413725093966,-0.08666764835564485,-1.156477734541228,1.0,0.5393171993172031
2024-04-27,-0.762021699730289,-0.10665377109311631,-1.5315759260147213,1.0,0.46870211535527684
2024-04-28,0.47675292028949806,-0.10667902779779563,-0.49540947978927774,1.0,0.5858249192014158
2024-04-29,3.1340285408842354,-0.10485509692490712,1.4311386959156158,1.0,0.8183356608253162
2024-04-30,2.5880968259510686,-0.10821776637101156,0.9766440188029307,1.0,0.7755855154247101
2024-05-01,0.853624899413125,-0.10812678562786268,0.9030161994178033,1.0,0.6575035838736408
2024-05-02,2.2928829927572307,-0.10858525102445703,1.7983241988741665,1.0,0.7832786206869353
2024-05-03,1.276845137818833,-0.1087359376775832,1.0631264471799209,1.0,0.6910298933573537
2024-05-04,-0.49090996417140575,-0.11028916079820601,-0.9651965614161235,1.0,0.5055040686414436
2024-05-05,-0.5562030627979033,-0.11030141127100106,-1.1176077383870293,1.0,0.4960703123976138
2024-05-06,0.37275817515945125,-0.10954508806032298,-0.2309902426184324,1.0,0.5875864915875022
2024-05-07,1.0880508332386354,-0.10878191908371751,0.7408929573433695,1.0,0.6677005741655332
2024-05-08,4.376230479065127,-0.109007480676574,1.9126700680582922,1.0,0.8342136905737525
2024-05-09,1.9648985210156227,-0.10855273357962444,1.0940301735209768,1.0,0.7379378766192565
2024-05-10,0.5556330554667949,-0.11018713792551482,-0.5715875860481962,1.0,0.58839815341595
2024-05-11,-0.7333062747042405,-0.1096205059149073,-1.4778089719277963,1.0,0.4722850948756696
2024-05-12,-0.16932859137652695,-0.11065189829526506,-1.6791221677056734,1.0,0.5031301925557398
2024-05-13,0.5501379946448278,-0.10975330581112466,-0.22251482453153032,1.0,0.5996856510831406
2024-05-14,0.6166326938055567,-0.10951845938614611,-0.31836569047658164,1.0,0.6009333874300616
2024-05-15,0.13925848811448646,-0.10911201105368945,-0.5292875518489671,1.0,0.5620946470187631
2024-05-16,1.818416199051983,-0.10761870958208619,0.25211225717122937,1.0,0.7001473756099196
2024-05-17,1.9909685773299546,-0.10800129127796836,-0.0015861940491848315,1.0,0.7031783115504422
2024-05-18,0.5342184396694949,-0.10640242251448087,-0.3927574393959994,1.0,0.593089213726663
2024-05-19,1.2856932489616075,-0.10711253956391119,0.5577869364851381,1.0,0.6748427586651154
2024-05-20,1.970207083427992,-0.10718591761690241,2.4394554140891485,1.0,0.7831962394641335
2024-05-21,3.5154729172736428,-0.1076256388073699,3.666313588639578,1.0,0.8705155983830263
2024-05-22,4.146913612935933,-0.1061482322044205,3.3225065880116165,1.0,0.8705771569914825
2024-05-23,1.801419690573987,-0.10812027400993396,2.434369707393596,1.0,0.7717352915343051
2024-05-24,1.4240165724779958,-0.1071959711075573,2.3298322474646422,1.0,0.7431290142845396
2024-05-25,1.4360789572727484,-0.10759979972230238,1.4909188027203044,1.0,0.7159525655870975
2024-05-26,1.275164443467047,-0.08899876266478546,1.0595202991002868,1.0,0.6916200244234467
2024-05-27,2.6958990883244494,5.0,0.4530582884159362,1.0,0.8948285488354946
2024-05-28,2.248943954113694,-0.14678858889401195,1.152365392086277,1.0,0.757225585473205
2024-05-29,0.06814950762290962,-0.14905803274277002,0.3964899167990089,1.0,0.5865488797038789
2024-05-30,-0.692063064095739,-0.14873648998540084,-0.14712095746680404,1.0,0.5177610767286656
2024-05-31,-0.9246063797877383,-0.14840890192377712,-0.44498520633933103,1.0,0.49234303022268233
2024-06-01,-0.9246063797877383,-0.14840890192377712,-0.44498520633933103,1.0,0.49234303022268233
2024-06-02,-0.9246063797877383,-0.14840890192377712,-0.44498520633933103,1.0,0.49234303022268233
2024-06-03,-0.9246063797877383,-0.14840890192377712,-0.44498520633933103,1.0,0.49234303022268233
2024-06-04,-0.9246063797877383,-0.14840890192377712,-0.44498520633933103,1.0,0.49234303022268233
2024-06-05,-0.9246063797877383,-0.14840890192377712,-0.44498520633933103,1.0,0.49234303022268233
2024-06-06,-0.9246063797877383,-0.14840890192377712,-0.44498520633933103,1.0,0.49234303022268233
2024-06-07,-0.9246063797877383,-0.14840890192377712,-0.44498520633933103,1.0,0.49234303022268233
2024-06-08,-0.9246063797877383,-0.14840890192377712,-0.44498520633933103,1.0,0.49234303022268233
2024-06-09,-0.9246063797877383,-0.14840890192377712,-0.44498520633933103,1.0,0.49234303022268233
2024-06-10,-0.9246063797877383,-0.14840890192377712,-0.44498520633933103,1.0,0.49234303022268233
2024-06-11,,,,,
2024-06-12,,,,,
2024-06-13,,,,,
2024-06-14,,,,,
2024-06-15,,,,,
2024-06-16,,,,,
2024-06-17,,,,,
2024-06-18,,,,,
2024-06-19,,,,,
2024-06-20,,,,,
2024-06-21,,,,,
2024-06-22,,,,,
2024-06-23,,,,,
2024-06-24,,,,,
2024-06-25,,,,,
2024-06-26,,,,,
2024-06-27,,,,,
2024-06-28,,,,,
2024-06-29,,,,,
2024-06-30,,,,,
2024-07-01,-0.8166959880415084,-0.14815383054738648,1.6073132473791427,0.37892914162759955,0.4747970040145364
2024-07-02,-0.05759201596180867,-0.14597486144248026,2.810157186513614,0.4352752816480621,0.5740414448401059
2024-07-03,0.09055991608058239,-0.14881465181386686,3.5948530430108887,0.5,0.599836717246461
2024-07-04,1.828029047866277,-0.14880623266332654,2.7161054094211954,0.5743491774985175,0.717357567102264
2024-07-05,4.138221705514149,-0.14746249306014203,3.455564332839857,0.6597539553864472,0.8178188227637946
2024-07-06,4.107971612704741,-0.1480057027361149,3.062055902877787,0.7578582832551991,0.8325118382076084
2024-07-07,3.3882961586196196,-0.14817848350966628,2.8716470398522964,0.8705505632961241,0.8451300490099258
2024-07-08,4.301626270831936,-0.14784914121714232,3.619988149042792,1.0,0.8688396191159525
2024-07-09,5.0,-0.1476909082334902,3.2257767414558978,1.0,0.8688462121569379
2024-07-10,4.08460534580067,-0.1453478278363797,2.7395151882912274,1.0,0.8602610134498584
2024-07-11,1.8995843014478535,-0.14794734890220018,2.220157683341017,1.0,0.7694797366702991
2024-07-12,0.1600129791609358,-0.1485645270874103,1.8032915449406468,0.8705505632961241,0.6201696459745272
2024-07-13,0.24009219889577052,-0.14835047692870426,2.3422012453040075,0.7578582832551991,0.6265769940527688
2024-07-14,1.6557829558928407,-0.10753272899274188,2.0320196670236714,0.8705505632961241,0.7292215734133661
2024-07-15,3.732176831877364,-0.10712922174685818,2.931193088813937,1.0,0.8682427187210122
2024-07-16,4.476590353306299,-0.10557099194868125,2.8165738870832953,1.0,0.8644870049049149
2024-07-17,2.30558228753719,-0.10573911151519005,2.179251186307364,1.0,0.7969413957329252
2024-07-18,-0.2483175967516359,-0.10751501129678369,1.2630345538952046,1.0,0.5960668532090319
2024-07-19,-0.47106983367423005,-0.10768914445009142,1.0838262614569127,1.0,0.5752358387848613
2024-07-20,-0.5906808281740431,-0.10801967947948656,0.5512465980199718,1.0,0.5494953447440842
2024-07-21,-0.3269453914169132,-0.10788649435459169,1.1305071712244064,1.0,0.5863919423482447
2024-07-22,-0.17083031139515462,-0.10806659251545571,0.9941498972977697,1.0,0.5922468677954381
2024-07-23,0.7966394650571038,-0.10777450951208685,1.5053428559638051,1.0,0.6737967883062635
2024-07-24,-0.17313580253507363,-0.10762713791032648,1.1756155476473797,1.0,0.5981603340063107
2024-07-25,-0.34411730969305315,-0.10713702561559926,1.0210425699429213,1.0,0.5816295556179105
2024-07-26,-0.5011763493758118,-0.10693715599221941,0.8225548885463254,1.0,0.5645510248268143
2024-07-27,-0.5857044307485862,-0.10745228651045147,0.8345939112223407,1.0,0.5592956563862368
2024-07-28,-0.35114857673800964,-0.10773544716611876,1.004352221688509,1.0,0.5805795253084948
2024-07-29,0.4710811063015052,-0.1076572927988013,1.4738787949826027,1.0,0.6510489797195703
2024-07-30,-0.01162371150877504,-0.10778842151818885,1.5485804468265516,1.0,0.6213532498970422
2024-07-31,-0.6142679968138844,-0.1077480865476127,0.9944521252990115,1.0,0.5627077007828909
2024-08-01,2.4366111472995393,-0.10656972814391032,2.0196305817752367,1.0,0.8003213572064809
2024-08-02,1.6484800895487854,-0.10552668516753988,1.6719849770542459,0.8705505632961241,0.7168171444841651
2024-08-03,0.6472961395932488,-0.10718473226038565,1.1368420463935531,1.0,0.651581780341819
2024-08-04,-0.11189510304016609,-0.10748406944706813,0.9796791013242717,1.0,0.5957177936145035
2024-08-05,1.8403588697138349,-0.1065042445933135,1.735635007073313,1.0,0.7511074146919781
2024-08-06,1.4766161275459537,-0.10529669855316462,1.4213212667210127,1.0,0.7164310882873822
2024-08-07,-0.08021835940166117,-0.10693783099411885,0.5422765833926261,1.0,0.5832722525282219
2024-08-08,-0.5983132562481133,-0.10735779514514393,0.41444003876373176,1.0,0.5444538760778692
2024-08-09,-0.6714402259956017,-0.10662202917242562,0.4694615847543774,1.0,0.5414434532099214
2024-08-10,-0.274959579159641,-0.10693382679986907,0.14513793826927818,1.0,0.5570517165483386
2024-08-11,-0.727040435938794,-0.10789151508024908,-0.17855037099939994,1.0,0.5160834787757567
2024-08-12,-0.5440174561252226,-0.10758782524799526,0.23800999366593142,1.0,0.5421830099951831
2024-08-13,-0.6151063221368301,-0.10746399633838738,0.4433288970147084,1.0,0.5442928752439354
2024-08-14,-0.5334472713024387,-0.1074518022116855,0.704575921778658,1.0,0.5584455542136392
2024-08-15,-0.28893317405434193,-0.10727985508504344,0.5434971273911349,1.0,0.5693843653475382
2024-08-16,-0.0030505086382580583,-0.10747799318789009,0.7478514954615733,0.8705505632961241,0.5758293507177585
2024-08-17,-0.7108708681416998,-0.1073929071541874,0.16716132900728511,1.0,0.5287059486260385
2024-08-18,-0.701814581571613,-0.10757325178048581,0.1608172576661558,1.0,0.5290907176599108
2024-08-19,-0.6294519189621159,-0.10774533316017244,0.06304710769868091,1.0,0.5306487201108078
2024-08-20,-0.9259982724374464,-0.1073039212517423,-0.484441391562248,1.0,0.4926477387332727
2024-08-21,-0.9551859642671451,-0.10682111988534121,-0.9721357928509687,1.0,0.47446552929193553
2024-08-22,-0.9377798725399663,-0.10674633245443264,-0.6814938191518141,1.0,0.48531711734000704
2024-08-23,-0.7900022664748033,-0.10679989188118777,-0.22536771986528112,1.0,0.5103709294111209
2024-08-24,-0.7144541162401173,-0.10670827246570654,0.010562760485990566,1.0,0.5232756395807875
2024-08-25,-0.4826704702566025,-0.10665563712812004,0.5762656376639561,1.0,0.55758683835802
2024-08-26,0.3755822815091241,-0.1063184818748629,1.3226225992395932,1.0,0.6396963019971421
2024-08-27,1.1513713409089235,-0.10578877765438142,1.5920987652203622,1.0,0.7004201824990078
2024-08-28,1.8938094879063692,-0.10575608010841905,1.6399746048856485,1.0,0.7515132826854288
2024-08-29,-0.1491316143521269,-0.10514109689752407,1.1468857068393992,1.0,0.5989065369004414
2024-08-30,-0.3318051846963558,-0.1044633935702391,0.36465877440424904,1.0,0.560682305434958
2024-08-31,-0.6912530174706482,-0.1054969621805272,-0.3226884598221173,1.0,0.5137644767503643
2024-09-01,-0.6268928068588564,-0.10637724250600922,-0.22201926617674672,1.0,0.5213741188991009
2024-09-02,-0.9309508231291242,-0.10682162592054446,-0.7946457364428849,1.0,0.4819975194966062
2024-09-03,-0.890661003484219,-0.10667600970594521,-1.0952427782783147,1.0,0.4746696734206939
2024-09-04,-0.7217864714898734,-0.10626047248000113,-0.7916911399393491,1.0,0.4960636775493634
2024-09-05,-0.5368314295617006,-0.10646670857573481,-0.34645363113759803,1.0,0.5232266708006444
2024-09-06,-0.8100366050817185,-0.10647285737902404,-0.7575036611052988,1.0,0.4913110685669162
2024-09-07,-0.8939177890112584,-0.10660447346374655,-1.2960270979109625,1.0,0.46776272440789457
2024-09-08,-0.909191550360578,-0.10655552936145153,-2.0778428169788508,1.0,0.4406859890199393
2024-09-09,-0.6333508660246094,-0.10652108644016485,-1.3598600078503178,1.0,0.4830095634016752
2024-09-10,-0.39917101366145213,-0.10602685910631851,-0.7249282603660027,1.0,0.5198065379476066
2024-09-11,0.15435301996703613,-0.10529650850001414,-0.3313748225654744,1.0,0.5698570193914526
2024-09-12,-0.08584319817510781,-0.10576042775154056,-0.3234736344928454,1.0,0.5540879811489171
2024-09-13,-0.5616221061346772,-0.10617134166719468,-0.38131069010048235,1.0,0.5204243640182057
2024-09-14,-0.5416503574754916,-0.10650120771219347,-0.4585962607924466,1.0,0.5191658838205443
2024-09-15,-0.36834607901602295,-0.1062144738886359,-0.6255077423524218,1.0,0.525167733575158
2024-09-16,-0.29706683506875736,-0.1059497844567354,-0.7764575417683421,1.0,0.5248990519174408
2024-09-17,-0.5701673725300909,-0.10613040488083422,-0.9133786418592961,1.0,0.5021207868993159
2024-09-18,-0.3538252353909704,-0.10567654261683453,-0.6770707139881063,1.0,0.5244394378986303
2024-09-19,-0.14818331306830265,-0.10543411510318985,-0.07937518857351197,1.0,0.5580821847136965
2024-09-20,0.05689092726305015,-0.10549478840482858,-0.06672002613188056,1.0,0.5721731114296061
2024-09-21,-0.260632924448332,-0.1055307333444771,-0.5613587431118359,1.0,0.5345153997103634
2024-09-22,-0.5147756236627368,-0.10574853657184138,-1.2335409546307916,1.0,0.49515740424429777
2024-09-23,-0.5510107008199666,-0.1054451329346354,-1.5459083907877833,1.0,0.48234212638013296
2024-09-24,-0.4920700898688134,0.9511161275496214,-1.6774327096408703,1.0,0.5259107423352843
2024-09-25,-0.2124420393067558,0.9037332797279598,-1.475519090217584,1.0,0.5493087810276285
2024-09-26,-0.39104604393938064,0.003172666889521739,-1.2232196355350986,1.0,0.5082884703399347
2024-09-27,-0.6189732396360695,1.3514306535134302,-1.3404087183879076,1.0,0.5453644373077248
2024-09-28,-0.49351999852600686,2.8082878479959326,-1.7925469740329951,1.0,0.5993590946303302
2024-09-29,-0.5256118498170977,0.3931386207546158,-1.8751134449169982,1.0,0.49383620437973585
2024-09-30,-0.6857313039221736,0.21541088437726788,-1.8875070731161634,1.0,0.4753431308170357
2024-10-01,-0.5281076226299936,0.8613105399969642,-1.5937274502904428,1.0,0.5225565159815259
2024-10-02,-0.45151521684962087,0.48322747282068046,-1.643709750549475,1.0,0.5102431385592378
2024-10-03,-0.2623405090061983,-0.3835186528493054,-1.3654115305401193,1.0,0.4960169711795285
2024-10-04,-0.23745007266167045,-0.13599625694219464,-1.400356118265206,1.0,0.506824947174457
2024-10-05,-0.34617032039068013,0.7538434643792421,-1.599988889688595,1.0,0.5299991600001366
2024-10-06,-0.1598657500996634,1.5864348616571193,-1.4891040627077998,1.0,0.5808069338054758
2024-10-07,0.019200424024497124,-0.45086617120303757,-1.5812629042671988,1.0,0.5047851743259333
2024-10-08,0.17922207357078715,-0.39316102065578923,-1.6782489392141886,1.0,0.5146247977369216
2024-10-09,-0.015503030911243887,-0.2824611491778052,-1.6698272683046114,1.0,0.5065363411133548
2024-10-10,-0.13872602770624004,-0.33206069103339264,-1.6518337557198095,1.0,0.4968546108358657
2024-10-11,-0.19804531810010167,0.9232733322559612,-1.688866729623576,1.0,0.5439711433165391
2024-10-12,0.10385330432580661,-0.39300916753036075,-1.7552631887565238,1.0,0.507039398682738
2024-10-13,0.3049438730999196,1.3516743609571429,-1.6060434598180053,1.0,0.5981145745859421
2024-10-14,-0.010894285278752634,0.7209779066088975,-1.4807750684289038,1.0,0.5549552914758238
2024-10-15,-0.008329327903582966,0.8002910546348656,-1.2994569978782984,1.0,0.5644749388202707
2024-10-16,0.4940055126049219,-0.08286357500258919,-1.2727597553843362,1.0,0.5620557267024091
2024-10-17,1.0510656281238817,0.6053498675452128,-1.1499557984685675,1.0,0.6319620930736903
2024-10-18,1.2172059966289364,2.419619463713662,-1.2260920243984206,1.0,0.716094809950051
2024-10-19,-0.29046817545918874,0.5966001977646219,-1.5769558760498916,1.0,0.5279286006745836
2024-10-20,-0.1703369063183787,0.8497453708481004,-1.554158147556877,1.0,0.5472449917788831
2024-10-21,0.2913058840564472,1.0438403974368333,-1.076490045688826,1.0,0.6020307406406704
2024-10-22,0.19080769754079338,1.5916693460571096,-1.0084958310610752,1.0,0.6204235415530633
2024-10-23,0.16413495269990963,1.4512803560415568,-1.065232694539095,1.0,0.6109045885304224
2024-10-24,0.1118644038579209,-0.41586136630220494,-1.1828190486712227,1.0,0.5257027683722287
2024-10-25,0.07370388958810724,0.25486542245760535,-1.1882000507528934,1.0,0.5509263168831776
2024-10-26,-0.7827355037324522,-1.1750404252307118,-1.4153782151042076,1.0,0.42667834152975004
2024-10-27,-0.6912760406527599,-0.2898592036027828,-1.338643772221029,1.0,0.4722160047323325
2024-10-28,0.5840474684996207,2.4861393450627616,-0.8024005111841568,1.0,0.6907789535714512
2024-10-29,-0.4006650057666878,1.6540848921975901,-0.8721930988696571,1.0,0.5881361001614651
2024-10-30,-0.39914588445854915,-0.3480013866491531,-0.7877895659478342,1.0,0.5076305643941209
2024-10-31,-1.074109429453198,-0.699856436711238,-0.8937709768364783,1.0,0.4444396539456026
2024-11-01,-0.3985340365419696,-0.44413966297698304,-1.0558077110780448,1.0,0.49473165457055956
2024-11-02,-0.812045831422299,-0.9553699340422143,-1.2054167218648855,1.0,0.44087597325792494
2024-11-03,-0.5895646803898489,2.897874843576917,-1.2102539066083258,1.0,0.6160986762361041
2024-11-04,-0.48170715804283565,0.521157004734913,-0.7969683167024433,1.0,0.5380354541043508
2024-11-05,-0.2434332393213791,-0.36806190132634103,-0.6521613616816938,1.0,0.521696492767254
2024-11-06,0.11990676992147621,-0.6838927320374949,-0.5230439353906092,1.0,0.5370634563135158
2024-11-07,0.1993299793530422,-0.8232648224216431,-0.6617342303779941,1.0,0.5319281566767012
2024-11-08,-0.6025046106468286,-0.8227296477726219,-0.8374164464326175,1.0,0.47263874241859827
2024-11-09,-0.8054288632938109,-0.9091740686115389,-1.1213095897246084,1.0,0.4460455032641115
2024-11-10,-0.7050432305578074,0.3212072645072494,-1.0454794263899896,1.0,0.5065314397709486
2024-11-11,-0.27368295005889043,0.1225811604077333,-0.7206511312216056,1.0,0.5378403139723427
2024-11-12,-0.12137865776106586,-0.5452005840344664,-0.5207494842573526,1.0,0.5268330823392477
2024-11-13,0.6583994357379092,3.0864928202151516,-0.31519601251103807,1.0,0.7333867619654927
2024-11-14,-0.47067507788487756,0.22141423112616399,-0.24249620138368388,1.0,0.5447640477251422
2024-11-15,-0.7087335925347991,-0.5663203888355435,-0.38461955113921364,1.0,0.4913337592582253
2024-11-16,-1.1869336471236975,-0.4137259274159738,-0.7219488581834004,1.0,0.454567547943308
2024-11-17,-0.8987729799548776,2.3878255181245547,-0.862223271431149,1.0,0.5858337555438263
2024-11-18,-0.6976723745556657,0.7576653707230516,-0.5797180157118625,1.0,0.5407339649526874
2024-11-19,-0.6227147810566075,5.0,-0.5134589116498147,1.0,0.641370384207899
2024-11-20,-1.0685891343091771,5.0,-0.4029073281156743,1.0,0.6153304801088658
2024-11-21,-0.4618376846282756,5.0,0.27084092977773927,1.0,0.678238852017373
2024-11-22,0.37290728568549536,-0.09976799312788319,0.342563154607862,1.0,0.6071222578189667
2024-11-23,-0.7566638148415761,-0.12454666774557413,0.11473430166778986,1.0,0.5231907779100889
2024-11-24,-0.7924415996424762,-0.12234547122975636,-0.5191980159121232,1.0,0.49976623152552435
2024-11-25,-0.7004778190541638,-0.12028096863022653,-0.09814715094684705,1.0,0.5200182000052348
2024-11-26,-0.5463205236278975,-0.12094646391440851,-0.12260924867102897,1.0,0.5294522208060055
2024-11-27,-0.6962651660896412,-0.12203327166749078,-0.033927396137552954,1.0,0.5223666894032933
2024-11-28,-1.2114187661860492,-0.12154019951400744,-0.20898289150438373,1.0,0.48220847755770024
2024-11-29,-1.1357840462317477,-0.11203855112904945,0.5325515222466951,1.0,0.5123645080290629
2024-11-30,-1.4351583623881223,-0.12185203574011427,0.5090086603137767,1.0,0.4912125630287463
2024-12-01,-0.35177070869787574,-0.12246415464901467,1.135522052850669,0.8705505632961241,0.564879265899207
2024-12-02,4.300913304943825,-0.11604231687872525,2.0622670298688837,1.0,0.8389071377923493
2024-12-03,3.268673251566716,-0.10455607298375436,2.094391971808709,1.0,0.8404565626859672
2024-12-04,3.4464841497415186,-0.06330544978409973,2.3958571308024212,1.0,0.8522241772857432
2024-12-05,1.4372815465863926,-0.10142516474230852,2.412291567763935,1.0,0.7470024401669612
2024-12-06,3.760510713701898,-0.0966686108368898,2.292258050308136,1.0,0.8473807428920674
2024-12-07,0.8924388501269687,-0.07328589301812313,1.769942742455703,1.0,0.6904404358812328
2024-12-08,-0.9476589698871385,-0.09740482297897424,0.7159661031579201,1.0,0.5316297378219975
2024-12-09,-0.7418140794660864,-0.10198743811897026,0.3262253592139248,1.0,0.532170430087768
2024-12-10,-1.0762956924850076,-0.11821537572544034,0.39083851319458707,1.0,0.5113492636189257
2024-12-11,-0.48561756317809085,-0.11807402286598967,1.0418672014117745,1.0,0.5724346515491036
2024-12-12,0.4282332396802607,-0.11119288486158156,1.9142422321637484,1.0,0.6627239201815764
2024-12-13,1.305065232374581,-0.11158330155500838,2.013025875970175,1.0,0.7244559071258526
2024-12-14,-0.7352839800521251,-0.09859006215183895,1.477202561483099,1.0,0.5711132341229683
2024-12-15,-0.869516213208511,-0.1119568922006329,0.8084271862582845,1.0,0.5393149548196824
2024-12-16,-0.7773240499700217,-0.08279085940549567,0.7654081843009612,1.0,0.545242383670135
2024-12-17,-0.7924822537074753,-0.11635244379104298,0.5876214803092583,1.0,0.5369072139385168
2024-12-18,-0.9762907051694351,-0.12140140644202085,0.7577842856709113,1.0,0.5301150372426505
2024-12-19,-0.7783653871225621,-0.11840866979716431,1.2491525910808097,1.0,0.559813699319641
2024-12-20,-0.8284225015251502,-0.096435822980826,1.4962620379380724,1.0,0.5656290752053913
2024-12-21,-0.002636484258953091,-0.11952381520632614,1.676875876048886,1.0,0.6257399379507691
2024-12-22,1.3530557065399536,-0.08295557964981382,1.973267254901393,1.0,0.7275228064473012
2024-12-23,3.532841150207108,0.037338059939006844,2.4657760015688166,1.0,0.8587482858830859
2024-12-24,0.19432376853595032,-0.12294516162417603,1.5417902949105409,1.0,0.6342252126650741
2024-12-25,-1.0303984303939286,-0.1279562419176908,-0.02838679923962914,1.0,0.5000290345858467
2024-12-26,-0.9323193936331451,-0.12311718887085163,0.6894330520957324,1.0,0.5306965926246959
2024-12-27,-0.8364546463228161,-0.1058686213758444,0.6129694441671015,1.0,0.5352574791600555
2024-12-28,-1.0198766585494654,-0.11502227398586741,0.14756206632678645,1.0,0.507134363558184
2024-12-29,-1.1617754182436064,-0.12734165978102147,-0.7157553156308782,1.0,0.4683838924385211
2024-12-30,-0.9063871585330607,-0.1291012674048444,-0.19448000120910816,1.0,0.5027123032489572
2024-12-31,-1.169964936826087,-0.12249001000800668,-0.2577677749428114,1.0,0.48330632796316686
2025-01-01,-1.0860908293882274,-0.1262053034980076,0.3168066245609108,0.8705505632961241,0.4884781957081502
2025-01-02,-0.4985958123423111,-0.1279882633912054,1.411303573142183,1.0,0.5834708873072851
2025-01-03,-0.5096284663868343,-0.11539038094234162,1.701343489670468,1.0,0.5929282860239624
2025-01-04,-0.13404142998743487,-0.12059259358398453,1.7978036768764578,1.0,0.6209660024973869
2025-01-05,-0.28761744134765566,-0.11412398465290334,1.7157034464959882,1.0,0.6082604527661516
2025-01-06,0.43332392981604334,-0.0845169037160989,2.1700934431778274,1.0,0.6727031724388264
2025-01-07,1.7513260062873108,-0.11190593574016562,2.2100293789233474,1.0,0.7607599657274254
2025-01-08,2.3712901718782238,-0.0892094674947054,2.2935694613226825,1.0,0.8058212656903584
2025-01-09,3.268842489209972,-0.08981990950634401,2.3572473847369606,1.0,0.8498324165951344
2025-01-10,2.0371153301511966,-0.09219778610906608,2.1073367596031165,1.0,0.7772106729089726
2025-01-11,-0.40763734729957296,-0.1211597079126541,1.424580632078372,1.0,0.590261876752947
2025-01-12,0.011115297080861954,0.06220654380172046,0.9453763510246939,1.0,0.609845504164619
2025-01-13,0.42041276848815756,-0.10502783662485535,1.3081559368270972,1.0,0.6422565559340782
2025-01-14,0.8428016639398246,-0.12617597195591965,1.841956539885946,1.0,0.6873279967606899
2025-01-15,1.0849506312178618,-0.11436611331998976,2.2788470996460712,1.0,0.7185263573477271
2025-01-16,1.8694674458418572,-0.038169473018586066,1.9530694668191315,1.0,0.7631430839076538
2025-01-17,0.3157675834539959,-0.1155994198042596,1.2596503738199942,1.0,0.6332228755324221
2025-01-18,-0.40350936025711215,-0.09821581986689287,0.47244672055175635,1.0,0.5597552741734638
2025-01-19,2.866613011503386,-0.1015734901014672,1.0560242975483523,1.0,0.7970761152642764
2025-01-20,5.0,-0.10469343098629297,2.2865619414352434,1.0,0.8468565050900794
2025-01-21,4.681984048341408,-0.1216737789560668,2.640070062910532,1.0,0.857932594640515
2025-01-22,4.35172615412053,-0.08999957869936984,2.813953773635581,1.0,0.8650484766753791
2025-01-23,3.015855582890583,-0.029532375611392273,2.3662834659326735,1.0,0.8526455998806145
2025-01-24,1.2310433953457196,-0.11520700706831798,1.6649615381600207,1.0,0.7077679856672021
2025-01-25,0.8370413320016473,-0.09674078763669468,1.060611803389574,1.0,0.6621256160949001
2025-01-26,-0.5222067508918755,-0.12560350741372941,0.3238218611378497,1.0,0.5457467991695646
2025-01-27,-0.1716353769746239,-0.11825339267766499,0.843753056777899,1.0,0.586755518732719
2025-01-28,-0.025011307831816064,-0.12746738603807906,0.3453713381739285,1.0,0.57953381633209
2025-01-29,-0.4395634998456598,-0.1252879356094698,0.04550839551597751,1.0,0.5419923825437607
2025-01-30,-0.09086949752457196,-0.10889849304822465,0.3532414064901642,1.0,0.5761793098376914
2025-01-31,-0.7219365373807998,-0.12530698675682428,-0.21702418097649007,1.0,0.5144156336938627
2025-02-01,-0.643834725721479,-0.12291878911166947,-0.4115948296635641,1.0,0.5132362410834631
2025-02-02,-0.5112299048534222,-0.11126827933219746,-0.18774947065538913,1.0,0.530023512349084
2025-02-03,-0.4157070805301447,-0.12987838534359938,-0.01639369309174826,1.0,0.5413281388056155
2025-02-04,-0.48958754686879036,-0.12751742562660984,-0.28731919903996445,1.0,0.5274702975063065
2025-02-05,-0.37735884813198806,-0.12889717318497887,0.30466030199300415,1.0,0.5546273713082601
2025-02-06,-0.4765693836480097,-0.12484467674586035,0.21213268840053393,1.0,0.545097935839073
2025-02-07,-0.3516039454830295,-0.13106212158735242,-0.21187117099838954,1.0,0.5390364428683787
2025-02-08,-0.478531154770522,-0.12435454324061464,-0.17510909917831374,1.0,0.5320795137409958
2025-02-09,-0.5126608870588453,-0.12554059303492404,-0.2925069924729677,1.0,0.5258415164038562
2025-02-10,-0.02779351876866538,-0.12976498468105352,0.08743947195667531,1.0,0.5706548734522676
2025-02-11,-0.252326623923389,-0.1182793114702634,0.7077168357660081,1.0,0.5768404816193801
2025-02-12,-0.29812050479799246,-0.11735886992316841,0.6027998465467869,1.0,0.5703286749848947
2025-02-13,-0.3494527842225866,-0.11930037421919296,0.33959864257577216,1.0,0.5580522535452203
2025-02-14,0.1723475002547332,-0.11359268811046287,0.6130172949505882,1.0,0.6021907145107326
2025-02-15,-0.38572297228694197,-0.12245367549427336,-0.04753285237455575,1.0,0.5425984702894573
2025-02-16,-0.6064944174829939,-0.1151188395435108,-0.5740605084097148,1.0,0.5106350702398303
2025-02-17,-0.10649029060252739,-0.12803835693735485,0.6543254669511266,1.0,0.5843765646524793
2025-02-18,0.5155800252705643,-0.12522740766302837,1.1656552326720828,1.0,0.6430093674544809
2025-02-19,0.9686276375059863,-0.5370960750528347,1.526342126306917,1.0,0.6680742435834283
2025-02-20,1.26387080347688,-0.43250202834463786,1.4242604192698147,1.0,0.688712483026426
2025-02-21,2.099987038324624,-0.5642192594405298,1.411109693653554,1.0,0.738526989866738
2025-02-22,-0.07844904905278537,-0.38027950646036446,0.3640018469038984,1.0,0.5660584788574291
2025-02-23,-0.5409128708829852,-0.6032787413280902,-0.6755672300441214,1.0,0.49128362005099324
2025-02-24,-0.28381179445830235,0.01713840066003592,-0.2135994628486836,1.0,0.5496733316353253
2025-02-25,-0.3941890771000663,-0.6600809549363992,-1.086046748160906,1.0,0.4850157967989488
2025-02-26,-0.5654516387692087,-0.24392344053794499,-1.0215435324558242,1.0,0.49308829631111095
2025-02-27,-0.6342021616111186,-0.4010597753119039,-1.5612830645762563,1.0,0.46396626310205424
2025-02-28,-0.673265476311127,-0.6134942813609667,-1.4729544819882598,1.0,0.45545489045627585
2025-03-01,-0.4249110379947004,-0.3481476732630696,-1.559468888574774,1.0,0.48018414812856625
2025-03-02,-0.11848857478085453,-0.2724947740136452,-0.8774571712883009,1.0,0.5264982403877645
2025-03-03,0.6956124739265576,0.8339997885915961,0.2218473275970943,1.0,0.6635190670396569
2025-03-04,-0.22466797611165681,0.5713361350115622,-0.5771461290932624,1.0,0.5645896029149292
2025-03-05,-0.5831157940205624,0.6285638331266329,-1.349259218939754,1.0,0.5173404661475804
2025-03-06,-0.2783191617815268,-0.3900476885955434,-0.6102624996258618,1.0,0.5198513188688886
2025-03-07,0.10543491854911362,-0.030449761888051076,-0.4745078680894699,1.0,0.5649433255549564
2025-03-08,-0.39891068940304286,0.14329108052868192,-1.2179881794944172,1.0,0.513776809745345
2025-03-09,-0.3011587314720995,-0.23321959029046765,-1.6079149779638666,1.0,0.491608102374295
2025-03-10,0.602126585670582,0.04440692830762628,-0.9921679086785868,1.0,0.5839197974349037
2025-03-11,-0.09519813499888309,0.8743157372860361,-1.2306241096495574,1.0,0.564062476398674
2025-03-12,0.09741945573753304,-0.41221999610602855,-1.6049267806651029,1.0,0.5108212378559143
2025-03-13,-0.06697451420013355,-0.20968940027230956,-1.399559026868819,1.0,0.5151460064796842
2025-03-14,-0.11182686344247213,5.0,-1.4792771262716111,1.0,0.6432356382281148
2025-03-15,-0.6129229272508367,1.1126525887662904,-1.900750286563054,1.0,0.5171406531631045
2025-03-16,-0.4281016310005272,0.07601372803167022,-2.0654731185973016,1.0,0.4807780259813744
2025-03-17,-0.1412954449387395,0.4687376822359957,-1.4869699225411972,1.0,0.5355453763458773
2025-03-18,0.8898663654869771,5.0,-0.7171532226218889,1.0,0.7354193169450689
2025-03-19,-0.11026689709636149,5.0,-1.3454677253276308,1.0,0.6477999493493216
2025-03-20,-0.22316040706418092,0.20567593848494273,-1.468342352834459,1.0,0.5197477252047786
2025-03-21,0.287336762490259,-0.0509134634647421,-0.9504738844776263,1.0,0.5603519270390654
2025-03-22,-0.45074038997092286,-0.11090269822917037,-1.620378195945683,1.0,0.4863170883775336
2025-03-23,-0.5266991430531673,-0.05595064949726649,-1.6200972752907077,1.0,0.48355220422437917
2025-03-24,-0.43527898013740907,-0.10744921991348363,-1.1304566322478313,1.0,0.5038224627528498
2025-03-25,-0.021054960661768485,-0.11249753811487463,-1.1629922880857229,1.0,0.5301425289315715
2025-03-26,0.113822762672768,-0.11212810814585326,-0.9375046592614777,1.0,0.5466660243633914
2025-03-27,0.9491135345490915,-0.11290199645788782,-0.5718499806583572,1.0,0.614508319762249
2025-03-28,-0.34666581264442,-0.11178965339330658,-1.3572377836968499,1.0,0.5019897841424226
2025-03-29,-0.47633329466359514,-0.10964319648874477,-1.7643842237789045,1.0,0.4798631730427658
2025-03-30,-0.5496483286975665,-0.10989750369352388,-1.8298816804119002,1.0,0.472781659419202
2025-03-31,-0.6641513199583867,-0.11223547898853846,-1.7321388262207331,1.0,0.4683088061708941
2025-04-01,-0.2852775831701657,-0.11006969087354879,-1.4583814948471256,1.0,0.5027825408406869
2025-04-02,-0.37439905690363107,-0.09684732952323243,-1.1212231961649526,1.0,0.5086306509374582
2025-04-03,-0.08267515327324708,-0.11145556958623365,-1.199310950351198,1.0,0.5248673093706505
2025-04-04,-0.1788032062206475,-0.11272487148023659,-1.2320101313119716,1.0,0.5173159122298813
2025-04-05,-0.4583059544988749,-0.1110936408445125,-1.4439286000674065,1.0,0.49168641466264007
2025-04-06,-0.33446278452868056,-0.11295852599458711,-1.4756125241788636,1.0,0.49880879164235137
2025-04-07,-0.2260640271095213,-0.10542036631446168,-0.9035257932734271,1.0,0.5254190231538152
2025-04-08,0.43771241779420844,-0.11267678961587031,-0.5783940254187033,1.0,0.5802061607716625
2025-04-09,1.0079242892521338,-0.07531468519435469,-0.23682897461423308,1.0,0.6311625415799031
2025-04-10,-0.10245624408882421,-0.11264948152419144,-0.819771844690303,1.0,0.536150127174227
2025-04-11,-0.33885715989880033,-0.11220489794250388,-0.7699900156717734,1.0,0.5220679847367499
2025-04-12,-0.3595727591550199,-0.08014616397022255,-0.9493985753149012,1.0,0.5160424400470761
2025-04-13,-0.31786278233540993,-0.062161128289781827,-1.3403961255268009,1.0,0.5065392299813384
2025-04-14,0.177263594702486,-0.06802850597167329,-1.211646569312472,1.0,0.5435948329209302
2025-04-15,0.3355584805376621,0.00718011414126476,-1.1495294107388072,1.0,0.5593520897671033
2025-04-16,0.19570536307117284,-0.11375947454928692,-1.0291435556083866,1.0,0.5490022609115783
2025-04-17,-0.027788958147544333,-0.08244108403132783,-0.8165676839785874,1.0,0.5424934348229055
2025-04-18,-0.1249304122004708,3.699584113136099,-1.300521940747739,1.0,0.648320574495044
2025-04-19,0.4350495370417884,-0.1448205199459866,-1.2971307612101697,1.0,0.5547314220980308
2025-04-20,0.3960766582574445,0.47990195006966957,-1.2219099614323485,1.0,0.5806706930889876
2025-04-21,0.24268346330402568,-0.1370990292096074,-0.9711134496153109,1.0,0.5530959896826911
2025-04-22,0.7938036641407449,-0.15385859623098583,-0.8886257197640801,1.0,0.5918886121076226
2025-04-23,0.6865935226738028,-0.1550189546158214,-0.7295124743566839,1.0,0.5899966959240383
2025-04-24,0.5135585133922577,-0.15438798302992168,-0.5811787845253463,1.0,0.5834317754490589
2025-04-25,0.060104649093225486,-0.15381342351699007,-0.7006944842519548,1.0,0.5492416011512753
2025-04-26,-0.47137499684573386,-0.15419337297010824,-0.9916954131687477,1.0,0.5040937625642383
2025-04-27,-0.7610164091833694,-0.15510738206517577,-1.61765098145246,1.0,0.4638810657533111
2025-04-28,-0.3790043666472736,-0.1488046669310777,-0.7439706516306371,1.0,0.5187338260470323
2025-04-29,0.7575539353753578,-0.15470852788109807,-0.4077522242842419,1.0,0.6054656662205034
2025-04-30,0.8670147896634166,-0.15714299336223347,-0.4781650847674273,1.0,0.6103145250952204
2025-05-01,1.8464082380800508,-0.15011736872656375,-0.14831851803077511,1.0,0.6868950415740375
2025-05-02,1.4586276072833595,-0.14887693236346236,0.06871925845581471,1.0,0.6683292769189403
2025-05-03,0.2596856181023805,-0.1500721915599819,-0.3385653288311873,1.0,0.5747738555974533
2025-05-04,-0.7956090854086824,-0.15670390962789116,-0.8998953076514495,1.0,0.4854335544832107
2025-05-05,-0.2089978608184375,-0.15473501022572597,-0.776289797900803,1.0,0.5287431905893388
2025-05-06,-0.2929794618933214,-0.15728899513843714,-0.8016544308052936,1.0,0.5221925133828339
2025-05-07,-0.17567782970225754,-0.15768498898054914,-0.603018553709384,1.0,0.5366173183553472
2025-05-08,-0.3038744946146972,-0.15731289114217706,-0.386930946531265,1.0,0.5352892983437206
2025-05-09,-0.6430852091899475,-0.15927547274583004,-0.5417138583779727,1.0,0.5074340460769948
2025-05-10,-1.3272789036058015,-0.15956145544453446,-1.2907900244939563,1.0,0.43684001163295905
2025-05-11,-1.0685738450044728,-0.1588212483262629,-0.9334358827566344,1.0,0.46602966222755304
2025-05-12,-0.8786568122537266,-0.15860197890716018,-0.06746051933948553,1.0,0.5075657794173036
2025-05-13,-0.3994883396549893,-0.15838679328102082,-0.1694179803832452,1.0,0.5361207282901833
2025-05-14,-0.12774515720498092,-0.1575887078749021,0.14204120378246712,1.0,0.5646521668176293
2025-05-15,0.9020222757376195,-0.15717830260772744,1.4226867371730185,1.0,0.6760086136796201
2025-05-16,2.4679895392043365,-0.15255535307256515,1.4070193784138836,1.0,0.780076808849395
2025-05-17,0.8923395667686328,-0.1472213126740565,0.47532121818504897,1.0,0.6441991236959915
2025-05-18,-0.1966395769751352,-0.15848493965469065,-0.3666717833839574,1.0,0.5430647629365802
2025-05-19,-0.9124991930633608,-0.155218577251,-0.14635353335281845,1.0,0.5028208286318904
2025-05-20,-0.734993899448542,-0.15539347399752354,-0.38389741356393176,1.0,0.5067290981680693
2025-05-21,-0.5105817780759918,-0.15798841728879176,-0.6958123739275598,1.0,0.5111846182769822
2025-05-22,-1.340243132672044,-0.15923611586588943,-0.930168328974204,1.0,0.4480100086949782
2025-05-23,-1.224918314559722,-0.15922976105535638,-1.0530995010535131,1.0,0.4516008889502616
2025-05-24,-1.19206352332049,-0.15927319300593643,-1.7115840716328365,1.0,0.4318399130156254
2025-05-25,-1.742528393511507,-0.15927389647603832,-2.265970304762928,1.0,0.37666268458730034
2025-05-26,-1.5084084194078389,-0.15892908805516284,-1.6231295104574763,1.0,0.4137130763552631
2025-05-27,-1.3365889561178945,-0.1574274137381106,-0.6763004204496715,1.0,0.4567912466713967
2025-05-28,-1.0954952439454682,-0.15752071241190935,-0.7227548254940821,1.0,0.4713117932033365
2025-05-29,-0.7264874601972314,-0.1575381536227802,-0.2319630598045923,1.0,0.512271310925749
2025-05-30,-0.5181659199015898,-0.157774911743263,0.17785129691866533,1.0,0.5398100272478803
2025-05-31,-1.679376513878043,-0.15922589241995794,-0.44046084236839134,1.0,0.4417251254783525
2025-06-01,-1.8093344685461106,-0.15810225510571033,-1.6966183830082315,0.8705505632961241,0.37181874652833224
2025-06-02,-1.0414303108733454,-0.1570646688512984,0.42796571240375325,1.0,0.513292475153098
2025-06-03,-0.8857452503471259,-0.15567591064953823,2.534708645591738,1.0,0.5939541085528521
2025-06-04,-0.15592161626258103,-0.15716440337122686,3.786450507898158,1.0,0.6580567087753602
2025-06-05,-0.4480404426299208,-0.15790326339312794,3.551684334503608,1.0,0.6385513345166249
2025-06-06,-0.7315590645208849,-0.1577885386667464,3.0288376092771103,1.0,0.6196548732541599
2025-06-07,-0.8592612293498347,-0.15753712671903605,1.656308482974072,1.0,0.5663621538625203
2025-06-08,-1.1611250059864286,-0.15708708224649595,0.896633110111931,1.0,0.5209341415110318
2025-06-09,-0.9243819497107689,-0.1539608562821942,1.725975111775515,1.0,0.5644920047333745
2025-06-10,-0.7110034129950638,-0.15404913393124148,2.213358240868425,1.0,0.5949596665821415
2025-06-11,-0.022660863380430173,-0.1533659171320543,3.3820305882785773,1.0,0.6670990292274691
2025-06-12,1.1667026412364099,-0.15418981217349678,3.8954391768091914,1.0,0.7463556005751983
2025-06-13,-0.40698143342852394,-0.15475538798404032,2.614934552033967,1.0,0.6285842483398957
2025-06-14,-0.708182116298462,-0.15466219094140074,1.2149817036720505,1.0,0.5618429910799458
2025-06-15,-1.188552811244024,-0.15476439505797468,0.3168499224503506,1.0,0.49987629353799445
2025-06-16,-0.35058765422405774,-0.1547751201849394,1.404154062523827,1.0,0.591983661794818
2025-06-17,-0.333720402135072,-0.1429710422053004,2.317768124026081,1.0,0.6240537838999771
2025-06-18,0.7258799040765944,-0.13118578666563277,3.0616453101745273,1.0,0.7179259191607049
2025-06-19,0.8370500630750128,-0.1352293233191798,2.7442488797353914,1.0,0.7166437450578814
2025-06-20,-0.6354929823763567,-0.13903576657131847,2.3648561343243357,1.0,0.6056691820452492
2025-06-21,0.38514928947708016,-0.13654452687535787,3.1571676553370076,1.0,0.6949872640119988
2025-06-22,3.3774496713995017,-0.13459984823525012,3.524507809879393,1.0,0.8693916729901979
2025-06-23,5.0,-0.1332022979217939,4.252243868027055,1.0,0.8694499042532587
2025-06-24,5.0,-0.1350507978125729,3.731212809375222,1.0,0.8693728834244762
2025-06-25,4.116569180499728,-0.13136738690029112,3.164648898926204,1.0,0.8695263588791545
2025-06-26,1.618818875932828,-0.13176966142607988,2.5970195469258726,1.0,0.7639981740669644
2025-06-27,0.13074414360852102,-0.1283989067751672,1.7151959245363075,1.0,0.6355395192761464
2025-06-28,0.22824420708476445,-0.13277023152441272,1.6457851092144795,1.0,0.6395436911326164
2025-06-29,0.4645488125759402,-0.1362387117442475,2.0588515208041636,1.0,0.6689216918758579
2025-06-30,-0.35322429744953054,-0.13446131948498796,1.5001293215137137,1.0,0.5958534692419473
2025-07-01,0.4339624552585306,-0.13493444914892153,1.7270123595721016,1.0,0.6558756402884337
2025-07-02,0.050822814289378994,-0.135406064901201,1.684413485670235,1.0,0.6288933844374164
2025-07-03,0.5728106773040124,-0.13553805726167656,1.8386967602232491,1.0,0.668829851441806
2025-07-04,-0.3288686851297494,-0.13582049611687735,1.0879185019654767,1.0,0.5836801837186627
2025-07-05,-0.1569611221427612,-0.13624658299512654,1.4178782649293362,1.0,0.6061215930633302
2025-07-06,0.47655661787313114,-0.13660465378343276,1.5258527064655392,1.0,0.651940337499417
2025-07-07,0.6614249020945481,-0.1343631912810692,1.7258132182177932,1.0,0.6710236344435184
2025-07-08,1.6852659740129357,-0.130927533180714,1.8339974250848814,1.0,0.7430289985544954
2025-07-09,1.046073032664732,-0.1313321544477939,1.5408422117063132,1.0,0.6906274361325345
2025-07-10,-0.19117159132428962,-0.13536742679270652,1.3259707690455778,1.0,0.6008139434302039
2025-07-11,0.6661714964395704,-0.1330591662450061,1.7473976803964517,1.0,0.6721138905156446
2025-07-12,0.6007563401930422,-0.13137171891106458,1.2537091056139422,1.0,0.6513669045787066
2025-07-13,-0.2609023079566068,-0.1320669092642912,1.1472524012292609,1.0,0.5903454716245228
2025-07-14,0.06804196531392238,-0.12888535383501423,1.4573745857214861,1.0,0.6227450608018521
2025-07-15,0.9859740833365128,-0.12839888781292583,1.5594559850463319,1.0,0.6873635180651066
2025-07-16,1.2596620433440286,-0.1253551573634544,1.5448522195850107,1.0,0.7052494119856251
2025-07-17,2.7055803212269667,-0.028152596239031307,1.434584349309848,1.0,0.8020184748821664
2025-07-18,0.6485380726107813,-0.1266974731832389,0.997657229920545,1.0,0.646212051122102
2025-07-19,-0.2064357014774127,-0.18037380423569557,0.531667358211731,1.0,0.5714442899987429
2025-07-20,1.2413548493077915,0.5617070362038277,0.7274913690424727,1.0,0.7054111620970948
2025-07-21,0.028499821962016586,-0.25596067587523735,0.9315025749463804,1.0,0.5972850458008789
2025-07-22,-0.3252636851969599,-0.6322308333040226,0.8541512783318079,1.0,0.555444512210262
2025-07-23,-0.006879702680150158,-0.7688868457298194,1.2146366046543762,1.0,0.5829922880710601
2025-07-24,1.0594865422148085,-0.8198459129054099,1.397119264225759,1.0,0.6580428319174538
2025-07-25,2.4169886005961647,0.7082324777560652,1.5133846372985205,1.0,0.8160884145228645
2025-07-26,0.5168452723432913,0.12644487187549364,0.8631031877616833,1.0,0.6434949940764212
2025-07-27,0.5136315914932789,-0.45295484801246283,0.8739859050604676,1.0,0.6195018509343816
2025-07-28,2.680735681897351,-0.3402608905590354,1.5767411371830817,1.0,0.7920962129259664
2025-07-29,4.388887315732972,-0.4719832577008535,1.6249528808555243,1.0,0.8094991269576486
2025-07-30,2.285294417950695,1.7098997016464976,1.4465059041961257,1.0,0.8468156455718546
2025-07-31,0.5302271977382673,0.7702810192265368,1.0080159630841357,1.0,0.6760440544197948
2025-08-01,-0.7352788831701619,-0.6326425525908312,-0.5517855759713278,1.0,0.48122844889832694
2025-08-02,-0.7679918086931481,-1.0922229178523282,-0.6516672284214432,1.0,0.456569016895895
2025-08-03,-0.7893437201301385,-1.2530597168989785,-0.3860289688149433,1.0,0.4572986314933686
2025-08-04,-0.4825746041942241,-1.0760621243276378,0.2790864032105578,1.0,0.5072953179804187
2025-08-05,-0.5551038592954601,-0.7411495212045576,0.24609378663528048,1.0,0.5153149722179555
2025-08-06,-0.506407145570864,-0.6197550407054123,0.06413509030885403,1.0,0.5175542332761787
2025-08-07,-0.385055163087109,-0.4464306388530293,0.38241446262659085,1.0,0.5434755279295362
2025-08-08,-0.352697762494817,-0.44408987325084637,0.4542522921666622,1.0,0.5481248141871157
2025-08-09,-0.2624365204812769,-0.46389392115561806,0.27558358439691827,1.0,0.5473614380663281
2025-08-10,-0.4747216625948021,-0.9183469210382049,0.4418000424127924,1.0,0.5198141021975144
2025-08-11,-0.20966734564775746,-0.7991601130727051,1.0177521938501557,1.0,0.5616489120404586
2025-08-12,0.1792232443292362,-0.06894146705500512,1.1354783275763942,1.0,0.6219249327472037
2025-08-13,0.07307271943908912,-0.04742444278265089,0.8377822785355015,1.0,0.6058215721311789
2025-08-14,0.3274327630283678,-0.029801201767083882,0.8261596657925412,1.0,0.6231257896546808
2025-08-15,0.1249443677751532,-0.6888816515998619,1.0421376275753298,1.0,0.5893641432875271
2025-08-16,-0.35202849197509883,-0.7656940212292723,0.7480682139139323,1.0,0.5445631234475715
2025-08-17,0.3545777809418519,-0.36596841108665296,0.6540163915588459,1.0,0.6051903813194744
2025-08-18,-0.28566563708999493,-0.008862112942191807,0.03996619094032321,1.0,0.5569185758527532
2025-08-19,-0.3836585143111474,0.3263030350929919,-0.19028789932289983,1.0,0.5566757955307015
2025-08-20,-0.5772041214325835,-0.30883746408965046,-0.5278739507515244,1.0,0.5060556992090416
2025-08-21,-0.7328440735393263,-0.46547204024107625,-0.8252204629114978,1.0,0.4792417113236168
2025-08-22,-0.71372897988058,-0.5103213893382078,-0.4267129689829147,1.0,0.4919309111527722
2025-08-23,-0.8177942001399051,-0.8680243971945043,-0.6601381087836199,1.0,0.4623080998147814
2025-08-24,-0.8368806710447156,-0.8669777173474383,-0.8788300638346009,1.0,0.45378954824638895
2025-08-25,-0.7943292398585721,-0.8021537187380372,-0.86586286709967,1.0,0.45975955015868797
2025-08-26,-0.8610083805003028,-1.190373952809246,-1.3707661677600398,1.0,0.4223083210075933
2025-08-27,-0.8550379702467324,-0.722752366367563,-1.6240081622661235,1.0,0.43374918130936524
2025-08-28,-0.8227325357558806,-0.8428693038343624,-1.6095255090118252,1.0,0.43138075965611533
2025-08-29,-0.8285019341861374,-0.9491478064866791,-1.628106739430708,1.0,0.4259484878029556
2025-08-30,-0.8462656688751526,-0.9419021950030019,-2.1206210851053093,1.0,0.4086489944463545
2025-08-31,-0.9697805995407823,-1.0478774707656002,-2.510621618833388,1.0,0.3829990114542683
2025-09-01,-0.7136792126338333,-1.1171833592975764,-1.7855262792409887,1.0,0.4213545365456458
2025-09-02,-0.578725016148256,-0.6446034518500836,-1.2510730431741561,1.0,0.4678574203238909
2025-09-03,-0.721591352548767,-0.2641937444732027,-1.109399146277278,1.0,0.4789058656011228
2025-09-04,-0.6535779457947112,-0.2195183476069822,-1.359324769193836,1.0,0.4769707134902672
2025-09-05,-0.22586084241580473,4.083122108682997,-0.8589844188818268,1.0,0.6563097965428855
2025-09-06,-0.5800189452228783,2.7997194415824707,-1.3467642790686862,1.0,0.6080949044154548
2025-09-07,-0.7942922667082438,-0.7901941707238521,-1.9605199376171247,1.0,0.4237717605187191
2025-09-08,-0.6512658769711153,-0.5137085563827807,-1.8709910124767681,1.0,0.4478113846034175
2025-09-09,-0.6109620781812294,0.3712601162077906,-1.7574311767297728,1.0,0.49115732707225024
2025-09-10,-0.5553677705469329,-0.09911477739371169,-1.531471837188044,1.0,0.4827966383325317
2025-09-11,-0.5760097095937711,-0.23975782101484067,-1.0338646736621946,1.0,0.4921472876960571
2025-09-12,-0.44004755678511154,-0.16553179613219082,-0.9620520340183061,1.0,0.5066979369082077
2025-09-13,-0.6620392152142894,-0.6112004418030997,-1.3415739112074576,1.0,0.46067823687033627
2025-09-14,-0.5315633767485568,-0.4792232582466521,-0.8576012919459534,1.0,0.4910080960582872
2025-09-15,-0.1310059431017604,0.020291540990620787,-0.6561608427265718,1.0,0.5452397232436061
2025-09-16,-0.46371150777867015,0.39694283836410355,-1.0688639337761872,1.0,0.5249963866207201
2025-09-17,-0.3985064270320516,0.43228940333195065,-1.0626927305710439,1.0,0.5310218723176597
2025-09-18,-0.21176223994037804,1.0316887885218167,-0.3802922641265384,1.0,0.5911931413881659
2025-09-19,-0.10700946154745593,1.5824364686256085,-0.21305487002142623,1.0,0.6266990597555224
2025-09-20,-0.4278894374933313,1.750217021507423,-0.9718260605030185,1.0,0.5870055447131532
2025-09-21,-0.42098699939001616,1.8675922061778214,-1.3441906168173026,1.0,0.5799441880708315
2025-09-22,-0.06553493879994138,2.0231880627869514,-0.9522265745823505,1.0,0.6231896208767153
2025-09-23,0.28994705808452015,1.6713168064833317,-0.5458984133033805,1.0,0.6457713903656608
2025-09-24,0.1088435796921493,3.363439598539044,-0.9036905657428959,1.0,0.6771332197880467
2025-09-25,0.02976069785169594,0.9930014904286407,-0.7335183245731752,1.0,0.593908497805534
2025-09-26,0.04192773889391378,0.7488730016995091,-0.5166322272505781,1.0,0.5917771500887212
2025-09-27,-0.3349062595796988,0.49440950686130675,-1.1639220067373013,1.0,0.5344759119226645
2025-09-28,0.17679912643174164,-0.1601007540202834,-0.5885337056478298,1.0,0.5604979534896766
2025-09-29,0.4758906552968833,0.29428563461331575,-0.6230365916344481,1.0,0.5982200587408655
2025-09-30,-0.3792063569875298,0.530071389551745,-0.9518632299424117,1.0,0.540077109767407
2025-10-01,-0.10072429359723878,0.5988600315993203,-1.2299648911925807,1.0,0.5522387187037364
2025-10-02,0.20718199137427273,0.7805067965254701,-1.375938198790711,1.0,0.5754686426538224
2025-10-03,0.42441081129937014,0.6532131500258148,-1.1096505147059943,1.0,0.5935229181808339
2025-10-04,0.35065250285542116,0.6832755056180732,-1.0875979074782938,1.0,0.5905933826751714
2025-10-05,0.504632679428428,3.455417100554672,-0.9116504052901949,1.0,0.7032538317855554
2025-10-06,1.8177836350394865,1.5794981534889825,-0.5357795411230576,1.0,0.7441386806939049
2025-10-07,0.5765297616094466,1.7502480607699624,-0.926182764375881,1.0,0.6554895611601822
2025-10-08,-0.13915193875499685,1.5548232207879797,-1.1664526066607874,1.0,0.5916257513938065
2025-10-09,0.03356617261293524,1.5370150356228067,-1.667052677321804,1.0,0.5857116154144191
2025-10-10,-0.34717738775262713,1.8579719830942314,-1.7582926915317916,1.0,0.5706605837276915
2025-10-11,-0.3628121234337685,1.0747136531072987,-1.8437929994517088,1.0,0.5341324940021627
2025-10-12,0.045934630548475526,5.0,-1.788492790477338,1.0,0.6434458823539871
2025-10-13,0.421354014510925,1.9612904172699939,-1.3813310236690632,1.0,0.6387663342313427
2025-10-14,0.07869903564720465,0.112059698063306,-1.317314554482954,1.0,0.5410052713130197
2025-10-15,-0.0014604545146879614,-0.14038363725622569,-1.4024605515919115,1.0,0.5223046330936144
2025-10-16,-0.20767646126787148,0.6935878917939704,-1.3892313268497731,1.0,0.5437466871785649
2025-10-17,0.14831492706312402,1.394254008364189,-1.4345680125513551,1.0,0.5951626450676709
2025-10-18,-0.12613859915834363,-0.055798269926625,-1.5441793734398839,1.0,0.5127931863611717
2025-10-19,-0.47683352875038554,1.3068303480081231,-1.474280507781507,1.0,0.5485196789909291
2025-10-20,-0.040803736292961204,1.0054199912102044,-1.220328037422106,1.0,0.5734946493001576
2025-10-21,-0.015641902490180742,2.7941011087301333,-1.1498877048535963,1.0,0.6520484958692904
2025-10-22,-0.028379077521038503,1.1048203706644735,-1.1033918471174644,1.0,0.5823625153723684
2025-10-23,0.7494380101037139,0.04914613286288808,-1.101455904884088,1.0,0.5902950927133984
2025-10-24,1.1783617140042082,0.017138851682883302,-0.9774773205827727,1.0,0.6216889890676417
2025-10-25,0.4519756445622871,0.6615889494955463,-1.253201535033517,1.0,0.5909245313653496
2025-10-26,-0.37467391284603113,4.345386181630978,-1.3197534777552458,1.0,0.6310299565517564
2025-10-27,0.30846848111612674,2.1216531707018946,-0.9047040692876701,1.0,0.6538099785440652
2025-10-28,0.3474193917990925,0.12263692491476118,-0.8892153703959229,1.0,0.5736306523115238
2025-10-29,-0.0065517494054838955,0.8928449649432972,-0.857422215147973,1.0,0.5831843497406727
2025-10-30,0.005287304583479928,-0.4634159640334842,-0.9528353481439668,1.0,0.5242823101993713
2025-10-31,-0.7043090785653123,-0.6320118544520321,-1.0349366924398595,1.0,0.46721434441214926
2025-11-01,-0.17709673995723188,-0.8879897320537482,-1.3964038699475847,1.0,0.4796471828356922
2025-11-02,-0.41027734010009664,-0.606437104847573,-1.1916364708861251,1.0,0.48265874892847394
2025-11-03,0.2086661048851152,-0.0885902888525496,-0.7742286045176416,1.0,0.5594121914728968
2025-11-04,0.1414164389845657,-0.42314412462706036,-0.7509381311821546,1.0,0.5417654863667717
2025-11-05,-0.21070074530988744,0.5574971089480714,-0.7767151748042389,1.0,0.5582918240253693
2025-11-06,-0.14745212125430732,-0.5837450505281531,-0.7015174404166415,1.0,0.5174632334638184
2025-11-07,0.28444856517032563,0.7651092101487296,-0.6085218977517965,1.0,0.6055587248424923
2025-11-08,-0.22576011552147357,-0.5382857065968026,-0.996023090965738,1.0,0.5043199848248437
2025-11-09,-0.3646658287681445,-0.04386659941491263,-0.7875734114165386,1.0,0.522608722725951
2025-11-10,1.4697766122081468,0.2183002203615185,0.27295150497746046,1.0,0.6911793334948552
2025-11-11,2.95481166862613,0.666422510013646,0.4794902210289051,1.0,0.8157380565266076
2025-11-12,1.432771888620432,0.3640368059155947,0.43756330914067754,1.0,0.7002717697925345
2025-11-13,-0.05047280758333583,-0.7807406663883932,-0.2850496068031779,1.0,0.5296026315014887
2025-11-14,0.9635940443886026,-0.1637515101974385,-0.07615837398802656,1.0,0.6298780109014127
2025-11-15,-0.39479184938353196,5.0,-0.8255315191221856,1.0,0.6461628260703584
2025-11-16,-0.8075972883384506,5.0,-0.8488549397531059,1.0,0.6178650161189998
2025-11-17,0.31500606484389093,-0.21486239455248932,0.24077534059852684,1.0,0.5950736492365233
2025-11-18,1.9576477262859686,0.5912158159971561,0.4365899818859951,1.0,0.7446968401484794
2025-11-19,0.7167920016938957,-0.31624816052799576,0.13922520247599998,1.0,0.6142499668401266
2025-11-20,1.1115749570811198,-0.2358358959169571,0.07694367236445303,1.0,0.6418432905543499
2025-11-21,-0.38111978968047167,-0.44428018684764137,-0.08712561780834734,1.0,0.5281761523090386
2025-11-22,-1.0069372041178175,-0.46774353542118285,-0.72409185688628,1.0,0.4642451438533869
2025-11-23,-1.0462497580455103,-0.16697054964734967,-0.7642170301699384,0.8705505632961241,0.4534015933837471
2025-11-24,-0.3515414123603828,-0.3324870186895131,0.15370703413879785,1.0,0.542833847868538
2025-11-25,-1.1852455059509739,-0.6365767405662625,-0.1774570071588593,1.0,0.4635443685077122
2025-11-26,-1.487856198081126,0.12692342361143774,-0.11395950816408582,1.0,0.4772994125062653
2025-11-27,-1.43253935635648,-0.49920081384163023,-0.3214083142112016,1.0,0.44798373185912665
2025-11-28,-0.9330329423792075,-0.6000167875974635,0.5671361407166063,1.0,0.5067016423820454
2025-11-29,-0.7160325364748181,-0.07654508936300647,0.4949243919822742,1.0,0.5405725985776294
2025-11-30,-1.324292404942271,-0.15381036400898243,0.36451476294355,1.0,0.49245556660159273
2025-12-01,0.46082820017063086,-0.5300566979125526,1.424833942039513,1.0,0.6311306489996695
2025-12-02,-0.02680615767124853,-0.5669931145172193,1.7695652027491957,1.0,0.6085737164753392
2025-12-03,0.784553309921273,-0.37560584347534454,1.6447096927939517,1.0,0.6664769669430772
2025-12-04,0.48797780548854636,-0.6219425174710091,1.816871145947575,1.0,0.6421799536695303
2025-12-05,0.7775302068260005,-0.14601652329531706,2.146254903972951,1.0,0.6922931554501935
2025-12-06,0.12005177440400658,-0.4814621563967861,1.7356248313816465,1.0,0.6207966894897893
2025-12-07,-0.1112438059514178,-0.5064174346331726,0.814880361543688,1.0,0.5736456985449796
2025-12-08,2.0614041262555474,-0.3062266667273568,2.4964887788055954,1.0,0.78288378993025
2025-12-09,3.6597831013375854,0.6465888536063727,2.5047970475927235,1.0,0.8854344371533563
2025-12-10,1.3893894653962915,1.1243041663115205,1.8780621883037611,1.0,0.7770740442328582
2025-12-11,1.9905016847835422,-0.6062253455561978,1.7287049872425313,1.0,0.7400642224954791
2025-12-12,2.0491993503520796,-0.3045704914899536,1.6261695554212503,1.0,0.7531285047254322
2025-12-13,1.1481009462682765,-0.3173863826583981,1.3733478315878564,1.0,0.6840938915267137
2025-12-14,4.252397264154841,-0.22902652364740483,2.724021953477174,1.0,0.8562579599639307
2025-12-15,4.723746977786229,1.0938254451219314,2.880493421746234,1.0,0.9165925076049549
2025-12-16,4.4100731281751875,0.2965381706155516,2.328991177186693,1.0,0.8649887963485378
2025-12-17,1.2578888747383192,0.07510950976938505,1.4913479049744505,1.0,0.7117004180554274
2025-12-18,0.40411431479401605,0.28985977991349066,0.849539812797232,1.0,0.6423364389092376
2025-12-19,-0.7789656285865968,-0.6957477215530589,0.8207666838423222,1.0,0.5214383591575935
2025-12-20,-0.17320023339509494,-0.2997855734612388,0.7871054657086101,1.0,0.577199101069729
2025-12-21,-1.031057411174548,-0.6841110872001211,0.39832790025458903,1.0,0.4910358072968447
2025-12-22,-0.00307041460164401,-0.08064302575327362,1.2370068059075607,1.0,0.6126687398170894
2025-12-23,-0.606727056179165,-0.5529748070027706,0.6760154416918074,1.0,0.5340447606860005
2025-12-24,-1.169086937761847,-0.6964306570398178,-0.04656513056865869,1.0,0.4664907557535959
2025-12-25,-1.2169739779749749,-0.17325343574919674,-0.852712718660056,1.0,0.45822575102345
2025-12-26,-0.8300629783039316,5.0,0.28349862376196555,1.0,0.6541124222384701
2025-12-27,-1.0685567891380567,-0.39042749683038935,0.0461652417616191,1.0,0.4890339097482507
2025-12-28,-1.1689622481559123,-0.17420195016752152,-0.11001536717270245,1.0,0.48614358996020235
2025-12-29,-1.0504690919895507,-0.431464657885173,1.1291877833852673,1.0,0.5246306259016567
2025-12-30,-0.34785194552557586,-0.5266279162092037,1.6134091973801372,1.0,0.5836473470355827
2025-12-31,-0.5243132069441052,-0.41614522852010627,1.5136748994923879,0.8705505632961241,0.5537448161595535
