Date,strategy,long_book,short_book,cum_strategy
2018-01-03,0.0,0.0,0.0,0.0
2018-01-04,0.0,0.0,0.0,0.0
2018-01-05,0.0,0.0,0.0,0.0
2018-01-08,0.0,0.0,0.0,0.0
2018-01-09,0.0,0.0,0.0,0.0
2018-01-10,0.0,0.0,0.0,0.0
2018-01-11,0.0,0.0,0.0,0.0
2018-01-12,0.0,0.0,0.0,0.0
2018-01-16,0.0,0.0,0.0,0.0
2018-01-17,0.0,0.0,0.0,0.0
2018-01-18,0.0,0.0,0.0,0.0
2018-01-19,0.0,0.0,0.0,0.0
2018-01-22,0.0,0.0,0.0,0.0
2018-01-23,0.0,0.0,0.0,0.0
2018-01-24,0.0,0.0,0.0,0.0
2018-01-25,0.0,0.0,0.0,0.0
2018-01-26,0.0,0.0,0.0,0.0
2018-01-29,0.0,0.0,0.0,0.0
2018-01-30,0.0,0.0,0.0,0.0
2018-01-31,0.0,0.0,0.0,0.0
2018-02-01,0.0,0.0,0.0,0.0
2018-02-02,0.0,0.0,0.0,0.0
2018-02-05,0.0,0.0,0.0,0.0
2018-02-06,0.0,0.0,0.0,0.0
2018-02-07,0.0,0.0,0.0,0.0
2018-02-08,0.0,0.0,0.0,0.0
2018-02-09,0.0,0.0,0.0,0.0
2018-02-12,0.0,0.0,0.0,0.0
2018-02-13,0.0,0.0,0.0,0.0
2018-02-14,0.0,0.0,0.0,0.0
2018-02-15,0.0,0.0,0.0,0.0
2018-02-16,0.0,0.0,0.0,0.0
2018-02-20,0.0,0.0,0.0,0.0
2018-02-21,0.0,0.0,0.0,0.0
2018-02-22,0.0,0.0,0.0,0.0
2018-02-23,0.0,0.0,0.0,0.0
2018-02-26,0.0,0.0,0.0,0.0
2018-02-27,0.0,0.0,0.0,0.0
2018-02-28,0.0,0.0,0.0,0.0
2018-03-01,0.0,0.0,0.0,0.0
2018-03-02,0.0,0.0,0.0,0.0
2018-03-05,0.0,0.0,0.0,0.0
2018-03-06,0.0,0.0,0.0,0.0
2018-03-07,0.0,0.0,0.0,0.0
2018-03-08,0.0,0.0,0.0,0.0
2018-03-09,0.0,0.0,0.0,0.0
2018-03-12,0.0,0.0,0.0,0.0
2018-03-13,0.0,0.0,0.0,0.0
2018-03-14,0.0,0.0,0.0,0.0
2018-03-15,0.0,0.0,0.0,0.0
2018-03-16,0.0,0.0,0.0,0.0
2018-03-19,0.0,0.0,0.0,0.0
2018-03-20,0.0,0.0,0.0,0.0
2018-03-21,0.0,0.0,0.0,0.0
2018-03-22,0.0,0.0,0.0,0.0
2018-03-23,0.0,0.0,0.0,0.0
2018-03-26,0.0,0.0,0.0,0.0
2018-03-27,0.0,0.0,0.0,0.0
2018-03-28,0.0,0.0,0.0,0.0
2018-03-29,0.0,0.0,0.0,0.0
2018-04-02,0.0,0.0,0.0,0.0
2018-04-03,0.0,0.0,0.0,0.0
2018-04-04,0.0,0.0,0.0,0.0
2018-04-05,0.0,0.0,0.0,0.0
2018-04-06,0.0,0.0,0.0,0.0
2018-04-09,0.0,0.0,0.0,0.0
2018-04-10,0.0,0.0,0.0,0.0
2018-04-11,0.0,0.0,0.0,0.0
2018-04-12,0.0,0.0,0.0,0.0
2018-04-13,0.0,0.0,0.0,0.0
2018-04-16,0.0,0.0,0.0,0.0
2018-04-17,0.0,0.0,0.0,0.0
2018-04-18,0.0,0.0,0.0,0.0
2018-04-19,0.0,0.0,0.0,0.0
2018-04-20,0.0,0.0,0.0,0.0
2018-04-23,0.0,0.0,0.0,0.0
2018-04-24,0.0,0.0,0.0,0.0
2018-04-25,0.0,0.0,0.0,0.0
2018-04-26,0.0,0.0,0.0,0.0
2018-04-27,0.0,0.0,0.0,0.0
2018-04-30,0.0,0.0,0.0,0.0
2018-05-01,0.0,0.0,0.0,0.0
2018-05-02,0.0,0.0,0.0,0.0
2018-05-03,0.0,0.0,0.0,0.0
2018-05-04,0.0,0.0,0.0,0.0
2018-05-07,0.0,0.0,0.0,0.0
2018-05-08,0.0,0.0,0.0,0.0
2018-05-09,0.0,0.0,0.0,0.0
2018-05-10,0.0,0.0,0.0,0.0
2018-05-11,0.0,0.0,0.0,0.0
2018-05-14,0.0,0.0,0.0,0.0
2018-05-15,0.0,0.0,0.0,0.0
2018-05-16,0.0,0.0,0.0,0.0
2018-05-17,0.0,0.0,0.0,0.0
2018-05-18,0.0,0.0,0.0,0.0
2018-05-21,0.0,0.0,0.0,0.0
2018-05-22,0.0,0.0,0.0,0.0
2018-05-23,0.0,0.0,0.0,0.0
2018-05-24,0.0,0.0,0.0,0.0
2018-05-25,0.0,0.0,0.0,0.0
2018-05-29,0.0,0.0,0.0,0.0
2018-05-30,0.0,0.0,0.0,0.0
2018-05-31,0.0,0.0,0.0,0.0
2018-06-01,0.0,0.0,0.0,0.0
2018-06-04,0.0,0.0,0.0,0.0
2018-06-05,0.0,0.0,0.0,0.0
2018-06-06,0.0,0.0,0.0,0.0
2018-06-07,0.0,0.0,0.0,0.0
2018-06-08,0.0,0.0,0.0,0.0
2018-06-11,0.0,0.0,0.0,0.0
2018-06-12,0.0,0.0,0.0,0.0
2018-06-13,0.0,0.0,0.0,0.0
2018-06-14,0.0,0.0,0.0,0.0
2018-06-15,0.0,0.0,0.0,0.0
2018-06-18,0.0,0.0,0.0,0.0
2018-06-19,0.0,0.0,0.0,0.0
2018-06-20,0.0,0.0,0.0,0.0
2018-06-21,0.0,0.0,0.0,0.0
2018-06-22,0.0,0.0,0.0,0.0
2018-06-25,0.0,0.0,0.0,0.0
2018-06-26,0.0,0.0,0.0,0.0
2018-06-27,0.0,0.0,0.0,0.0
2018-06-28,0.0,0.0,0.0,0.0
2018-06-29,0.0,0.0,0.0,0.0
2018-07-02,0.0,0.0,0.0,0.0
2018-07-03,0.0,0.0,0.0,0.0
2018-07-05,0.0,0.0,0.0,0.0
2018-07-06,0.0,0.0,0.0,0.0
2018-07-09,0.0,0.0,0.0,0.0
2018-07-10,0.0,0.0,0.0,0.0
2018-07-11,0.0,0.0,0.0,0.0
2018-07-12,0.0,0.0,0.0,0.0
2018-07-13,0.0,0.0,0.0,0.0
2018-07-16,0.0,0.0,0.0,0.0
2018-07-17,0.0,0.0,0.0,0.0
2018-07-18,0.0,0.0,0.0,0.0
2018-07-19,0.0,0.0,0.0,0.0
2018-07-20,0.0,0.0,0.0,0.0
2018-07-23,0.0,0.0,0.0,0.0
2018-07-24,0.0,0.0,0.0,0.0
2018-07-25,0.0,0.0,0.0,0.0
2018-07-26,0.0,0.0,0.0,0.0
2018-07-27,0.0,0.0,0.0,0.0
2018-07-30,0.0,0.0,0.0,0.0
2018-07-31,0.0,0.0,0.0,0.0
2018-08-01,0.0,0.0,0.0,0.0
2018-08-02,0.0,0.0,0.0,0.0
2018-08-03,0.0,0.0,0.0,0.0
2018-08-06,0.0,0.0,0.0,0.0
2018-08-07,0.0,0.0,0.0,0.0
2018-08-08,0.0,0.0,0.0,0.0
2018-08-09,0.0,0.0,0.0,0.0
2018-08-10,0.0,0.0,0.0,0.0
2018-08-13,0.0,0.0,0.0,0.0
2018-08-14,0.0,0.0,0.0,0.0
2018-08-15,0.0,0.0,0.0,0.0
2018-08-16,0.0,0.0,0.0,0.0
2018-08-17,0.0,0.0,0.0,0.0
2018-08-20,0.0,0.0,0.0,0.0
2018-08-21,0.0,0.0,0.0,0.0
2018-08-22,0.0,0.0,0.0,0.0
2018-08-23,0.0,0.0,0.0,0.0
2018-08-24,0.0,0.0,0.0,0.0
2018-08-27,0.0,0.0,0.0,0.0
2018-08-28,0.0,0.0,0.0,0.0
2018-08-29,0.0,0.0,0.0,0.0
2018-08-30,0.0,0.0,0.0,0.0
2018-08-31,0.0,0.0,0.0,0.0
2018-09-04,0.0,0.0,0.0,0.0
2018-09-05,0.0,0.0,0.0,0.0
2018-09-06,0.0,0.0,0.0,0.0
2018-09-07,0.0,0.0,0.0,0.0
2018-09-10,0.0,0.0,0.0,0.0
2018-09-11,0.0,0.0,0.0,0.0
2018-09-12,0.0,0.0,0.0,0.0
2018-09-13,0.0,0.0,0.0,0.0
2018-09-14,0.0,0.0,0.0,0.0
2018-09-17,0.0,0.0,0.0,0.0
2018-09-18,0.0,0.0,0.0,0.0
2018-09-19,0.0,0.0,0.0,0.0
2018-09-20,0.0,0.0,0.0,0.0
2018-09-21,0.0,0.0,0.0,0.0
2018-09-24,0.0,0.0,0.0,0.0
2018-09-25,0.0,0.0,0.0,0.0
2018-09-26,0.0,0.0,0.0,0.0
2018-09-27,0.0,0.0,0.0,0.0
2018-09-28,-0.007963887056322203,0.0,-0.007963887056322203,-0.007932259323387925
2018-10-01,0.0,0.0,0.0,-0.007932259323387925
2018-10-02,0.0,0.0,0.0,-0.007932259323387925
2018-10-03,0.0,0.0,0.0,-0.007932259323387925
2018-10-04,0.0,0.0,0.0,-0.007932259323387925
2018-10-05,0.0,0.0,0.0,-0.007932259323387925
2018-10-08,0.0,0.0,0.0,-0.007932259323387925
2018-10-09,0.0,0.0,0.0,-0.007932259323387925
2018-10-10,0.0,0.0,0.0,-0.007932259323387925
2018-10-11,0.0,0.0,0.0,-0.007932259323387925
2018-10-12,0.0,0.0,0.0,-0.007932259323387925
2018-10-15,0.0,0.0,0.0,-0.007932259323387925
2018-10-16,0.0,0.0,0.0,-0.007932259323387925
2018-10-17,0.0,0.0,0.0,-0.007932259323387925
2018-10-18,0.0,0.0,0.0,-0.007932259323387925
2018-10-19,0.0,0.0,0.0,-0.007932259323387925
2018-10-22,0.0,0.0,0.0,-0.007932259323387925
2018-10-23,0.0,0.0,0.0,-0.007932259323387925
2018-10-24,0.0,0.0,0.0,-0.007932259323387925
2018-10-25,0.0,0.0,0.0,-0.007932259323387925
2018-10-26,0.0,0.0,0.0,-0.007932259323387925
2018-10-29,0.0,0.0,0.0,-0.007932259323387925
2018-10-30,0.0,0.0,0.0,-0.007932259323387925
2018-10-31,0.0,0.0,0.0,-0.007932259323387925
2018-11-01,0.0,0.0,0.0,-0.007932259323387925
2018-11-02,0.0,0.0,0.0,-0.007932259323387925
2018-11-05,0.0,0.0,0.0,-0.007932259323387925
2018-11-06,0.0,0.0,0.0,-0.007932259323387925
2018-11-07,0.0,0.0,0.0,-0.007932259323387925
2018-11-08,0.0,0.0,0.0,-0.007932259323387925
2018-11-09,0.0,0.0,0.0,-0.007932259323387925
2018-11-12,0.0,0.0,0.0,-0.007932259323387925
2018-11-13,0.0,0.0,0.0,-0.007932259323387925
2018-11-14,0.0,0.0,0.0,-0.007932259323387925
2018-11-15,0.0,0.0,0.0,-0.007932259323387925
2018-11-16,0.0,0.0,0.0,-0.007932259323387925
2018-11-19,0.0,0.0,0.0,-0.007932259323387925
2018-11-20,0.0,0.0,0.0,-0.007932259323387925
2018-11-21,0.0,0.0,0.0,-0.007932259323387925
2018-11-23,0.0,0.0,0.0,-0.007932259323387925
2018-11-26,0.0,0.0,0.0,-0.007932259323387925
2018-11-27,0.0,0.0,0.0,-0.007932259323387925
2018-11-28,0.0,0.0,0.0,-0.007932259323387925
2018-11-29,0.0,0.0,0.0,-0.007932259323387925
2018-11-30,0.0,0.0,0.0,-0.007932259323387925
2018-12-03,0.0,0.0,0.0,-0.007932259323387925
2018-12-04,-0.0007018879391676634,0.0,-0.0007018879391676634,-0.00862833539313046
2018-12-06,-0.002163136484557081,0.0,-0.002163136484557081,-0.010770489889034729
2018-12-07,-0.0035425250522796744,0.0,-0.0035425250522796744,-0.014268660374414321
2018-12-10,-0.0002521268792119269,0.0,-0.0002521268792119269,-0.014517158412981623
2018-12-11,-0.002513799865973151,0.0,-0.002513799865973151,-0.016991353928994535
2018-12-12,0.0015069701077817137,0.0,0.0015069701077817137,-0.015508872536657337
2018-12-13,-0.005254192794790167,0.0,-0.005254192794790167,-0.02066801329617618
2018-12-14,0.0021824681806800615,0.0,0.0021824681806800615,-0.01852831833810209
2018-12-17,0.01703477553726361,0.0,0.01703477553726361,-0.0016659530037146375
2018-12-18,0.0004528712587795029,0.0,0.0004528712587795029,-0.001213733816361473
2018-12-19,0.0025953535965733527,0.0,0.0025953535965733527,0.0013818364661704052
2018-12-20,-0.004919754074383419,0.0,-0.004919754074383419,-0.00353261704002672
2018-12-21,0.007724914132853414,0.0,0.007724914132853414,0.004194816381962063
2018-12-24,0.01920498854111357,0.0,0.01920498854111357,0.023666746940341765
2018-12-26,-0.005476396291333327,0.0,-0.005476396291333327,0.018076064532505542
2018-12-27,-0.004551654285448957,0.0,-0.004551654285448957,0.01345266429234826
2018-12-28,0.0020698389239368503,0.0,0.0020698389239368503,0.01555252049683209
2018-12-31,0.006284233713804417,0.003496097456292984,0.0027881362575114337,0.021954584849636305
2019-01-02,0.00471730454545605,0.0,0.00471730454545605,0.026786844517240338
2019-01-03,0.001187036481482673,0.0,0.001187036481482673,0.02800640164658863
2019-01-04,-0.004720086764831795,0.0,-0.004720086764831795,0.023165555829668394
2019-01-07,0.0025566953392648396,0.0,0.0025566953392648396,0.02578482534785964
2019-01-08,-0.003964737705785726,0.0,-0.003964737705785726,0.021725909158699652
2019-01-09,0.0015439127084701711,0.0,0.0015439127084701711,0.02330458312823902
2019-01-10,-0.0022985937635863632,0.0,-0.0022985937635863632,0.02095512285702905
2019-01-11,0.0054467722465492896,0.0,0.0054467722465492896,0.026531204924088225
2019-01-14,0.006008941890695529,0.0,0.006008941890695529,0.032718141137394685
2019-01-15,-0.005769710402069588,0.0,-0.005769710402069588,0.026776812889771406
2019-01-16,-0.0009675994920381312,0.0,-0.0009675994920381312,0.025783784671459253
2019-01-17,-0.0005427036821643364,0.0,-0.0005427036821643364,0.02522723906774771
2019-01-18,0.00021427426064348306,0.0,0.00021427426064348306,0.025446942413935858
2019-01-22,-0.00019717154572560023,0.0,-0.00019717154572560023,0.025244773386885244
2019-01-23,-0.0033978407770262837,0.0,-0.0033978407770262837,0.021767066582370154
2019-01-24,-0.0008722867216256994,0.0,-0.0008722867216256994,0.0208761813477647
2019-01-25,0.0019767857703929135,0.0,0.0019767857703929135,0.022896230801084272
2019-01-28,0.0018062884275644765,0.0,0.0018062884275644765,0.024745546121000217
2019-01-29,-0.0010383338525357861,0.0,-0.0010383338525357861,0.023682070347223805
2019-01-30,-0.0022207871411388386,0.0,-0.0022207871411388386,0.021411212847652017
2019-01-31,-0.006736529872489889,0.0,-0.006736529872489889,0.014553569991960558
2019-02-01,0.0,0.0,0.0,0.014553569991960558
2019-02-04,0.0,0.0,0.0,0.014553569991960558
2019-02-05,0.0,0.0,0.0,0.014553569991960558
2019-02-06,0.0,0.0,0.0,0.014553569991960558
2019-02-07,0.0,0.0,0.0,0.014553569991960558
2019-02-08,-0.0029867878363481135,0.0,-0.0029867878363481135,0.011527834593983544
2019-02-11,-0.0004971067182389546,0.0,-0.0004971067182389546,0.011025122272909416
2019-02-12,-0.0008492989128712619,0.0,-0.0008492989128712619,0.010166824263052376
2019-02-13,0.0008702197874711139,0.0,0.0008702197874711139,0.01104627402396563
2019-02-14,-0.0009138224325566021,0.0,-0.0009138224325566021,0.010122779277782712
2019-02-15,-0.0009517038143773536,0.0,-0.0009517038143773536,0.009161898885047703
2019-02-19,-0.0013319245114458548,0.0,-0.0013319245114458548,0.007818666156780285
2019-02-20,-0.0003752876060718064,0.0,-0.0003752876060718064,0.007440515264313774
2019-02-21,-0.0012211621457669213,0.0,-0.0012211621457669213,0.006211017903567928
2019-02-22,-0.0010594807195583715,0.0,-0.0010594807195583715,0.005145521266532116
2019-02-25,0.002484636859606184,0.0,0.002484636859606184,0.007646048042036391
2019-02-26,0.001318101105714881,0.0,0.001318101105714881,0.008975103134199136
2019-02-27,-0.0002449580670851975,0.0,-0.0002449580670851975,0.008727976812227034
2019-02-28,0.0037497294748470773,0.0,0.0037497294748470773,0.012517534306453193
2019-03-01,-0.0020390401732247425,0.0,-0.0020390401732247425,0.01045507381239763
2019-03-04,0.0045010027739048625,0.0005673205588974293,0.003933682215007433,0.015013385694168324
2019-03-05,0.0009928377431909952,0.0005654094189562866,0.0004274283242347085,0.016021629721870934
2019-03-06,0.00058074388393033,-0.0006168944901301986,0.0011976383740605286,0.016611849435929082
2019-03-07,0.0017818954306884948,0.0006404698142697998,0.001141425616418695,0.018424960352509734
2019-03-08,-0.001699976133481881,-0.00046842558903191847,-0.0012315505444499626,0.01669513297538483
2019-03-11,-0.0003409941143014746,0.0020717123868242834,-0.0024127065011257578,0.016348505021406057
2019-03-12,-0.0035912582000358724,0.00046264699361650894,-0.0040539051936523815,0.012705081272171403
2019-03-13,0.00015513337713268037,0.0001538556478995383,1.2777292331420738e-06,0.012862197818163779
2019-03-14,0.0018223867465085796,0.00046094117621749934,0.0013614455702910804,0.014709707390673898
2019-03-15,-0.0014607470571296405,0.0007653566877010433,-0.002226103744830684,0.013228555229463757
2019-03-18,0.0005311888912584425,-0.00010181138550491116,0.0006330002767633537,0.01376691395473606
2019-03-19,-0.00015702844666611255,-0.0031884619275462465,0.0030314334808801335,0.013607736209000354
2019-03-20,-3.394361026025607e-05,5.193692799015718e-05,-8.588053825041325e-05,0.013573331286962587
2019-03-21,-0.003420907498215142,0.0009832324431072908,-0.004404139941322433,0.010111914646674602
2019-03-22,-0.0015213953892738957,-0.0005685326336664927,-0.0009528627556074031,0.008576303469162605
2019-03-25,-5.4952533578085834e-05,0.0008263168306123573,-0.0008812693641904432,0.008520881168792016
2019-03-26,-9.364763435575269e-07,0.0005144416572770412,-0.0005153781336205987,0.008519936713287102
2019-03-27,0.001230847575865381,-0.000565886733903873,0.001796734309769254,0.00976203529280184
2019-03-28,-0.001298285020123707,-0.003910704002042756,0.0026124189819190487,0.008451926999498038
2019-03-29,-0.00205143478419455,0.0007894456597368644,-0.0028408804439314143,0.006385274164791621
2019-04-01,0.0005801929946604713,0.0,0.0005801929946604713,0.006969341270228746
2019-04-02,-0.00046970318678239914,0.0010028503397798794,-0.0014725535265622785,0.006496475623586129
2019-04-03,-0.0004695312042601184,-0.0016330259336343053,0.0011634947293741869,0.006024005049821923
2019-04-04,-0.003996316508313395,-0.005504491982800628,0.0015081754744872328,0.002011637396201138
2019-04-05,0.00469059415106253,0.007463764763811548,-0.0027731706127490175,0.006722707543291184
2019-04-08,-0.0011100296628080608,-0.003513648324632421,0.0024036186618243602,0.0056058354709416225
2019-04-09,0.00290384702094807,0.0027452833426740144,0.0001585636782740554,0.00853020488629297
2019-04-10,0.00013381571120592322,-0.00044557497503837834,0.0005793906862443016,0.008665171103031222
2019-04-11,0.000266257155876409,0.0017121034632015517,-0.0014458463073251427,0.008933771179480132
2019-04-12,0.0006414737319071831,0.0016506733723609477,-0.0010091996404537648,0.009581183317665776
2019-04-15,-0.0009673598668345764,-8.491420748803262e-05,-0.0008824456593465438,0.00860502722185097
2019-04-16,-0.00223236440860219,-0.006825175025512127,0.004592810616909937,0.006355964554477067
2019-04-17,-0.00014657717018253978,-0.0010636127263271254,0.0009170355561445858,0.006208466555180037
2019-04-18,-0.000169312906762494,0.001568458666423092,-0.001737771573185586,0.006038116896503354
2019-04-22,-0.0015426267309503507,-0.0008518948719599946,-0.0006907318589903562,0.0044873720227966984
2019-04-23,-0.0020515445588708543,-0.0003004129216297942,-0.0017511316372410602,0.00242873383629294
2019-04-24,0.0020305582118975104,0.0021452328824943137,-0.00011467467059680329,0.004466291723477234
2019-04-25,-0.0002918940362235797,0.0020283006569963243,-0.002320194693219904,0.0041731367905051275
2019-04-26,0.0012758088871926713,0.0011617181043658011,0.00011409078282687007,0.00545508739080236
2019-04-29,0.00047259915557011764,-0.001162864606282789,0.0016354637618529065,0.005930376917935298
2019-04-30,0.0013611050884422807,0.006654352722308254,-0.005293247633865973,0.007300486092338687
2019-05-01,-0.0018167905931178474,-0.0025290100255864947,0.0007122194324686472,0.00547209345095756
2019-05-02,-0.003979940804863092,-0.004077446100757633,9.750529589454127e-05,0.0014783267872828798
2019-05-03,0.00034802648933777557,-0.0005484621087264057,0.0008964885980641813,0.001826928431287067
2019-05-06,-0.0030279283511650238,-0.004671019351941462,0.0016430910007764385,-0.0012019438100584479
2019-05-07,0.0026847215034082614,0.0012988155347386067,0.0013859059686696547,0.0014831535655006611
2019-05-08,-0.002536258792093111,-0.007451786634378886,0.004915527842285775,-0.0010536485346932523
2019-05-09,0.004112183128256795,-0.0012674138005788964,0.005379596928835691,0.0030626595034890514
2019-05-10,0.0015268047800659876,0.002838282835012543,-0.0013114780549465556,0.004595310098117533
2019-05-13,-0.002459922512084365,-0.002248698005113247,-0.0002112245069711184,0.0021271205014785632
2019-05-14,-0.0017408515697985081,-0.0026009648812611117,0.0008601133114626036,0.0003840835551167654
2019-05-15,-0.0006240054755221112,-0.0011537402037864754,0.0005297347282643642,-0.0002399668649576414
2019-05-16,-0.002143098316359959,-0.0008822105741110287,-0.0012608877422489303,-0.0023802566638282396
2019-05-17,-0.00220651386078565,-0.001027373032248006,-0.001179140828537644,-0.004579091683196146
2019-05-20,0.0009736978928348821,0.0015386621915608853,-0.0005649642987260032,-0.0036093804159897935
2019-05-21,0.0013163808424493208,0.0036268570320825717,-0.0023104761896332506,-0.0022968872118487305
2019-05-22,0.0001595456143045245,-0.0009107472941427635,0.001070292908447288,-0.002137695356981939
2019-05-23,-0.0014610417100292899,-0.00448916645949596,0.00302812474946667,-0.003594549283600035
2019-05-24,0.001400756338867161,0.0,0.001400756338867161,-0.0021978500431441006
2019-05-28,-0.0008995502497566909,-0.0024096684132331016,0.001510118163476411,-0.0030950196312835576
2019-05-29,7.792785869674282e-05,-0.0035595455543081145,0.0036374734130048573,-0.0030173299337826753
2019-05-30,0.0005179972360100294,-0.00264633345512088,0.0031643306911309094,-0.0025007618874789417
2019-05-31,0.0002797839924113631,0.0014753570318386535,-0.0011955730394272905,-0.0022216385229086866
2019-06-03,-0.0004448369252733431,0.0011710101654707596,-0.0016158470907441027,-0.002665388475832642
2019-06-04,0.002343863891268093,0.005061428511549783,-0.00271756462028169,-0.0003250302232037372
2019-06-05,-0.0017152657346360106,0.007254656775321925,-0.008969922509957935,-0.0020382686949638185
2019-06-06,0.0019696767252308537,0.003664434414814641,-0.0016947576895837869,-7.06695691690129e-05
2019-06-07,0.00026899395612802314,-0.003944303663898587,0.004213297620026611,0.0001983415568334035
2019-06-10,-0.0024196008393449035,-0.0047347657209778965,0.002315164881632993,-0.0022188137351589754
2019-06-11,0.002487852502660132,-0.00013582979059682983,0.0026236822932569617,0.0002666090869496429
2019-06-12,-2.3555324097380634e-05,0.004985205495316676,-0.0050087608194140576,0.00024304776028727382
2019-06-13,-0.0021122368083098136,-0.0011538369014988201,-0.000958399906810994,-0.0018674726782889062
2019-06-14,0.0022268656424914725,0.006191295586774533,-0.003964429944283061,0.00035771102648296527
2019-06-17,-0.0007313003322883607,-0.0045263067835059866,0.003795006451217626,-0.00037358346945259857
2019-06-18,0.0010834810849319435,0.0009151290375555618,0.00016835204737638155,0.0007100798031736133
2019-06-19,-0.0025550169867878205,0.0022108637954332934,-0.004765880782221114,-0.0018434878560358303
2019-06-20,0.00104025708283561,0.0035820179036369216,-0.002541760820801312,-0.0008046082172322722
2019-06-21,7.622179780896431e-06,0.0015049984409124376,-0.0014973762611315412,-0.0007969921412943615
2019-06-24,0.0005385238126570601,-0.0006564448446696518,0.001194968657326712,-0.00025875261349039835
2019-06-25,0.0031175586007212317,-0.0037301693609752347,0.006847727961696467,0.0028628626918243416
2019-06-26,0.0035261635500128154,-0.011858090196633453,0.015384253746646266,0.006405363211444026
2019-06-27,0.0029030276875416008,0.0015000677471884434,0.0014029599403531572,0.009331230728113482
2019-06-28,0.0004726474336150914,0.004375136416240351,-0.0039024889826252598,0.009808401301825143
2019-07-01,0.0017760317980395335,0.001464667234384223,0.0003113645636553104,0.011603446689467445
2019-07-02,-0.0024807973357664223,-0.0008961592656059317,-0.0015846380701604905,0.009096973865097446
2019-07-03,0.0006176233226886521,0.002674214844252238,-0.0020565915215635857,0.00972040819498421
2019-07-05,0.001533306973508324,0.0012980645324793339,0.00023524244102899008,0.011269807086669026
2019-07-08,-0.000652437904608555,-0.0017641555231121125,0.0011117176185035575,0.010610231522186098
2019-07-09,-0.0003528302220740683,-0.0005609615409586728,0.00020813131888460458,0.010253720587382498
2019-07-10,0.0020696956112656313,0.0017237273291757236,0.00034596828208990747,0.012346803554294628
2019-07-11,0.0004272855744937514,0.0001390161801814758,0.0002882693943122756,0.012779457166579355
2019-07-12,0.00033859964596483336,0.0,0.00033859964596483336,0.013122441996210377
2019-07-15,-0.0026690530964898177,-0.001628830523493766,-0.0010402225729960516,0.010421969860180402
2019-07-16,-0.003709884139606271,-0.007410721414091722,0.003700837274485451,0.006680366169362628
2019-07-17,0.0020661863932751523,0.0034355241861632364,-0.0013693377928880842,0.008762505747808902
2019-07-18,0.0010384823519472707,0.0014306431716784647,-0.00039216081973119407,0.009810631943417025
2019-07-19,0.004310764944329591,0.00018980524373087834,0.004120959700598712,0.014173084213661147
2019-07-22,0.0006927345387602483,-0.0009512724383754806,0.001644006977135729,0.01487588033484566
2019-07-23,-0.00026461917510822567,-0.0021605142603497145,0.001895895085241489,0.014607360245903145
2019-07-24,0.0019372708135347214,0.0012996553707627276,0.0006376154427719938,0.016574834622117285
2019-07-25,-0.0011240611758607283,0.0005265956911204387,-0.0016506568669811673,0.015432784305621894
2019-07-26,-0.002451183823581966,-0.001971237560352439,-0.0004799462632295269,0.012946819913351337
2019-07-29,0.0003252419457027196,0.00014498649846928538,0.00018025544723343425,0.013276326289696216
2019-07-30,0.0007340797824839185,0.0014434908607266661,-0.0007094110782427476,0.014020425035403239
2019-07-31,-0.000703741655797889,-0.00299966140106204,0.002295919745264151,0.01330706766156653
2019-08-01,0.00018259005387668518,0.0008764385776712698,-0.0006938485237945846,0.01349210434605963
2019-08-02,-0.002040842814874246,0.0016904320953243174,-0.0037312749101985634,0.011425835449163202
2019-08-05,-0.0031645845516473127,-0.008832327942478436,0.005667743390831122,0.008230152047282502
2019-08-06,-0.002146347482822366,0.0045065027920584665,-0.006652850274880832,0.006068460498811712
2019-08-07,0.001630960170394423,-0.0019450184920729106,0.0035759786624673336,0.007710656901013024
2019-08-08,0.0038781551494443504,0.008924752305844084,-0.005046597156399733,0.01162630300814338
2019-08-09,-0.002943529010778714,-0.007089653630357577,0.004146124619578863,0.008652929889054972
2019-08-12,-0.001675628311731726,-0.0014256171523299155,-0.0002500111594018103,0.006964217705115461
2019-08-13,0.00011880587755980958,0.005027748431396699,-0.00490894255383689,0.007083858079520278
2019-08-14,9.022947263965186e-05,-0.005572265095886991,0.005662494568526643,0.007174730824576869
2019-08-15,-0.004533607417095824,0.0018876531918492515,-0.006421260608945076,0.0026189309019293283
2019-08-16,0.00014667584064636413,0.006573422559843135,-0.006426746719196771,0.0027660016620671968
2019-08-19,-0.002566505907169099,0.00017950456697611442,-0.0027460104741452137,0.00019569655778295392
2019-08-20,0.001384382636380241,-0.0002452012721923363,0.0016295839085725774,0.0015813090006875363
2019-08-21,0.0005804139046690745,0.003487753186644107,-0.002907339281975033,0.002162809458239101
2019-08-22,0.0010327685524693184,0.0006613566768528495,0.00037141187561646897,0.0031983463352196484
2019-08-23,0.0005612386840467137,-0.005984922432336964,0.006546161116383678,0.0037615380826689915
2019-08-26,-0.0028593844272877707,0.0031880462104137332,-0.006047430637701504,0.0008954974806454352
2019-08-27,-0.0023235169737703468,-0.0030655887583556606,0.0007420717845853133,-0.0014274005052136163
2019-08-28,0.0006116050875439988,-0.00015147824054999206,0.0007630833280939907,-0.0008164816215753268
2019-08-29,-0.0033827456837810205,0.002253158498615325,-0.005635904182396346,-0.004190754983707912
2019-08-30,0.0013767268445485914,0.005074338703006153,-0.003697611858457561,-0.0028188535139427318
2019-09-03,-0.006360605037862872,0.0015312323643772727,-0.007891837402240144,-0.009141400011311696
2019-09-04,0.001180087789251675,0.0026924946642685453,-0.0015124068750168702,-0.007971409666708507
2019-09-05,0.0047485894160184065,0.0027934633104039442,0.0019551261056144627,-0.0032494708007564377
2019-09-06,-0.0024466820996786433,-0.0021296646055134383,-0.0003170174941652049,-0.005685221509479366
2019-09-09,-0.0010435271270936932,0.000721490740379235,-0.0017650178674729284,-0.006722274762995029
2019-09-10,0.002569149000826963,0.00557819635312959,-0.003009047352302627,-0.004167115400546928
2019-09-11,0.002869539203608492,0.011439176720877832,-0.00856963751726934,-0.001305430002380703
2019-09-12,0.005365207210113156,0.0015144801007883906,0.0038507271093247662,0.004067172981679024
2019-09-13,-0.0006325819787376661,-0.0020167250367053983,0.0013841430579677322,0.003432219033994599
2019-09-16,0.000592663995713897,0.003967822843139199,-0.0033751588474253023,0.004027093445265528
2019-09-17,0.003256897442632454,0.003430990878096489,-0.00017409343546403525,0.007302437552930474
2019-09-18,-0.000823792317570639,0.0021437213235414934,-0.0029675136411121327,0.0064729712442992415
2019-09-19,0.000981440252299688,0.0017767962531598251,-0.0007953560008601369,0.007461249219695043
2019-09-20,-0.0016160182654286754,0.0012899844531346146,-0.00290600271856329,0.005834488231005741
2019-09-23,-0.0006890765202332931,3.629579107973665e-05,-0.00072537231131303,0.005141630045494283
2019-09-24,0.0005249436134572186,0.0030793646619658444,-0.0025544210485086254,0.00566941124037057
2019-09-25,-0.0010640290796975573,3.72490146780158e-05,-0.0011012780943755734,0.0045999188286647286
2019-09-26,0.00268434326171305,0.0012836743730540604,0.0014006688886589896,0.007300232514442895
2019-09-27,-0.001640041656542361,-0.0032298898602024276,0.0015898482036600667,0.005649572118366475
2019-09-30,-0.0001910424585728051,-0.0005407150700281722,0.0003496726114553669,0.005457468702184887
2019-10-01,0.002003887594873985,-0.0020259413651878707,0.004029828960061856,0.007474312540167283
2019-10-02,-0.0007616269917308089,-0.008924088754083827,0.008162461762353017,0.00670728504176199
2019-10-03,-0.0020129455823378337,-8.505920406385427e-05,-0.0019278863782739796,0.00468287625555841
2019-10-04,0.004417773954014528,0.010638759229454876,-0.006220985275440349,0.009131156612220748
2019-10-07,0.0010697975492356745,-0.0012793878114363238,0.0023491853606719985,0.010211300314949323
2019-10-08,0.0022384116374483355,-0.0033628184591924203,0.005601230096640756,0.01247510176037725
2019-10-09,0.0010980343426629173,0.0013955478185088783,-0.00029751347584596117,0.013587444776857138
2019-10-10,0.0023199812445984687,0.0013421480810373938,0.0009778331635610746,0.01594167847157335
2019-10-11,0.004730719534878488,0.005972019140679,-0.001241299605800512,0.02075919980279517
2019-10-14,0.005382195692559747,0.0016865602001060122,0.003695635492453735,0.026267936823347604
2019-10-15,-0.0030177415746132337,-0.0013428196691296153,-0.0016749219054836184,0.023175593696681096
2019-10-16,0.0033229873385705625,0.0019032915271192915,0.001419695811451271,0.026581248579858663
2019-10-17,0.0005844487711787628,0.0006453559269785996,-6.090715579983659e-05,0.027181408093267745
2019-10-18,-0.004978560015680844,-0.0010683703980878395,-0.003910189617593004,0.02208023259676284
2019-10-21,0.00378846701431137,0.0053316102894518285,-0.0015431432751404585,0.025959693809363582
2019-10-22,-0.0018701931312875056,0.0015735416749384852,-0.003443734806225991,0.024042744128816906
2019-10-23,-0.0003701081369183799,0.0016541132834007068,-0.0020242214203190865,0.0236638077047151
2019-10-24,-0.005226553139827129,-0.0005598598782226493,-0.00466669326160448,0.01832753172892554
2019-10-25,0.004252986087907241,-0.0005506761604277509,0.004803662248334992,0.022667687322962093
2019-10-28,0.002421695460120759,-0.0032323250164699594,0.005654020476590718,0.02514727821374696
2019-10-29,0.00025122703198535417,0.0012366902453230463,-0.0009854632133376926,0.025404855275606097
2019-10-30,-0.0008924073292844674,0.0031035484286982976,-0.003995955757982766,0.02449018465735886
2019-10-31,0.0039002677128846513,0.00114805386515872,0.002752213847725931,0.028493773104880216
2019-11-01,-0.0003775102566148915,0.0008610240950893445,-0.0012385343517042362,0.028105579434824834
2019-11-04,0.002152552385882103,0.001222313498757782,0.0009302388871243211,0.030321014116950096
2019-11-05,-0.0018240306491536448,-0.006266659740520803,0.004442629091367158,0.028443389951331666
2019-11-06,-0.0039468227119993995,-0.003902140025288863,-4.468268671053696e-05,0.024392305935847736
2019-11-07,0.0020707270251434763,0.0029510773501844425,-0.000880350325040966,0.02651574053604655
2019-11-08,0.0032379268723934647,-0.0013407819009365696,0.004578708773330034,0.029844910332805563
2019-11-11,0.005155404343509813,0.0005759682120996161,0.004579436131410197,0.035167886514354096
2019-11-12,0.0005496409444987788,0.0013361050923590293,-0.0007864641478602505,0.03573701356264891
2019-11-13,-0.003596945403690002,-0.0019120733044586341,-0.001684872099231368,0.03201821623724399
2019-11-14,0.006464734139707953,0.00216537816060099,0.004299355979106963,0.03871155163841267
2019-11-15,0.0022891581679921292,-0.0008882283905517359,0.0031773865585438656,0.04109205030047858
2019-11-18,0.004109190655380639,0.0030258613474518047,0.001083329307928834,0.045378897729552836
2019-11-19,-0.00036041301546483847,-0.0015060777786154171,0.0011456647631505786,0.04500219745663703
2019-11-20,0.002201401804056689,0.0015684414722908623,0.0006329603317658267,0.047305201167561206
2019-11-21,-1.5926975512776443e-05,-0.0015684414722908822,0.0015525144967781057,0.04728852089610114
2019-11-22,-0.00019004953673860134,0.000566357939680396,-0.0007564074764189973,0.0470895031100913
2019-11-25,1.539617843174918e-05,-0.0016414356016858271,0.0016568317801175763,0.04710562441101818
2019-11-26,0.001364001509152564,-0.0006356640059227575,0.0019996655150753212,0.048534852576054055
2019-11-27,0.0008625246514004408,0.001962692397746151,-0.0011001677463457103,0.049439629874522995
2019-11-29,-0.000560428408671201,0.00031440720986244437,-0.0008748356185336453,0.04885165886597331
2019-12-02,0.014352427564853392,-0.0004403696597948587,0.014792797224648251,0.06401377262366736
2019-12-03,-0.0009400831900767443,-0.00043718495872237527,-0.000502898231354369,0.06301398117921009
2019-12-04,-0.010024468840810813,-0.0077833717147612076,-0.0022410971260496053,0.05241106374567739
2019-12-05,-0.005468907357851969,-0.0047306026366379485,-0.0007383047212140201,0.04667123473823298
2019-12-06,-0.0037242545088695734,-0.002862746539843514,-0.0008615079690260596,0.0427804143727617
2019-12-09,-0.00470960770140452,-0.005168536353966141,0.0004589286525616212,0.037880874214534455
2019-12-10,0.0021373642858416126,0.001546834225077085,0.0005905300607645278,0.04010157610708842
2019-12-11,0.0014344960331654322,0.00209615218525099,-0.0006616561520855575,0.04159466835351777
2019-12-12,0.0021258528620670715,0.0006095532435706152,0.0015162996184964563,0.043811300642605966
2019-12-13,-0.005735039452529013,-0.0011126239277720223,-0.004622415524756991,0.037842134714290765
2019-12-16,0.002514106317029607,0.00524341402753427,-0.002729307710504663,0.04045466289196242
2019-12-17,-0.001991173625716926,-0.0022389810261374127,0.000247807400420487,0.03838499822312147
2019-12-18,-0.002791419204732137,-0.0006431990918533784,-0.0021482201128787586,0.03549047219446533
2019-12-19,0.003010021652983357,0.003139738718642756,-0.00012971706565939893,0.038612016538436045
2019-12-20,-0.0005027989973336736,-0.00046411123796021416,-3.868775937345952e-05,0.0380899347200081
2019-12-23,-0.0034448835111696796,-0.004329581678674247,0.0008846981675045671,0.034519988375873334
2019-12-24,-0.0015727685040270833,-0.001274739383364329,-0.0002980291206627543,0.03289420674556842
2019-12-26,-0.0037122542275146043,-0.003091459967331333,-0.0006207942601832711,0.029066949131861586
2019-12-27,-0.00017783937083801595,-0.00042550016594243524,0.0002476607951044193,0.028883956785181963
2019-12-30,-4.389631744833081e-05,0.00016254239644405763,-0.00020643871389238843,0.028838793559654352
2019-12-31,0.0011773267678563935,0.0027328465450679545,-0.001555519777211561,0.030050786326889734
2020-01-02,0.003406633508031419,4.0708316557006415e-08,0.003406592799714862,0.03356577559133789
2020-01-03,0.0019124136897391269,-0.00018829408816583171,0.0021007077779049586,0.03554427217880374
2020-01-06,0.0018332735116110442,0.0001882940881658468,0.0016449794234451973,0.03744444930309343
2020-01-07,-0.000252832033708877,-0.001133145233053538,0.0008803131993446609,0.03718218326914058
2020-01-08,0.0012009406420561534,0.0009448511448877112,0.0002560894971684422,0.03842852574811784
2020-01-09,-0.001704176797765541,-0.00033386191344454187,-0.0013703148843209993,0.03666036700388009
2020-01-10,-0.0011928301009279706,-0.0010595616658548859,-0.0001332684350730849,0.03542454452333765
2020-01-13,-0.0010409907467966008,-0.001739841542105899,0.0006988507953092982,0.03434723798383876
2020-01-14,-0.0013643983442163323,0.001736601655568603,-0.0031009999997849355,0.032936938648809866
2020-01-15,-0.005376376350830388,0.00170046931851088,-0.007076845669341268,0.027398382941106414
2020-01-16,0.0006414732883914234,0.003921751539781679,-0.003280278251390255,0.02805764298654778
2020-01-17,-0.004299426076725863,-0.0012769245236463477,-0.0030225015530795157,0.023647073400995255
2020-01-21,-0.0034333497831964895,-0.001956824461422089,-0.0014765253217744003,0.02013856136448
2020-01-22,0.0015532328323891319,0.000866421275234704,0.0006868115571544275,0.02172430526751956
2020-01-23,-0.001729807416483258,0.004074507343819797,-0.0058043147603030545,0.01995844672459035
2020-01-24,-0.0034749973642068093,-0.006654782367097854,0.003179785002891045,0.016420244991963262
2020-01-27,0.00024225698889389737,-0.005514294045234728,0.005756551034128626,0.016666509728437973
2020-01-28,-0.0019072598440318628,0.001210647591550071,-0.003117907435581934,0.014729310478067248
2020-01-29,0.0022093361438849544,0.0049580147586642245,-0.0027486786147792697,0.016973666976008106
2020-01-30,-0.001260017151516097,0.0008661247997195664,-0.0021261419512356634,0.015693069669690862
2020-01-31,0.001623170777462317,-0.0003327740904199701,0.001955944867882287,0.01734305171830708
2020-02-03,0.004086892020880513,0.0035567814695044633,0.0005301105513760503,0.021509330686005024
2020-02-04,-0.007965228394886894,-0.008587983871142745,0.0006227554762558505,0.013405094453496691
2020-02-05,0.004675489167489114,0.004807309687904036,-0.00013182052041492138,0.01815435289645273
2020-02-06,-0.0037662138137226566,-0.003228625052368965,-0.0005375887613536917,0.014326977788646111
2020-02-07,0.004163004986721136,0.0034333830462697453,0.0007296219404513903,0.018558427717791703
2020-02-10,0.0005058566504692441,0.001599144991047377,-0.0010932883405781327,0.019073802614263613
2020-02-11,0.008149878982988086,0.009074769040863543,-0.0009248900578754575,0.027413066618382054
2020-02-12,0.0030315774281883348,0.0029423957249342394,8.918170325409545e-05,0.03053247485530175
2020-02-13,0.002002573509106867,0.003259529427416481,-0.0012569559183096138,0.03259825964229823
2020-02-14,0.000901656013537205,0.0017825813239203394,-0.0008809253103831346,0.033529727941563836
2020-02-18,0.005259629013170597,0.0054388548753931485,-0.00017922586222255164,0.03898003160764252
2020-02-19,-0.010960552470921658,-0.013112189951228056,0.0021516374803063976,0.02765441733184648
2020-02-20,0.008009106982547276,0.004198032996745269,0.0038110739858020068,0.03591805952543092
2020-02-21,0.008793213877707694,0.006371529948023942,0.0024216839296837523,0.04506727513561937
2020-02-24,-0.008243445407469852,-0.010097060640888084,0.0018536152334182345,0.036487731191719774
2020-02-25,-0.01680909526804103,-0.021633269761250094,0.004824174493209065,0.019210920739144655
2020-02-26,-0.014598839222757173,-0.01704382056179657,0.0024449813390393983,0.0044397079964964
2020-02-27,-0.026437884712747294,-0.03199306635028774,0.005555181637540443,-0.021767593917094596
2020-02-28,-0.011710159366384518,-0.02322571561696083,0.011515556250576313,-0.0331560408860927
2020-03-02,0.0017344336464392997,0.007706064971371506,-0.005971631324932206,-0.031477659092372434
2020-03-03,0.009029261192865614,0.0009077907498544536,0.008121470443011161,-0.022693018178991053
2020-03-04,-0.008649429567965468,0.0064576468303641915,-0.015107076398329658,-0.03110971380366856
2020-03-05,0.006306809255900808,-0.0032783146824875223,0.00958512393838833,-0.02497979779174686
2020-03-06,0.006366538229587366,-0.0008905563664429364,0.007257094596030302,-0.018752492244519137
2020-03-09,0.020360769877312924,-0.0179846568550181,0.038345426732331024,0.0014312433741081598
2020-03-10,-0.005624925203024992,0.008032690029244467,-0.013657615232269459,-0.004185919594590248
2020-03-11,0.007380914191593039,-0.013923217704831438,0.021304131896424477,0.003191290469682251
2020-03-12,0.007825231037563572,-0.03350757557407849,0.04133280661164206,0.0110722891948547
2020-03-13,-0.005201054985693303,0.010433947277445165,-0.015635002263138468,0.005827298191050323
2020-03-16,0.035169914619863324,-0.01912924398689446,0.05429915860675779,0.04183158103388385
2020-03-17,-0.03716423815583207,-0.010035638720371155,-0.02712859943546092,0.0038233520598107695
2020-03-18,0.02783772497797372,-0.003792421761727634,0.031630146739701354,0.032160095786714527
2020-03-19,0.015489178806018326,0.02015869328101612,-0.004669514474997793,0.04827186498426839
2020-03-20,0.0034840485957513315,-0.0016490363104746677,0.005133084906225999,0.05193046477230534
2020-03-23,-0.002832563358521825,-0.01432976967409567,0.011497206315573846,0.04895502113782024
2020-03-24,-0.02054377456030152,0.020488276333606954,-0.041032050893908475,0.02762537158595002
2020-03-25,-0.01168291587773294,0.0009101176601522392,-0.01259303353788518,0.015689569064303077
2020-03-26,-0.005757879498975685,0.01203497804828812,-0.017792857547263806,0.009858155316912365
2020-03-27,0.0021580461265086307,0.006215767226379726,-0.004057721099871096,0.012039829026865956
2020-03-30,-0.003924270583253606,-0.003389976805697394,-0.0005342937775562112,0.008076093369115078
2020-03-31,0.009291549347468609,-0.0010410055429313674,0.010332554890399977,0.017486332285292727
2020-04-01,0.013324202604704193,-0.006712304090770859,0.02003650669547505,0.031134248208706028
2020-04-02,0.0030308038206824277,0.010101374302994268,-0.00707057048231184,0.03426415449789988
2020-04-03,0.002491715886941346,-0.014094290423494337,0.016586006310435684,0.03684446028239696
2020-04-06,0.0011068224056180543,0.028269666718581783,-0.02716284431296373,0.03799269829273566
2020-04-07,0.005903777469055294,0.005978295172246935,-7.451770319164149e-05,0.044138901253302
2020-04-08,0.009402956867117,0.030037726587847348,-0.020634769720730348,0.05400319840568635
2020-04-09,0.001663715423515462,0.015801173308444563,-0.014137457884929105,0.05575821930616143
2020-04-13,-0.004021998126869505,-0.015535786996180433,0.011513788869310928,0.05152048950896204
2020-04-14,0.006271214728167965,0.011781485590626337,-0.005510270862458373,0.05813552075069417
2020-04-15,-0.009632053275932393,-0.024911147439538945,0.015279094163606552,0.04799243085267557
2020-04-16,-0.004688832186318977,-0.004363361287886934,-0.00032547089843204275,0.043090072361601894
2020-04-17,0.014927866568867118,0.0285602018294269,-0.013632335260559781,0.05877798398182521
2020-04-20,-0.00908215502020204,-0.018634569288960696,0.009552414268758655,0.04920553323908328
2020-04-21,-0.000919131512790643,-0.008624160907858837,0.007705029395068195,0.04824161842019148
2020-04-22,0.004475861323248447,0.015479460563603487,-0.011003599240355039,0.052943918107923205
2020-04-23,-0.005505192686335393,-0.006039305628963716,0.0005341129426283235,0.04716318557385324
2020-04-24,0.002580462650248505,0.009212742580613706,-0.006632279930365201,0.049868840482294674
2020-04-27,-0.0004574094336303961,0.009872360612021886,-0.010329770045652283,0.04938873038239877
2020-04-28,0.005682416359491621,0.006316194920314018,-0.0006337785608223969,0.05536876851343764
2020-04-29,-0.0004333241778249439,0.005144162765109342,-0.005577486942934286,0.054911550778423246
2020-04-30,-0.0006985747662500278,-0.010177365700970251,0.009478790934720224,0.054174873530450585
2020-05-01,1.0029267771935425e-05,-0.008591531074388644,0.008601560342160579,0.05418544618555354
2020-05-04,0.002427067713612694,0.0010798977314255185,0.0013471699821871752,0.05674713308242918
2020-05-05,0.0016924052085132686,0.005468230617730828,-0.003775825409217559,0.05853709167492327
2020-05-06,-0.007573606480553545,-0.021225832712324755,0.01365222623177121,0.05055043038822893
2020-05-07,-0.01116185884047949,-0.0006987105228569043,-0.010463148317622585,0.03888953448263166
2020-05-08,0.008106701788180883,0.023927149513371583,-0.0158204477251907,0.047345731753567044
2020-05-11,-0.0053677977087043215,-0.010446821218554708,0.005079023509850385,0.04173885349127704
2020-05-12,0.0017521673242649847,-0.007959846507555851,0.009712013831820836,0.043565754321355454
2020-05-13,0.009835263501384875,-0.004881770747893996,0.014717034249278872,0.05388013769081268
2020-05-14,0.0017250349110087683,0.014836756514885236,-0.013111721603876468,0.05569968666188729
2020-05-15,0.0009462900719881429,-0.0084181392341788,0.009364429306166943,0.05669915761451372
2020-05-18,-0.0026971206868095163,0.02885385256923767,-0.031550973256047186,0.05385295246155941
2020-05-19,-0.0073773597675391555,-0.016306218202992197,0.008928858435453043,0.04610690789971117
2020-05-20,0.004971631784887498,0.006594021491805779,-0.0016223897069182801,0.051320716081463935
2020-05-21,0.00028899325626379727,-0.00370313507596411,0.003992128332227908,0.05162458458444097
2020-05-22,0.004589399564616019,0.008463220810828039,-0.0038738212462120186,0.05646200192488249
2020-05-26,-0.0018612123394792358,0.0063202102047407414,-0.008181422544219979,0.054497530527007676
2020-05-27,0.006688098705932468,0.010898094621029756,-0.004209995915097289,0.06157375094967654
2020-05-28,0.011119663517550876,0.021570156462149236,-0.010450492944598358,0.0734439679594232
2020-05-29,0.0013651067265576492,-0.00010814968224027739,0.0014732564087979265,0.07491033418615078
2020-06-01,0.0007327988450889058,0.005744339271481028,-0.005011540426392121,0.07569831591840637
2020-06-02,-0.003958977616634401,-0.0018273887779412658,-0.0021315888386931356,0.07144806923053859
2020-06-03,-0.006529219971158023,0.0019304292792029839,-0.008459649250361006,0.06447513777226344
2020-06-04,0.0014876511108181042,-0.005433637805775264,0.006921288916593369,0.06605988387579154
2020-06-05,-0.004768865666213007,0.003460008059555653,-0.00822887372576866,0.06098809046011633
2020-06-08,-0.001097147992641964,0.012908954897984739,-0.014006102890626702,0.05982466784654772
2020-06-09,0.009332250200169886,-0.007473810186041287,0.016806060386211172,0.06976151125235863
2020-06-10,0.007567011640553732,0.002610841867515095,0.004956169773038636,0.07788711355181288
2020-06-11,0.003089000711163019,-0.017793744020930594,0.020882744732093613,0.08122185547055283
2020-06-12,0.0006712377300857027,0.002039885835081149,-0.0013686481049954467,0.0819478560067548
2020-06-15,-0.0021670605778798513,0.00016666912128306425,-0.0023337296991629156,0.07960574812208843
2020-06-16,0.0026671425150648085,0.006837213381479523,-0.004170070866414715,0.08248905389688588
2020-06-17,-0.0014878512004917166,-0.00323506922607887,0.0017472180255871533,0.08087966881817832
2020-06-18,0.0018150649193574638,0.0008330610772508496,0.0009820038421066142,0.08284331712257575
2020-06-19,-0.002588497557823217,-0.009456651601427257,0.006868154043604039,0.08004400441078197
2020-06-22,-0.001527968859807037,0.0015718114243981594,-0.003099780284205196,0.07839499094626023
2020-06-23,-0.0016497065797508167,-0.007477498946480548,0.005827792366729731,0.07661742227063839
2020-06-24,0.0006098379061649233,-0.00293230631117401,0.003542144217338933,0.07727418462411162
2020-06-25,0.0028306611997371096,-0.000619583308126928,0.0034502445078640376,0.08032790284181313
2020-06-26,0.00019713808202698668,-0.009693752475578056,0.009890890557605043,0.0805408976065396
2020-06-29,-0.008202252711320017,0.007449391836136776,-0.015651644547456794,0.07171427667281893
2020-06-30,-0.0001442916424526158,0.00010373396393490732,-0.0002480256063875231,0.07155964841564888
2020-07-01,0.001427505672508638,0.004590664400227999,-0.0031631587277193606,0.073090398209257
2020-07-02,-0.0008005933093373811,0.00018054703783379478,-0.0009811403471711758,0.07223163302283653
2020-07-06,0.0005609498862462563,0.0012778294652273287,-0.0007168795789810725,0.07283326996372086
2020-07-07,-0.0015037797377683657,-0.002066581161581684,0.000562801423813318,0.07122117745016698
2020-07-08,0.005901780137140197,0.005077442738223143,0.0008243373989170552,0.07756198192998509
2020-07-09,-0.0028959312480029615,-0.005652180013804579,0.0027562487658016168,0.07444595059879977
2020-07-10,-0.0005375544881784755,0.00312879561922834,-0.003666350107406815,0.07386853256648207
2020-07-13,0.0028061796163594294,0.003310141293946883,-0.0005039616775874534,0.0768862326772135
2020-07-14,-0.0003303464073777687,0.0018524565107853436,-0.0021828029181631126,0.07653054593224784
2020-07-15,-0.0009950386586940491,-0.0003608611720557353,-0.0006341774866383139,0.07545988918254665
2020-07-16,0.002248508379839975,0.0016662001390869965,0.0005823082407529789,0.07788079044397778
2020-07-17,0.0039965872410297094,0.006553454747880192,-0.0025568675068504826,0.0821972548762877
2020-07-20,-0.0016106800426075622,-0.0059882961514587125,0.00437761610885115,0.08045558436919031
2020-07-21,0.0013546790383773028,0.002823738132386829,-0.0014690590940095263,0.0819202467509561
2020-07-22,0.0023756043271006833,0.005650267668277784,-0.0032746633411771006,0.08449351649589953
2020-07-23,-0.004086951604853818,-0.004169913618628268,8.29620137744499e-05,0.08007028889360357
2020-07-24,-0.004193178733679501,-0.003698224933665448,-0.0004949538000140539,0.07555084317120242
2020-07-27,-0.010658420537282685,-0.01543636329602991,0.004777942758747224,0.0641480458282555
2020-07-28,0.003662370979112129,0.005119951751559618,-0.0014575807724474888,0.0680524961573774
2020-07-29,0.0038441334795259433,0.003959892541566813,-0.00011575906204086908,0.07216613413676143
2020-07-30,0.0027918486673140586,0.001858119223314134,0.0009337294439999242,0.0751636420767785
2020-07-31,0.00017261606786113338,0.00031534317960315726,-0.000142727111742024,0.07534924861585557
2020-08-03,0.00028397329895117444,0.0008908147049313879,-0.0006068414059802133,0.07565466245214458
2020-08-04,-0.005752817785103561,0.0,-0.005752817785103561,0.06948438244470712
2020-08-05,0.002921384391996163,-0.0045023261288127635,0.007423710520808926,0.07261332562462264
2020-08-06,-0.0025475472176443017,0.005123096517032694,-0.007670643734676995,0.06988427020605181
2020-08-07,-0.006016724514598351,0.0006183716732936503,-0.006635096187892001,0.06346639793552122
2020-08-10,-0.0059602407640566854,0.002624719619317141,-0.008584960383373827,0.05714673422651573
2020-08-11,0.0011422039111452437,-0.002712915366205621,0.003855119277350865,0.05835490121618325
2020-08-12,0.000340523522468281,0.003923782121173539,-0.003583258598705258,0.05871535732357547
2020-08-13,-0.0036485596025462104,-0.001993949728623796,-0.0016546098739224145,0.05485960948046298
2020-08-14,0.0017086579906051118,-0.0005240817022864014,0.0022327396928915133,0.056663544496273976
2020-08-17,0.0034771086869883785,0.002604212771195984,0.0008728959157923944,0.06034407357766702
2020-08-18,0.008797164694278171,0.006669213808273709,0.002127950886004463,0.06971324567717807
2020-08-19,-0.002184030988948077,-0.0034278787234958545,0.0012438477345477774,0.06737950820446992
2020-08-20,0.004576832272043292,-0.0028112438958021475,0.00738807616784544,0.07227592166846208
2020-08-21,-0.0027470250472002517,-0.0025973920722019966,-0.0001496329749982549,0.06933439492771187
2020-08-24,-0.005228071890416583,0.0017360783146103263,-0.006964150205026909,0.06375842631904094
2020-08-25,0.0031566116065773414,-0.0013874843451074936,0.004544095951684835,0.06712160384414623
2020-08-26,0.0007946098610287206,-0.003342202862360953,0.004136812723389674,0.06796988617559618
2020-08-27,0.004165244957618219,0.0029936088928581035,0.0011716360647601154,0.0724275194814823
2020-08-28,-0.0015261811255508463,0.0017360783146103263,-0.0032622594401611727,0.07079204917213588
2020-08-31,9.117998700325e-05,0.0,9.117998700325e-05,0.07088968842856791
2020-09-01,0.0035237500847008765,0.0,0.0035237500847008765,0.07466989239438893
2020-09-02,0.0018579943769656783,0.01412925396073572,-0.012271259583770042,0.07666847911804853
2020-09-03,0.009960273630524468,0.0005577506644776847,0.009402522966046784,0.08744597608870475
2020-09-04,0.003609377817727557,-0.002179628767321812,0.0057890065850493685,0.09137807141278098
2020-09-08,0.006863839750222627,-0.0021960795767076227,0.00905991932693025,0.09889488318642337
2020-09-09,-0.0028732718477050443,0.0050493991714649555,-0.00792267101917,0.09574199118200255
2020-09-10,0.002075511109051036,-0.005355524009007937,0.007431035118058973,0.0980185775802882
2020-09-11,0.0016486722944297906,0.004846039550951394,-0.003197367256521604,0.09983034348165387
2020-09-14,0.004279650314018458,0.006617484401097814,-0.0023378340870793555,0.10454731906006809
2020-09-15,0.006957933805988645,-0.0021073909911089378,0.009065324797097582,0.1122594854493224
2020-09-16,-0.0037112242143532838,0.0047036366138373965,-0.008414860828190679,0.10813929132539424
2020-09-17,0.002451950150245903,-0.00432417519282843,0.006776125343074333,0.11085972745118489
2020-09-18,-0.004746765468190608,-0.011339880136518925,0.006593114668328315,0.10559923190357945
2020-09-21,0.003667670460340859,-0.0006660674344095593,0.004333737894750418,0.10966165080039536
2020-09-22,-0.0014320924732485764,-0.0003315373296430274,-0.001100555143605549,0.1080736500557895
2020-09-23,-0.008296722800503729,-0.009948436607077098,0.0016517138065733693,0.09891830234754084
2020-09-24,0.0011980960680570544,0.006290923249200631,-0.005092827181143576,0.10023570107222879
2020-09-25,0.0010367123710966568,0.004523446032328038,-0.003486733661231381,0.10137692049058455
2020-09-28,-0.0008286855267151726,-0.0004875228915856743,-0.00034116263512949825,0.10046460344129193
2020-09-29,-0.0014627439940013355,0.00293324612804347,-0.0043959901220448055,0.09885608216621633
2020-09-30,-0.002803904066354134,0.004428967408584113,-0.007232871474938248,0.09577931063096856
2020-10-01,-0.0006201147573781002,-0.00042953697785551195,-0.00019057777952258812,0.0951000123528285
2020-10-02,-0.0014549689156049435,0.006893630381296692,-0.008348599296901635,0.09350783444093946
2020-10-05,-0.002986571377759993,0.002792064085342302,-0.005778635463102295,0.09024686722080255
2020-10-06,0.002363665446247327,0.004872273635847635,-0.0025086081896003075,0.09282689402763955
2020-10-07,-0.004704194259553924,0.0006351104272709826,-0.0053393046868249056,0.08769809691315622
2020-10-08,-0.004468739364538517,0.006006932360398547,-0.010475671724937064,0.08284830191636838
2020-10-09,0.0030629615804103937,-0.0008896841479851914,0.0039526457283955855,0.08617010934979819
2020-10-12,-0.0036564345679225754,0.0015126540974046046,-0.005169088665327179,0.08220585135699054
2020-10-13,-0.00020511189632677144,-0.0014613972155980502,0.0012562853192712787,0.08198390082572793
2020-10-14,-0.006077025062872861,-0.00042833634156081335,-0.005648688721312048,0.07542859609243013
2020-10-15,-0.003496407773740019,-7.055773995964847e-05,-0.0034258500337803702,0.07167502502039635
2020-10-16,-0.0014522383038366217,0.002182223893961289,-0.003634462197797911,0.07011982703216635
2020-10-19,0.004835650398963953,-0.0008371599574416597,0.005672810356405614,0.07530708417370535
2020-10-20,-0.004758320224827366,0.0008949131738911159,-0.0056532333987184815,0.07020258278445501
2020-10-21,0.0038283844856089773,0.0008412878469208295,0.002987096638688148,0.0743075824936934
2020-10-22,-0.0038932302587075,0.005531959429414939,-0.009425189688122438,0.07013318692064074
2020-10-23,-0.002912909229532315,0.0012747102988688434,-0.004187619528401159,0.06702052174012096
2020-10-26,0.002627439598339033,0.0012871618974164565,0.0013402777009225767,0.06982773999442782
2020-10-27,0.00926957734730039,0.0018724178251063371,0.007397159522194052,0.07979069583461174
2020-10-28,0.015178187091096003,-0.013826640186995323,0.029004827278091328,0.09630497238303715
2020-10-29,-0.0034213399016880283,0.0026468739668673615,-0.00606821386855539,0.09256054956075799
2020-10-30,-0.008981711651843333,-0.012587399334929857,0.003605687683086524,0.08279142315445509
2020-11-02,-0.0049062322886100134,0.0027161636768418566,-0.00762239596545187,0.07749200762436947
2020-11-03,-0.007458049415528863,0.0019095485196159463,-0.009367597935144809,0.06948591102858015
2020-11-04,0.0028513742848976153,-0.001785223132973501,0.004636597417871116,0.0725397674280781
2020-11-05,-0.0025982489414441107,0.001916574768883813,-0.004514823710327923,0.06975665928230468
2020-11-06,0.006347953837970778,0.0015041587260821454,0.004843795111888632,0.07656902458733095
2020-11-09,-0.012680412941312755,0.0007838535132171111,-0.013464266454529866,0.06300387242574224
2020-11-10,-0.009179408061244168,0.004392036018035453,-0.013571444079279621,0.0532907745577782
2020-11-11,0.005660029174113623,0.0005041005402447635,0.00515592863386886,0.05926933452178873
2020-11-12,0.005902409928808829,-0.004937803011673654,0.010840212940482484,0.06554006436299575
2020-11-13,-0.012029348131092696,0.0011154060106928004,-0.013144754141785496,0.05279909837880448
2020-11-16,-0.005970526422267492,0.0009936594175794893,-0.006964185839846981,0.04653206091781237
2020-11-17,-0.0014058956252399092,-0.00841921731535607,0.007013321690116162,0.0450617798447317
2020-11-18,0.0006044513237791372,-0.011039526625529884,0.011643977949309022,0.04569365977208051
2020-11-19,-0.0032674828467389085,-0.006364508781351291,0.003097025934612382,0.04228244974592066
2020-11-20,0.0010863480665304415,-0.002254924846063081,0.0033412729125935226,0.04341534651867418
2020-11-23,-0.005232012650402827,0.0026940010029344423,-0.007926013653337269,0.03797044055521703
2020-11-24,-0.0076764443229354,0.0034881595550222523,-0.011164603877957651,0.03003302280997744
2020-11-25,0.0028390245189604925,0.001140246711866593,0.0016987778070938994,0.032961466812283735
2020-11-27,-0.00030784332558012094,-0.001659213857018773,0.0013513705314386522,0.032643525459716605
2020-11-30,0.010883109641545556,3.1459064599457034e-06,0.010879963735085612,0.04394327484339855
2020-12-01,0.0041064345066825925,0.003075756619809215,0.001030677886873377,0.0482389734963653
2020-12-02,-0.0004932244288526851,0.0011947263663559275,-0.0016879507952086126,0.04772208390912591
2020-12-03,-9.620141374410167e-05,-0.002498794524175804,0.0024025931104317026,0.04762129641147039
2020-12-04,0.004982666903444961,0.007000914852730265,-0.0020182479492853035,0.0528542706295958
2020-12-07,-0.0040494899733574,-0.0031189714451245344,-0.0009305185282328658,0.04859936872303172
2020-12-08,0.0032576766656546344,0.0006382756125246031,0.002619401053130031,0.05202093657307705
2020-12-09,0.00046636263167065014,-0.000982960726629653,0.0014493233583003032,0.05251167424759218
2020-12-10,0.0031826950227890013,0.000492226937669314,0.0026904680851196875,0.0558668343080726
2020-12-11,-0.0004619788562842645,-0.0036271327093429025,0.003165153853058638,0.05537915881212774
2020-12-14,-0.001193951216930442,-0.0027858724159552945,0.0015919211990248526,0.054119839513644186
2020-12-15,-0.004460384776503288,0.004733443907319891,-0.00919382868382318,0.04942852973004852
2020-12-16,0.0034692872031945434,-0.0009459694222508482,0.004415256625445391,0.05307562144519817
2020-12-17,0.0010907823341299453,0.0007969879761396899,0.0002937943579902555,0.05422492443531857
2020-12-18,0.0030450763133003864,0.001237667058534301,0.0018074092547660859,0.05744001239137542
2020-12-21,0.006409808571081145,-0.0004444720907006233,0.006854280661781768,0.06423976973664303
2020-12-22,0.0014553087832197974,0.0041515956869474565,-0.002696286903727659,0.06578969475718854
2020-12-23,-0.0012312169076266837,0.0037208191990056876,-0.004952036106632371,0.0644782839462743
2020-12-24,-0.003133296119457453,-0.0011835474247547022,-0.0019497486947027505,0.06114817809825901
2020-12-28,-0.001569952628448485,0.0007111534166737225,-0.0022811060451222074,0.05948353277594132
2020-12-29,0.004083754402267651,0.0015070030370320537,0.0025767513652355974,0.06381904988528442
2020-12-30,-0.00011972276948169378,0.0037548172220434545,-0.003874539991525148,0.06369169414624776
2020-12-31,0.0027878753924011684,0.005367414776057103,-0.0025795393836559348,0.0666612715279562
2021-01-04,-0.0042465877472942365,-0.005642608146663692,0.001396020399369456,0.06214120506392273
2021-01-05,0.0012532626340339412,0.002325275924462164,-0.0010720132904282226,0.06347318143206193
2021-01-06,9.973423884654668e-05,0.0018461393245352133,-0.0017464050856886666,0.06357925140966225
2021-01-07,0.005801635968663396,0.0008040755984637983,0.004997560370199598,0.06976768521221288
2021-01-08,0.007842051617443713,0.007024517214796963,0.0008175344026467495,0.07818983893851517
2021-01-11,-0.004779332431971385,0.003006147737406897,-0.007785480169378281,0.07304910569540057
2021-01-12,0.0031612434396013343,0.00455284792837979,-0.001391604488778456,0.07644664253223987
2021-01-13,0.0006663803080065168,0.0023514759144227584,-0.0016850956064162416,0.07716420443545058
2021-01-14,-0.0027009470153713873,-0.004736493006271149,0.0020355459908997617,0.0742587664757004
2021-01-15,-0.001338988420443703,0.0023850170918483745,-0.0037240055122920775,0.07282130901104611
2021-01-19,-0.00032586111939372255,0.0016657212224695387,-0.001991582341863261,0.07247177521121295
2021-01-20,-0.00020755890742961663,-0.0025252797841067093,0.0023177208766770926,0.07224919724112033
2021-01-21,0.0011703351751215997,0.001063674456840053,0.00010666071828154683,0.07350482280120985
2021-01-22,0.0031238419361763864,0.002669915008001322,0.0004539269281750645,0.07686352548221342
2021-01-25,0.00285346807870127,0.001597578285449164,0.001255889793252106,0.07994070941241249
2021-01-26,-0.004457143486951199,-0.0034133890193256623,-0.0010437544676255369,0.07513796991368338
2021-01-27,0.0028437166683994734,-0.005275734952340683,0.008119451620740157,0.0781997089754718
2021-01-28,0.0024494440062131674,0.005842799945556292,-0.003393355939343125,0.08084393591096783
2021-01-29,0.005428694639694488,0.0020857675969913406,0.0033429270427031473,0.0867274630790833
2021-02-01,0.0005761271435595486,0.0032680571288301666,-0.0026919299852706177,0.08735373665749568
2021-02-02,0.0011027534205629561,0.008001523024217465,-0.006898769603654509,0.08855348109951966
2021-02-03,9.164328841652566e-05,-0.0007467023797801181,0.000838345668196644,0.08865324429138854
2021-02-04,-0.0029717241844944764,0.0012990848566835343,-0.004270809041178011,0.08542286938574084
2021-02-05,0.0012955674752648362,0.0021704744582744227,-0.000874906983009586,0.08683001928422174
2021-02-08,0.00038673882053261144,-0.0021311053453414463,0.0025178441658740575,0.0872504199313846
2021-02-09,-0.0002775983987992293,0.0020341309667316365,-0.0023117293655308658,0.086948642844074
2021-02-10,-0.0036452585287270116,-0.0022204459186679704,-0.0014248126100590414,0.0829936469042667
2021-02-11,-0.003496134666484652,-0.006407156852389493,0.002911022185904841,0.07921396625791566
2021-02-12,-0.00040617452507706476,-0.0021941084726001003,0.0017879339475230357,0.07877570604880568
2021-02-16,-0.011076172482947445,-0.008744867775020832,-0.0023313047079266086,0.0668929295819749
2021-02-17,-0.0016558647104289008,0.0002676888868202992,-0.0019235535972492,0.06512776107351903
2021-02-18,0.0011551470611562732,0.00846682425607823,-0.007311677194921955,0.06635885118464735
2021-02-19,0.007124227905186007,-0.00038480534703401004,0.0075090332522200175,0.07398296036835994
2021-02-22,-0.010536645837827091,-0.017315800731473385,0.006779154893646296,0.06272619072116004
2021-02-23,0.005627254364906431,0.009254992042968433,-0.0036277376780619996,0.06872327906206355
2021-02-24,0.0024397747364248387,-2.086999411172845e-06,0.0024418617358360115,0.07133390649499671
2021-02-25,0.00475969361596686,-0.01037693577306498,0.01513662938903184,0.07644528229197167
2021-02-26,0.02918062733633441,-0.010590386403783583,0.039771013740117996,0.10831942290419128
2021-03-01,-0.008255511395262859,0.007973003647137576,-0.016228515042400436,0.09920734346821636
2021-03-02,0.005227789903539589,-0.000875984857661676,0.0061037747612012645,0.10496881528073776
2021-03-03,0.0010938340503295987,-0.0008097845225587478,0.0019036185728883467,0.1061781290691679
2021-03-04,-0.010943274244784511,-0.0002936173420500024,-0.010649656902734509,0.09413891280817355
2021-03-05,-0.002398363696543915,0.008019920679680485,-0.010418284376224402,0.09151791407119259
2021-03-08,-0.005343897827947202,0.00835416211443702,-0.013698059942384223,0.08570051150755953
2021-03-09,0.0005278632871161127,0.0023894224895630346,-0.0018615592024469217,0.0862737642346112
2021-03-10,-0.0011433914447996324,0.0018519072149963736,-0.002995298659796006,0.08503243790206616
2021-03-11,-0.00423492063865896,-0.004266709086889786,3.178844823082663e-05,0.0804471277025347
2021-03-12,0.003077972064531387,0.004687594971393972,-0.0016096229068625852,0.08377783706442155
2021-03-15,-0.008351988173065705,0.004781875556410959,-0.013133863729476666,0.07476383221610017
2021-03-16,0.005166273168916652,0.0018931731143825323,0.00327310005453412,0.08033072342387682
2021-03-17,0.02032525020987383,-0.005309258589685836,0.025634508799559665,0.10251338610947935
2021-03-18,0.0003835730106282031,0.0017212403763894244,-0.0013376673657612215,0.10293636160405306
2021-03-19,-0.004671470426304384,0.0018047414772464616,-0.006476211903550845,0.09779604278034615
2021-03-22,0.010801042101662885,0.00026072770334877396,0.010540314398314111,0.10971765105372522
2021-03-23,0.005500512651707632,0.003535678323628857,0.001964834328078775,0.11583848546425446
2021-03-24,0.00043925518544323476,0.0006427707045192062,-0.00020351551907597153,0.11632873096866936
2021-03-25,-0.0064359433059769725,0.0018350961522063344,-0.008271039458183308,0.10916717295610678
2021-03-26,0.00038943913919127536,0.0017664739969898264,-0.0013770348577985508,0.10959921018580498
2021-03-29,-0.004681784971535954,0.0036698692489725445,-0.008351654220508499,0.10441644703723196
2021-03-30,-0.003923269352155092,-0.0047312464594967555,0.0008079771073416646,0.10009201234642084
2021-03-31,-0.0011404018940544818,-0.0003338455752489132,-0.0008065563188055685,0.09883818040395353
2021-04-01,0.0010947844157580618,0.00037661158746340496,0.0007181728282946568,0.10004183006752676
2021-04-05,-0.0018088461444238763,-0.00037658175698315,-0.0014322643874407261,0.09805382218675018
2021-04-06,-0.001716846247596702,0.0018747325019013426,-0.0035915787494980446,0.09617024996708046
2021-04-07,-0.0016684680754253097,-0.00178056440512312,0.0001120963296978104,0.09434284980312091
2021-04-08,-0.0008148484467092624,-0.0008500437429712633,3.5195296262000735e-05,0.09345148944291415
2021-04-09,-0.0019787498493122296,-0.0009497185881236509,-0.0010290312611885787,0.09128996173953707
2021-04-12,-0.003285340953974317,-0.003269952957250118,-1.538799672419879e-05,0.08771058509140817
2021-04-13,0.0020989231852292507,0.0037454636815661205,-0.0016465404963368698,0.08999600367727445
2021-04-14,0.0015864147012978544,0.0007580045280254591,0.0008284101732723953,0.09172656169025784
2021-04-15,0.0009043118672423564,0.0027192151682015574,-0.001814903300959201,0.09271426950641715
2021-04-16,-0.0018098156588258064,-0.0011198549794886807,-0.0006899606793371257,0.09073844658777674
2021-04-19,0.0025361139882897916,0.0005608680443563483,0.001975245943933443,0.09350819433317858
2021-04-20,-0.0009773525357882683,-0.00046718648013132177,-0.0005101660556569465,0.09243997342578014
2021-04-21,-0.0005572069449916027,-0.0004685393362734888,-8.866760871811404e-05,0.09183142784425802
2021-04-22,-0.0007487788796269291,-0.0032216458053682916,0.0024728669257413627,0.0910141935330544
2021-04-23,0.0006452199636066375,0.0006683468925234646,-2.3126928916827134e-05,0.09171836481955675
2021-04-26,-0.004041055233980504,-0.004246491130767474,0.00020543589678697016,0.08731557256222944
2021-04-27,0.0016290293833031723,-0.0020654935199638774,0.0036945229032670497,0.0890882850872261
2021-04-28,-0.0011230138821906933,-0.0004955991462770027,-0.0006274147359136906,0.0878659103245234
2021-04-29,-2.51168927124369e-05,0.00265878052217615,-0.002683897414888587,0.08783858685630985
2021-04-30,-0.001269847274356381,-0.001866609013641221,0.0005967617392848398,0.08645807469715971
2021-05-03,0.0010710177672057209,0.0,0.0010710177672057209,0.08762231394765618
2021-05-04,-0.0007457067217768187,-0.0020028078538564943,0.0012571011320796754,0.08681156900393794
2021-05-05,0.0016733452112016687,-0.0030927815688406098,0.004766126780042279,0.08863170236942408
2021-05-06,-0.0007993578829436516,0.0011294227179708082,-0.0019287806009144598,0.08776184374700424
2021-05-07,-0.0014366467444087427,-6.37890453130387e-05,-0.001372857699095704,0.08620023624325168
2021-05-10,-0.008828716269713701,-0.006588424758150027,-0.002240291511563675,0.07665269084623949
2021-05-11,0.007613435436116877,0.0015482771761498424,0.006065158259967033,0.08488099969850671
2021-05-12,0.000336015268020583,-0.00659107377885194,0.006927089046872522,0.08524559753017935
2021-05-13,-0.0026064612193674097,0.003281606277089224,-0.005888067496456634,0.08242063015000656
2021-05-14,-0.0021298882096883512,0.0026277356983643307,-0.004757623908052682,0.08011764862912907
2021-05-17,-0.004807823592569262,-0.005603613386454156,0.0007957897938848941,0.07493709708337759
2021-05-18,0.002733827476761964,0.0012926608560128827,0.0014411666207490813,0.07787981025746693
2021-05-19,0.0036203855419830065,0.0034869424244005024,0.00013344311758250424,0.08178922325955584
2021-05-20,-0.0009235399372267827,5.706727489873968e-05,-0.0009806072121255223,0.08079060890931
2021-05-21,0.004040385172203382,0.004133094663357364,-9.270949115398257e-05,0.08516625295086344
2021-05-24,-0.0044515053364797405,-0.0026465881251778647,-0.0018049172113018762,0.08034636542161167
2021-05-25,-0.0018047379680556645,-0.007223877065640635,0.005419139097584971,0.07839838164615287
2021-05-26,-0.0007479011670163767,0.00038256696118135606,-0.0011304681281977327,0.07759214776722168
2021-05-27,-0.0006792071077317256,-0.0027673471448683394,0.002088140037136614,0.07686048802359902
2021-05-28,0.0021373634936478637,0.0025664963248337724,-0.00042913283118590866,0.07916459179493818
2021-06-01,0.0024636193109487748,0.0015648140117025767,0.0008988052992461978,0.08182652016568226
2021-06-02,0.006314948666999702,0.005928631372752546,0.00038631729424715524,0.08867981543608705
2021-06-03,0.005127240560813313,0.008736849296056535,-0.0036096087352432216,0.0942760731635266
2021-06-04,0.0015262446899232509,9.954636219954602e-06,0.0015162900537032964,0.095947481374004
2021-06-07,-0.0013289643104919962,0.001060787557127137,-0.002389751867619133,0.09449197365820838
2021-06-08,-0.01118426424377376,-0.0016172010475865497,-0.00956706319618721,0.08231908550069211
2021-06-09,-0.0011206117913649446,0.005646330707694885,-0.00676694249905983,0.08110690529003106
2021-06-10,-0.0006764974571271197,0.0016027743197949348,-0.0022792717769220547,0.08037578654558852
2021-06-11,-0.0010766564509562362,0.003945817051926542,-0.005022473502882778,0.07921321894080591
2021-06-14,0.0015153987231820458,0.0006002088382565415,0.0009151898849255042,0.08084989707159473
2021-06-15,-0.0009393745069145957,0.0014417946003011898,-0.0023811691072157855,0.07983505096739085
2021-06-16,0.0035628493684357193,-0.007605662970657488,0.011168512339093209,0.08368920240022848
2021-06-17,-0.0005805623466299213,0.0006810457065088375,-0.0012616080531387588,0.08306023584868027
2021-06-18,0.0037351569261253274,-0.014752469301302742,0.01848762622742807,0.08711320030711356
2021-06-21,-0.0010876918918633627,0.008318707127789569,-0.009406399019652931,0.08593139892800394
2021-06-22,0.0041854922514011905,-0.0007820966365132474,0.0049675888879144375,0.09048608152893056
2021-06-23,0.00020882973023045575,-0.0048830057651148735,0.005091835495345329,0.0907138312227822
2021-06-24,0.002371612833522099,0.005166819608642011,-0.0027952067751199124,0.09330365195477186
2021-06-25,-0.0016731592058170303,0.006205160176539987,-0.007878319382357018,0.09147591036247693
2021-06-28,-0.003102250024200615,0.004307252512095478,-0.007409502536296094,0.08809512592381985
2021-06-29,-0.0012449383431966995,-0.009555724070214221,0.008310785727017522,0.08674135743450906
2021-06-30,0.0016972473861312006,0.002885279199940722,-0.0011880318138095215,0.08858739250876968
2021-07-01,0.00034107383768244067,0.005472616334156893,-0.005131542496474452,0.08895874451401209
2021-07-02,-0.001202310049957569,0.0015139821891064747,-0.0027162922390640437,0.08765026522801422
2021-07-06,-0.002102354176639562,-0.0035355031649436687,0.0014331489883041065,0.08536604111557611
2021-07-07,0.00804857477264291,0.010572011531049724,-0.0025234367584068126,0.09413694012356588
2021-07-08,-0.004171360871093241,-0.0055169071429077565,0.0013455462718145164,0.08958240601077683
2021-07-09,0.00013072667241085102,0.004267421329696972,-0.004136694657286121,0.08972485280362674
2021-07-12,0.0021715073610719766,-4.7285764826607034e-05,0.002218793125898584,0.0920937694721502
2021-07-13,0.00069822271589794,-0.00694854390617391,0.007646766622071849,0.09285656041787993
2021-07-14,0.0015991582820112271,0.0032979728807167735,-0.0016988145987055466,0.09460560916768146
2021-07-15,1.1188087479430467e-05,0.004081770823883392,-0.004070582736403962,0.09461785577950033
2021-07-16,-0.0019714796358207476,0.0027209252293106936,-0.004692404865131441,0.09246196481367419
2021-07-19,-0.004096143845219708,-0.015433055666792591,0.011336911821572884,0.08799623583847249
2021-07-20,-0.002332308730191358,0.003229605859231701,-0.005561914589423058,0.08546164958697333
2021-07-21,-0.0032622430094068427,-0.0029134350386953844,-0.0003488079707114587,0.08192637949895687
2021-07-22,-0.0010502611979190746,0.004153142315630814,-0.005203403513549889,0.0807906707033994
2021-07-23,0.005085299982756506,0.006589490601048772,-0.0015041906182922664,0.08630081397374934
2021-07-26,0.0018876411649884368,0.0027534705501827796,-0.0008658293851943426,0.08835329667373526
2021-07-27,0.0027550058453221105,0.008514052918439381,-0.0057590470731172716,0.09135585049538242
2021-07-28,0.0003281392849137912,-0.0014080837043223416,0.0017362229892361326,0.09171402598626144
2021-07-29,-0.0021140569792849383,-0.0009984133964164156,-0.0011156435828685227,0.0894085181763351
2021-07-30,-0.0023915602446314015,-0.005326551027309015,0.0029349907826776143,0.0868062450608873
2021-08-02,-1.279053789856585e-05,0.0,-1.279053789856585e-05,0.08679234431332072
2021-08-03,-0.002549980888738981,0.0,-0.002549980888738981,0.08402457498450278
2021-08-04,0.00041940442046673723,0.0,0.00041940442046673723,0.08447931503647399
2021-08-05,-0.0026288992624109437,0.0,-0.0026288992624109437,0.08163207236195902
2021-08-06,-0.005383604082191606,0.0,-0.005383604082191606,0.07582464000651723
2021-08-09,-0.00022633670966043949,0.0,-0.00022633670966043949,0.07558116895158462
2021-08-10,0.001399409962843888,0.0,0.001399409962843888,0.07708740162795902
2021-08-11,-0.0007806856388967225,0.0,-0.0007806856388967225,0.07624686310253947
2021-08-12,0.0005023508028274733,0.0,0.0005023508028274733,0.07678765239985585
2021-08-13,-0.0019200718235999753,0.0,-0.0019200718235999753,0.07472212638221332
2021-08-16,0.0017241826657580033,0.0,0.0017241826657580033,0.07657674203165432
2021-08-17,-0.0006406530334957345,0.0,-0.0006406530334957345,0.07588725076200009
2021-08-18,0.0016255816103479719,0.0,0.0016255816103479719,0.07763761558663473
2021-08-19,0.0026750539279098724,0.0,0.0026750539279098724,0.08052421350426853
2021-08-20,-0.0033267599288886607,0.0,-0.0033267599288886607,0.07693554148347825
2021-08-23,-0.0001937278894586106,0.0,-0.0001937278894586106,0.07672692924160085
2021-08-24,0.0008739312729775288,0.0,0.0008739312729775288,0.07766832587558503
2021-08-25,-0.003220000430919629,0.0,-0.003220000430919629,0.07420381425977896
2021-08-26,0.002339738269829993,0.0,0.002339738269829993,0.07672011262546219
2021-08-27,-0.0007810909317915516,0.0,-0.0007810909317915516,0.07587942467902065
2021-08-30,0.0016313845963628086,0.0,0.0016313845963628086,0.07763603026004096
2021-08-31,-0.0008634937770477238,0.0,-0.0008634937770477238,0.07670589989267484
2021-09-01,-0.0010451084066408537,0.0,-0.0010451084066408537,0.07558121331728462
2021-09-02,-0.00043957453609726226,0.0011276234942291926,-0.001567198030326455,0.07510851910418692
2021-09-03,-0.0007683121623521512,-0.0014760660938649005,0.0007077539315127493,0.07428281739206266
2021-09-07,0.00043665296262880224,-0.0023716344039138165,0.0028082873665426188,0.07475200859638775
2021-09-08,-0.0021476184867040182,0.0031546900638638195,-0.005302308550567838,0.07244632806137541
2021-09-09,-0.00045157579037290066,-0.0026247688305548957,0.0021731930401819952,0.07196214659369105
2021-09-10,0.0019203841801225942,-0.004106510195848864,0.0060268943759714585,0.0740227036390193
2021-09-13,-3.653052492499009e-05,0.0014398363382375394,-0.0014763668631625295,0.07398346974249592
2021-09-14,-0.0034808411195006266,-0.00546498234495906,0.001984141225458433,0.07025160270549002
2021-09-15,0.0069409682440817015,0.005419828281381601,0.001521139962700101,0.07770602562177098
2021-09-16,-0.0003932441807989067,-0.0049536420688546315,0.004560397888055725,0.0772823073164226
2021-09-17,0.0030750537521087484,-0.0010273325054243315,0.0041023862575330795,0.08060010690924613
2021-09-20,-0.003361197527174782,-0.004174049879999049,0.0008128523528242674,0.07697409378898934
2021-09-21,-0.0014792099832476352,0.00038386532215596895,-0.001863075305403604,0.07538220062015477
2021-09-22,0.0021130516944797657,0.00038288403305506937,0.0017301676614246962,0.07765694127729805
2021-09-23,1.0028035085902099e-05,0.0017123377452513983,-0.0017023097101654962,0.07766774811310118
2021-09-24,-0.0034804598913129453,-0.0004738545492048818,-0.0030066053421080635,0.07392348839222751
2021-09-27,-0.003654517287735232,-0.004326733648339366,0.0006722163606041339,0.07000597910093065
2021-09-28,0.002094112694797458,-0.0033452630937691047,0.0054393757885665625,0.07224903999671439
2021-09-29,-0.0005570920720506939,0.001779339048357748,-0.002336431120408442,0.07165186491346498
2021-09-30,0.0056892119895681804,0.0014684735378878724,0.0042207384516803085,0.07776609563767756
2021-10-01,-0.0025244257503615427,-0.0024546593564619213,-6.976639389962111e-05,0.07504878641872059
2021-10-04,0.0020193160704350954,0.007464685706920476,-0.005445369636485379,0.07722184301528001
2021-10-05,0.0006683466427256362,0.0019561936130325715,-0.0012878469703069355,0.07794204126176152
2021-10-06,0.002941428987515952,0.008315262126862516,-0.0053738331393465635,0.08111739898398196
2021-10-07,0.004834718224465465,0.0019208481799783167,0.002913870044487149,0.08635695265244925
2021-10-08,-0.0019827818620095335,-0.0041936447545358555,0.002210862892526322,0.08420507784522502
2021-10-11,-0.0008423045631519876,-0.006583684044932874,0.0057413794817808865,0.08329223146207054
2021-10-12,-0.00040814228508473014,0.0035443610813313017,-0.003952503366416032,0.08285018431051072
2021-10-13,0.015897323464781368,0.021226562468373816,-0.005329239003592446,0.10020216352937239
2021-10-14,-0.0092669588581685,-0.00022260425100974549,-0.009044354607158755,0.09005373052574828
2021-10-15,-0.0024879956451090987,-0.0014293733163930125,-0.0010586223287160855,0.08734505257798797
2021-10-18,-0.0007366112845065237,-0.006611418885505438,0.005874807600998915,0.08654439686432647
2021-10-19,0.003379112239898358,0.007965388274066555,-0.004586276034168198,0.09022216262709981
2021-10-20,-0.003298026298424547,0.006047091475138189,-0.009345117773562736,0.08663250391177235
2021-10-21,0.0035059976085601045,0.0002817393235844186,0.003224258284975686,0.09044892113741532
2021-10-22,-0.0032940521279594347,0.0008289664003393277,-0.004123018528298762,0.08686283516802251
2021-10-25,-0.0009167874019110817,-0.0001269620473894036,-0.0007898253545216786,0.08586686962722423
2021-10-26,-0.0017525098629765183,-0.00029681067039467337,-0.001455699192581845,0.08396554376111665
2021-10-27,0.0038402491216377264,-0.00018593447456224585,0.004026183596199972,0.08813624462798031
2021-10-28,-0.0004781449734633518,0.0031773973553337175,-0.0036555423287970698,0.0876160821186227
2021-10-29,-0.0012543126204679752,-0.003094975397077566,0.0018406627766095907,0.08625272675626339
2021-11-01,-0.0028867542598762933,0.0032145259388928764,-0.00610128019876917,0.08312150378009453
2021-11-02,0.0012235485655700323,-0.000660985586471037,0.0018845341520410696,0.08444756662809616
2021-11-03,-0.00457267443056042,-0.0023479172298665456,-0.0022247572006938747,0.07950006125530673
2021-11-04,0.006003410738803519,-0.006170574122225244,0.012173984861028763,0.08600023560113379
2021-11-05,0.01297278896195362,0.015492413572510022,-0.0025196246105564017,0.10018046717683315
2021-11-08,-0.006955560047546798,-0.012847380659339155,0.005891820611792357,0.09255464754205822
2021-11-09,-0.0030150638558495524,-0.0035723762946976443,0.0005573124388480919,0.08926548652067567
2021-11-10,0.0026411542846422253,0.005572345776538222,-0.002931191491895998,0.0921462072668977
2021-11-11,-0.004800444746056175,-0.0031205394847602466,-0.0016799052612959293,0.08691598348831442
2021-11-12,-0.0020515608026178732,-0.0015042425713960126,-0.0005473182312218602,0.0846883950587125
2021-11-15,0.004317677222693423,0.010993720021782206,-0.006676042799088782,0.0893818545659637
2021-11-16,6.490469252131564e-05,-0.0018431880716779643,0.00190809276419928,0.08945256285489767
2021-11-17,0.002669375639205788,-0.0007341281074878503,0.0034035037466936383,0.09236460592550655
2021-11-18,0.0025796652531086543,-0.0016104034844322333,0.004190068737540888,0.09518617873508606
2021-11-19,-0.00347382880809637,-0.0019374889548575878,-0.0015363398532387824,0.09138828986429881
2021-11-22,0.0008877054275857588,0.0033926282423493675,-0.0025049228147636087,0.09235755131849177
2021-11-23,0.001591114028178798,0.004537410366680719,-0.002946296338501921,0.09409700020597267
2021-11-24,-0.0023627441040178516,-0.0007932927401850243,-0.001569451363832827,0.09151498049662465
2021-11-26,0.0020151302817171266,-0.009064595033628912,0.01107972531534604,0.09371674306091227
2021-11-29,-0.005026705886996479,0.0026359859410624766,-0.007662691828058956,0.088232745438789
2021-11-30,-0.007858572818450683,-0.018024800132529967,0.010166227314079285,0.0797143043994597
2021-12-01,0.004507217372866892,0.003735403337980474,0.0007718140348864179,0.08459179516836057
2021-12-02,0.0038671464617543987,0.010043836394936192,-0.006176689933181793,0.08879419089420271
2021-12-03,0.0032307363866032096,0.005337902327673959,-0.00210716594107075,0.09231748625893599
2021-12-06,0.0021199072287639144,0.00920480978148745,-0.007084902552723536,0.09463555417050507
2021-12-07,0.0007667284082560713,0.003643324853307646,-0.002876596445051575,0.09547516418186652
2021-12-08,0.0007770179270483136,-1.6824571204588322e-05,0.0007938424982529017,0.09632669880906408
2021-12-09,0.0006780075562356683,-0.0007424238797475551,0.0014204314359832233,0.09707026863945689
2021-12-10,0.0004961827126859569,0.0025152185848876137,-0.002019035872201657,0.09761475101155681
2021-12-13,-0.004531044254904651,0.0001846933203305391,-0.00471573757523519,0.09265266021584062
2021-12-14,-0.0003322005414501685,-0.0010797042754785498,0.0007475037340283812,0.09228974069486817
2021-12-15,0.003960998678686321,0.005700572520179676,-0.0017395738414933545,0.09662487898500771
2021-12-16,0.000862978530316852,0.0019744336575890004,-0.0011114551272721482,0.09757165117466182
2021-12-17,-0.009152671615210706,-0.007860650808695052,-0.0012920208065156542,0.08757177089605128
2021-12-20,0.0020148075031554812,0.0018887026342298292,0.000126104868925652,0.08976522761478134
2021-12-21,0.0031124267521954727,0.005674242902106889,-0.002561816149911416,0.0931623259302965
2021-12-22,0.003068528028649554,0.005043900321634601,-0.0019753722929850472,0.0965218769694518
2021-12-23,-0.0019691621132661725,-0.0016019165926861143,-0.0003672455205800583,0.09436477217450667
2021-12-27,0.0011853628991286462,0.0017629475818407411,-0.0005775846827120948,0.09566276071530355
2021-12-28,-0.0012657474832092415,0.001598840463714911,-0.0028645879469241524,0.09427680565308649
2021-12-29,-0.0007017958267097001,0.0003186929651779046,-0.0010204887918876045,0.0935091161697601
2021-12-30,0.0022871311002580115,0.003305523405263117,-0.0010183923050051053,0.09601297711541923
2021-12-31,0.002157796495936779,0.0034744057461427325,-0.0013166092502059534,0.09838050347836802
2022-01-03,-0.001461816332825618,-0.0017407795992779264,0.0002789632664523083,0.0967760459155762
2022-01-04,2.2870305632204796e-05,-0.001029011985487897,0.0010518822911201018,0.09680112980579336
2022-01-05,0.0027340464767086742,-0.000364703666918153,0.0030987501436268274,0.09980393810861754
2022-01-06,0.003384593123997006,0.0015746292733620324,0.0018099638506349739,0.10353263345410268
2022-01-07,-0.0014132835675735862,6.025660827931917e-05,-0.0014735401758529053,0.10197413047969173
2022-01-10,0.0017360447526063106,0.000180665108147665,0.0015553796444586455,0.10388886844091938
2022-01-11,-0.002364633945323863,-0.0017547224972051636,-0.0006099114481186994,0.10128165911342735
2022-01-12,-0.0012612669631285205,0.00012164270163056632,-0.0013829096647590868,0.09989352452785472
2022-01-13,0.0014412853223074009,0.0007883127251898399,0.000652972597117561,0.101479927876168
2022-01-14,0.001983377015484098,0.00036254891462056215,0.0016208281008635358,0.10366674577343948
2022-01-18,-3.913801529264343e-05,-0.0016378480758801896,0.0015987100605875462,0.10362355129274414
2022-01-19,0.0005296705139245498,6.096591889677212e-05,0.0004687045950277777,0.10420826298493768
2022-01-20,0.002502307439457949,-0.0008553877524213666,0.0033576951918793153,0.10697479144492816
2022-01-21,-0.0006750642491664867,0.0007944218335245742,-0.001469486082691061,0.10622776451245186
2022-01-24,-0.0010160454802417955,-0.0011009402270857867,8.489474684399124e-05,0.10510435760510206
2022-01-25,0.000438027927639102,0.0007347544670541544,-0.00029672653941505237,0.10558853020950854
2022-01-26,0.0001181848150761422,0.00012216446341258138,-3.979648336439179e-06,0.10571920170704296
2022-01-27,0.0012923169287229826,0.00042677363083412623,0.0008655432978888562,0.10714906506913802
2022-01-28,-0.00038529716487762994,0.0029574472246526235,-0.0033427443895302535,0.10672256584301754
2022-01-31,0.001253978909824181,0.0029646004295242594,-0.0017106215197000784,0.10811124310363973
2022-02-01,0.0034063773925381725,0.0,0.0034063773925381725,0.11189232442942099
2022-02-02,0.0011310652056611406,0.010007816324203106,-0.008876751118541967,0.11315065864489893
2022-02-03,-0.003588666097792313,-0.003011407634313527,-0.0005772584634787866,0.109163091916747
2022-02-04,-0.0014323619531085166,-0.0037646418844842415,0.002332279931375725,0.10757550617423295
2022-02-07,0.0008585336519587497,0.002312483477682,-0.0014539498257232504,0.10852680532110215
2022-02-08,0.0023660996885467305,0.0022369577525683895,0.000129141935978341,0.11115279570231151
2022-02-09,-1.5967161348388404e-05,0.0018973720566267714,-0.0019133392179751599,0.11113505388798339
2022-02-10,-0.006880393001680171,-0.014929544584404519,0.008049151582724345,0.10351624828371397
2022-02-11,9.438121221305349e-05,-0.001129800781220908,0.0012241819934339616,0.10362040440003661
2022-02-14,-0.002831339539496577,-0.008135940834133553,0.005304601294636976,0.10050009971796348
2022-02-15,-5.349596079647751e-05,-0.0013336222953455503,0.0012801263345490726,0.10044122898245966
2022-02-16,-3.2921835911966157e-06,0.0014628521262604916,-0.001466144309851688,0.1004376061338661
2022-02-17,0.0019383496546201133,-0.0010600737817155629,0.002998423436335676,0.10257270760574677
2022-02-18,0.006495104050097188,-0.0011090264837725187,0.007604130533869708,0.10975733927177944
2022-02-22,0.003091880743902258,0.002785762639032391,0.0003061181048698673,0.11319388657899654
2022-02-23,-0.006643266796292208,-0.013891740046608862,0.007248473250316655,0.10582315257836927
2022-02-24,0.007305449570756673,0.009908043444256297,-0.0026025938734996227,0.11393126850919022
2022-02-25,0.009200793761949952,0.017682733574915285,-0.008481939812965335,0.12422761502011093
2022-02-28,0.010083079087970336,0.008543191764859927,0.0015398873231104078,0.13562063279915715
2022-03-01,-0.006023474351012649,-0.009519345657615369,0.0034958713066027196,0.12880081117518238
2022-03-02,0.004113363061790316,0.007318148679835991,-0.0032047856180456753,0.13345354135997578
2022-03-03,0.0022195386476274305,0.001287584582863727,0.0009319540647637035,0.1359720792624859
2022-03-04,0.007859334437206138,0.0083396892849357,-0.000480354847729564,0.1449352398458803
2022-03-07,-0.0038067691887315675,-0.002615807868756391,-0.0011909613199751765,0.14058502104461912
2022-03-08,0.002552719908288613,0.0010417671127169374,0.0015109527955716757,0.14350033454122912
2022-03-09,-0.0014972184519143508,-0.0002760700826868824,-0.0012211483692274685,0.14178954577242409
2022-03-10,0.001869666751313058,0.0012078531705196718,0.0006618135807933863,0.143926308617927
2022-03-11,-0.0052654858590053585,-0.0030849161261287637,-0.0021805697328765947,0.13791881089330094
2022-03-14,-0.0008530693900254997,-0.00030883284716059286,-0.0005442365428649068,0.1369485011170215
2022-03-15,0.001471547289238492,0.0020642573429368255,-0.0005927100536983333,0.13862280620926848
2022-03-16,0.0011548917283061436,0.0018717501757705278,-0.0007168584474643844,0.13993855189548277
2022-03-17,0.00046456101928759415,-0.0008708280151589736,0.0013353890344465678,0.14046824593915241
2022-03-18,0.0025841862990761844,0.0005733660038210676,0.002010820295255117,0.14341923967139314
2022-03-21,0.002879859850831939,0.0009623874630583539,0.001917472387773585,0.14671687291407887
2022-03-22,0.0015336971386438823,0.002550296690858059,-0.001016599552214177,0.14847693865979483
2022-03-23,-0.0001657257004338647,-0.0036045460418106475,0.0034388203413767827,0.1482866222852961
2022-03-24,0.0023859411110970456,0.002798316175723612,-0.0004123750646265662,0.15102963757994226
2022-03-25,0.007045815506404637,0.008624525687968067,-0.0015787101815634298,0.15916821784730772
2022-03-28,0.0009713578000533768,0.0025254974578920665,-0.00155413965783869,0.1602947319728536
2022-03-29,0.0011510009418645322,0.0025765797379957867,-0.0014255787961312545,0.16163100117822715
2022-03-30,-0.0001272641449527606,-0.0004686127357527584,0.0003413485907999978,0.16148317660869482
2022-03-31,-0.002297312930021586,-0.0007597879753731638,-0.0015375249546484223,0.15881794889229384
2022-04-01,0.0018331835889695786,0.002751333945369934,-0.0009181503564003556,0.1609442232689966
2022-04-04,-0.00032988986673325167,-0.004502102682459753,0.004172212815726501,0.16056130269817848
2022-04-05,0.0011311994139779245,0.0030660471765249896,-0.001934847762547065,0.16187487177789106
2022-04-06,0.0002689584635544749,0.012433012569041356,-0.01216405410548688,0.1621874098862477
2022-04-07,-0.0006810576885132404,-0.0008836730297379785,0.0002026153412247381,0.16139616268832957
2022-04-08,0.00017743659854217795,0.0032302797623568183,-0.00305284316381464,0.16160225515662963
2022-04-11,0.003660097214959787,-0.005562048479928684,0.00922214569488847,0.16586162242978308
2022-04-12,0.0009556665489802978,0.0013446004557158679,-0.00038893390673557003,0.1669763299425817
2022-04-13,-0.0005205015957292854,-0.00011820104600501771,-0.0004023005497242676,0.1663690749529736
2022-04-14,-0.0031582945418599383,0.0004703592626637949,-0.003628653804523733,0.1626911489138445
2022-04-18,-0.007741401042811936,-0.0023307706504009902,-0.005410630392410945,0.15372504033997192
2022-04-19,-0.0012736110550369986,0.0009571715532673067,-0.002230782608304305,0.15225657869711062
2022-04-20,-0.008464143431305035,0.003666001738904647,-0.012130145170209682,0.14254487236325253
2022-04-21,0.0016248766918945138,-0.004512359822191422,0.006137236514085936,0.14440287600040547
2022-04-22,0.0015055303187621908,-0.008544434460814147,0.010049964779576339,0.14612710684232555
2022-04-25,0.0016809182409429134,-0.0006534100024257485,0.002334328243368662,0.14805527289339881
2022-04-26,-0.002700129265014448,-0.006497894016518451,0.0037977647515040035,0.14495955655117876
2022-04-27,0.0048369697619688404,0.0003198169060803108,0.00451715285588853,0.1505111068214926
2022-04-28,0.0017755415252442438,0.006347551842152387,-0.0045720103169081434,0.15255570166128885
2022-04-29,-0.011166099553104516,-0.020250818706036927,0.009084719152932411,0.13975773461559426
2022-05-02,-0.004772063469921147,-0.0037933824840957952,-0.000978680985825352,0.13433169536459966
2022-05-03,-0.00046858305653756733,0.0025181747788278874,-0.002986757835365455,0.13380029126486037
2022-05-04,-0.0026759389480159445,0.007888959395195712,-0.010564898343211657,0.1307703666608404
2022-05-05,0.004025957774471763,-0.003904200237576041,0.007930158012047803,0.13533197667294639
2022-05-06,-0.016730485929373477,-0.0011518017732823356,-0.015578684156091144,0.1164953334859804
2022-05-09,0.01165590542191244,-0.0005326037399904955,0.012188509161902936,0.12958523663431132
2022-05-10,-0.001093929583414915,-0.00047522975533463606,-0.0006186998280802788,0.12835022555770403
2022-05-11,-0.002348865795302838,0.0007353388522554292,-0.003084204647558267,0.12570299252243666
2022-05-12,0.006887949318699258,-0.0021559798819981465,0.009043929200697404,0.13348354293973363
2022-05-13,-0.004637003026417294,0.005424232542433287,-0.010061235568850583,0.12823974347364775
2022-05-16,-0.00437603572499509,-0.0008248999786129048,-0.0035511357463821856,0.12331331302928983
2022-05-17,-0.0043055430829043945,0.0038239707394783617,-0.008129513822382757,0.11848723606095857
2022-05-18,-0.001767081432618342,-0.003720996160161334,0.001953914727542992,0.1165125232864832
2022-05-19,-0.005346165910075384,-0.0014619451887412237,-0.0038842207213341607,0.11055938949589428
2022-05-20,0.0048222757853830945,0.0006715165236029723,0.0041507592617801205,0.11592774659418015
2022-05-23,-0.004010205554685096,0.0023612332652319275,-0.006371438819917023,0.11146160799833837
2022-05-24,0.003651776458689894,0.005730941578589512,-0.002079165119899618,0.11552783729461824
2022-05-25,-0.0007749474429991414,0.003221001601508638,-0.003995949044507779,0.11466369672452115
2022-05-26,0.0014349153903278735,0.0008938021081425538,0.0005411132821853201,0.11626429290340323
2022-05-27,-0.00021312895103124088,0.003878245728695629,-0.0040913746797268695,0.11602641001634861
2022-05-31,-0.002886260325653397,-0.005887557882457833,0.003001297556804436,0.11280991132593532
2022-06-01,0.0016314919684592658,5.201777635916263e-05,0.0015794741921001032,0.11462693358425535
2022-06-02,0.001187034474037921,0.0013461896936274606,-0.00015915521958953982,0.11595081977393251
2022-06-03,0.0013983867405014806,-0.00012046146966263526,0.0015188482101641154,0.11751244222494317
2022-06-06,0.0022579222019553724,0.0024459685021840792,-0.00018804630022870679,0.12003854918247714
2022-06-07,0.0009723489706460668,0.003922256579177025,-0.002949907608530958,0.12112814716174758
2022-06-08,-0.0113379662218301,-0.013845451822080902,0.0025074856002508007,0.10848862274937376
2022-06-09,-0.006979167616642841,-0.017470892856799494,0.010491725240156652,0.10077922871954925
2022-06-10,-0.006556605203588355,-0.012287036222215025,0.005730431018626671,0.09358546301244974
2022-06-13,-0.020509217412604357,-0.040918564134335804,0.020409346721731444,0.07138531300540807
2022-06-14,-0.0067952320475071415,-0.017828153974476305,0.01103292192696916,0.06412968096209193
2022-06-15,0.014090068885433652,0.0135504330432631,0.0005396358421705515,0.07922947019243298
2022-06-16,-0.0035845592362302153,-0.014899966727936937,0.011315407491706722,0.07536783349465637
2022-06-17,-0.0033568176779198255,-0.005303170662459089,0.0019463529845392628,0.07176407171054633
2022-06-21,0.008947916228507066,0.014211875657003034,-0.005263959428495968,0.0813971606043069
2022-06-22,-0.005380367426730738,-0.003453500633112062,-0.0019268667936186768,0.07559447084570103
2022-06-23,0.002879865361291362,0.010620079998279405,-0.007740214636988041,0.0786965026781743
2022-06-24,0.003923785452977319,0.00986210873595094,-0.005938323282973621,0.08293739105052111
2022-06-27,-0.0018695420859309625,0.0034772207974874455,-0.005346762883418408,0.08091468537736013
2022-06-28,-0.002625195504716258,-0.006864088769870896,0.004238893265154638,0.07808079439078064
2022-06-29,-0.00032270021443879873,-0.0010158579067256173,0.0006931576922868188,0.07773295361441357
2022-06-30,0.004094482206586719,0.00565994669551937,-0.0015654644889326506,0.08215475833927477
2022-07-01,0.009786827359436444,0.01195140504664398,-0.002164577687207538,0.09279761508676931
2022-07-05,-0.017463259766255547,-0.024976258334471292,0.00751299856821574,0.07387947345256562
2022-07-06,0.006636879205578617,0.006821411421197316,-0.00018453221561869936,0.08103038541999585
2022-07-07,0.005561846427282977,0.00797488998323577,-0.0024130435559527926,0.08705966181909819
2022-07-08,0.002141881837268345,0.0014648275607865094,0.0006770542764818353,0.08939051047488178
2022-07-11,0.0007676737303776893,0.0008129676539969937,-4.529392361930443e-05,0.0902271280354714
2022-07-12,-0.0044128483426036196,-0.0024849784020852337,-0.0019278699405183859,0.08542672058543932
2022-07-13,-0.005112147237564531,-0.004183957089919971,-0.0009281901476445601,0.0798920185337979
2022-07-14,-0.009700367188327326,-0.008824337355563793,-0.0008760298327635324,0.0694673129109018
2022-07-15,-0.002698788831818388,-0.004236939042736362,0.0015381502109179728,0.06658493768133433
2022-07-18,-0.008243497251220994,-0.007186214814652956,-0.0010572824365680372,0.057828688324152555
2022-07-19,-0.0016344752089492787,0.0018534936939842766,-0.0034879689029335553,0.056101105787789374
2022-07-20,-0.008868414516708743,-0.008826108158839597,-4.230635786914678e-05,0.04677657144150871
2022-07-21,0.0024729169819854963,0.0012814076036890792,0.0011915093782964173,0.049368366327360524
2022-07-22,0.004321561708974672,0.0027684836174641492,0.0015530780915105225,0.053913089555768456
2022-07-25,0.007775553241054277,0.009328631332564794,-0.001553078091510517,0.062139789016598
2022-07-26,0.005436737911064761,0.007092473916512335,-0.0016557360054475741,0.06793009058790123
2022-07-27,0.00047070719186548894,0.0008070043912852794,-0.0003362971994197904,0.06843289128861985
2022-07-28,0.03526589546026429,0.03933633924825107,-0.004070443787986777,0.10678440957667723
2022-07-29,0.004760390852700829,0.008826478006289908,-0.0040660871535890784,0.11206569647745668
2022-08-01,-0.0023453213460988007,-0.0023453213460988007,0.0,0.10946060114820355
2022-08-02,0.0009260931666850746,0.0006612204770318022,0.00026487268965327235,0.11048854094017413
2022-08-03,0.008934003111405098,0.005182466347966729,0.0037515367634383683,0.12045409889851522
2022-08-04,-0.0005899216681235994,-0.00026592464629766237,-0.000323997021825937,0.1197933136723619
2022-08-05,0.018217394023144554,0.015701201630777175,0.0025161923923673777,0.1403799780360624
2022-08-08,0.01313759984798327,0.009460801454071936,0.003676798393911335,0.1554606790641544
2022-08-09,0.00025190675433185575,0.0025891249038781433,-0.0023372181495462875,0.15575178407769585
2022-08-10,0.004566724515078304,0.008183288336554694,-0.0036165638214763897,0.16104185403578541
2022-08-11,0.005052651831816551,0.007570349182384676,-0.002517697350568125,0.1669230395659469
2022-08-12,0.011379575666681966,0.018134059945426446,-0.0067544842787444805,0.18027797120362088
2022-08-15,0.0014018802070591384,0.003908667451560342,-0.0025067872445012035,0.18193373985375927
2022-08-16,0.0018917579292716058,0.0023377728060631426,-0.00044601487679153684,0.184171788633813
2022-08-17,-0.002028051342416055,-0.004402292102942355,0.0023742407605262996,0.18177266104748346
2022-08-18,0.006326374619566203,0.007922113478614212,-0.0015957388590480091,0.18927269661928814
2022-08-19,0.00045901009681934327,-0.0025425539550052376,0.003001564051824581,0.18981871009817142
2022-08-22,-0.005737961134958454,-0.011446324120080191,0.0057083629851217375,0.18301112608606718
2022-08-23,-0.0007218782164589935,-0.002398131184728231,0.0016762529682692378,0.18215744428853542
2022-08-24,-0.000460270092814547,0.003334130001045456,-0.003794400093860003,0.1816134577718973
2022-08-25,0.00717203268013472,0.010100830209626821,-0.0029287975294921016,0.19011849083703836
2022-08-26,-0.007013845943422262,-0.014142819220367342,0.00712897327694508,0.18180038813339983
2022-08-29,0.0028280002232267177,0.003011147310863074,-0.00018314708763635655,0.1851472501275162
2022-08-30,-0.003118772191421857,-0.009309012382244814,0.006190240190822958,0.1814568036633155
2022-08-31,0.0011938099419700294,0.002258521670198031,-0.0010647117282280014,0.18286808077224803
2022-09-01,0.0008753451151176739,0.0017202649342442698,-0.0008449198191265958,0.1839039518747927
2022-09-02,0.0016343423319274423,0.0003614171558980325,0.0012729251760294099,0.18584043823004892
2022-09-06,9.237405069926016e-05,-0.003175686733404884,0.003268060784104144,0.18594998417433461
2022-09-07,0.001775105897782642,0.008660854041029384,-0.006885748143246741,0.18805704055654515
2022-09-08,-0.0001655558207721015,0.0026527395763864987,-0.0028182953971586,0.18786036707874043
2022-09-09,0.002967219838326399,0.004539713362489043,-0.0015724935241626446,0.19139024429608265
2022-09-12,0.0014965272842610345,0.00533302230299303,-0.0038364950187319952,0.19317452708380567
2022-09-13,-0.0009878183340391567,-0.007620007730677031,0.006632189396637875,0.1919964693595475
2022-09-14,0.0035092991191473214,0.005660345253066704,-0.002151046133919382,0.19618688993863986
2022-09-15,0.00028671273293482693,-0.0008702320891915481,0.001156944822126375,0.19652990112144209
2022-09-16,-0.004043632737598595,-0.004446045615459214,0.0004024128778606195,0.19170134267954508
2022-09-19,0.001131082660264811,0.0027394935093884906,-0.0016084108491236794,0.19305001799230914
2022-09-20,-0.003146744889213361,-0.007115209858370337,0.003968464969156977,0.18930169454742973
2022-09-21,0.0006108870565879733,-0.0026800419673374495,0.003290929023925423,0.19002844551778653
2022-09-22,-0.002310411163010327,-0.004671563256010956,0.002361152093000629,0.18728216425404387
2022-09-23,0.0009572066737398562,-0.0035757816332228475,0.0045329883069627035,0.18841918275931535
2022-09-26,-0.0034186477664884724,-0.010805053100026253,0.007386405333537781,0.1843633328856895
2022-09-27,0.0006617753234681809,-0.003421778330578859,0.00408355365404704,0.1851473747145671
2022-09-28,0.0032437721513971685,0.005043156897446962,-0.0017993847460497934,0.18899796460575202
2022-09-29,-0.0026115484486609443,-0.011894216408858283,0.00928266796019734,0.185896889881759
2022-09-30,0.0014113611470200939,-0.003916707001035739,0.005328068148055833,0.18757180035026333
2022-10-03,-0.004528498004468368,0.0,-0.004528498004468368,0.1822060424040517
2022-10-04,-0.0075200811444533205,0.010697519978219194,-0.018217601122672514,0.1733491012333499
2022-10-05,-0.00283812646597225,-0.013637148012579065,0.010799021546606814,0.17002370926894517
2022-10-06,-0.003466729772420918,-0.017320693828092586,0.01385396405567167,0.16597457592242537
2022-10-07,0.001504992242076415,-0.010731431459629574,0.012236423701705988,0.16773067974349565
2022-10-10,0.012145244114570283,0.01536651135969434,-0.0032212672451240555,0.1819995278349429
2022-10-11,-0.000310926943591937,-0.001779231162814194,0.0014683042192222564,0.18163206946374055
2022-10-12,-0.004304836557925419,-0.018795305493838264,0.014490468935912845,0.17655626961603144
2022-10-13,0.009516793407121148,0.02152347973748833,-0.012006686330367177,0.18780676195913948
2022-10-14,-0.0032347079473810797,-0.010114004914269009,0.006879296966887929,0.1839707615016397
2022-10-17,0.007645198987337287,0.01688855670534825,-0.009243357718010964,0.1930571429079717
2022-10-18,0.0035265133913886283,0.012844677862137674,-0.009318164470749046,0.19727190223373148
2022-10-19,-0.004313496670185972,-0.008969698709917429,0.004656202039731456,0.19211859624455885
2022-10-20,-0.002482484907748215,-0.014358491932113901,0.011876007024365687,0.18916285013664336
2022-10-21,0.008540783253085573,0.018072885558497398,-0.009532102305411825,0.19936272776187192
2022-10-24,0.004641324631794653,0.0049673416754220925,-0.00032601704362744005,0.20494229781444395
2022-10-25,-0.0015207653509809616,0.00859368407171449,-0.010114449422695453,0.20311125596338964
2022-10-26,0.005100572490628294,-0.00014042362456927302,0.005240996115197568,0.20926348875543654
2022-10-27,0.004842562325212648,0.010026456142504761,-0.005183893817292113,0.21513362434464378
2022-10-28,-0.0005135868218179148,0.01408891697193732,-0.014602503793755234,0.21450970795976332
2022-10-31,0.0024876269533087225,0.0002560988492308169,0.0022315281040779056,0.21753471603017593
2022-11-01,-0.06689738775926134,-0.06750549921139637,0.0006081114521350291,0.1387494675319625
2022-11-02,-0.00032094091893835035,-0.004754316833088319,0.004433375914149967,0.13838405487248617
2022-11-03,0.002268847339386689,0.002339874205305123,-7.102686591843447e-05,0.1409698067354852
2022-11-04,-0.0029175683803922365,-0.0007415962124780865,-0.0021759721679141504,0.13764580066975296
2022-11-07,-0.010493478444142276,-0.010487851719538012,-5.6267246042653735e-06,0.12577035531822656
2022-11-08,-0.008099049468221022,-0.0020759643686452797,-0.006023085099575743,0.11668950827318803
2022-11-09,-0.009368956940129406,-0.013233541044094091,0.003864584103964683,0.10627614968012322
2022-11-10,0.006152570673018165,0.02195341460014784,-0.015800843927129674,0.11310357344134103
2022-11-11,-0.0002477409102852134,-0.004103653515680426,0.003855912605395212,0.11282784630467102
2022-11-14,-0.01072766410558062,-0.018566403448325622,0.007838739342745002,0.10095360825729127
2022-11-15,0.0013797625047094382,0.002185130250833487,-0.0008053677461240488,0.10247371121476401
2022-11-16,-0.002164435683976431,0.0010936469679198699,-0.003258082651896301,0.10009005833581397
2022-11-17,-0.0063088168569297096,-0.011159016976031576,0.004850200119101866,0.0931716381014962
2022-11-18,0.0019010015747445482,0.009914908622182084,-0.008013907047437535,0.09525173561489497
2022-11-21,-0.0012832437237030223,0.0001302123452695588,-0.0014134560689725816,0.09384716209711219
2022-11-22,-0.0002579171683960643,0.007685590540537805,-0.007943507708933869,0.09356507651332735
2022-11-23,-0.000873592409733778,0.005043601703145299,-0.0059171941128790765,0.09261016352603368
2022-11-25,-0.001136995289828505,0.0008512706411741629,-0.0019882659310026677,0.09136857688932065
2022-11-28,-0.003991020782976098,-0.005831478279626117,0.0018404574966500188,0.08702158245962299
2022-11-29,-0.001506847803883723,-0.0014343012708829496,-7.254653300077356e-05,0.08538483984602374
2022-11-30,0.002366473080372988,0.009572552332726612,-0.007206079252353625,0.0879564154334549
2022-12-01,0.007121751612688771,0.007286768393953405,-0.00016501678126463424,0.09573222662222958
2022-12-02,0.0030428874530591837,0.0002758657051457222,0.0027670217479134618,0.09907149439797092
2022-12-05,0.0008520628255384805,-0.0033406710795696876,0.004192733905108168,0.10000837144332575
2022-12-06,-0.009814445513106307,-0.002893209286915883,-0.006921236226190424,0.0892652045654867
2022-12-07,0.004205172440203806,-0.0007168503864862551,0.004922022826690062,0.0938553970951479
2022-12-08,0.0004158884368404795,0.0008312577592583202,-0.00041536932241784076,0.09431041351785141
2022-12-09,0.0006380923534356582,-2.861388674133187e-05,0.00066670624017699,0.09500890745312152
2022-12-12,-0.006041913819059679,0.004792065037799936,-0.010833978856859616,0.08841290430988447
2022-12-13,-0.0005069349621329586,0.0,-0.0005069349621329586,0.08786128958366124
2022-12-14,-0.003623558057821059,-0.0019846492369147784,-0.0016389088209062806,0.08392649432690558
2022-12-15,0.0033336961585985004,-0.001213580814945381,0.004547276973543881,0.08754600574076621
2022-12-16,0.008769359316320021,-0.0006243384712813476,0.009393697787601369,0.0971250269909465
2022-12-19,0.0020063219857945707,0.001781658528303596,0.00022466345749097468,0.09932842267525044
2022-12-20,-6.713843142654163e-05,0.0009257054952051992,-0.0009928439266317407,0.09925461796692336
2022-12-21,-0.007454454751588923,0.001309589722784132,-0.008764044474373057,0.09109074058883904
2022-12-22,0.006931581120944967,0.0012167749522085333,0.005714806168736434,0.0986799969540042
2022-12-23,-0.007219272849484445,0.000824496589275783,-0.008043769438760229,0.0907768879562536
2022-12-27,0.00013579604194869266,0.002692405218240418,-0.0025566091762917256,0.09092502119801349
2022-12-28,0.003192221552247086,-0.0008655146853300598,0.004057736237577146,0.09441305989671522
2022-12-29,-0.00358964044222773,0.0004873980679731174,-0.004077038510200847,0.0904915531269419
2022-12-30,0.007343862686225845,-0.000867473336667148,0.008211336022892993,0.09852945184063744
2023-01-03,0.005535363895752197,0.0,0.005535363895752197,0.10462707281288686
2023-01-04,-0.0016033940824812486,0.000833070088322778,-0.0024364641708040265,0.10285733947012132
2023-01-05,0.0024185512402941007,-0.0017752715398602688,0.00419382278015437,0.10552788457970275
2023-01-06,-0.0019278254166467898,0.002345612731385039,-0.004273438148031829,0.10339867285867133
2023-01-09,0.0005852988903876023,0.002262002977304099,-0.0016767040869164966,0.1040446799127146
2023-01-10,0.0014033655479551612,0.0011196238999509102,0.00028374164800425107,0.10559514586069274
2023-01-11,-0.006335067349072214,-0.002916390393768625,-0.0034186769553035887,0.09861326484443778
2023-01-12,0.0021719099538290735,0.0016946075870611869,0.00047730236676788687,0.1010019469920389
2023-01-13,-0.0032183019424450554,-0.003824445343178196,0.0006061434007331407,0.09746428597149936
2023-01-17,0.003175911564209455,0.001405581498654657,0.0017703300655547982,0.1009552760922734
2023-01-18,0.002505852448968949,-0.0027177287380367823,0.005223581187005732,0.10371756706844137
2023-01-19,-0.0023163824506137022,-0.003191900250343654,0.0008755177997299518,0.10116389384940283
2023-01-20,0.004655651403659115,0.0062203807396581465,-0.001564729335999032,0.10630248153233168
2023-01-23,-0.0014823410558357888,0.0010831069749999529,-0.0025654480308357416,0.10466377880201594
2023-01-24,0.0003621987275141575,0.002449541657133139,-0.0020873429296189815,0.10506395908504884
2023-01-25,0.002905118875954431,0.001261645113705416,0.0016434737622490147,0.10827896898354772
2023-01-26,0.0008200678410216855,0.0017006999718551608,-0.0008806321308334752,0.10918820569182808
2023-01-27,0.002731188422760644,0.0012889545022019939,0.0014422339205586502,0.11222174838051391
2023-01-30,5.8608541726517735e-06,-0.000990646113051901,0.0009965069672245527,0.11222826696909105
2023-01-31,0.0012122386670354052,0.005184089684343958,-0.003971851017308552,0.11357737063348305
2023-02-01,0.0013016790484709447,0.0018405172599067596,-0.0005388382114358149,0.11502783478028156
2023-02-02,0.0011992021772223938,-0.0015859840902005629,0.002785186267422957,0.11636578066088021
2023-02-03,-0.003557591350366464,-0.01584101486648046,0.012283423516113997,0.11240126366283998
2023-02-06,0.0030208236417946436,0.006101692680192,-0.003080869038397355,0.11576671235351177
2023-02-07,0.003697769764700428,0.006064006829608723,-0.002366237064908295,0.11990019839683419
2023-02-08,-0.005099346062463996,-0.013215726069493249,0.00811638000702925,0.11420397557887707
2023-02-09,-0.005130672034010638,-0.009001947978356429,0.0038712759443457903,0.10850200039163704
2023-02-10,0.006818401805711177,0.01591485673416059,-0.009096454928449417,0.11608603856032751
2023-02-13,-0.0025450616022957596,0.0009575581498674717,-0.0035026197521632317,0.11324914240775774
2023-02-14,-0.005294978188916796,-0.005584433512353997,0.00028945532343719986,0.10737009094033056
2023-02-15,-0.000760691036890449,0.004686877303630351,-0.0054475683405208,0.10652804474673205
2023-02-16,-0.00526652427987096,-0.0099173337150428,0.00465080943517184,0.10071580651375078
2023-02-17,-0.0014618640010167763,0.0033932470170699182,-0.004855111018086695,0.09910788526830094
2023-02-21,-0.004291138240326447,-0.01378140084673778,0.009490262606411334,0.09440156634592345
2023-02-22,-0.007416216854697318,-0.011107683554156748,0.0036914666994594322,0.08631526893370811
2023-02-23,0.0037406815748244216,0.003395399313553934,0.00034528226127048754,0.09038643817131709
2023-02-24,0.0013679808559173424,-0.00021457964545720863,0.001582560501374551,0.09187908666879707
2023-02-27,-0.00663179644650021,-0.007440591532072237,0.0008087950855720272,0.08466192464785594
2023-02-28,-0.003405882760557117,-0.014781050561570336,0.01137516780101322,0.08097397722097344
2023-03-01,0.00634188752627871,-0.005777710973280364,0.012119598499559073,0.08785117676654997
2023-03-02,-0.0015758366442745037,0.00860633167160308,-0.010182168315877583,0.0861382510187354
2023-03-03,0.004127091651417466,0.015410094204374213,-0.011283002552956747,0.09063010589941967
2023-03-06,-0.010425469632675478,0.003858622577753101,-0.014284092210428579,0.079318839931809
2023-03-07,-0.002212003290292596,-0.007733070182762697,0.005521066892470102,0.076934021691903
2023-03-08,-0.004133472143958768,0.0008203698211011567,-0.004953841965059925,0.07249173227706085
2023-03-09,0.0024016275816245835,-0.006485704551915422,0.008887332133540007,0.07507055344687297
2023-03-10,0.0019805080429792137,-0.015056942356640655,0.017037450399619868,0.07720184915223616
2023-03-13,-0.013228329175516215,0.0015888290231787653,-0.014817158198694981,0.06304610335972871
2023-03-14,-0.004098706769382789,0.008695865917715843,-0.012794572687098632,0.05869790617958648
2023-03-15,-0.0024606433813304076,0.0025342343275294166,-0.004994877708859825,0.0560960306406415
2023-03-16,-0.003110443231187721,0.005435604074713566,-0.008546047305901288,0.052816207386988445
2023-03-17,0.00044096893467408197,-0.008080110511404483,0.008521079446078564,0.05328056900536682
2023-03-20,0.007164417386149974,0.014106634268579714,-0.0069422168824297414,0.060853807152177586
2023-03-21,0.0034651483432922413,-0.013163540580962581,0.01662868892425482,0.06453619929740984
2023-03-22,0.0018424784259351715,-0.01755391043011712,0.019396388856052296,0.06649939229323754
2023-03-23,-0.0031056223711232976,-0.01324594980474929,0.01014032743362599,0.06319238573649
2023-03-24,-0.008338745837119169,0.01474235109650897,-0.023081096933628142,0.054363556496502596
2023-03-27,0.007378314640147569,0.008041508152540029,-0.0006631935123924596,0.06217175280315601
2023-03-28,0.0011998189195371932,0.005002758315397699,-0.003802939395860505,0.06344693140669921
2023-03-29,-0.004023193908412857,0.008326985299296104,-0.01235017920770896,0.0591770731834973
2023-03-30,0.0009277537949829215,0.004341581858928945,-0.0034138280639460237,0.060160184704908914
2023-03-31,0.005498089698560955,0.011434237286731236,-0.005936147588170281,0.06600509368839425
2023-04-03,0.0014463810656854855,-0.0043207965003664636,0.005767177566051949,0.06754805886064186
2023-04-04,0.0028626420019959836,0.0023684792811344956,0.0004941627208614879,0.07060844507823316
2023-04-05,-0.002152471102679889,0.019653054439129555,-0.021805525541809444,0.0683064696944431
2023-04-06,0.00027902308619837286,0.00482650625034073,-0.004547483164142357,0.06860459345239422
2023-04-10,-0.0015196024929142956,-0.0003273015989398492,-0.0011923008939744464,0.06698197242996495
2023-04-11,0.0025138688869786995,0.004080690115787601,-0.0015668212288089017,0.06966759945620904
2023-04-12,0.000685551123907687,-0.001874739499427324,0.002560290623335011,0.07040116270004693
2023-04-13,-0.0002994957684428587,0.0004832950475834284,-0.0007827908160262875,0.07008063008275922
2023-04-14,-0.00013269768972491583,-0.008604008111321376,0.00847131042159646,0.06993864227626312
2023-04-17,-0.0011487942736551813,0.003168960339020845,-0.004317754612676026,0.06871020863472022
2023-04-18,-0.004363500393018601,-0.00897067399620042,0.004607173603181819,0.06405705063077005
2023-04-19,-0.001635551348025289,0.004296457777707061,-0.00593200912573235,0.06231815310296618
2023-04-20,0.0004374840312095108,-0.0030964290335435156,0.0035339130647530264,0.06278300200558462
2023-04-21,-0.00010537250905623798,0.0016864823736028687,-0.0017918548826591067,0.06267101979410783
2023-04-24,0.00033042613824707306,0.003881300995025758,-0.0035508748567786843,0.0630222120937678
2023-04-25,-0.0029105760142959496,-0.0037206510501607186,0.0008100750358647686,0.05993270344651824
2023-04-26,0.0031131874612304504,-0.012436900512307485,0.015550087973537937,0.06323761438303155
2023-04-27,0.00037178877162474724,0.009725235905750789,-0.009353447134126041,0.06363298768275083
2023-04-28,-0.0041499919974365505,-0.0044032356783735745,0.00025324368093702357,0.05922806581286677
2023-05-01,0.0016076062781424385,-0.0038167611465242035,0.005424367424666642,0.06093225696862725
2023-05-02,-0.008489330643157923,-0.012182987732591709,0.003693657089433787,0.05196377431872179
2023-05-03,0.0019072492076742012,0.000651221678603614,0.001256027529070587,0.05397204592223148
2023-05-04,-0.003576324909882158,-0.0010881390524405338,-0.002488185857441626,0.05020943161606528
2023-05-05,0.002450001646759734,0.005696741489511904,-0.00324673984275217,0.052785600973928704
2023-05-08,-0.0016383882543046973,-0.003980736512787125,0.002342348258482427,0.05106214164427891
2023-05-09,-0.005653079652171292,-0.0006988589993073206,-0.004954220652863972,0.04513716659497424
2023-05-10,0.005209668929022657,0.009019185854260285,-0.0038095169252376276,0.05059619273098481
2023-05-11,-0.00722300191697581,-0.011281441456888178,0.004058439539912367,0.04303507427650777
2023-05-12,0.011691315735033946,0.011945904842663734,-0.00025458910762978795,0.055301089866510944
2023-05-15,0.0011894121788807307,-0.0010890402735112027,0.002278452452391934,0.05655702459915335
2023-05-16,-0.010538881873212991,-0.01661868146320926,0.0060797995899962674,0.04548056419832247
2023-05-17,0.003491639112465221,0.0024903710230468217,0.0010012680894183994,0.049137385462485694
2023-05-18,-0.0009597169379754461,-0.00172360340901723,0.0007638864710417836,0.04813099354632344
2023-05-19,-0.0015460354077954043,-0.0009214189239501196,-0.0006246164838452847,0.046511797907707875
2023-05-22,0.005230633195492883,0.005550060070782392,-0.00031942687528950845,0.05200005828276044
2023-05-23,-0.0012245876667733007,-0.000400290538529906,-0.0008242971282433947,0.05071258046156646
2023-05-24,-0.0036664800301415695,-0.006132097135475427,0.0024656171053338586,0.046867217548840934
2023-05-25,-0.011694842822223155,-0.015057172674711591,0.0033623298524884347,0.03469558139496964
2023-05-26,-0.0001436140919465087,0.000772941214369955,-0.0009165553063164637,0.03454699519839788
2023-05-30,0.003199249184364932,0.00021604697161614346,0.0029832022127487885,0.037862068874816135
2023-05-31,0.003523915296863615,0.005594038869940985,-0.0020701235730773704,0.04152585854618773
2023-06-01,0.025092120512442237,0.03334765951993145,-0.008255539007489206,0.06799059049362777
2023-06-02,-0.003628240479428371,-0.0025318622711923413,-0.0010963782082360298,0.0641226848905232
2023-06-05,-0.0013057588136206068,-5.7172447361672406e-05,-0.0012485863662589345,0.06273410408905855
2023-06-06,0.005188847329935874,0.003840723466531459,0.001348123863404415,0.0682628004836463
2023-06-07,-0.0008205169254232839,0.002328682766073093,-0.0031491996914963767,0.06738663227962638
2023-06-08,0.0034879407636548604,0.0027124675671375362,0.0007754731965173241,0.07111611394951822
2023-06-09,0.002432264661181829,0.0017781162727133943,0.0006541483884684347,0.07372452270579388
2023-06-12,0.000718947751337215,0.0008198055534734453,-0.0001008578021362302,0.07449675209997908
2023-06-13,-0.00015998423696010004,0.000886552544683908,-0.001046536781644008,0.07432486330709365
2023-06-14,-0.0009554673801194893,-0.0018672145426261522,0.0009117471625066629,0.07329887117361422
2023-06-15,-0.0024333074647067752,0.00046430436947959435,-0.0028976118341863697,0.07069037993619554
2023-06-16,0.0003600260083313192,-0.0010195863437441636,0.0013796123520754828,0.07107592571893284
2023-06-20,-0.0017370061956994485,-0.0016226975138920936,-0.00011430868180735485,0.06921707508480424
2023-06-21,-0.0046362973356080545,-0.002721640496702675,-0.001914656838905379,0.06427134061532169
2023-06-22,-0.001819475215406707,-0.0023180880878661634,0.0004986128724594563,0.06233668585052321
2023-06-23,0.005076791541169031,0.0020600506637211574,0.003016740877447874,0.06774366118124142
2023-06-26,-0.0030434339258074306,0.0004972628542966895,-0.00354069678010412,0.06449899386849989
2023-06-27,-0.0013331277149610202,0.0004040899454362131,-0.0017372176603972333,0.06308082626652722
2023-06-28,0.001338586170840613,-0.0005512671627287036,0.0018898533335693166,0.06450480440515016
2023-06-29,-0.0005748806494325701,0.0005879592781361501,-0.0011628399275687201,0.06389301706107142
2023-06-30,-0.0010467542881435403,0.0012425510321791206,-0.002289305320322661,0.06277996513090756
2023-07-03,0.008970797329385957,9.103536128244756e-05,0.008879761968103509,0.07235684068364612
2023-07-05,0.002873501093965638,0.004182737420631205,-0.0013092363266655669,0.07544269071186416
2023-07-06,-0.0035911248937838588,-0.004482514380176484,0.0008913894863926254,0.07158756795009835
2023-07-07,0.0031639944697874492,0.002008317998343498,0.001155676471443951,0.07498343450752754
2023-07-10,0.003648665740875943,0.00281906219246526,0.0008296035484106827,0.07891285394678449
2023-07-11,-0.011742127997733755,0.002051222601851086,-0.013793350599584841,0.06631820978881398
2023-07-12,-0.0017558201500697576,0.0025806712534398703,-0.004336491403509628,0.06444758950665141
2023-07-13,-0.004229764664441846,-0.004170069767715093,-5.969489672675206e-05,0.059954735261904535
2023-07-14,-0.0019590367627396674,-0.004180842829780253,0.0022218060670405847,0.05788027760154657
2023-07-17,0.005442484543225962,0.0015995287349998694,0.0038429558082260923,0.06365347066752514
2023-07-18,0.000808135101979517,0.0013640980340323813,-0.0005559629320528643,0.06451339379374543
2023-07-19,-0.0017483500411123612,0.003502751069513535,-0.005251101110625895,0.06265387777406572
2023-07-20,0.002889084602189044,0.006842902846410815,-0.003953818244221771,0.06572841388872619
2023-07-21,-0.009903591559973616,-0.002710040096151079,-0.007193551463822536,0.05522596677784297
2023-07-24,-0.0007966577706137026,-0.0014883641669428682,0.0006917063963291657,0.05438564757950881
2023-07-25,0.0030678800371569887,0.0037213328123404206,-0.0006534527751834319,0.05762534321699864
2023-07-26,-0.0016447616726252984,0.0003426657509861898,-0.001987427423611488,0.055887231370186585
2023-07-27,-0.001770307067677944,-0.008508405763417815,0.006738098695739872,0.05401964033437667
2023-07-28,0.005458287425191172,0.0022906329543576067,0.0031676544708335655,0.05978851224099868
2023-07-31,0.003220895608403962,0.004488678025611587,-0.001267782417207625,0.06320748352496142
2023-08-01,0.002323229982181723,-0.001352136162304951,0.0036753661444866737,0.06568043052798767
2023-08-02,-0.0029710903369599556,-0.0022410187065760923,-0.0007300716303838633,0.06251889662564314
2023-08-03,0.011295411075420259,0.0005642445426943272,0.010731166532725933,0.07458852170049934
2023-08-04,0.0027154040900443203,-0.002703918913813854,0.005419323003858174,0.07751042905165528
2023-08-07,-0.0014148362533000555,-0.0012823688818726002,-0.0001324673714274553,0.07598700618440235
2023-08-08,-0.0024654108152297924,-0.0013092087841922928,-0.0011562020310374997,0.07333752355589018
2023-08-09,8.505814452333937e-05,0.005366650630851706,-0.005281592486328366,0.07342882353693958
2023-08-10,0.0022897852006146103,0.001059196764121013,0.0012305884364935977,0.07588956117614098
2023-08-11,-0.001506070509330075,-0.0003690432038553945,-0.0011370273054746808,0.07427041521679945
2023-08-14,0.001226373593950821,-0.002100054060224763,0.0033264276541755847,0.07558868026428422
2023-08-15,0.0014558411662221457,-0.007397453393477969,0.008853294559700116,0.07715570693713247
2023-08-16,-0.0015958930587965554,0.00026459570924781354,-0.0018604887680443696,0.07543805258207392
2023-08-17,-0.00020739508180790634,-0.0029886845720410284,0.0027812894902331216,0.07521503514633832
2023-08-18,-0.004399997942409948,0.00014478419507629324,-0.004544782137486242,0.07049448402746417
2023-08-21,0.0038204033316373088,0.0019843319933651356,0.0018360713382721727,0.07459202687010613
2023-08-22,-0.0008837033932087029,-0.0003430496379703005,-0.0005406537552384023,0.07364282571755743
2023-08-23,0.0038466367720958513,0.006440396310200414,-0.0025937595381045624,0.07778069302513013
2023-08-24,9.340184068962957e-05,-0.003844725039853138,0.003938126880542767,0.07788136442709237
2023-08-25,-0.002702200785731725,0.001681091638532546,-0.004383292424264271,0.07497264430004735
2023-08-28,0.0036137431879280126,0.002301943566449679,0.0013117996214783336,0.07886434694236244
2023-08-29,-0.0010775150452975216,0.00116199333677082,-0.0022395083820683417,0.07770248045342232
2023-08-30,-0.0001607227352778981,0.001190608843419544,-0.001351331578697442,0.07752928308169871
2023-08-31,0.0024743419587020536,-0.0027514516665554183,0.005225793625257472,0.08019876023626349
2023-09-01,0.0029204523835637945,-0.00021553423378534338,0.0031359866173491383,0.08335804029834293
2023-09-05,-0.002687318825014582,-0.012676566719345382,0.0099892478943308,0.08045062017453897
2023-09-06,-0.0067407432641861855,-0.0013500610404654006,-0.005390682223720786,0.07319207142535
2023-09-07,-0.007330791585576866,0.0055602145386237836,-0.01289100612420065,0.06535349062360574
2023-09-08,0.003396728966072427,0.010477284730010191,-0.007080555763937764,0.06897836054940942
2023-09-11,-0.002722921840034124,-0.002230826836877072,-0.0004920950031570523,0.06607157529545371
2023-09-12,0.0013807059431649176,0.0016566381114552602,-0.0002759321682903429,0.06754452327532223
2023-09-13,-0.001618868289719768,0.005475739612289678,-0.007094607902009446,0.06581770741957049
2023-09-14,0.002048624770174082,0.010236072252381257,-0.008187447482207174,0.0680034060492336
2023-09-15,2.715492770962065e-05,-0.0013795420745572606,0.0014066970022668813,0.06803240799828969
2023-09-18,0.0015262799703020075,0.0030589621858983502,-0.0015326822155963425,0.06966376911045358
2023-09-19,-0.00023415971068219653,-0.005277283264811602,0.005043123554129406,0.06941332627470675
2023-09-20,0.002114769997425413,-0.0011439033523556628,0.0032586733497810753,0.07167728252158412
2023-09-21,-0.005567162111352119,-0.009203400383915962,0.0036362382725638447,0.06572765798740554
2023-09-22,0.004835753929965594,0.0023048570227167334,0.0025308969072488606,0.07089373557059742
2023-09-25,0.0028951841704369895,0.001319446270787247,0.0015757378996497423,0.073998662661108
2023-09-26,0.007305857619681411,-0.01827843133845075,0.02558428895813216,0.08187387654127631
2023-09-27,0.0037320699641938504,-0.002353329251362009,0.006085399215555859,0.08591904927958738
2023-09-28,0.0007999067578822452,-0.012046630291586003,0.012846537049468247,0.08678803077136821
2023-09-29,0.0006249908691259871,0.0023631729426889635,-0.001738182073562977,0.08746747566858759
2023-10-02,0.013854564841166117,-0.01320841456333752,0.027062979404503636,0.10263871712255224
2023-10-03,-0.006200641158840138,0.0018665662941745728,-0.00806720745301471,0.09582280346535588
2023-10-04,-0.004300383013925588,-0.003699994681185156,-0.0006003883327404319,0.0911204638725267
2023-10-05,-0.002928638349490251,0.0014060567751609694,-0.00433469512465122,0.08792964130140968
2023-10-06,-0.003926822654498952,0.0041046930262450135,-0.008031515680743966,0.08366591147375502
2023-10-09,-0.0036771113488311465,0.00500068850323264,-0.008677799852063786,0.0796884684843433
2023-10-10,-0.003442707743848996,0.0022825593390658964,-0.005725267082914893,0.07597780765829643
2023-10-11,-0.005697379094336732,0.0072354510649201564,-0.012932830159256888,0.06986498426232934
2023-10-12,0.003288907147063586,-0.005158676077594578,0.008447583224658165,0.07338946352097708
2023-10-13,-0.0037587128571923666,-0.00013815611780782118,-0.0036205567393845454,0.0693624736340801
2023-10-16,-0.0007415994672518439,0.0034877221083937267,-0.004229321575645571,0.0685697289791729
2023-10-17,-0.001226351059261554,0.0006865669067170153,-0.0019129179659785698,0.0672600905625087
2023-10-18,-0.0029816101422363603,-0.006833115492464893,0.003851505350228533,0.06408267631129605
2023-10-19,0.002070532448491157,-0.0033695515370751566,0.0054400839855663135,0.06628817651240748
2023-10-20,0.003822179147065732,-0.0035054100175153074,0.00732758916458104,0.07037151960870558
2023-10-23,0.00426202007640798,-0.0016015068449492886,0.005863526921357269,0.07494319989075726
2023-10-24,-0.005825272649300758,0.00918558050885445,-0.015010853158155207,0.06869956576029135
2023-10-25,-0.004161671046636749,-0.00017052837243824244,-0.003991142674198506,0.06426123156917396
2023-10-26,-0.0019774997806878023,0.003226233100882033,-0.005203732881569835,0.0621587347458068
2023-10-27,0.009456178145003996,-0.005806918078225445,0.015263096223229439,0.07225033574971551
2023-10-30,-0.00027617359527179605,0.0020108259369585684,-0.0022869995322303644,0.07195424940695694
2023-10-31,-0.002814174935167813,0.0033378863805618754,-0.006152061315729689,0.06894182336166033
2023-11-01,-0.005009263192670265,0.0,-0.005009263192670265,0.06360060139290491
2023-11-02,-0.003770334721133454,0.0,-0.003770334721133454,0.059598021390762534
2023-11-03,-0.00014336584698798908,0.0,-0.00014336584698798908,0.05944612211180367
2023-11-06,-0.002140690367177081,0.0,-0.002140690367177081,0.057180601757611305
2023-11-07,0.0016209579957868572,0.0,0.0016209579957868572,0.05889563673132603
2023-11-08,0.0021747565312483083,0.0,0.0021747565312483083,0.06120098280782904
2023-11-09,0.001699567899429934,0.0,0.001699567899429934,0.06300609945769775
2023-11-10,-0.0026832399073026367,0.0,-0.0026832399073026367,0.060157622352681406
2023-11-13,0.0008842802377711356,0.0,0.0008842802377711356,0.061095513405196256
2023-11-14,-0.007427605658403385,0.0,-0.007427605658403385,0.05324331199356114
2023-11-15,0.0029575888469850226,0.0,0.0029575888469850226,0.05636298374539783
2023-11-16,-0.001021608019287299,0.0,-0.001021608019287299,0.05528434591626641
2023-11-17,-0.0029642595144429855,0.0,-0.0029642595144429855,0.05216084098019702
2023-11-20,0.001600614093636325,0.0,0.001600614093636325,0.05384629297030785
2023-11-21,-0.0005731271405449391,0.0,-0.0005731271405449391,0.053242478105715474
2023-11-22,-0.004110550777950114,0.0,-0.004110550777950114,0.04892195736143856
2023-11-24,-0.001009378359253367,0.0,-0.001009378359253367,0.047863732401666415
2023-11-27,-0.0019370624708613868,0.0,-0.0019370624708613868,0.04583591952522981
2023-11-28,-5.5825221760613794e-05,0.0,-5.5825221760613794e-05,0.04577753713271737
2023-11-29,0.001392796243547065,0.0,0.001392796243547065,0.04723510697129352
2023-11-30,-0.005940794946439958,0.0,-0.005940794946439958,0.041032141456606164
2023-12-01,0.006103155868723393,0.0,0.006103155868723393,0.047405150832974474
2023-12-04,-0.0030759449496562397,-0.0037917143689619286,0.0007157694193056891,0.04418834015161455
2023-12-05,0.0040227234135306175,0.0007689141502180007,0.0032538092633126164,0.048397281062390274
2023-12-06,0.005882049115619466,0.0025977539006490267,0.003284295214970438,0.05458217746214489
2023-12-07,0.0008116743100373177,-0.00094993949663052,0.0017616138066678378,0.05543850220479829
2023-12-08,-0.0042108492412851785,0.0010832543272787996,-0.005294103568563978,0.05100355379124388
2023-12-11,-0.003366067726876933,0.0016115390749261813,-0.004977606801803114,0.047471752124528255
2023-12-12,0.0021270540201230696,0.0015730044644346427,0.0005540495556884272,0.0497021523758332
2023-12-13,0.0020887467575236235,0.013175089012015452,-0.01108634225449183,0.05189700579146428
2023-12-14,-4.748519192269399e-05,-0.005697284173637122,0.005649798981714428,0.05184705744617424
2023-12-15,-0.003043295492717326,-0.00439447608223823,0.0013511805895209037,0.04865084201807468
2023-12-18,-0.0007131899855745987,4.4578572830833744e-05,-0.0007577685584054326,0.047903221368652105
2023-12-19,0.0002621937577156195,0.0023798765369572096,-0.0021176827792415897,0.04817801107448361
2023-12-20,-0.0009871397241911105,-0.008447886796967603,0.0074607470727764925,0.047143823449551814
2023-12-21,0.0002478170948519243,0.0014968845625501213,-0.001249067467698197,0.04740335574671284
2023-12-22,0.000520257478352592,-0.0005810520104280594,0.0011013094887806513,0.04794841694918084
2023-12-26,0.0007830688899979862,0.004071633762513009,-0.0032885648725150237,0.048769354136052545
2023-12-27,-0.0005271176578995998,-0.0006762078277574864,0.0001490901698578866,0.04821667496669502
2023-12-28,0.0028202508551151825,0.005263418952057312,-0.0024431680969421296,0.05117708152296663
2023-12-29,0.0003989919899181861,-0.0004091678312157567,0.0008081598211339429,0.051596576440470665
2024-01-02,0.006259759323145172,0.0071441474585148945,-0.0008843881353697213,0.058199964160382756
2024-01-03,0.0034141791810547864,0.003082081606711141,0.0003320975743436452,0.061819022989568095
2024-01-04,0.0010942358417875128,-0.0018713262323442146,0.0029655620741317274,0.06298153933954853
2024-01-05,0.0018414301446162723,0.007149583871883445,-0.005308153727267173,0.06494074890942181
2024-01-08,-0.0066918358649978625,0.003492301286823379,-0.01018413715182124,0.057838131491733336
2024-01-09,0.0013226081147123536,-0.004312745757792096,0.00563535387250445,0.05923816243054825
2024-01-10,-0.004313507330156626,-0.005976087317228608,0.0016625799870719814,0.054678970974560315
2024-01-11,0.005614951393312783,-0.01179385547136414,0.017408806864676923,0.060617599083630624
2024-01-12,0.0034001862836989557,0.005239644960587204,-0.0018394586768882486,0.06423003449258857
2024-01-16,0.0001844039696082308,-0.0046185439272340804,0.004802947896842311,0.064426300831115
2024-01-17,0.0034260778773903006,-0.006068456169744588,0.009494534047134889,0.06807936249607716
2024-01-18,0.0012608955289063282,-0.007604864524554547,0.008865760053460875,0.06942694839274233
2024-01-19,-0.0015677696903763885,0.0029193831722231236,-0.004487152862599512,0.06775164682363566
2024-01-22,-0.00015059586540912056,-0.0027771262504635848,0.0026265303850544638,0.06759085994756342
2024-01-23,-0.0007101747457401689,0.0006417361504853635,-0.0013519108962255324,0.0668329530350742
2024-01-24,0.004430544252246144,-0.010112885053550322,0.014543429305796466,0.07157008994154257
2024-01-25,-0.00549699339332668,0.013963482737292731,-0.01946047613061941,0.06569583639493715
2024-01-26,-0.0010882540888395391,0.0020051208909404035,-0.0030933749797799424,0.06453671936483962
2024-01-29,-0.0019988034882213,0.0031117665565769193,-0.005110570044798219,0.06241104476744419
2024-01-30,-0.0035203107564721493,-0.00012019043778510862,-0.0034001203186870407,0.058677603031887626
2024-01-31,-0.001346581692697301,-0.003645501560352493,0.002298919867655192,0.05725296656314227
2024-02-01,-0.002870236007971181,0.010496524264001267,-0.013366760271972448,0.05422275182501157
2024-02-02,0.0016543613147266007,-0.00451890551481618,0.00617326682954278,0.0559682606157359
2024-02-05,0.0015759481723731893,-0.010659143267974465,0.012235091440347656,0.057633723863320885
2024-02-06,0.0002972024301698454,0.0019181336661927173,-0.001620931236022872,0.05794810189092536
2024-02-07,-0.005545662758514262,-0.003675668323096914,-0.0018699944354173483,0.05209731673725804
2024-02-08,0.0006732162910317281,-0.0043061321971731405,0.004979348488204869,0.05280584426001189
2024-02-09,-0.0003480956909793641,0.0035865639368401663,-0.003934659627819531,0.05243943085934988
2024-02-12,-0.0032877988222487567,0.001984730135982212,-0.005272528958230969,0.04898490374501496
2024-02-13,0.0020304723325263252,-0.0001490858207099337,0.002179558153236259,0.051117002420471014
2024-02-14,0.0010086054791420742,0.002359197290243623,-0.0013505918111015487,0.052177699610911565
2024-02-15,-0.0033188320601560553,0.00752467116611063,-0.010843503226266687,0.048691486805824136
2024-02-16,-0.0003744016959978479,0.0009447286221588016,-0.0013191303181566494,0.048298928426432575
2024-02-20,-0.0032185949890626343,-0.0034730675600390644,0.00025447257097643014,0.04493030277724164
2024-02-21,-0.003666863962990219,0.007392884505211846,-0.011059748468202065,0.04110570193707774
2024-02-22,-0.0027112053665519866,-0.003605212060756866,0.0008940066942048795,0.038286873508900365
2024-02-23,0.0035135255233537063,0.007910653839564574,-0.004397128316210867,0.041941337205786855
2024-02-26,0.004446150262986749,-0.004122363732986251,0.008568513995973,0.04658427891590633
2024-02-27,0.00481517675866883,0.0149834216626275,-0.01016824490395867,0.051635919722856194
2024-02-28,0.0013287338160477098,0.0024712678137430695,-0.0011425339976953598,0.053034192692126725
2024-02-29,0.002397729233117405,0.006094288075983095,-0.003696558842865689,0.05556211298249991
2024-03-01,-0.007135502132205101,-0.006094036214771717,-0.0010414659174333844,0.048056955651681
2024-03-04,0.0151754522401679,0.026180665670778824,-0.011005213430610925,0.0640829875101463
2024-03-05,0.0001763433241439667,0.005187012846743862,-0.005010669522599895,0.06427064798717885
2024-03-06,-0.00014104901532992296,0.008044976316904802,-0.008186025332234724,0.06412054424647695
2024-03-07,-0.003981295701626678,-0.0014050857086202123,-0.0025762099930064656,0.0598923880526363
2024-03-08,0.00040337747089261007,-0.0022245110811616657,0.0026278885520542757,0.060320011004481255
2024-03-11,0.0013724677783297154,-0.0006508311339014868,0.0020232989122312022,0.061776265156662014
2024-03-12,0.0038269143850626097,0.0023048344942582562,0.0015220798908043539,0.06584737694910459
2024-03-13,-0.00024119403950835765,-8.24278421126107e-05,-0.00015876619739574696,0.06559033191487007
2024-03-14,0.0003895287938511659,0.0018705116791189593,-0.001480982885267794,0.06600549088453733
2024-03-15,0.004397578679204279,0.00018235762531624785,0.004215221053888031,0.07070365660851041
2024-03-18,0.0051203439757804255,0.00870807693360658,-0.0035877329578261545,0.07620008742593942
2024-03-19,0.0029855338632024135,0.0069509638475904485,-0.003965429984388036,0.07941792031490347
2024-03-20,-0.00434349970255468,-0.00020883070951041932,-0.00413466899304426,0.07473963631669656
2024-03-21,-0.0022948443932319803,0.0005849917546256766,-0.0028798361478576573,0.07227610388105377
2024-03-22,-0.0015479509801348621,0.0007152829138192779,-0.0022632338939541402,0.07061755704085693
2024-03-25,0.005637609660438135,0.007571058139077951,-0.0019334484786398163,0.07667032646768601
2024-03-26,-8.245263368839928e-05,-0.007238556204123689,0.007156103570435289,0.07658155582339177
2024-03-27,-0.0010864960917194256,0.010328203918995173,-0.0114147000107146,0.07541248937863831
2024-03-28,0.006862452140148315,0.011177455975830914,-0.0043150038356826,0.08281783647613716
2024-04-01,0.0019155797447194369,0.0037345869120480354,-0.0018190071673285985,0.08489404833072012
2024-04-02,-0.005896007922710933,-0.005145855411287491,-0.0007501525114234426,0.078516324457379
2024-04-03,0.006255189164129099,0.00565699914026229,0.000598190023866808,0.08528379191190827
2024-04-04,0.0002630899363505287,-0.0044357884801892,0.004698878416539728,0.08556935671861088
2024-04-05,0.00029908631716898287,0.005740976431535424,-0.005441890114366441,0.08589408421789857
2024-04-08,0.003251586925403075,0.00514536908598648,-0.0018937821605834063,0.08943070993147173
2024-04-09,0.005622262131106476,7.587105017183102e-05,0.005546391080934645,0.09557302563107295
2024-04-10,0.0030503895890625085,-0.005149457770081267,0.008199847359143775,0.09892005245509927
2024-04-11,0.002084237254548733,0.0031682364602678443,-0.001083999205719111,0.10121285110637812
2024-04-12,0.0009108315566262579,-0.004380842644314981,0.005291674200941239,0.10221632745131415
2024-04-15,-0.003815898711399411,-0.0076561724764208985,0.003840273765021486,0.09801839612195207
2024-04-16,0.0014842582421477051,-0.004391452372959878,0.005875710615107583,0.09964934905467349
2024-04-17,-0.002832223339044454,0.006240370713433617,-0.009072594052478072,0.09653930275530631
2024-04-18,-0.0018276802816831104,-0.0031882280520977207,0.0013605477704146099,0.09453700982659607
2024-04-19,-0.0018202637144872154,0.005547905271446588,-0.007368168985933803,0.0925464760212873
2024-04-22,0.00265768349847747,0.007490549479408583,-0.004832865980931113,0.09545398066410749
2024-04-23,0.004253988801240645,0.00578806015075533,-0.0015340713495146856,0.10012395559817899
2024-04-24,0.0031062965031808804,0.008759567202291638,-0.0056532706991107564,0.10354657988534965
2024-04-25,-0.000621665824720936,0.0029129082776275343,-0.0035345741023484704,0.1028607558894048
2024-04-26,0.004502342714844036,-0.0007195685439449415,0.005221911258788977,0.10783740786871876
2024-04-29,-0.005712973435165518,0.0069217236620625604,-0.012634697097228078,0.10152640664315427
2024-04-30,0.0024141139235491684,-0.001757554617746912,0.00417166854129608,0.10418882928133133
2024-05-01,0.049084617025233666,0.05103638156439254,-0.0019517645391588733,0.1597397091435191
2024-05-02,-0.0049878710047517195,0.0,-0.0049878710047517195,0.1539694796185469
2024-05-03,-0.0067346799961893414,0.0,-0.0067346799961893414,0.14622397546922095
2024-05-06,-0.0031292790682395308,0.0,-0.0031292790682395308,0.1426427270605264
2024-05-07,-0.0005682795813954111,0.0,-0.0005682795813954111,0.14199357099844545
2024-05-08,-0.06685399177160303,-0.047254565605744064,-0.019599426165858955,0.06814285381596052
2024-05-09,-0.015330616873867397,0.0021907277916938033,-0.017521344665561198,0.0518924476069067
2024-05-10,-0.0005963546004106662,0.0007238633816913713,-0.0013202179821020375,0.051265333716351336
2024-05-13,0.005671401949582309,-9.425388171129604e-05,0.005765655831293605,0.05724442085641357
2024-05-14,-0.0035828900225380843,-0.0006296094999800665,-0.0029532805225580177,0.053463208248988314
2024-05-15,-0.01190512312373719,0.0011942686953683088,-0.013099391819105499,0.040995958371157215
2024-05-16,0.008396178951933697,0.0002503674541730214,0.008145811497760676,0.04977314256764509
2024-05-17,0.0012779633726242381,0.0006241990780135809,0.0006537642946106572,0.051115571798401316
2024-05-20,0.004803019619481572,0.0008700012777629049,0.003933018341718667,0.056176244037401624
2024-05-21,-0.008933142332895884,0.0004951177576841594,-0.009428260090580043,0.04678328809087229
2024-05-22,0.0045074798383758705,-0.0013651190354470855,0.005872598873822956,0.051512292596579634
2024-05-23,-0.0015009726484236108,-0.0030178121339145287,0.001516839485490918,0.049935185299460505
2024-05-24,-0.01676496470450443,0.0007911955208503713,-0.017556160225354802,0.03247978737938961
2024-05-28,-0.001158917206577055,0.0003154002183730317,-0.0014743174249500866,0.03128392187675266
2024-05-29,0.007749867024393004,-0.0014241124893070766,0.009173979513700081,0.03930728497706437
2024-05-30,-0.004199816560504793,0.003335328883998222,-0.007535145444503016,0.03495153810148177
2024-05-31,0.012304022918333423,0.0033974022266095843,0.008906620691723838,0.047764267964821805
2024-06-03,-0.0015580888702589324,-0.0007745422052971852,-0.0007835466649617472,0.04613302925769314
2024-06-04,-0.001455763256043793,-0.001049640897774838,-0.0004061223582689548,0.04461121520201661
2024-06-05,0.00033923000532287847,-0.005617007139223461,0.005956237144546339,0.04496563878226767
2024-06-06,0.0017940527340771415,-0.002238297894824848,0.00403235062890199,0.046842044926040494
2024-06-07,0.002389549026452083,-0.003865547519285216,0.006255096545737299,0.04934651640233234
2024-06-10,0.010158779024751853,0.0005363717101654542,0.009622407314586398,0.06006092629964743
2024-06-11,-0.00589825545017142,-0.0002450166080054167,-0.005653238842166003,0.05382681941444467
2024-06-12,0.004499079716008509,-0.0031094711322426534,0.007608550848251162,0.05857875192784556
2024-06-13,0.0008012650537488927,-0.0002319370343890445,0.0010332020881379375,0.05942729399656077
2024-06-14,0.0011092747079644778,-0.0004697056693012051,0.001578980377265683,0.060603141947342065
2024-06-17,0.00036685656361045305,-0.005564786738358544,0.005931643301968997,0.060992302550047395
2024-06-18,-0.005163285987016646,-0.00040654499562797145,-0.004756740991388674,0.055528214326197034
2024-06-20,-0.0020530704954146435,0.0015718684415168376,-0.003624938936931481,0.05336336354833726
2024-06-21,0.0037303162691147513,-0.001845520269096406,0.005575836538211157,0.05730008007448828
2024-06-24,-0.006984446676466142,0.0033193764907473865,-0.010303823167213528,0.049941152976684666
2024-06-25,0.005535485408480929,-0.002908793437951482,0.008444278846432412,0.05576920256876705
2024-06-26,0.005836691545901223,0.0008965569068838117,0.0049401346390174124,0.06194942021476946
2024-06-27,-0.002746404057381225,0.001170600699463603,-0.003917004756844828,0.05903687935608404
2024-06-28,-0.0029421512175635024,-0.003190491413102376,0.0002483401955388736,0.055925611866085134
2024-07-01,-0.0077944764496146205,-0.003227721063013359,-0.004566755386601261,0.04772721715606654
2024-07-02,0.00041286808830727885,0.0022165979033470077,-0.0018037298150397293,0.04815987959939316
2024-07-03,-0.002144371269351655,0.002996371251135793,-0.0051407425204874485,0.045914643837783986
2024-07-05,0.00635808239266875,0.000836996210232511,0.005521086182436239,0.052585840855454036
2024-07-08,-0.005806175876143429,-0.0006406733192543849,-0.005165502556889044,0.04649205026797665
2024-07-09,0.002171900197737518,0.0018710159441207512,0.00030088425361676687,0.04876739657700435
2024-07-10,-0.0016241225366586344,0.0031281871270313465,-0.004752309663689981,0.047065452269675845
2024-07-11,0.004302803945854808,0.01334183611884247,-0.009039032172987663,0.051580476294892375
2024-07-12,-0.0035904999337094626,0.0015249630955479316,-0.005115463029257394,0.047811546883853806
2024-07-15,0.021784285473850466,-0.0058857209284964,0.027670006402346865,0.07088781012438194
2024-07-16,-0.00490632593484527,0.0029776540743906153,-0.007883980009235885,0.06564655365849492
2024-07-17,0.017196748721808843,0.007673922623600596,0.009522826098208247,0.08413068765081522
2024-07-18,-0.0016804644083526757,-0.0017343921376686926,5.3927729316017355e-05,0.0823103745302951
2024-07-19,-0.002384020156662503,-0.000594852774860049,-0.0017891673818024537,0.079733198022647
2024-07-22,-0.00645968657583002,0.004292583735148959,-0.010752270310978978,0.07278093886053805
2024-07-23,-0.0017058524844783866,-0.0044358686976357625,0.0027300162131573763,0.07095249280369398
2024-07-24,0.013652347177393019,0.009249894153805598,0.004402453023587417,0.08567376938198845
2024-07-25,0.00781652617329807,0.002098423040834528,0.005718103132463542,0.09419321969239758
2024-07-26,-0.004508871659902839,0.004334105602466429,-0.008842977262369269,0.08927074862826001
2024-07-29,-0.00022788295874404444,0.0040753850231805226,-0.004303267981924567,0.089022550668306
2024-07-30,0.0027115988394388613,0.003889554962307977,-0.001177956122869115,0.09197955023927928
2024-07-31,0.024133868216051818,0.02420573303159029,-7.186481553846384e-05,0.11865382281320658
2024-08-01,-0.0029991732531276074,0.007640647154238005,-0.010639820407365611,0.11530381233035825
2024-08-02,0.00016193572976237313,-0.00544666556612947,0.005608601295891843,0.11548443449131063
2024-08-05,0.0021537851271291753,-0.02076357492177978,0.022917360048908954,0.11788953738355068
2024-08-06,0.004957635170699101,0.011484618166877202,-0.006526982996178099,0.12344538642798497
2024-08-07,0.00018870012659712512,0.004751765408412594,-0.004563065281815469,0.12365740071756126
2024-08-08,-0.003638518695899444,0.005772769962719803,-0.009411288658619248,0.1195763811925068
2024-08-09,-0.003964897821290707,0.0008805302173597693,-0.004845428038650475,0.1151461637214839
2024-08-12,-0.0007555296805482551,-0.0004412080451399893,-0.00031432163540826594,0.1143039558932113
2024-08-13,0.004330497829952645,0.008377981502262157,-0.004047483672309513,0.11913991024355397
2024-08-14,-0.004567668840925383,-0.0027666040020455874,-0.0018010648388797961,0.11403970663483176
2024-08-15,0.001579512981925846,0.0028898379752102287,-0.0013103249932843826,0.11580073723306095
2024-08-16,-0.003536395168449203,-0.0005608649102404387,-0.0029755302582087644,0.11186179383222816
2024-08-19,0.003147376625417664,0.0058853458156714914,-0.0027379691902538273,0.11536675447509226
2024-08-20,0.0007554849897194553,-0.0008075660626830302,0.001563051052402486,0.11620971569831196
2024-08-21,0.001473262302143372,0.006352373370873836,-0.004879111068730463,0.11785539735644757
2024-08-22,0.0005001273276884534,0.0026946470822012715,-0.0021945197545128184,0.1184146072154797
2024-08-23,0.003556336437689039,0.004852287187051316,-0.001295950749362276,0.1223991468177037
2024-08-26,-0.004169947416419642,0.0005953529333679985,-0.004765300349787641,0.11772854624251838
2024-08-27,2.3367123949908546e-05,-0.0037553627874990407,0.003778729911448949,0.11775466464915563
2024-08-28,0.0011034142155235196,-0.0015130501849549595,0.002616464400478479,0.11898869173190518
2024-08-29,0.0022159603900055135,0.005623733502424358,-0.0034077731124188444,0.12147107576618543
2024-08-30,-0.0011236082547796857,0.004894162103198858,-0.006017770357978543,0.12021168926898751
2024-09-03,-0.011783965872300352,-0.014004876013797829,0.0022209101414974765,0.1070886256770347
2024-09-04,0.004871856340473048,0.006541804282478287,-0.00166994794200524,0.11249536214511369
2024-09-05,0.0023477610400143727,-0.0014687742143674797,0.0038165352543818526,0.1151103038415473
2024-09-06,-0.0007814139335937185,-0.008177183782007245,0.007395769848413526,0.11423928147146079
2024-09-09,0.0006993967596670972,0.007259179612756163,-0.0065597828530890665,0.11501884939627849
2024-09-10,-0.0024818709880621986,0.0019973557902674705,-0.004479226778329668,0.11225494770525968
2024-09-11,-0.002311023452901568,0.006363214722998502,-0.008674238175900068,0.10968746833073739
2024-09-12,-0.002122921868616483,0.00026853871850112526,-0.0023914605871176086,0.10733418733654454
2024-09-13,0.0057069649929031244,0.016477410090863585,-0.01077044509796046,0.11367177176439336
2024-09-16,0.004694998735616441,0.009148931796159908,-0.004453933060543466,0.11891275289736747
2024-09-17,-0.0025655920772220285,-0.0009229927122839947,-0.0016425993649380336,0.11604575854503807
2024-09-18,-0.002431471265599659,-0.004989317247663794,0.0025578459820641357,0.11333542174037614
2024-09-19,-0.002057196375312769,-0.00039423945475583174,-0.0016629569205569368,0.11104742638105503
2024-09-20,-8.685858290689852e-05,0.03051165158547746,-0.030598510168384364,0.11095092656703653
2024-09-23,0.00012233828196203775,0.00622598594321828,-0.006103647661256242,0.11108684670868563
2024-09-24,-0.000866972806600399,-0.004566947374067126,0.0036999745674667277,0.11012398207585505
2024-09-25,0.005981477061978181,0.010311348483894433,-0.004329871421916253,0.11678406191092194
2024-09-26,-0.008814592012773702,-0.008658213794359385,-0.00015637821841431743,0.10698332424804069
2024-09-27,0.004350043721337216,0.008688601214642629,-0.004338557493305412,0.11180923896730821
2024-09-30,0.0021549197753597277,0.005354220612307919,-0.00319930083694819,0.11420768198079312
2024-10-01,0.01654137635861217,0.005213748764761974,0.011327627593850195,0.132791487717155
2024-10-02,0.003759835015605794,0.004134756038082673,-0.00037492102247687936,0.13705861363597593
2024-10-03,0.00446509493823429,0.008354415795654635,-0.0038893208574203447,0.142147039995564
2024-10-04,0.006166431889093146,0.007765700579625829,-0.0015992686905326827,0.14921177163196653
2024-10-07,-0.0029374683269913007,-0.012122577440182384,0.009185109113191082,0.14584095171398603
2024-10-08,-0.036668173520694805,-0.009653967026568,-0.027014206494126808,0.10458605016692868
2024-10-09,0.0019990729145002786,-0.006967490437750938,0.008966563352251216,0.10679640681750535
2024-10-10,0.0013414038697295671,-0.0036098625894957766,0.004951266459225344,0.1082820640109976
2024-10-11,0.0007644942564164732,0.0052448968398339105,-0.004480402583417436,0.10912966323451068
2024-10-14,0.0049254408216558125,0.012900153934328175,-0.007974713112672362,0.11460609159472313
2024-10-15,-0.0034884046399289094,-0.0018311969982273213,-0.0016572076417015877,0.1107246684564287
2024-10-16,0.007888580913389506,0.019167712559893378,-0.01127913164650387,0.11952136096845023
2024-10-17,-0.00952623597891648,-0.014485492566043302,0.0049592565871268215,0.10890717319808063
2024-10-18,0.00430665905961208,0.0061695291069359375,-0.0018628700473238566,0.11369315672420033
2024-10-21,-0.00047683388294408554,-0.0005358467195300684,5.901283658598294e-05,0.11316223668226355
2024-10-22,-0.0015552186655117756,-0.006520152198768769,0.004964933533256993,0.11143237150201046
2024-10-23,-0.0002986090841201358,0.005610404441067921,-0.005909013525188057,0.11110053724632207
2024-10-24,0.0006375473091056953,-0.0018191476608783621,0.002456694969984058,0.1118091422645986
2024-10-25,-0.0005562728175543025,-0.007956507356045238,0.0074002345384909345,0.11119084504735977
2024-10-28,0.0018528017890132508,0.007501591995342227,-0.005648790206328977,0.11325156990082896
2024-10-29,0.00297147182077974,-0.008953657870351267,0.011925129691131006,0.11656448524987506
2024-10-30,-0.006534388980347987,-0.006461976341966074,-7.24126383819133e-05,0.10929220441360354
2024-10-31,-0.01437897533412829,0.002839769243782639,-0.01721874457791093,0.09345584731485612
2024-11-01,0.011457555457198263,-0.009349928112745546,0.02080748356994381,0.10605622524674319
2024-11-04,-0.007048839124996137,-0.011781002239882762,0.0047321631148866256,0.09828722623148867
2024-11-05,0.021414030720296174,0.03447708133779366,-0.01306305061749749,0.12205960544680594
2024-11-06,-0.0028096743214740556,-0.004966660970042988,0.0021569866485689295,0.11891140816181367
2024-11-07,0.020463780201429405,0.022707756075060065,-0.0022439758736306574,0.1420444527808884
2024-11-08,0.0020053870112790645,0.014519204861344703,-0.01251381785006564,0.1443369918385211
2024-11-11,0.0005451112535450179,0.005155432381409186,-0.004610321127864167,0.1449609528592566
2024-11-12,-0.007800644611501669,-0.011435359299710537,0.0036347146882088686,0.13606426443787267
2024-11-13,-0.0028579521527675273,-0.003655386851917124,0.0007974346991495973,0.13282208233511583
2024-11-14,-0.0039939970907347504,-0.008987737604156384,0.004993740513421632,0.1283066176129919
2024-11-15,0.003480809203752457,0.013505661209469002,-0.010024852005716543,0.1322408809098765
2024-11-18,0.007927942177756756,0.012204888459571251,-0.004276946281814492,0.14125289731541724
2024-11-19,0.010834485153369251,0.014369710870069396,-0.0035352257167001458,0.15368501105062382
2024-11-20,-0.006916803410551866,-0.005690128249848603,-0.0012266751607032625,0.14573273250964935
2024-11-21,0.019830736248131933,0.02893078502124439,-0.009100048773112459,0.1686802370747833
2024-11-22,-0.011417515841942446,-0.012248359101089915,0.0008308432591474683,0.15541269725587714
2024-11-25,-0.008403047009758302,-0.00901529083262564,0.0006122438228673389,0.14574438856223204
2024-11-26,0.0036432639676587052,0.019144731390715472,-0.015501467423056765,0.14992625099797574
2024-11-27,-0.0053783113922764355,-0.006469512115887109,0.0010912007236106732,0.14375819128309275
2024-11-29,0.0039856218736817805,0.004799601917336604,-0.0008139800436548239,0.14832587543286357
2024-12-02,0.026639144505460264,-0.005660090623453747,0.032299235128914014,0.17932738793883263
2024-12-03,0.0022076967986893285,0.00032032371184946475,0.0018873730868398638,0.18193386133062694
2024-12-04,0.013836834941006418,0.013611407171430848,0.0002254277695755714,0.1984017540964107
2024-12-05,0.0031221047685664107,0.0025437212646873117,0.0005783835038790993,0.20214913674417145
2024-12-06,-0.0017085210732574936,-0.005068543696270301,0.003360022623012807,0.2000969931753036
2024-12-09,-0.03220737538608149,-0.03406202935894622,0.0018546539728647319,0.1620608292219461
2024-12-10,-0.011909549555299227,-0.014456080424917622,0.002546530869618395,0.148303293825506
2024-12-11,0.00822107560489734,0.006028322940307787,0.002192752664589551,0.1577824932404932
2024-12-12,-0.0051503365337233036,-0.004843963673437929,-0.0003063728602853736,0.15183485308886868
2024-12-13,-0.0019097318062257947,-0.0013881339623319543,-0.0005215978438938404,0.14963725651234516
2024-12-16,0.0029284027637179713,-0.0013655787298177558,0.004293981493535727,0.15300879162857028
2024-12-17,-0.005736818951493828,-0.008748948829358111,0.0030121298778642835,0.14641312610021973
2024-12-18,-0.012322778820692448,-0.021847750556443578,0.009524971735751132,0.13237281619590946
2024-12-19,0.0010836720448145149,0.007383300821276724,-0.00629962877646221,0.13360060209960567
2024-12-20,0.0027636728438417387,0.009433600416177544,-0.006669927572335807,0.13673783644725668
2024-12-23,0.0007305585920957412,0.0026380108629723096,-0.001907452270876568,0.1375685934620221
2024-12-24,0.004671810169041635,0.009070011825215617,-0.004398201656173983,0.14289553151790524
2024-12-26,0.00016974884240054928,-0.000247785742031749,0.0004175345844322984,0.14308955317837535
2024-12-27,-0.006565932431060749,-0.00885152698910161,0.002285594558040861,0.1356086907042151
2024-12-30,0.002804610489064892,0.0007678617283144041,0.0020367487607504875,0.1387981011860675
2024-12-31,0.00015308001404271262,-0.0025428523442655804,0.0026959323583082935,0.13897244175907697
2025-01-02,-0.05281287822627023,-0.05185301162924025,-0.0009598665970299925,0.08038084239865118
2025-01-03,0.013150570061899725,0.021382438636072743,-0.00823186857417302,0.09468229639230819
2025-01-06,0.008626250616957452,0.0028370765453639545,0.005789174071593498,0.10416614645120648
2025-01-07,-0.003048094511047722,-0.004715211634617826,0.001667117123570104,0.10080566781098943
2025-01-08,-0.009580078935167708,-0.005487640080008058,-0.00409243885515965,0.09031021651776605
2025-01-10,0.04550399105466027,0.041936971028174674,0.003567020026485601,0.14106980650040124
2025-01-13,-0.016116862926633842,-0.017429260944813646,0.001312398018179803,0.12282674618009182
2025-01-14,0.008338654358302205,0.014695051210984383,-0.006356396852682179,0.13222875589617145
2025-01-15,-0.001259110634990305,0.006378917934036238,-0.007638028569026543,0.1308040517466762
2025-01-16,0.007213512397196628,0.019799345630167928,-0.012585833232971301,0.13899061222171039
2025-01-17,0.0011650437777398531,-0.001040869169075893,0.0022059129468157464,0.14031835943901827
2025-01-21,0.008360314677684073,0.020204430712176025,-0.011844116034491953,0.14989174224226076
2025-01-22,0.006848342481353193,-0.0038364435739575466,0.01068478605531074,0.1577936212133182
2025-01-23,0.012772434348933803,0.012026412384533922,0.0007460219643998812,0.17267630596338646
2025-01-24,0.00033580135671951134,0.0019606125656221043,-0.0016248112089025932,0.1730701583823091
2025-01-27,-0.06443300523419021,-0.08009444964556514,0.01566144441137492,0.09986932106588764
2025-01-28,0.01447812023680011,0.011311044852970801,0.0031670753838293087,0.11590919476757633
2025-01-29,0.010291793553891445,0.009822062358307793,0.00046973119558365326,0.1274532042100771
2025-01-30,0.021034164357575356,0.032585671697245897,-0.011551507339670544,0.15141941116124014
2025-01-31,-0.00806994876588921,-0.012142006437577258,0.004072057671688046,0.14216490741485566
2025-02-03,0.0025290751710355633,0.005661463074685417,-0.0031323879036498537,0.14505718417446034
2025-02-04,0.007381484289958347,-0.00013058093351059284,0.00751206522346894,0.15354067765799795
2025-02-05,0.005434065141539303,0.010812969878795516,-0.005378904737256213,0.15982615522406185
2025-02-06,-0.003317654971062487,0.000681056849957644,-0.003998711821020131,0.15598462816886705
2025-02-07,-0.004987334052949909,-0.0038538786674694246,-0.001133455385480484,0.15023369948980503
2025-02-10,0.004435055764975412,0.00983378001100528,-0.005398724246029867,0.15534637921923844
2025-02-11,-0.009278474168623761,-0.0063969042600382055,-0.002881569908585556,0.14467610616059434
2025-02-12,0.0013183248689248056,0.0016934687258106718,-0.0003751438568858664,0.14618615628782483
2025-02-13,-0.009364191219265438,-0.0017118466285837375,-0.007652344590681702,0.13550314688316734
2025-02-14,0.011017114823741151,0.007273129675182754,0.003743985148558397,0.14808228108368326
2025-02-18,0.005252943564833013,0.012494904116431772,-0.0072419605515987575,0.15412896004162313
2025-02-19,-0.004564581271114032,-0.0018759828050105057,-0.002688598466103526,0.14887284970366532
2025-02-20,-0.019653738374416262,-0.018813847104771082,-0.0008398912696451785,0.12651364399822396
2025-02-21,-0.041098822568684676,-0.03893550647807331,-0.0021633160906113684,0.08115376312173139
2025-02-24,-0.01809581552361561,-0.019584123907001802,0.0014883083833861915,0.061765357648016384
2025-02-25,-0.012364190286782362,-0.009099847990949919,-0.0032643422958324444,0.048718313008975
2025-02-26,0.010282391006524224,0.019193414232273588,-0.008911023225749366,0.05955727448110104
2025-02-27,-0.03771900430486909,-0.050251441864772664,0.012532437559903574,0.020336169551219863
2025-02-28,-0.004412897941113414,0.006555629357486899,-0.010968527298600313,0.015843450415683247
2025-03-03,-0.011415859561987403,-0.009997039772134144,-0.0014188197898532585,0.004312666380187347
2025-03-04,0.017476850865228384,-0.0012726856413537982,0.01874953650658218,0.022019165305513733
2025-03-05,-0.0020127520849786552,-0.006260828731108383,0.004248076646129727,0.01996416289861025
2025-03-06,0.0034151396855574617,-0.01965214352222703,0.023067283207784492,0.023453437778393704
2025-03-07,-0.0028733962964215746,0.0043927159338968645,-0.007266112230318439,0.020516871440597884
2025-03-10,-0.001527303201322515,-0.0010124568810008995,-0.0005148463203216154,0.01895942240703974
2025-03-11,0.0029766175363802445,0.0032986560145951338,-0.0003220384782148889,0.021996993493514916
2025-03-12,0.005380761808418877,0.004255646249949493,0.0011251155584693826,0.027510937189674456
2025-03-13,-0.0030314632235397816,0.0006204352460179299,-0.003651898469557711,0.024400792098822954
2025-03-14,-0.005450237987854582,0.013893126520860933,-0.019343364508715516,0.01883275134381579
2025-03-17,-0.003102524830435308,0.002905748590164353,-0.006008273420599661,0.01567669583659237
2025-03-18,0.003109809602587209,-0.0019355367629803636,0.005045346365567574,0.018840173335304078
2025-03-19,-0.0027150037067623467,0.0054035683529633565,-0.008118572059725705,0.016077770152403303
2025-03-20,0.0023575167039521544,0.0045300351679447345,-0.0021725184639925796,0.01847601630997575
2025-03-21,0.0008646017197205399,-0.004461400642674487,0.005326002362395027,0.01935697320871732
2025-03-24,0.0004610190145975931,0.0016166703681732963,-0.0011556513535757027,0.019827024498995316
2025-03-25,0.004284898993984881,-0.011169720774322866,0.015454619768307747,0.024206255872008864
2025-03-26,-0.012913381396554534,-0.005594005417558213,-0.007319375978996323,0.01106531943295841
2025-03-27,-0.00014493600268524745,-0.0002970810495237161,0.0001521450468384678,0.010918790286037039
2025-03-28,-0.004111695137523376,0.00503829690448137,-0.009149992042004746,0.006770734026893432
2025-03-31,-0.007546089678654279,0.0027828390783155967,-0.010328928756969875,-0.0007978556744919763
2025-04-01,-0.07445204252034202,-0.06812755741500522,-0.006324485105336796,-0.07248862149981739
2025-04-02,-0.003630230579812715,0.005733755340922315,-0.009363985920735028,-0.07584959741932074
2025-04-03,0.011516792807594468,-0.015963119803645228,0.0274799126112397,-0.06514482470509508
2025-04-04,0.01489003294112376,-0.032000741565129005,0.04689077450625276,-0.05112064924344761
2025-04-07,0.002647896926686214,0.000867714896103591,0.0017801820305826223,-0.0486047851223147
2025-04-08,0.0738288916868757,0.0691659488016036,0.004662942885272112,0.02429356195778265
2025-04-09,0.01517427827221828,0.05579567671252368,-0.040621398440305406,0.03995500251382267
2025-04-10,-0.007832290486805966,-0.017198992403485637,0.009366701916679675,0.03184158762829714
2025-04-11,0.001157591974893755,0.01113312353251907,-0.009975531557625315,0.0330367307800985
2025-04-14,-0.008792190453841726,0.0054092372517411235,-0.014201427705582848,0.023993886554485977
2025-04-15,0.004546884073683751,0.005678222120570492,-0.001131338046886741,0.028660469214195405
2025-04-16,-0.0013067675977328237,-0.005413785376788657,0.004107017779055832,0.027317126953189774
2025-04-17,0.004046224564183773,0.009075221182859566,-0.005028996618675792,0.031482303685012925
2025-04-21,-0.004910706550608624,-0.029407569281905188,0.024496862731296563,0.02642941356399442
2025-04-22,-5.3499644346225936e-05,0.023979371178662535,-0.024032870823008763,0.026374501424325292
2025-04-23,0.007895962155650358,0.015507296856946889,-0.00761133470129653,0.03451079530717038
2025-04-24,0.000499298761791494,0.010579021754599387,-0.010079722992807894,0.03502745423917619
2025-04-25,0.009717463973801927,0.007219589274838517,0.002497874698963412,0.04513432327374822
2025-04-28,0.0014629757329788656,0.007226720202318151,-0.005763744469339286,0.04666444842147044
2025-04-29,0.0025996153083416647,0.004417391895922372,-0.0018177765875807073,0.04938891308998605
2025-04-30,-0.00302172168375857,-0.0029983284677009047,-2.3393216057665327e-05,0.0462227379158382
2025-05-01,-0.026827997535418487,-0.009708532849159018,-0.017119464686259467,0.018527837321383522
2025-05-02,-0.006586908232458365,0.0007482413511103739,-0.0073351495835687385,0.011840935107599426
2025-05-05,-0.0009542616099251122,-0.0021542918873228133,0.001200030277397701,0.010875834700246001
2025-05-06,-0.008712211289628128,0.0007944131677287337,-0.00950662445735686,0.0021071237360323902
2025-05-07,0.003491132542641703,0.0014884967623664932,0.00200263578027521,0.0056117264837618475
2025-05-08,0.0032873525841013006,-0.004043345256260677,0.007330697840361977,0.008922966416034184
2025-05-09,0.008410209025063972,0.0009425391581565938,0.007467669866907378,0.017444001069567117
2025-05-12,-0.03261129476722967,-0.006708776329843776,-0.02590251843738589,-0.015200974596117356
2025-05-13,-0.012160746225344583,-0.005567289382060475,-0.0065934568432841085,-0.027104342019269034
2025-05-14,0.00039530996077647654,-0.001044338706444051,0.0014396486672205275,-0.026719670647670113
2025-05-15,-0.0007423167278748774,0.008208071576802064,-0.00895038830467694,-0.027441884828062535
2025-05-16,-0.005193446138131802,0.004525201897909804,-0.009718648036041607,-0.03247971982972453
2025-05-19,0.0001413303440843815,0.002472777069580481,-0.0023314467254960994,-0.03234297019241039
2025-05-20,0.007238189189163035,0.005174051707826247,0.002064137481336788,-0.02531347582575849
2025-05-21,0.008016499145324638,-0.005568964006862896,0.013585463152187532,-0.01746849952744811
2025-05-22,-0.0033479592991677654,-0.0044247805051050824,0.001076821205937318,-0.02075247462623564
2025-05-23,-0.005375339806755206,0.00363471138655198,-0.009010051193307186,-0.02600214081977581
2025-05-27,-0.004068895917669856,0.0013462836100097881,-0.005415179527679645,-0.029957184944753523
2025-05-28,0.003580782342867338,-0.0045201173272117635,0.008100899670079102,-0.026477446385683834
2025-05-29,0.0038551662804654947,0.003808866836687977,4.629944377751785e-05,-0.022717111362595133
2025-05-30,-0.0006796048686131271,0.0034759525483378855,-0.004155557416951013,-0.023381051937547692
2025-06-02,-0.006522932520860121,-0.0002061404670335214,-0.006316792053826599,-0.02973073962798256
2025-06-03,-0.007907841941216878,-0.0010141799782709302,-0.006893661962945948,-0.03737321799776794
2025-06-04,-0.002432740131620514,-0.010740961735694152,0.00830822160407364,-0.039712192589891004
2025-06-05,-0.002960091260528274,-0.005832371548508404,0.00287228028798013,-0.042550529196014764
2025-06-06,0.0026870385104403524,0.004398037785539441,-0.0017109992750990888,-0.03997436602136306
2025-06-09,0.003638663369169525,-0.0004434774795953086,0.004082140848764834,-0.03647479289041888
2025-06-10,0.0025991147514535925,-0.004301483993406735,0.006900598744860329,-0.033967222991902024
2025-06-11,-0.00024501783096824857,0.0006632363592155072,-0.0009082541901837559,-0.034203889252657826
2025-06-12,-0.0020234785567567848,0.007380435811468867,-0.009403914368225652,-0.03615618109648033
2025-06-13,-0.0020143960195506743,-0.0033387020851814806,0.0013243060656308067,-0.038095790022620646
2025-06-16,0.0021510373871463677,0.0021586697374824685,-7.632350336101313e-06,-0.036024471160608806
2025-06-17,-0.0018442411204152513,-0.004679034244424035,0.0028347931240087832,-0.03780063612830531
2025-06-18,-0.0008947649579884786,0.0009732770142626913,-0.00186804197225117,-0.03866119334606133
2025-06-20,-0.002908904300509896,0.00020301931990849317,-0.003111923620418389,-0.041453572583968756
2025-06-23,0.008017960407204046,0.013093611372787493,-0.005075650965583446,-0.0337370913996885
2025-06-24,0.00215897885414249,0.003106692804542162,-0.0009477139503996719,-0.03164869662359815
2025-06-25,-0.0038832801604412022,-0.008278023168123032,0.0043947430076818296,-0.035401784166802175
2025-06-26,-0.0040411953871888374,0.005330223644019683,-0.00937141903120852,-0.03929204807443076
2025-06-27,-0.001096835971773777,0.0010364988894135847,-0.0021333348611873616,-0.04034520943625519
2025-06-30,0.004916581282806595,0.00537203044288792,-0.0004554491600813255,-0.035615370864890195
2025-07-01,0.0030673490363964193,-0.003536657821833429,0.0066040068582298465,-0.032652725190689624
2025-07-02,0.0030880359826344337,-0.005758842908698364,0.008846878891332798,-0.029660904951590128
2025-07-03,-0.005998458340135175,0.0026639446762747937,-0.00866240301640997,-0.03546402131278137
2025-07-07,0.0011251739546817461,0.0024635196263812055,-0.0013383456716994596,-0.03437813976295212
2025-07-08,0.008358257701028188,-0.0033395482859778633,0.011697805987006052,-0.026273399844282563
2025-07-09,0.0011633803847671358,0.007026370673986035,-0.005862990289218898,-0.025139926214883923
2025-07-10,-0.0023920574608993273,0.004701195863242931,-0.007093253324142259,-0.027469060705349824
2025-07-11,0.0013099830646181266,0.0002547566406600819,0.001055226423958044,-0.02619422682196504
2025-07-14,-0.0016703314477315417,0.0015196430615611954,-0.003189974509292737,-0.0278194475223994
2025-07-15,-0.0002682490966996517,-0.007156370320588026,0.0068881212238883745,-0.028080199102678893
2025-07-16,0.0007454578873324824,-0.0022001874179949877,0.0029456453053274697,-0.027355403702586045
2025-07-17,-0.002739652550955469,0.00293736857024619,-0.005677021121201659,-0.030016465095762057
2025-07-18,-0.008183287315421273,0.011687370509281862,-0.019870657824703136,-0.03792172941310046
2025-07-21,-0.001644849653633623,-1.6022774002146965e-05,-0.0016288268796314763,-0.03950290277052648
2025-07-22,-0.005714208791472584,0.006790588698794226,-0.01250479749026681,-0.04497573239049035
2025-07-23,-0.004773002100105601,-0.0010600263169148988,-0.0037129757831907027,-0.04952320404635979
2025-07-24,0.001615205010197719,0.001231577588769692,0.0003836274214280269,-0.04798674865227004
2025-07-25,0.006711608584368878,0.006326613794157136,0.000384994790211742,-0.0415757182444878
2025-07-28,0.0031818917609489497,-0.006412218006854797,0.009594109767803748,-0.038521259016606635
2025-07-29,-0.008081419814437074,0.0063380456351676455,-0.014419465449604721,-0.046260059997399905
2025-07-30,0.0022414568811957303,0.012106687734953948,-0.009865230853758218,-0.04411989539871508
2025-07-31,-0.0030929175043115436,0.005274626034580804,-0.008367543538892347,-0.047071786375440294
2025-08-01,0.005429952266533493,0.0045842279134532034,0.0008457243530802902,-0.04188335795081122
2025-08-04,-0.00535032026974704,0.013301771962995715,-0.018652092232742754,-0.04699589977753471
2025-08-05,0.0037795184568842873,-0.009330628505894528,0.013110146962778816,-0.043387187890463585
2025-08-06,0.019847018724234257,-0.002737106738250729,0.022584125462484988,-0.024211615969856215
2025-08-07,-0.0071920204253843375,0.0031474077090541796,-0.010339428134438517,-0.03120432994620359
2025-08-08,0.003189449682882214,-0.0012669048503772427,0.004456354533259457,-0.028109472080412923
2025-08-11,0.0030035287234124134,-0.003473660562443583,0.006477189285855996,-0.025185982769512893
2025-08-12,-0.009662643458403059,0.004092271681228948,-0.013754915139632009,-0.034559901703836604
2025-08-13,-0.0023281463128375663,-0.0003876159423164675,-0.0019405303705210984,-0.036804973067568136
2025-08-14,0.003392251182321614,-0.004683668876043945,0.00807592005836556,-0.03353202540694844
2025-08-15,0.009204985146836438,-0.004171636921634133,0.01337662206847057,-0.024594630870615752
2025-08-18,-0.0007219708115040633,-0.005952664517926785,0.005230693706422721,-0.02529859092662734
2025-08-19,0.0020914225671958588,0.004787583666949001,-0.0026961610997531422,-0.023257945220997
2025-08-20,-0.00037538373268922263,0.0009247354799519502,-0.0013001192126411733,-0.023624529490204105
2025-08-21,0.006915010912961298,-0.002617682720941235,0.009532693633902533,-0.01684948469919878
2025-08-22,0.001059450879327327,0.002971412621527064,-0.0019119617421997368,-0.01580733306449844
2025-08-25,0.0008740024414580858,-0.0064446322016661495,0.007318634643124235,-0.01494677025851543
2025-08-26,-0.009671936933241511,0.0013552959930555404,-0.011027232926297051,-0.02442821708181442
2025-08-27,0.0007272510341554247,0.0021763681042114478,-0.001449117070056023,-0.023718473444178767
2025-08-28,0.0015109682166359285,-0.002025228487065498,0.0035361967037014263,-0.022242228088016236
2025-08-29,-0.0007395822874041108,-0.006879205502584685,0.006139623215180575,-0.02296509307547412
2025-09-02,-0.010483754165143145,-0.005494469574615527,-0.0049892845905276165,-0.03315458147840333
2025-09-03,-0.0033996428891111437,-0.0007120005012994571,-0.0026876423878116865,-0.036435929763799835
2025-09-04,-0.0052025275112855,-0.0024870405872744624,-0.0027154869240110374,-0.041435880878967546
2025-09-05,-0.000191803105023613,-0.0006201841440016733,0.0004283810389780602,-0.0416197188224714
2025-09-08,0.008310089267921535,-0.001554366037971579,0.009864455305893114,-0.03362230956427337
2025-09-09,-0.00772249564211391,0.003819043991803237,-0.011541539633917148,-0.041056415197549545
2025-09-10,-0.019712448860533877,0.001575739800541169,-0.021288188661075045,-0.05977444633916229
2025-09-11,0.00043755245596461753,0.002260928737325638,-0.0018233762813610207,-0.05936295832176597
2025-09-12,-0.005127794242055451,0.0012109919679031726,-0.006338786209958623,-0.06417400595485978
2025-09-15,-0.0009089158908490581,0.0009154956822635378,-0.001824411573112596,-0.0650242066329324
2025-09-16,0.006712569279031236,-0.0067671955474373265,0.013479764826468564,-0.058727005290833745
2025-09-17,-0.0021992634446862196,0.0016176459999885247,-0.0038169094446747443,-0.06079483789177609
2025-09-18,-0.0015026674089328325,-0.0012915365557579872,-0.00021113085317484492,-0.06220509104308947
2025-09-19,-0.002777000533901795,0.0012745997172265442,-0.004051600251128339,-0.06480573533936451
2025-09-22,-0.007743157268996862,-9.912530040072931e-05,-0.007644031968596133,-0.07201912834866742
2025-09-23,0.006431052254068643,0.00527162975235301,0.0011594225017156337,-0.0660320037515606
2025-09-24,0.0037582157716017062,0.0008637045974113273,0.0028945111741903794,-0.06251534645859669
2025-09-25,0.004322724383796042,-0.005297452615467956,0.009620176999263999,-0.05845408715903444
2025-09-26,-0.012098074083752904,0.0037995965694387923,-0.015897670653191698,-0.06977635246683067
2025-09-29,0.0013361687783320217,0.0025964952676257973,-0.0012603264892937756,-0.06853258591616074
2025-09-30,0.0039581373311021505,0.004761687925676687,-0.0008035505945745373,-0.06483840375462513
2025-10-01,0.0009011292503247124,-0.0003673111250995218,0.0012684403754242343,-0.06399532248092088
2025-10-02,-0.0006236282533155354,0.00156538765964144,-0.0021890159129569755,-0.06457885946906894
2025-10-03,-0.001606007657094865,0.0020751550671278826,-0.0036811627242227477,-0.06607994728146827
2025-10-06,-0.0013850224764380102,0.0022404475312682763,-0.0036254700077062866,-0.06737255219561766
2025-10-07,-0.00062736292397469,0.0018480052744675119,-0.002475368198442202,-0.0679574645828942
2025-10-08,-0.004949449782337401,-0.0007811586465276165,-0.004168291135809785,-0.07255916497044834
2025-10-09,-0.0022056714221051626,-0.002670035305378093,0.00046436388327293046,-0.07460254038017744
2025-10-10,0.009621926563035637,0.0021374567070111435,0.007484469856024493,-0.06565545892948321
2025-10-13,-0.009777449792536742,0.0006662487733451306,-0.010443698565881874,-0.07474644999073587
2025-10-14,0.0018349264911116025,0.0027278139908609275,-0.000892887499749325,-0.0730471191440325
2025-10-15,-0.009847546483734227,0.0006709564453328234,-0.01051850292906705,-0.08213053265352033
2025-10-16,0.000842071736901321,-0.004328211766209464,0.005170283503110785,-0.08135729520189205
2025-10-17,0.0034998635355046317,-0.00011001466525145379,0.003609878200756085,-0.07813653827995692
2025-10-20,0.0038149991866061033,0.0027872263361024404,0.0010277728505036633,-0.07461291288295491
2025-10-21,0.0068291066721486516,-0.002133157502067155,0.008962264174215806,-0.06827171804837306
2025-10-22,2.6469487674523912e-05,-0.00014511576085774207,0.0001715852485322661,-0.06824705535169484
2025-10-23,-0.0021512742871976154,-0.0021595468601350036,8.272572937388645e-06,-0.07024935698131418
2025-10-24,-0.009233523936220315,0.0007533227830780048,-0.00998684671929832,-0.07879471918186964
2025-10-27,-0.0015196997408774998,-0.00012307543088111968,-0.00139662430999638,-0.08019361139113301
2025-10-28,0.005053227283670226,-0.005109531474011119,0.010162758757681346,-0.0755338571695423
2025-10-29,0.006564560131596843,0.008068497180302475,-0.0015039370487056319,-0.06944518070909012
2025-10-30,0.0069528321311466785,0.001190208552463112,0.005762623578683567,-0.06295264466019679
2025-10-31,0.0017278443596562623,-0.004584345214766839,0.006312189574423101,-0.061332173114384436
2025-11-03,-0.004012475795672847,-0.0010407733620441612,-0.0029717024336286856,-0.06509100888806751
2025-11-04,-1.9892635572371295e-05,-0.004534608661550872,0.004514716025978502,-0.06510960650694253
2025-11-05,-0.004478596073580062,-0.0010991049822870892,-0.003379491091292972,-0.06928724100089556
2025-11-06,-0.0035359070486212585,-0.004000786753851673,0.0004648797052304145,-0.07257234347448294
2025-11-07,0.0029705465092919187,0.013216279623425175,-0.010245733114133257,-0.06981328055326985
2025-11-10,0.0037277218457972307,0.002792891422534643,0.0009348304232625875,-0.06633933226486
2025-11-11,0.0010572408653288382,-0.0030709820948777375,0.004128222960206575,-0.06535170606518514
2025-11-12,-0.004571151221181503,0.001115662504553953,-0.005686813725735456,-0.06961437468143561
2025-11-13,-0.004666534897983517,-0.01667542885449725,0.012008893956513732,-0.07394593711639719
2025-11-14,-0.0008869865114732047,0.0022211472301378937,-0.0031081337416110984,-0.07476697040251612
2025-11-17,0.00799703405942011,0.00921565937917072,-0.001218625319750611,-0.06733818582103546
2025-11-18,0.0002682969972794013,-0.0018355444215956448,0.002103841418875046,-0.06708792188578416
2025-11-19,0.00985650472685769,0.0007213718047723158,0.009135132922085376,-0.05784720379907837
2025-11-20,0.0014953383249581226,-0.004920676391329185,0.006416014716287307,-0.056437312745603485
2025-11-21,-8.61325703317142e-05,-0.00031194827626829886,0.00022581570593658423,-0.05651858072516558
2025-11-24,5.210542608897854e-05,0.01443104404423749,-0.014378938618148509,-0.0564694189430206
2025-11-25,0.003005249914285901,-0.003829625808237731,0.006834875722523632,-0.053629608712765675
2025-11-26,-0.0033689726642072487,0.011537484952540332,-0.01490645761674758,-0.05681254007633363
2025-11-28,0.0031860850120956205,0.007906111037179146,-0.004720026025083525,-0.05380267234557301
2025-12-01,-0.006507944748388415,-0.027196234766967534,0.02068829001857912,-0.05994047836077332
2025-12-02,0.006140090565067914,-0.00898193254867802,0.015122023113745935,-0.05415067098049642
2025-12-03,6.380085690631428e-05,-0.003019218131397722,0.0030830189883040353,-0.054090323057696565
2025-12-04,-0.00028212861573452194,0.0018399872424883633,-0.0021221158582228855,-0.05435715360342608
2025-12-05,0.008082628044820633,-0.00958618462983485,0.017668812674655483,-0.046682901931002774
2025-12-08,-0.0023493355037055566,-0.007577884113150442,0.005228548609444885,-0.04891993483645296
2025-12-09,0.0009931079100365563,0.0014426631995055248,-0.00044955528946896846,-0.04797494053767215
2025-12-10,-0.005548921440841032,-0.004733434155547722,-0.0008154872852933091,-0.053243023196683836
2025-12-11,-0.002107605114455015,0.005789596420025039,-0.007897201534480057,-0.05523631177269295
2025-12-12,-0.004779441881927313,-0.01007784129411423,0.005298399412186914,-0.0597409814342732
2025-12-15,0.007135032979150321,0.012769700220556112,-0.005634667241405791,-0.05300821162356284
2025-12-16,-0.00874706898170773,-0.0045723984993004466,-0.004174670482407281,-0.061255491773359205
2025-12-17,0.007525382691342557,-0.00836694143690144,0.015892324128243998,-0.0541644320953546
2025-12-18,-0.0030830419253181224,0.013035105674472839,-0.01611814759979096,-0.05707599226838722
2025-12-19,-0.001409851693327988,-0.010041907667789545,0.008632055974461558,-0.058404438601167286
2025-12-22,-0.007961305102998341,-0.0017455526327211216,-0.00621575247027722,-0.06587100689758896
2025-12-23,0.00516058784879237,0.006312720029046957,-0.0011521321802545872,-0.06103789203582022
2025-12-24,0.0022321234073503166,0.00612586255096693,-0.003893739143616614,-0.058939671864015275
2025-12-26,-0.00024275733339445258,-0.0002772638924659998,3.4506559071547234e-05,-0.05916809343320961
2025-12-29,-0.001244656028494793,0.0006971301232536921,-0.0019417861517484853,-0.060338377086135875
2025-12-30,-0.0018203433280234989,0.0007020282619661278,-0.002522371589989627,-0.06204732794145773
2025-12-31,-0.0017928763312658699,-0.007972671439126165,0.006179795107860295,-0.06372745450741168
