Date,strategy,long_book,short_book,cum_strategy
2018-01-03,0.0,0.0,0.0,0.0
2018-01-04,0.0,0.0,0.0,0.0
2018-01-05,0.0,0.0,0.0,0.0
2018-01-08,0.0,0.0,0.0,0.0
2018-01-09,0.0,0.0,0.0,0.0
2018-01-10,0.0,0.0,0.0,0.0
2018-01-11,0.0,0.0,0.0,0.0
2018-01-12,0.0,0.0,0.0,0.0
2018-01-16,0.0,0.0,0.0,0.0
2018-01-17,0.0,0.0,0.0,0.0
2018-01-18,0.0,0.0,0.0,0.0
2018-01-19,0.0,0.0,0.0,0.0
2018-01-22,0.0,0.0,0.0,0.0
2018-01-23,0.0,0.0,0.0,0.0
2018-01-24,0.0,0.0,0.0,0.0
2018-01-25,0.0,0.0,0.0,0.0
2018-01-26,0.0,0.0,0.0,0.0
2018-01-29,0.0,0.0,0.0,0.0
2018-01-30,0.0,0.0,0.0,0.0
2018-01-31,0.0,0.0,0.0,0.0
2018-02-01,0.0,0.0,0.0,0.0
2018-02-02,0.0,0.0,0.0,0.0
2018-02-05,0.0,0.0,0.0,0.0
2018-02-06,0.0,0.0,0.0,0.0
2018-02-07,0.0,0.0,0.0,0.0
2018-02-08,0.0,0.0,0.0,0.0
2018-02-09,0.0,0.0,0.0,0.0
2018-02-12,0.0,0.0,0.0,0.0
2018-02-13,0.0,0.0,0.0,0.0
2018-02-14,0.0,0.0,0.0,0.0
2018-02-15,0.0,0.0,0.0,0.0
2018-02-16,0.0,0.0,0.0,0.0
2018-02-20,0.0,0.0,0.0,0.0
2018-02-21,0.0,0.0,0.0,0.0
2018-02-22,0.0,0.0,0.0,0.0
2018-02-23,0.0,0.0,0.0,0.0
2018-02-26,0.0,0.0,0.0,0.0
2018-02-27,0.0,0.0,0.0,0.0
2018-02-28,0.0,0.0,0.0,0.0
2018-03-01,0.0,0.0,0.0,0.0
2018-03-02,0.0,0.0,0.0,0.0
2018-03-05,0.0,0.0,0.0,0.0
2018-03-06,0.0,0.0,0.0,0.0
2018-03-07,0.0,0.0,0.0,0.0
2018-03-08,0.0,0.0,0.0,0.0
2018-03-09,0.0,0.0,0.0,0.0
2018-03-12,0.0,0.0,0.0,0.0
2018-03-13,0.0,0.0,0.0,0.0
2018-03-14,0.0,0.0,0.0,0.0
2018-03-15,0.0,0.0,0.0,0.0
2018-03-16,0.0,0.0,0.0,0.0
2018-03-19,0.0,0.0,0.0,0.0
2018-03-20,0.0,0.0,0.0,0.0
2018-03-21,0.0,0.0,0.0,0.0
2018-03-22,0.0,0.0,0.0,0.0
2018-03-23,0.0,0.0,0.0,0.0
2018-03-26,0.0,0.0,0.0,0.0
2018-03-27,0.0,0.0,0.0,0.0
2018-03-28,0.0,0.0,0.0,0.0
2018-03-29,0.0,0.0,0.0,0.0
2018-04-02,0.0,0.0,0.0,0.0
2018-04-03,0.0,0.0,0.0,0.0
2018-04-04,0.0,0.0,0.0,0.0
2018-04-05,0.0,0.0,0.0,0.0
2018-04-06,0.0,0.0,0.0,0.0
2018-04-09,0.0,0.0,0.0,0.0
2018-04-10,0.0,0.0,0.0,0.0
2018-04-11,0.0,0.0,0.0,0.0
2018-04-12,0.0,0.0,0.0,0.0
2018-04-13,0.0,0.0,0.0,0.0
2018-04-16,0.0,0.0,0.0,0.0
2018-04-17,0.0,0.0,0.0,0.0
2018-04-18,0.0,0.0,0.0,0.0
2018-04-19,0.0,0.0,0.0,0.0
2018-04-20,0.0,0.0,0.0,0.0
2018-04-23,0.0,0.0,0.0,0.0
2018-04-24,0.0,0.0,0.0,0.0
2018-04-25,0.0,0.0,0.0,0.0
2018-04-26,0.0,0.0,0.0,0.0
2018-04-27,0.0,0.0,0.0,0.0
2018-04-30,0.007682563555311528,0.0,0.007682563555311528,0.007712150165173792
2018-05-01,0.005677436266800606,0.0,0.005677436266800606,0.013449643387556165
2018-05-02,0.002780970436088848,0.0,0.002780970436088848,0.01627193942628291
2018-05-03,-0.029771765062231045,0.0,-0.029771765062231045,-0.013538316183091759
2018-05-04,-0.014471526732990615,0.0,-0.014471526732990615,-0.02771112438089307
2018-05-07,-0.01274901410586409,0.0,-0.01274901410586409,-0.040028167064495745
2018-05-08,0.0038200674225973698,0.0,0.0038200674225973698,-0.03635399661754346
2018-05-09,-0.004843720273696426,0.0,-0.004843720273696426,-0.0410103421793111
2018-05-10,-0.006241844603227047,0.0,-0.006241844603227047,-0.046977563990024174
2018-05-11,-0.0035935378729174423,0.0,-0.0035935378729174423,-0.05039614013731908
2018-05-14,0.001865518584395683,0.0,0.001865518584395683,-0.04862298307444357
2018-05-15,0.015030908169426205,0.0,0.015030908169426205,-0.03421491055587356
2018-05-16,0.0,0.0,0.0,-0.03421491055587356
2018-05-17,0.0029717997755901024,0.0,0.0029717997755901024,-0.03134052170517709
2018-05-18,-0.0023786933978058485,0.0,-0.0023786933978058485,-0.03364192735655713
2018-05-21,0.0031243682912962404,0.0,0.0031243682912962404,-0.030617947282549407
2018-05-22,0.0007468577578868917,0.0,0.0007468577578868917,-0.0298936863498388
2018-05-23,0.004504691868432751,0.0,0.004504691868432751,-0.025513798711587654
2018-05-24,-0.01894296947755021,0.0,-0.01894296947755021,-0.04379971945883676
2018-05-25,0.006578020457283454,0.0,0.006578020457283454,-0.037489081454509465
2018-05-29,0.003840585656016248,0.0,0.003840585656016248,-0.033785368165428764
2018-05-30,-0.010128132256477943,0.0,-0.010128132256477943,-0.04352192793181908
2018-05-31,0.0026224270476508586,0.0,0.0026224270476508586,-0.04101034217931121
2018-06-01,0.00469637956771405,0.0,0.00469637956771405,-0.036495970440480474
2018-06-04,0.0008855161079389995,0.0,0.0008855161079389995,-0.035642394230276486
2018-06-05,0.0029627890469405946,0.0,0.0029627890469405946,-0.032780969272466653
2018-06-06,-0.004290475798289184,0.0,-0.004290475798289184,-0.03692190946135321
2018-06-07,0.006524379060408162,0.0,0.006524379060408162,-0.030617880358392968
2018-06-08,0.00525134105461695,0.0,0.00525134105461695,-0.025513934685290174
2018-06-11,0.007445884899088421,0.0,0.007445884899088421,-0.018230943096766206
2018-06-12,-0.012846532765331419,0.0,-0.012846532765331419,-0.03076260490747451
2018-06-13,-0.006964059526193391,0.0,-0.006964059526193391,-0.037488983187835445
2018-06-14,0.006964059526193319,0.0,0.006964059526193319,-0.030762604907474622
2018-06-15,0.001943539499245427,0.0,0.001943539499245427,-0.028877021987065654
2018-06-18,0.006027707063150892,0.0,0.006027707063150892,-0.02300569962468102
2018-06-19,0.015708192862039772,0.0,0.015708192862039772,-0.007537715747970575
2018-06-20,0.0017239063606489578,0.0,0.0017239063606489578,-0.005825328129571039
2018-06-21,-0.0004706471198762111,0.0,-0.0004706471198762111,-0.0062931234836376415
2018-06-22,0.013673231105530384,0.0,0.013673231105530384,0.007387375463624668
2018-06-25,-0.0006443945336992168,0.0,-0.0006443945336992168,0.006738429656579559
2018-06-26,-0.004327530586833675,0.0,-0.004327530586833675,0.0023911515831922525
2018-06-27,0.006424809754845017,0.0,0.006424809754845017,0.00885205685113033
2018-06-28,0.003568977547298811,0.0,0.003568977547298811,0.012459060018523926
2018-06-29,0.0021172992129529925,0.003392776448333379,-0.0012754772353803865,0.014605009796653246
2018-07-02,0.004453407969233707,0.0066425294142119385,-0.0021891214449782322,0.01913353603586776
2018-07-03,-0.02246755877245871,-0.025635721978033283,0.0031681632055745716,-0.003508597395740609
2018-07-05,-0.005405501454414092,-0.004182212490893905,-0.0012232889635201876,-0.008880600854998977
2018-07-06,0.0031364336738483062,0.006369498499119471,-0.0032330648252711647,-0.005767140568188167
2018-07-09,0.0001542626769776307,-0.0043839363675244455,0.004538199044502076,-0.005613755715278224
2018-07-10,0.008784328042260646,0.006561647008628181,0.0022226810336324642,0.0031597374595730976
2018-07-11,-0.004279796878158844,-0.003051545606038764,-0.00122825127212008,-0.0011244082770579533
2018-07-12,-0.002460529752584829,0.006947613903146031,-0.00940814365573086,-0.003579150168434353
2018-07-13,0.005277341440938274,0.00536144789687836,-8.410645594008497e-05,0.0016932026415918955
2018-07-16,0.001445453249305157,0.005726433848385129,-0.004280980599079972,0.0031421502769128917
2018-07-17,-0.003288005298469832,-0.0025369831204557565,-0.0007510221780140753,-0.00015076989219409143
2018-07-18,-0.001489438627497808,-0.0008486246433126659,-0.0006408139841851422,-0.0016388754611279532
2018-07-19,-0.00921325431990012,-0.006840583051944966,-0.002372671267955156,-0.010794787764493163
2018-07-20,0.0024947280516945695,-0.0010772373768781845,0.0035719654285727544,-0.00832390896881885
2018-07-23,-0.000975844848885885,-0.0062949346554183406,0.005319089806532455,-0.009291158954299772
2018-07-24,-0.009129346635832947,-0.009704781230706836,0.0005754345948738898,-0.01829452342978921
2018-07-25,-0.00592345157629768,-0.0031276526701483607,-0.0027957989061493196,-0.024092419551289268
2018-07-26,0.002189788158275246,0.0053499353062178455,-0.0031601471479425994,-0.021953047156771932
2018-07-27,-0.003575144530674239,-0.004454336397506456,0.0008791918668322173,-0.02544346328213709
2018-07-30,0.0011838965088438462,-0.004043241788134844,0.005227138296978691,-0.02428900595648875
2018-07-31,-0.0018623718669870202,0.007963424904014978,-0.009825796771001998,-0.026104451619911928
2018-08-01,-0.04486800217938766,-0.04305899950659782,-0.0018090026727898445,-0.06883540459462612
2018-08-02,0.0025997160490230436,0.0,0.0025997160490230436,-0.06641149167418092
2018-08-03,-0.008102948857690036,0.0,-0.008102948857690036,-0.07394574555086342
2018-08-06,-0.005309705867077879,0.0,-0.005309705867077879,-0.07884979021993932
2018-08-07,-0.006591970052534478,0.0,-0.006591970052534478,-0.08490201485877702
2018-08-08,0.030530270723398284,0.03882768543775192,-0.008297414714353633,-0.05653297187790163
2018-08-09,-0.0005177260985727956,-0.0007086565200945623,0.00019093042152176662,-0.05702130295972274
2018-08-10,0.0075458495940898904,-0.0012427207808689712,0.008788570374958862,-0.04987881335627797
2018-08-13,0.018904836226826555,0.0015973026752712151,0.01730753355155534,-0.0317460696919839
2018-08-14,-0.007605407642890156,-0.0015973026752712435,-0.006008104967618912,-0.0390821034093467
2018-08-15,0.007372318077765722,0.0017561465696869644,0.0056161715080787575,-0.03197173327859404
2018-08-16,-0.007221856629070957,0.006045660190396044,-0.013267516819467001,-0.03893751143306268
2018-08-17,-0.0008467485578902093,0.0,-0.0008467485578902093,-0.0397509452737318
2018-08-20,-0.001630190420214117,0.0010593786997562028,-0.00268956911997032,-0.041315058835904916
2018-08-21,0.00010531831309807792,-0.0051411031484321764,0.005246421461530254,-0.041214086438081
2018-08-22,-0.005788847251279871,-0.004115105511231976,-0.0016737417400478948,-0.04674831777376265
2018-08-23,0.00014687162789425116,-0.0021607231454513743,0.0023075947733456254,-0.0466083018654706
2018-08-24,-0.0038232435243295403,0.0030581688979979677,-0.006881412422327508,-0.050246391418797054
2018-08-27,-0.00546969302307449,-0.0035998333687808407,-0.0018698596542936492,-0.05542707082619591
2018-08-28,-0.003703874038350947,-0.0023537719041663158,-0.0013501021341846314,-0.058919178819564655
2018-08-29,0.002078760831774479,0.00433686961265237,-0.002258108780877891,-0.056960862138151214
2018-08-30,-0.006989052679381488,-0.00035999040149282274,-0.006629062277888665,-0.06352883366650641
2018-08-31,-0.006414198990778426,0.0003599904014928033,-0.006774189392271229,-0.0695163230741701
2018-09-04,0.0019100905915319004,0.0,0.0019100905915319004,-0.06773731646629222
2018-09-05,0.0048495484220064874,0.0,0.0048495484220064874,-0.06320528316506524
2018-09-06,0.007894842193793546,0.0,0.007894842193793546,-0.055780165206751
2018-09-07,0.000844986579663635,0.0,0.000844986579663635,-0.05498197493555734
2018-09-10,-0.007688377025711202,0.0,-0.007688377025711202,-0.062219770704164734
2018-09-11,0.015221578522659884,0.01715460963707625,-0.0019330311144163672,-0.04783608180163812
2018-09-12,-0.008588319309985302,-0.0031390977097792666,-0.005449221600206035,-0.055978554440594075
2018-09-13,-0.0003662721564721117,0.0034867005476427702,-0.003852972704114882,-0.05632425989620882
2018-09-14,0.001942993863090752,0.0024263531901847334,-0.00048335932709398156,-0.05448892127600302
2018-09-17,0.006181184949041484,-0.0024263531901847443,0.008607538139226227,-0.04862644256009574
2018-09-18,-0.008390754041363713,-0.003136951003615849,-0.0052538030377478635,-0.05657578694601717
2018-09-19,-0.007845265878399071,-0.012210830535708367,0.004365564657309296,-0.06394824347929329
2018-09-20,-0.004013411922226821,0.0016097529291724153,-0.005623164851399236,-0.06769747611869303
2018-09-21,-0.006200277940800997,0.0005353921152342262,-0.0067356700560352225,-0.07346012741048868
2018-09-24,-0.0035900737581082425,-0.003760183088747264,0.00017010933063902158,-0.07678051011723752
2018-09-25,0.0023962541436472694,-0.0030646562181639568,0.005460910361811226,-0.07456558889187392
2018-09-26,-0.007683157048914976,-0.007286056722324425,-0.0003971003265905509,-0.0816486020167585
2018-09-27,-0.007661675716973928,0.0031094150985682533,-0.010771090815542181,-0.08865782712990977
2018-09-28,-0.009390278421783983,0.00417664162375617,-0.013566920045540153,-0.09717552948343855
2018-10-01,-0.007248835881434485,-0.0019930721368351667,-0.005255763744599318,-0.10369629337321917
2018-10-02,0.004400869166590163,0.006672723656455288,-0.0022718544898651253,-0.09974308563215628
2018-10-03,-0.005835101522364382,-0.01068294880128309,0.004847847278918707,-0.10498087973200199
2018-10-04,0.003525613467476937,-0.0007326835856801992,0.004258297053157136,-0.10181981920346839
2018-10-05,0.0006151544093507544,0.008180451476585842,-0.007565297067235088,-0.10126712972760477
2018-10-08,0.005208178441191214,0.0039514231217419515,0.0012567553194492622,-0.09657415825996485
2018-10-09,0.003522049459860311,0.0032094568318373753,0.00031259262802293573,-0.09338663775465761
2018-10-10,0.006254017205165975,-0.004463437153390582,0.010717454358556557,-0.08769889510713746
2018-10-11,-0.003064693682024411,-0.013266217574246794,0.010201523892222383,-0.09049053858833012
2018-10-12,0.0006881757218025154,0.0034868373649658843,-0.002798661643163369,-0.08986442084343149
2018-10-15,0.006308352015964204,0.0038259038154985475,0.0024824482004656557,-0.08410481752567633
2018-10-16,-0.005260274670019324,0.0036166291246533767,-0.008876903794672701,-0.08891002830994632
2018-10-17,0.003894422993832668,-0.0034351858394038393,0.007329608833236507,-0.08535494056020176
2018-10-18,0.013782124606822356,0.0036153646430253554,0.010166759963797001,-0.07266192090680867
2018-10-19,0.00902114904378332,0.006442466813385376,0.0025786822303979426,-0.06425841824680834
2018-10-22,-0.010636776107976304,-0.005542802821808407,-0.005093973286167897,-0.0741589437640926
2018-10-23,0.008615298351791322,-0.002523399876980306,0.011138698228771629,-0.06614808843324427
2018-10-24,0.01078075765538679,0.00431814246109964,0.00646261519428715,-0.0560259933981494
2018-10-25,-0.004574609173055598,-0.00287458537931779,-0.0017000237937378083,-0.06033444329706905
2018-10-26,-0.006631015082020748,-0.010561162191650488,0.0039301471096297395,-0.06654476664589648
2018-10-29,0.005391175753293454,0.0009192699878439691,0.004471905765449485,-0.061498755680828965
2018-10-30,-0.001696927176512399,0.0014672993463250843,-0.0031642265228374834,-0.0630899734753112
2018-10-31,-0.017059479690880487,-0.005339722136261041,-0.011719757554619445,-0.07893761048665149
2018-11-01,-0.007474555020395147,0.0033209144617249347,-0.010795469482120082,-0.08579647657518696
2018-11-02,-0.02018189748449072,-0.004247515316703015,-0.015934382167787704,-0.10406190291547013
2018-11-05,-0.0019525060965877323,0.009734111936678632,-0.011686618033266365,-0.10580952083966644
2018-11-06,0.012856494489133327,0.005606834783167108,0.007249659705966218,-0.09423914802622413
2018-11-07,0.003981311287864669,0.009266192917637753,-0.005284881629773084,-0.09062584405102747
2018-11-08,0.009438744504193014,-0.004611546154409878,0.014050290658602893,-0.08200185795938719
2018-11-09,-0.005565391671348293,0.0012456916053769527,-0.006811083276725246,-0.08709668666437353
2018-11-12,-0.015711307888028943,-0.0005335303101146517,-0.015177777577914293,-0.1013275065628072
2018-11-13,0.007619537685713534,0.0021307984132815255,0.005488739272432009,-0.09445388397410215
2018-11-14,-0.0015269464291696316,-0.008700416873313934,0.007173470444144302,-0.09583554924953352
2018-11-15,0.006553536741363428,0.0016360769040065317,0.004917459837356896,-0.08989061540744714
2018-11-16,-0.001235816488364648,0.0032561377861493974,-0.0044919542745140454,-0.09101464889852517
2018-11-19,0.0067919844157474886,0.004308848281913873,0.0024831361338336156,-0.08481982078617922
2018-11-20,0.018432394165760584,-0.0021497826119403264,0.02058217677770091,-0.06779443168189614
2018-11-21,-0.007253952958320445,-0.0007186956249822044,-0.006535257333338241,-0.07453213996775232
2018-11-23,-0.00536954196583353,-0.002884944132075674,-0.002484597833757856,-0.07948816079167442
2018-11-26,-0.004698206355557835,0.0028849441320756308,-0.007583150487633465,-0.08380277196178243
2018-11-27,0.009308853401098754,0.002510991450859023,0.006797861950239731,-0.07523420639460776
2018-11-28,-0.009421024458832609,0.0010721161972536645,-0.010493140656086274,-0.08390553701020442
2018-11-29,0.0004783736155662046,-0.004843113872411403,0.005321487487977608,-0.08346719675289616
2018-11-30,0.004175065563241111,0.004843113872411394,-0.0006680483091702823,-0.0796326129592112
2018-12-03,0.0,0.0,0.0,-0.0796326129592112
2018-12-04,0.0,0.0,0.0,-0.0796326129592112
2018-12-06,0.0,0.0,0.0,-0.0796326129592112
2018-12-07,0.0,0.0,0.0,-0.0796326129592112
2018-12-10,0.0,0.0,0.0,-0.0796326129592112
2018-12-11,0.008568259161996623,0.013559629430792771,-0.00499137026879615,-0.07171278554873817
2018-12-12,-0.003264598253720983,0.0019072531223423223,-0.005171851376063305,-0.0747383290888225
2018-12-13,0.0034650212858515434,0.007728172387471614,-0.004263151101620071,-0.07152671676491773
2018-12-14,0.0006295485445809049,-0.0006822127663569392,0.001311761310937844,-0.07094201373061404
2018-12-17,0.0017370369417783098,-0.006699977752290237,0.008437014694068547,-0.06932680325340701
2018-12-18,-0.005054095455336907,-0.010662770382976212,0.005608674927639305,-0.07401864792474999
2018-12-19,0.0037371044219106277,0.0015875500444825627,0.002149554377428065,-0.07055168475255391
2018-12-20,0.010197363765239912,0.00017612991431291037,0.010021233850927002,-0.06102527258703394
2018-12-21,0.008859014509664852,-0.0005285343471626983,0.00938754885682755,-0.05266992643164303
2018-12-24,-0.017874440971748413,-0.0206900718345761,0.0028156308628276864,-0.06945248565316042
2018-12-26,-0.003803895132599171,0.007836823123557482,-0.011640718256156653,-0.07298546700827324
2018-12-27,0.0066582716842050705,0.00789400073846373,-0.001235729054258659,-0.06679255823680252
2018-12-28,-0.0014925821456196772,-0.0016047009485804997,0.00011211880296082249,-0.06818440801907333
2018-12-31,-0.00243788800050518,0.004090515286849372,-0.006528403287354552,-0.07045330328944366
2019-01-02,0.0015427931494588903,-0.004090388729481882,0.005633181878940773,-0.06901809818602989
2019-01-03,0.007578629450080905,0.0028489844308952363,0.004729645019185668,-0.06193572789575186
2019-01-04,-0.009199899319076622,0.009148710805094157,-0.01834861012417078,-0.07052624820258169
2019-01-07,-0.004571619396515615,0.0019141373606213167,-0.006485756757136932,-0.07476575035602029
2019-01-08,0.005577052961540221,0.009461885575337177,-0.0038848326137969564,-0.06959125413627165
2019-01-09,-0.0016345530982814606,-0.006173073696353723,0.004538520598072263,-0.07111081439520128
2019-01-10,-0.004752182574769916,0.009061797355195704,-0.01381397992996562,-0.07551459332853994
2019-01-11,0.0018142082414284396,-0.002207520971019623,0.0040217292124480625,-0.07383586196097636
2019-01-14,0.0034011664996950767,-0.003072868697027292,0.006474035196722369,-0.07068046054044563
2019-01-15,-0.00517091623635192,0.0015387344835697827,-0.006709650719921703,-0.07547349117601276
2019-01-16,-0.0030489123121775095,0.003910941440826731,-0.006959853753004241,-0.07828799865816971
2019-01-17,-0.005608370192902133,0.00033868056838550127,-0.005947050761287634,-0.08344283215407988
2019-01-18,0.006927236592530815,-0.0016954608707746438,0.008622697463305459,-0.07707158170005901
2019-01-22,0.0010643772786300817,0.0028788998985320585,-0.0018145226199019768,-0.0760887146839494
2019-01-23,-0.005655130939640114,0.004371229471737038,-0.010026360411377153,-0.081298808213353
2019-01-24,0.0030345773998160285,0.0041674475442359535,-0.001132870144419925,-0.07850670405411131
2019-01-25,-0.0007705114001996527,-0.005508308427471757,0.004737797027272104,-0.07921645167441471
2019-01-28,0.00849199889636393,0.001173400339708965,0.007318598556654964,-0.07136386390500715
2019-01-29,0.00180525982444342,0.0028385608417011033,-0.0010333010172576833,-0.06968592029058751
2019-01-30,-0.0013971635647030299,0.0029879560423904912,-0.004385119607093521,-0.0709848136319684
2019-01-31,0.005028322548559614,0.011615257003220827,-0.006586934454661212,-0.06630166128954751
2019-02-01,-0.0007102914914668738,-0.001781965375472439,0.0010716738840055653,-0.06696462379894264
2019-02-04,-0.002792088053339893,0.001943571374581739,-0.004735659427921632,-0.0695661072506999
2019-02-05,0.0024984224417789374,-0.0016191049391464012,0.004117527380925338,-0.0672385839749926
2019-02-06,-0.005381025449252549,-0.0037440986027998838,-0.0016369268464526648,-0.07224431682617993
2019-02-07,-0.003545083120426836,0.0034196321673645473,-0.006964715287791383,-0.07552746488365514
2019-02-08,-0.004796664851260646,0.0006487607390287116,-0.005445425590289358,-0.07995123165368567
2019-02-11,-0.005200487776130002,-0.000973437868132951,-0.004227049907997051,-0.08472351417290547
2019-02-12,-0.0018512764871463283,0.0008113361585180491,-0.0026626126456643774,-0.08641637654871392
2019-02-13,-0.0005963718776502723,-0.001298670700745358,0.0007022988230950858,-0.08696104969960416
2019-02-14,-0.0009320613260539359,0.0011364781067668783,-0.0020685394328208142,-0.0878116615215887
2019-02-15,-3.958282747847574e-05,0.000972023157453187,-0.0010116059849316628,-0.08784776780061954
2019-02-19,0.004458789595749432,0.005153167621993111,-0.0006943780262436785,-0.08377159226655373
2019-02-20,0.0027747519172563575,0.0009369677709469783,0.0018377841463093794,-0.0812257553360175
2019-02-21,0.0003685923123738048,0.0038585158735799313,-0.0034899235612061265,-0.08088703979248946
2019-02-22,0.0030800369309469506,0.0028744803419016095,0.00020555658904534112,-0.07805177381079764
2019-02-25,-0.0009018358525587338,-0.00624916813204344,0.005347332279484706,-0.07888284497416609
2019-02-26,0.004182146259737871,-0.0012915275493526044,0.005473673809090475,-0.07502253173873152
2019-02-27,0.0070682665465642645,0.003704383695594142,0.003363882850970123,-0.06846138378865096
2019-02-28,-0.01957769335556958,-0.01664105337894148,-0.0029366399766281017,-0.0865213976170407
2019-03-01,-0.00794864408918353,0.0,-0.00794864408918353,-0.09375353299767397
2019-03-04,0.013694845316898515,0.0,0.013694845316898515,-0.08125725582616727
2019-03-05,-0.0006707807141561358,0.0,-0.0006707807141561358,-0.08187332409377379
2019-03-06,0.0046306124065972655,0.0,0.0046306124065972655,-0.07761197660774366
2019-03-07,0.0037373635094395943,0.0,0.0037373635094395943,-0.074158227329442
2019-03-08,-0.005055578734420212,-0.0018281783584000334,-0.0032274003760201786,-0.07882708148268958
2019-03-11,0.0034430681468451173,0.006616077469010643,-0.003173009322165526,-0.07564995395457308
2019-03-12,-0.008856657751803821,0.0040910429362660174,-0.012947700688069838,-0.08380045955861071
2019-03-13,-0.006466252177423159,-0.004419820105601853,-0.002046432071821306,-0.08970572379199027
2019-03-14,0.010419094946634554,0.0,0.010419094946634554,-0.08017169959616921
2019-03-15,0.005486755385635955,0.006533979629948966,-0.001047224244313011,-0.07511095587956396
2019-03-18,-0.005156309011234689,-0.003746623340277521,-0.0014096856709571678,-0.07986769544346028
2019-03-19,-0.0033487966569295787,-0.005094637765801644,0.0017458411088720656,-0.08294387779949275
2019-03-20,-0.0037949470298879098,-0.00016515317652781843,-0.0036297938533600914,-0.08641746200387856
2019-03-21,-0.004312400915732251,0.00591340090473794,-0.010225801820470191,-0.09034871351862372
2019-03-22,0.008289988310627543,0.0016302204066545882,0.006659767903972954,-0.08277637103831947
2019-03-25,-0.003493528808680692,0.0013003829340240023,-0.004793911742704694,-0.0859751274828714
2019-03-26,0.0020251977665660253,0.002105940312194196,-8.074254562817065e-05,-0.08412217068379213
2019-03-27,-0.0026330944383800327,-0.006344580787840911,0.0037114863494608786,-0.08653059131141794
2019-03-28,-0.002132325054380514,-0.0034500110289502777,0.0013176859745697637,-0.08847632980726094
2019-03-29,0.005486398731537903,0.006062710423888683,-0.0005763116923507795,-0.08346160368466671
2019-04-01,0.004153823796558907,0.0,0.004153823796558907,-0.07964654663170101
2019-04-02,-0.006216528942363041,0.0,-0.006216528942363041,-0.08535020366899326
2019-04-03,0.0013559313579723095,0.0,0.0013559313579723095,-0.08410916013380543
2019-04-04,0.0019310668588640365,0.0,0.0019310668588640365,-0.08233880489958278
2019-04-05,0.0020660872001487204,0.0,0.0020660872001487204,-0.08044087688306478
2019-04-08,-0.0014692435054027286,-0.00392420585059662,0.0024549623451938915,-0.08179094112311724
2019-04-09,-0.0009176420829327423,-0.0023034467454608257,0.0013858046625280834,-0.08263314191792781
2019-04-10,-0.006564073574772676,-0.0019826706027100106,-0.004581402972062665,-0.08863508531990205
2019-04-11,-0.0007457328007591743,0.0014878264563626916,-0.002233559257121866,-0.0893144666802731
2019-04-12,0.0048520756043514725,0.00460074586428503,0.0002513297400664428,-0.08488501429195894
2019-04-15,-0.00020883195906226041,-0.0011462717324751872,0.0009374397734129268,-0.0850760995941382
2019-04-16,-0.004132752940852028,-0.005770917254357915,0.0016381643135058872,-0.08884945149798262
2019-04-17,0.0057816898594747704,-0.0023269909277768646,0.008108680787251635,-0.08356620327725495
2019-04-18,0.002449057332813852,0.004643434050325006,-0.0021943767175111543,-0.08131905379156767
2019-04-22,0.0019785505106959707,0.003126490155912363,-0.0011479396452163922,-0.07949959778702309
2019-04-23,-0.0025353776388831,0.002291382546704547,-0.004826760185587647,-0.08183045786951948
2019-04-24,-0.007081862571903448,-0.00541787270261697,-0.0016639898692864781,-0.08830983826395522
2019-04-25,0.004448592616028746,0.003618481369855022,0.0008301112461737239,-0.0842450655869692
2019-04-26,-0.0028832553726969553,-0.0006560447131371297,-0.0022272106595598255,-0.08688161816798501
2019-04-29,-0.00036131383371041347,-0.0003283070016146939,-3.300683209571956e-05,-0.08721148087558783
2019-04-30,0.005158259020563111,0.008950602437076778,-0.0037923434165136665,-0.08249091678370968
2019-05-01,0.00023249022230649842,-0.0035610825836992813,0.0037935728060057797,-0.08227758009459829
2019-05-02,0.005628573425578996,-0.00048748324631174344,0.006116056671890739,-0.07709754764901777
2019-05-03,0.012757181184821685,0.006462160616782917,0.006295020568038768,-0.06524849428622781
2019-05-06,0.008702583774304988,-0.0016077553918822313,0.010310339166187218,-0.05707824140895423
2019-05-07,-0.0043027892153550094,-0.0038797995957370788,-0.00042298961961793023,-0.06112671886405474
2019-05-08,0.014651371655431667,-0.005876642236229433,0.0205280138916611,-0.04726967300196794
2019-05-09,-0.014804801371084884,-0.02010324394230124,0.005298442571216355,-0.06127075887432243
2019-05-10,0.0029038572972908145,0.006959942988333243,-0.004056085691042428,-0.05854086141927217
2019-05-13,0.015382737249858893,0.008358522599738254,0.007024214650120639,-0.043946681423113865
2019-05-14,-0.003457674681468784,-0.006339552303681933,0.0028818776222131488,-0.04724669430362016
2019-05-15,0.0012215638090020344,-0.0012223321087141861,0.0024438959177162205,-0.046082134199050606
2019-05-16,0.0027458091900700397,0.0030498540615489737,-0.0003040448714789342,-0.04345925844631304
2019-05-17,0.0028883131352417345,0.0028634033239762413,2.4909811265492977e-05,-0.04069247551380284
2019-05-20,-0.007002850067867827,-0.0021882812130771152,-0.004814568854790712,-0.047386894911303545
2019-05-21,-0.014259025885804393,-0.002028342807416335,-0.012230683078388059,-0.06087384593113432
2019-05-22,0.004803672748388423,0.0005078184098816436,0.00429585433850678,-0.05635173855127673
2019-05-23,0.010997391586598454,-0.00220445177491359,0.013201843361512044,-0.0459167956926122
2019-05-24,0.0027366425876940046,-0.0005101028546729763,0.003246745442366981,-0.04330223503623076
2019-05-28,-0.007298784306990267,-0.009792525304156256,0.002493740997165988,-0.05025954483196682
2019-05-29,0.0047419697716991165,-0.00646057164055046,0.011202541412249576,-0.045745209340594006
2019-05-30,0.007119906898912507,-0.0031736083747158903,0.010293515273628397,-0.03892675951326596
2019-05-31,0.0014372410898189642,0.00442605940285153,-0.002988818313032566,-0.03754447245978221
2019-06-03,-0.0005268562724024617,0.0035128862015175555,-0.004039742473920017,-0.03805141463681605
2019-06-04,0.001974658288720085,0.008675879859422364,-0.006701221570702279,-0.03615001820313102
2019-06-05,-0.001523588539548996,0.0038554949330123142,-0.00537908347256131,-0.037617410854070665
2019-06-06,0.0007987961103834651,0.0018456203763999302,-0.0010468242660164652,-0.036848356267146776
2019-06-07,-0.0018418027344576761,-0.007855987950331433,0.006014185215873758,-0.03862065898127276
2019-06-10,-0.006489814794543178,-0.007689150489055838,0.0011993356945126598,-0.04483963103597799
2019-06-11,0.0027983991744838363,0.005090957657132007,-0.0022925584826481707,-0.04216296760836047
2019-06-12,-8.768159410667276e-05,-0.0007241710090189502,0.0006364894149122773,-0.042246948604407364
2019-06-13,-0.0011144491616025458,-0.0011608194670266472,4.637030542410138e-05,-0.04331372114726373
2019-06-14,0.0030898484645643398,0.0052022635426335045,-0.0021124150780691643,-0.040353133990073675
2019-06-17,0.0006793592845785634,-0.00491182265485265,0.005591181939431214,-0.03970096747912877
2019-06-18,-8.09645378444067e-05,0.0030396195843607056,-0.0031205841222051124,-0.039778714499071
2019-06-19,-0.0038563299350887134,0.002159737949763367,-0.0060160678848520804,-0.043474513895629396
2019-06-20,-0.0009167908239476258,0.0034364641439251008,-0.004353254967872726,-0.04435104582455318
2019-06-21,0.0037842243413163034,0.0018516661530709484,0.001932558188245355,-0.040727804535308776
2019-06-24,0.002915717303760767,0.0001421774324288768,0.00277353987133189,-0.037926756448191656
2019-06-25,0.007796756987229326,-0.000568854063945422,0.008365611051174749,-0.030396387081507825
2019-06-26,-0.00136179633199374,-0.020921134224103362,0.019559337892109622,-0.03171589107330297
2019-06-27,0.006321661212159854,0.004872266209540742,0.001449395002619113,-0.025575338181800134
2019-06-28,0.010257644562955758,0.01576418169283568,-0.0055065371298799225,-0.01552859648724747
2019-07-01,0.004647895279731569,0.004394054176534208,0.0002538411031973606,-0.010942226270171829
2019-07-02,-0.005581720792922159,-0.0026885261054962043,-0.0028931946874259547,-0.016447491890093313
2019-07-03,0.005228686444471643,0.00802262630400115,-0.002793939859529507,-0.011291336009409902
2019-07-05,0.0038094037732356255,0.0038943342491858978,-8.493047595027226e-05,-0.007517762525006133
2019-07-08,-0.0016804423841064618,-0.005292593059124271,0.0036121506750178096,-0.00918417119830428
2019-07-09,-0.000970594356774492,-0.0016829784149657416,0.0007123840581912495,-0.01014538490058492
2019-07-10,0.005748274988996441,0.005171288884861744,0.0005769861041346971,-0.00443904327616651
2019-07-11,0.00043281944971575317,0.0004171112939635557,1.5708155752197455e-05,-0.0040080518667147125
2019-07-12,-0.0004726040147830825,0.0,-0.0004726040147830825,-0.004478650447945487
2019-07-15,-0.005591070989265567,-0.004886457134701269,-0.0007046138545642989,-0.010029149907290758
2019-07-16,-0.014940614100949403,-0.022232287549474358,0.007291673448524955,-0.02470997895968019
2019-07-17,0.006528180144870613,0.010306726252320023,-0.0037785461074494103,-0.01832228267824365
2019-07-18,0.003472906956536326,0.004291951108248337,-0.0008190441517120111,-0.014907080397386419
2019-07-19,0.009024304667655098,0.0005693379164711618,0.008454966751183936,-0.005977068795750218
2019-07-22,-0.0006704858255571751,-0.002853854480473262,0.0021833686549160873,-0.006643323699207393
2019-07-23,-0.004477515434760214,-0.006481393103220984,0.002003877668460769,-0.011081150915456583
2019-07-24,0.004662808761783052,0.0038988229045690895,0.0007639858572139622,-0.006459244281918131
2019-07-25,-0.003613107903864407,0.0015798603742144563,-0.005192968278078863,-0.01004253692953283
2019-07-26,-0.006147103225676838,-0.0059139431153211,-0.00023316011035573654,-0.016109242208784846
2019-07-29,0.0005529033601493016,0.0004352598365374738,0.00011764352361182784,-0.015565095286313557
2019-07-30,0.002490222070009647,0.004330228372436632,-0.0018400063024269849,-0.013110578883061663
2019-07-31,-0.005736904165246939,-0.008998744644433707,0.003261840479186768,-0.018756059638977862
2019-08-01,0.000894510379866093,0.0026291998999979707,-0.0017346895201318779,-0.017877934061474865
2019-08-02,-0.001593082348389153,0.006081794616669724,-0.007674876965058877,-0.01944128978084647
2019-08-05,-0.004505502345474185,-0.014900304579160719,0.010394802233686534,-0.02384926182876157
2019-08-06,-0.005959625139574794,0.003104299740610466,-0.00906392488018526,-0.029649453656295233
2019-08-07,0.00013766829606169564,-0.009371151630617856,0.00950881992667955,-0.02951585795426226
2019-08-08,0.02096438333529417,0.02660658576645731,-0.005642202431163137,-0.008955491706925889
2019-08-09,-0.005202634528354881,-0.014003982643609443,0.008801348115254563,-0.014098144812748736
2019-08-12,-0.004008946926986163,-0.003084104117184387,-0.0009248428098017762,-0.018042661064351484
2019-08-13,0.0018505135481780644,0.009485120214321232,-0.007634606666143168,-0.016223853359795926
2019-08-14,-0.0036342177663336406,-0.008896401788646783,0.005262184022313142,-0.01979262134212245
2019-08-15,0.0007790703437857629,0.0049781444211604705,-0.004199074077374708,-0.019028673296656806
2019-08-16,0.0021088155592810993,0.016479640657598944,-0.014370825098317845,-0.016957802925313792
2019-08-19,-0.0022846912540271766,-0.0001410555955432903,-0.0021436356584838864,-0.01920118713932606
2019-08-20,-0.0008116613888961462,-0.002261176467791055,0.001449515078894909,-0.01999694068110125
2019-08-21,0.002605545061994117,0.006752984639619954,-0.004147439577625837,-0.017440169103839498
2019-08-22,-0.00022734009160916462,0.0009773545416556174,-0.001204694633264782,-0.017663518956656965
2019-08-23,-0.004638229592180158,-0.011712246089598118,0.00707401649741796,-0.022209270822639016
2019-08-26,0.004698290238705569,0.009055079768687675,-0.004356789529982106,-0.017604517420682586
2019-08-27,0.0014496838982030916,-0.004082606929086441,0.0055322908272895325,-0.016179321715884654
2019-08-28,-0.0010782238490497122,-0.0002828837990405625,-0.0007953400500091497,-0.017239528961316863
2019-08-29,-0.0021722855145735274,0.004365490728126955,-0.0065377762427004825,-0.01937204823790073
2019-08-30,0.005377599323292831,0.011145284221335863,-0.005767684898043032,-0.014084419396013126
2019-09-03,0.00036641336555691796,0.00309874582063551,-0.002732332455078592,-0.013723100557985757
2019-09-04,0.00021294266036685,0.0029828097055988015,-0.0027698670452319515,-0.013513057768418713
2019-09-05,0.006430876050995236,0.009037502052026213,-0.002606626001030977,-0.007148640060271383
2019-09-06,-0.003858213105451579,-0.0029290930322063546,-0.0009291200732452243,-0.010971891985931959
2019-09-09,-0.0002700838268747194,0.00039149819948761344,-0.0006615820263623329,-0.011238976413015411
2019-09-10,-0.013835346643039956,0.0013680935719267847,-0.015203440214966741,-0.024824630097893374
2019-09-11,-0.006473453741463018,0.00678423610298805,-0.013257689844451068,-0.03111699410733837
2019-09-12,0.012219073735066989,0.005742855908439828,0.00647621782662716,-0.019205515805847062
2019-09-13,0.0008877109981761082,0.0020040113719846345,-0.0011163003738085264,-0.01833446719276155
2019-09-16,-0.0016184057644569893,0.005870193409555201,-0.00748859917401219,-0.019921915435640147
2019-09-17,0.00544757874480949,0.0018790191827674867,0.003568559562042003,-0.014568293996283566
2019-09-18,0.00169695900337363,0.0016850679425743167,1.1891060799313485e-05,-0.012894637128657238
2019-09-19,-0.0009287139070069747,-0.0013101677186274996,0.00038145381162052493,-0.01381095004470212
2019-09-20,0.004411601261963103,0.008547196412961887,-0.0041355951509987835,-0.009450666342576852
2019-09-23,-0.0052437289371238685,-0.0033272437485374943,-0.0019164851885863743,-0.014631243904165925
2019-09-24,-0.00035805001655617505,0.0003708116776703272,-0.0007288616942265023,-0.014983992049091843
2019-09-25,-0.0008881349296570649,0.0031404602656909756,-0.004028595195348041,-0.015858430804744472
2019-09-26,0.0006773451116731384,-0.0049971520374393254,0.005674497149112464,-0.015191601512369868
2019-09-27,-0.001232881107002755,-0.002610890996768875,0.00137800988976612,-0.016405005036045806
2019-09-30,-0.0026946511613545948,-0.00018697378865145987,-0.002507677372703135,-0.019051882624031458
2019-10-01,-0.0014000240918553382,-0.004321053788414039,0.002921029696558701,-0.020424272707463165
2019-10-02,-0.0012096770831294089,-0.007221615978388804,0.006011938895259395,-0.02160852658915635
2019-10-03,-0.0008259625603828135,0.0021011376222861847,-0.002927100182668998,-0.02241630767120284
2019-10-04,0.009956016617061298,0.013168604641399826,-0.003212588024338528,-0.012634856838794173
2019-10-07,0.002835001451794988,0.0012979801955878985,0.0015370212562070896,-0.009831703630238553
2019-10-08,0.019214228248771312,0.002585935935564795,0.01662829231320652,0.009377570731747387
2019-10-09,0.0006071595313138,-0.001291235246193229,0.001898394777507029,0.009990610032005964
2019-10-10,-0.0032137431050165296,-0.0027783352927238268,-0.0004354078122927028,0.006749969754707319
2019-10-11,-0.00026378999795836856,0.003147518820838029,-0.0034113088187963975,0.006484434206591727
2019-10-14,0.0015467213463872345,-0.002219772210736857,0.0037664935571240913,0.008042389716710119
2019-10-15,-0.005541542121203533,-0.0012993850440843463,-0.004242157077119188,0.002471729633515052
2019-10-16,-0.009241613031852771,-0.004480970190323992,-0.004760642841528779,-0.0067500484808078465
2019-10-17,0.0011287793960603016,0.003364312653977098,-0.0022355332579167965,-0.0056282553910422806
2019-10-18,-0.002825125845609831,-0.0009321214123123223,-0.0018930044332975083,-0.008433516233615657
2019-10-21,0.0027157168390210566,0.004829215016400172,-0.0021134981773791145,-0.005737042664537673
2019-10-22,-0.006282010830897528,0.0009232919654915451,-0.007205302796389073,-0.011963435720629856
2019-10-23,-0.0029414615353098097,-0.0011082446305792164,-0.0018332169047305933,-0.014865437114809033
2019-10-24,-0.006961231023331588,-0.0009253425988321542,-0.006035888424499434,-0.021699372497654634
2019-10-25,0.007410124535341667,0.002033587229411365,0.0053765373059303035,-0.014423117331259894
2019-10-28,0.004022950560952079,-0.0020335872294113635,0.006056537790363442,-0.010450204199888624
2019-10-29,0.0007962698520260302,0.0007404028901198881,5.58669619061421e-05,-0.00966194173724677
2019-10-30,0.0022320738067894757,0.004053035963388135,-0.001820962156598659,-0.007448965252891071
2019-10-31,-0.00025589653862801375,-0.0040530359633881245,0.0037971394247601105,-0.007702923132237527
2019-11-01,-0.0005131973468973547,0.002583194607914891,-0.0030963919548122457,-0.008212036710377513
2019-11-04,0.003880162279987248,0.0036670156943640884,0.00021314658562315944,-0.004356262788810739
2019-11-05,-0.00986424886429204,-0.018800017101990963,0.008935768237698923,-0.014129259511563963
2019-11-06,-0.011777895755230538,-0.011706472545022988,-7.142321020755057e-05,-0.025672630570735322
2019-11-07,0.0039736995262592304,0.008853089328035685,-0.004879389801776454,-0.021793243710266252
2019-11-08,0.008076669694125016,-0.004022199186598955,0.012098868880723972,-0.013860599294981402
2019-11-11,0.010640202148248047,0.0017276848335845793,0.008912517314663467,-0.003311855865724911
2019-11-12,0.0005578591840095628,0.0040084641060648225,-0.0034506049220552597,-0.002755689113984605
2019-11-13,-0.007397275391309464,-0.005736148939649441,-0.001661126451660023,-0.010105362620257408
2019-11-14,0.015313035178012956,0.006496129296301039,0.008816905881711917,0.0051695831929650105
2019-11-15,0.0064722486297627835,-0.0026647694701974855,0.00913701809996027,0.011696389422825915
2019-11-18,0.012237124521286391,0.009077539475417154,0.0031595850458692367,0.02415270340945308
2019-11-19,-0.0037115378625529943,-0.004518086376895417,0.0008065485143424224,0.02035856726919638
2019-11-20,0.009204498591126709,0.004705410505065275,0.004499088086061434,0.029793813002159775
2019-11-21,-0.0028334119914241035,-0.00470541050506526,0.0018719985136411562,0.02688011266975532
2019-11-22,-0.0015130609424340127,0.0016990236535968993,-0.0032120845960309117,0.025327555331843055
2019-11-25,-0.004283294502186188,-0.004924421459417072,0.0006411269572308847,0.020945167679780052
2019-11-26,0.0029661760797418772,-0.0019068426566556714,0.004873018736397549,0.023977966498938574
2019-11-27,0.0030954660406004434,0.005887950305551132,-0.0027924842649506877,0.027152566418787494
2019-11-29,0.00902160327483553,0.008375955533141875,0.0006456477416936552,0.03646105498700747
2019-12-02,0.004380061937494148,0.0016332872867225211,0.0027467746507716263,0.04101077535832198
2019-12-03,0.007222396517159234,0.006852017702480542,0.0003703788146786918,0.04855658456869283
2019-12-04,-0.001773452208691424,-0.011135243125695483,0.00936179091700406,0.04669866752834051
2019-12-05,-0.006084483892901519,-0.012036445471365094,0.005951961578463575,0.04034938199585314
2019-12-06,-2.801122880555099e-05,-0.001427646891877317,0.001399635663071766,0.04032024093941655
2019-12-09,0.005365584540522872,0.001168288216532151,0.004197296323990721,0.04591716910930277
2019-12-10,-0.003328517190241837,-0.002339522503655512,-0.000988994686586325,0.042441603281478724
2019-12-11,0.0048597064153268095,0.006986069923449954,-0.002126363508123144,0.047519892932561314
2019-12-12,0.006579563700101801,0.005239581718112415,0.0013399819819893861,0.05443484051826153
2019-12-13,-0.008268988613572335,0.0005083767371227506,-0.008777365350695086,0.045751680779479775
2019-12-16,-1.2038683388721286e-05,0.009435293851733095,-0.009447332535121816,0.0457390913818716
2019-12-17,-0.0041043375787680305,-0.006649121467483742,0.0025447838887157114,0.04145582113788593
2019-12-18,-0.0013611004019566672,0.002142383505526641,-0.003503483907483308,0.04003925946114162
2019-12-19,0.003884155715211776,0.00686907623101537,-0.002984920515803594,0.04408678942449917
2019-12-20,0.006577987457588632,0.0038305786398953215,0.002747408817693311,0.05097741761648611
2019-12-23,-0.002914937971454897,-0.006691785485278513,0.0037768475138236163,0.04791834430525399
2019-12-24,-0.000958928971809993,-0.002375696775301942,0.001416767803491949,0.046913946694758124
2019-12-26,-0.004795167322263991,-0.008341961098634058,0.0035467937763700667,0.04190583610867571
2019-12-27,0.002290176937753567,0.0,0.002290176937753567,0.04429471926427464
2019-12-30,0.0,0.0,0.0,0.04429471926427464
2019-12-31,0.0014061266381261307,0.006584046962891992,-0.0051779203247658626,0.04576416275679129
2020-01-02,0.0026010084569037563,-5.789933007428748e-08,0.0026010663562338306,0.04848774468238459
2020-01-03,0.0014886302033480204,0.0,0.0014886302033480204,0.05004971751848242
2020-01-06,0.0003736102888692715,0.0,0.0003736102888692715,0.050442100191309125
2020-01-07,-0.001119012296757114,0.0,-0.001119012296757114,0.04926729999468615
2020-01-08,0.0021491958533829307,0.0,0.0021491958533829307,0.05152480596720288
2020-01-09,0.0032070585621533972,0.0,0.0032070585621533972,0.05490252096935988
2020-01-10,0.00251788628389831,0.0,0.00251788628389831,0.057561992275888985
2020-01-13,0.0027293655355991866,0.0,0.0027293655355991866,0.060452408235888155
2020-01-14,-0.005137684348103093,0.0,-0.005137684348103093,0.05501811030344994
2020-01-15,-0.0038289885318908675,0.0,-0.0038289885318908675,0.05098618208766936
2020-01-16,-0.005579106830283419,0.0,-0.005579106830283419,0.04513894424989351
2020-01-17,0.0028175394191859533,0.0,0.0028175394191859533,0.048087816755298274
2020-01-21,0.002889006221738341,0.0,0.002889006221738341,0.05112012705142677
2020-01-22,0.007472907005987365,0.0,0.007472907005987365,0.05900447281303767
2020-01-23,-0.009468336255271582,0.0,-0.009468336255271582,0.049024782456602134
2020-01-24,0.013155117447776764,0.0,0.013155117447776764,0.06291599662182223
2020-01-27,0.008306915878945064,0.0,0.008306915878945064,0.07178232533059825
2020-01-28,0.0003214073385961974,0.0,0.0003214073385961974,0.07212685940026042
2020-01-29,-0.009308103322005414,0.0,-0.009308103322005414,0.062193693006230566
2020-01-30,-0.0039883873767778185,0.0,-0.0039883873767778185,0.05796569015061159
2020-01-31,0.004235679621797575,0.0024482204103151374,0.0017874592114824378,0.06245639775030409
2020-02-03,0.00110896950269285,0.00110896950269285,0.0,0.06363528304645283
2020-02-04,-0.01000957247513865,-0.011881299180425317,0.0018717267052866667,0.053041854884667616
2020-02-05,-0.007418262723041438,-0.0025018220982695335,-0.004916440624771904,0.04525901700599966
2020-02-06,-0.0036901331822634083,-0.004811001700421222,0.0011208685181578143,0.04140897996685644
2020-02-07,0.012846534818780135,0.01317671515425773,-0.0003301803354775949,0.054873779518701093
2020-02-10,-0.006926744337580074,-0.0006731641337041203,-0.006253580203875954,0.04759218652017716
2020-02-11,0.010549077970559964,0.01569179740164818,-0.005142719431088216,0.058701813310845896
2020-02-12,-0.004481574299119955,-0.0010890192185293215,-0.0033925550805906333,0.053967778361953656
2020-02-13,0.00046060326259177024,0.00304341978225763,-0.0025828165196658598,0.054453351178960885
2020-02-14,0.0016055425481225098,0.004745528381994595,-0.0031399858338720856,0.05614768069438747
2020-02-18,0.0031094365107923044,0.001500573922557063,0.0016088625882352413,0.059436815881938276
2020-02-19,-0.00770246407890611,-0.01455040617069846,0.006847942091792351,0.051307888438897775
2020-02-20,0.013927084499876757,0.00482466870946225,0.009102415790414507,0.06605197498886062
2020-02-21,0.013530242365240835,0.011221774703747476,0.0023084676614933603,0.08057393788229317
2020-02-24,-0.0012661559495017937,-0.009696540110791211,0.008430384161289417,0.07920662855805172
2020-02-25,0.0022589425747210345,-0.018619146242334877,0.020878088817055912,0.08164724993215011
2020-02-26,0.0013100740666876802,-0.010497732676152744,0.011807806742840425,0.08306521656144072
2020-02-27,-0.022667593278455633,-0.025792440268301527,0.0031248469898458933,0.05879089434660578
2020-02-28,-0.012556249008201311,-0.034166995395866574,0.02161074638766526,0.04557956815395414
2020-03-02,0.007489450513689824,0.022418470940351896,-0.014929020426662073,0.053439782188647866
2020-03-03,0.0161087376225303,0.0027235351948940723,0.013385202427636227,0.0705467834130955
2020-03-04,-0.003942042844511922,0.01937267812775121,-0.02331472097226313,0.06633494919551586
2020-03-05,0.01041630977502628,-0.009834735802177929,0.02025104557720421,0.07750027413944327
2020-03-06,0.010213282662684887,-0.0026717758592495556,0.012885058521934443,0.08856147846110862
2020-03-09,0.023182827292634295,-0.053953685418133786,0.07713651271076807,0.11409220499229766
2020-03-10,-0.002930684728615053,0.024097778371813337,-0.02702846310042839,0.11083193173090344
2020-03-11,-0.008476428402110672,-0.04176957058633053,0.03329314218421986,0.10145583842576955
2020-03-12,-0.02746209607290641,-0.1005227712404416,0.07306067516753519,0.07161911695820855
2020-03-13,-0.00017646213705274812,0.03130195252543499,-0.031478414662487735,0.07143003344225463
2020-03-16,0.03450650054709738,-0.057387767334820254,0.09189426788191762,0.10904661026545659
2020-03-17,-0.05656239079455807,-0.030106958299972352,-0.026455432494585714,0.04805738993165143
2020-03-18,0.04624804613710763,-0.011377395581151157,0.057625441718258785,0.09766631233515377
2020-03-19,0.04398953215379269,0.060476252277875495,-0.016486720124082806,0.14702992095005163
2020-03-20,-0.003234450050701679,-0.0049471089314240034,0.0017126588807223246,0.14332590342310003
2020-03-23,-0.022610411528863367,-0.042989266981282,0.02037885545241863,0.11776489564266512
2020-03-24,-0.005935670775129073,0.06146474978186473,-0.0674004205569938,0.11114986296802343
2020-03-25,-0.028462623311254175,0.0027304271338916145,-0.031193050445145788,0.07996946588701026
2020-03-26,0.005964654213294562,0.036104897169380534,-0.030140242956085972,0.08643035965558465
2020-03-27,0.0009423173448006817,0.018647235398495377,-0.017704918053694695,0.08745460433337793
2020-03-30,0.000390048067449989,-0.010169762672585283,0.010559810740035272,0.0878788466323035
2020-03-31,-0.0074892467586441195,-0.02136387770486434,0.01387463094622022,0.07976188640459214
2020-04-01,0.0,0.0,0.0,0.07976188640459214
2020-04-02,0.0,0.0,0.0,0.07976188640459214
2020-04-03,0.0,0.0,0.0,0.07976188640459214
2020-04-06,0.0,0.0,0.0,0.07976188640459214
2020-04-07,0.0,0.0,0.0,0.07976188640459214
2020-04-08,0.03863675546468989,0.03863675546468989,0.0,0.12229679662495463
2020-04-09,0.02176057785547973,0.02176057785547973,0.0,0.1469862778896056
2020-04-13,-0.012842250031515356,-0.012842250031515356,0.0,0.132350572169313
2020-04-14,0.0071204496437742865,0.0071204496437742865,0.0,0.1404421911928373
2020-04-15,-0.0151906703474673,-0.0151906703474673,0.0,0.12324902826937167
2020-04-16,0.003210019856763416,0.003210019856763416,0.0,0.12686047325817396
2020-04-17,0.027520929927990507,0.027520929927990507,0.0,0.15830340620631556
2020-04-20,-0.005448800753224747,-0.005448800753224747,0.0,0.15200920523022088
2020-04-21,-0.01173843705891763,-0.01173843705891763,0.0,0.13856547623493354
2020-04-22,0.012704304208413076,0.012704304208413076,0.0,0.15312243060483488
2020-04-23,0.0022463995832579333,0.0022463995832579333,0.0,0.15571571603950707
2020-04-24,0.021466520430327776,0.021466520430327776,0.0,0.18079311027883493
2020-04-27,0.01629623310840979,0.01629623310840979,0.0,0.20019323520125076
2020-04-28,0.00044493015324314453,0.00044493015324314453,0.0,0.20072735617576232
2020-04-29,0.013607266461684841,0.013607266461684841,0.0,0.21717764114056215
2020-04-30,-0.01193502296967219,-0.01193502296967219,0.0,0.20273694447498558
2020-05-01,-0.008421316685601164,-0.008421316685601164,0.0,0.1926508445046582
2020-05-04,0.006178551383076668,-0.00030332070661915006,0.006481872089695818,0.20004251040888543
2020-05-05,0.0019471352049259462,-0.0009114461790624267,0.0028585813839883726,0.20238143178741952
2020-05-06,0.011289282921461979,-0.00167504748347208,0.012964330404934058,0.21603236559572636
2020-05-07,-0.03340584140067216,-0.010169761256081229,-0.02323608014459093,0.17608080427360528
2020-05-08,-0.013591489009085965,0.010017296620584053,-0.023608785629670018,0.16020425234270563
2020-05-11,0.009230925429489471,-0.004136689641224731,0.013367615070714201,0.1709635942201575
2020-05-12,0.0017821309576939392,-0.006659504723898793,0.008441635681592731,0.1730522652816293
2020-05-13,0.011714247161766549,-0.005014213463013328,0.016728460624779878,0.18687448986746258
2020-05-14,-0.0037670662582097248,0.013976191596893886,-0.01774325785510361,0.18241186580156876
2020-05-15,0.008154045501102075,-0.0007663830765188633,0.008920428577620938,0.19209272138611677
2020-05-18,0.015425723633875395,0.043032639513244944,-0.02760691587936955,0.2106241773448232
2020-05-19,0.008919997694659473,-0.0025395956782136076,0.01145959337287308,0.22147124821769548
2020-05-20,-0.004146580467381024,0.002117203241207029,-0.006263783708588053,0.2164168059663507
2020-05-21,0.004476229808613308,-0.002824849114380729,0.007301078922994038,0.22187397178513701
2020-05-22,0.0008740959465734885,0.005913853891603729,-0.0050397579450302404,0.22294247378970167
2020-05-26,-0.006864943763087587,0.0002798688486762878,-0.007144812611763875,0.21457579373401137
2020-05-27,-0.00195580485215303,0.0032073925870235013,-0.0051631974391765315,0.21220264197066196
2020-05-28,-0.009259304570398315,0.006490769101179576,-0.01575007367157789,0.2010302924226388
2020-05-29,0.002457071657281416,-0.0053799664996094084,0.007837038156890824,0.20398493831554476
2020-06-01,-0.009255297760432027,0.0005544615803765546,-0.009809759340808582,0.19289310748843436
2020-06-02,0.00039781709458641115,-0.0026392646283151587,0.00303708172290157,0.19336775516382732
2020-06-03,-0.00045450740889240154,0.006640781093130167,-0.007095288502022569,0.19282548392005627
2020-06-04,-0.0010242483107273225,-0.013088967594059206,0.012064719283331884,0.19160435990701763
2020-06-05,0.007815988942526733,0.017740310230513173,-0.00992432128798644,0.20095441878703046
2020-06-08,-0.005199098698394635,0.01923319390628611,-0.024432292604680744,0.19472674141430724
2020-06-09,-0.007897204812038101,-0.023609494844988275,0.015712290032950174,0.185328896836642
2020-06-10,-0.00024128649420814864,-0.0028930882522318394,0.0026518017580236903,0.1850429274842993
2020-06-11,-0.008083515495860708,-0.03460491695276669,0.026521401456905985,0.1755022277653453
2020-06-12,-0.010181674511815678,-0.0013343345400190839,-0.008847339971796596,0.16359437052789505
2020-06-15,-0.006803766337003837,-0.005523194156766296,-0.0012805721802375421,0.15570441745461383
2020-06-16,-0.0026087272166064974,0.006709366819551557,-0.009318094036158055,0.1526934290177857
2020-06-17,-0.000898620811027836,-0.0025241113183528084,0.0016254905073249724,0.15165805998548842
2020-06-18,0.001965994742313939,0.0005950777025385422,0.0013709170397753969,0.1539244407927498
2020-06-19,0.0201275031524383,0.0066461480839229104,0.013481355068515388,0.17738537156289524
2020-06-22,-0.00032163789662802405,0.0010258628548911923,-0.0013475007515192164,0.17700674070274602
2020-06-23,-0.009060617677609392,-0.01712754551095553,0.008066927833346137,0.16639050009798928
2020-06-24,-0.004878794871714977,-0.006557904361913658,0.001679109490198681,0.1607137791463018
2020-06-25,-8.120494222193858e-05,0.0009201846270395684,-0.001001389569261507,0.16061952727784057
2020-06-26,-0.00023440484733574293,-0.01651235499262418,0.016277950145288437,0.16034750431772982
2020-06-29,0.00029889965067867244,0.021240113646905437,-0.020941213996226764,0.16069438361990485
2020-06-30,-0.004865875699903462,-0.005801530086906182,0.0009356543870027206,0.15506030749706134
2020-07-01,-0.014443958183635506,1.3901391448379246e-07,-0.01444409719754999,0.1384965756117753
2020-07-02,-0.0011432975527033802,0.0,-0.0011432975527033802,0.13719567906074204
2020-07-06,-0.004923625692577899,0.0,-0.004923625692577899,0.13161031460320705
2020-07-07,0.005327594389368179,0.0,0.005327594389368179,0.13765516331958771
2020-07-08,-0.005464283170919936,0.0,-0.005464283170919936,0.13145564673903443
2020-07-09,0.008371476932839447,-0.0038539266534895035,0.01222540358632895,0.14096735957892959
2020-07-10,0.007488877915808673,0.009958902237695131,-0.002470024321886458,0.14954399946143004
2020-07-13,0.001699266482397559,0.0040791915244532935,-0.0023799250420557345,0.15149904164815275
2020-07-14,0.007141451934170568,0.009095218859987923,-0.001953766925817355,0.15975185014930582
2020-07-15,0.0009644864470257085,0.002652516914717916,-0.0016880304676922075,0.16087095468451396
2020-07-16,-0.0038149024957549894,-0.002652516914717894,-0.001162385581037095,0.15645078180724958
2020-07-17,-0.011875571835882337,-0.0017762169861498386,-0.010099354849732498,0.14279849229291375
2020-07-20,0.01095669000892727,-0.0044683798107654615,0.01542506981969273,0.15538862827160482
2020-07-21,-0.0030338388379261205,0.0016430901202078507,-0.004676928958133972,0.15188867720650623
2020-07-22,-0.01045788475701869,0.0008939971068543383,-0.011351881863873028,0.13990512866937355
2020-07-23,-0.0032203065917750825,-0.005387709290134799,0.0021674026983597165,0.13624018895151968
2020-07-24,0.02380313294080003,0.014239989548862596,0.009563143391937432,0.1636107251694341
2020-07-27,0.011178644538120223,-0.0066243564668010445,0.01780300100492127,0.17669129113117732
2020-07-28,-0.0069192304324238695,0.0,-0.0069192304324238695,0.16857759557536478
2020-07-29,-0.008278461639321062,-0.0014842125880906944,-0.006794249051230367,0.1589435035295208
2020-07-30,0.00793079872919789,0.0031115097335980314,0.004819288995599859,0.16817139510229295
2020-07-31,0.0073018309064536,0.0038600237744527456,0.0034418071320008545,0.17673240257652223
2020-08-03,-0.006389950192008688,-0.005053728134611606,-0.0013362220573970819,0.16923711389901408
2020-08-04,0.008296497752077851,0.008296497752077851,0.0,0.17897803889350294
2020-08-05,-0.00020020330428593882,-0.006953722045135013,0.006753518740849074,0.17874202722038257
2020-08-06,-0.0014661158136640168,0.00621855850951494,-0.0076846743231789565,0.17701512112554307
2020-08-07,0.003467296628442662,0.0043948541383831375,-0.0009275575099404754,0.1811032649946871
2020-08-10,-0.018480999367129387,0.010107235519063909,-0.028588234886193296,0.1594757608118984
2020-08-11,0.007373070379162947,-0.00114468872577853,0.008517759104941477,0.16805625060573415
2020-08-12,0.0018058446299881966,0.005131143622205524,-0.003325298992217328,0.17016748441979646
2020-08-13,-0.0007162068265291303,0.00042528083306236724,-0.0011414876595914978,0.16932970252763968
2020-08-14,-0.0017751151054864246,-0.004983832762292604,0.003208717656806179,0.16725584891838818
2020-08-17,-0.00011625384094555275,0.0051253961974318755,-0.0052416500383774284,0.1671201588299851
2020-08-18,0.006076282420432051,0.011066495435129857,-0.004990213014697806,0.17423349998243087
2020-08-19,-0.00635201500277275,-0.00951076532159092,0.0031587503188181694,0.16679839013778386
2020-08-20,-0.0012657758342838306,-0.010848352703715506,0.009582576869431675,0.1653224192532703
2020-08-21,0.002540520639057014,-0.0017344888381079892,0.0042750094771650034,0.16828670873549
2020-08-24,-0.005522610389437499,0.0024555443529537782,-0.007978154742391276,0.16185249958831882
2020-08-25,0.0026697867200050065,-0.0020213739587531935,0.0046911606787582005,0.1649585423532598
2020-08-26,0.0006279119992471487,-0.009051490059492922,0.00967940205874007,0.16569026350483296
2020-08-27,-0.009116430957518502,-0.0031032103167842016,-0.0060132206407343,0.15511162169379022
2020-08-28,0.003236625707371959,0.008233134898843794,-0.0049965091914718355,0.1588563425242404
2020-08-31,0.0011557017308175552,0.0017466728294383517,-0.0005909710986207963,0.16019640901449117
2020-09-01,-0.002626057819050364,-0.003499567254750855,0.0008735094357004906,0.15715366312489198
2020-09-02,0.012260426338270436,0.01782300435794013,-0.005562578019669693,0.17142818744119626
2020-09-03,-0.01325122958752199,-0.01694583813340407,0.0036946085458820807,0.15600771931175816
2020-09-04,-0.009074325094332454,-0.012572644643877709,0.003498319549545255,0.14556518060673418
2020-09-08,-0.015364629266087813,-0.0217359824978432,0.00637135323175539,0.12809852427024904
2020-09-09,0.01457121528083791,0.006219037828847524,0.008352177451990387,0.14465663364601933
2020-09-10,-0.009830662563456558,-0.015376297292333587,0.005545634728877029,0.13345903063765263
2020-09-11,-0.0020865773306397006,0.0036513843393457075,-0.005737961669985408,0.13109644643362195
2020-09-14,-0.007078077490075671,-0.0011084027686094537,-0.005969674721466218,0.12311872490900333
2020-09-15,-0.0040146429116736035,-0.015128289774497978,0.011113646862824372,0.11861884303436399
2020-09-16,-0.006784277368836064,0.005201593155946377,-0.011985870524782442,0.11105550742592873
2020-09-17,0.004054917727600151,-0.0061829174967475585,0.01023783522434771,0.11556989264407003
2020-09-18,-0.0030425244975782707,-0.01008801185856119,0.007045487360982919,0.11218090207466536
2020-09-21,-0.009751082549838907,-0.013203292603504804,0.0034522100536658975,0.10138863793128006
2020-09-22,-0.004497875623102784,-0.005345752256279503,0.0008478766331767198,0.09644585317377508
2020-09-23,-0.006873411612649267,-0.0055788827065592,-0.0012945289060900661,0.0889353704022926
2020-09-24,0.007915359346368219,0.008862169515623816,-0.000946810169255596,0.09758888783340991
2020-09-25,0.006903492585891685,0.008369082932455413,-0.0014655903465637294,0.10519229943367159
2020-09-28,0.00016134640663690723,0.0,0.00016134640663690723,0.1053706326261512
2020-09-29,-0.004369362456923113,0.003039505308261505,-0.007408867765184618,0.10055140382877914
2020-09-30,0.00823229044357526,0.017208800477251752,-0.008976510033676492,0.10964885769617672
2020-10-01,0.01255529993245843,0.0,0.01255529993245843,0.12366865916268166
2020-10-02,-0.008131654042821197,0.0,-0.008131654042821197,0.11456842449274984
2020-10-05,-0.0007264945382282981,0.0,-0.0007264945382282981,0.11375899068009732
2020-10-06,-0.006619126442609977,0.0,-0.006619126442609977,0.1064112238203383
2020-10-07,0.0007065346135963344,0.0,0.0007065346135963344,0.10719321786723923
2020-10-08,0.011310888008278678,0.025524710846614826,-0.014213822838336148,0.11978764918580653
2020-10-09,0.0021743048108435145,-0.0012380040358494569,0.0034123088466929716,0.12222505773286141
2020-10-12,0.004603962494572707,0.007534998876866581,-0.002931036382293874,0.12740365168798218
2020-10-13,0.015715779186161655,0.006821451476691013,0.008894327709470642,0.14526163705485584
2020-10-14,-0.0020904217775504024,0.007471785678990493,-0.009562207456540895,0.14287005776338635
2020-10-15,0.0034460091117902835,0.004870935903665802,-0.0014249267918755187,0.1468151919762224
2020-10-16,-0.007904055250906837,-0.005167596112237753,-0.002736459138669084,0.13778643025725645
2020-10-19,-0.0009467970025947566,-0.00432271323397428,0.0033759162313795233,0.13670968728444044
2020-10-20,-0.011565583871910918,-0.003304206083244183,-0.008261377788666735,0.12363870850928715
2020-10-21,-0.011976406016175601,-0.009892308922555656,-0.002084097093619945,0.11026181854510075
2020-10-22,0.0021203859994448444,0.009892308922555687,-0.007771922923110843,0.11261849981486982
2020-10-23,0.002654920118249941,0.007329916440055171,-0.00467499632180523,0.11557633772827214
2020-10-26,0.0052338788444362405,0.0016308223004665517,0.0036030565439696886,0.12143043557743094
2020-10-27,-0.004663470147110444,-0.011074909373387783,0.006411439226277339,0.11621285369370615
2020-10-28,-0.0027351494381630936,-0.029773473267155397,0.0270383238289923,0.11316401614791216
2020-10-29,0.002994967733671268,0.0049544822030245335,-0.0019595144693532653,0.11650290389331963
2020-10-30,0.011322983202462895,0.007648221608719004,0.0036747615937438908,0.12921689181743412
2020-11-02,-0.0006377484296794592,0.008622264617794806,-0.009260013047474265,0.12849696510837494
2020-11-03,-0.004065905627631507,0.008628982085861282,-0.01269488771349279,0.12391791824162945
2020-11-04,0.0030278605894479204,-0.00030565154822748375,0.003333512137675404,0.12732614222171668
2020-11-05,-0.023688116312080315,-0.00910104178821811,-0.014587074523862204,0.10093571323874984
2020-11-06,-0.013007012258877154,-0.014049764718356499,0.001042752459479344,0.08670855590677906
2020-11-09,-0.007155658795961275,0.010926766277061128,-0.018082425073022403,0.07896019564306767
2020-11-10,-0.009425052190141723,0.010693143826853189,-0.020118196016994914,0.06883871216856807
2020-11-11,0.0010766728339512456,-0.006015723814713551,0.007092396648664796,0.06999012150818529
2020-11-12,-0.001726679970566268,-0.01624510111073887,0.014518421140172603,0.06814418512598897
2020-11-13,-0.0025221839335909536,0.015001943778150098,-0.017524127711741052,0.06545352362148127
2020-11-16,-0.00152658315424442,0.007871836320247072,-0.009398419474491493,0.06382826108552808
2020-11-17,-0.006566328699841204,-0.011776270577422317,0.005209941877581113,0.05686569929457308
2020-11-18,0.013680235072196604,-0.008698524826457643,0.022378759898654246,0.07142321860929157
2020-11-19,-0.0013355790810823213,-0.005938221076444978,0.004602641995362657,0.06999320333334347
2020-11-20,-0.002818394869726747,-0.006990785003014968,0.0041723901332882205,0.06698178565389057
2020-11-23,-0.006111201529591459,0.004400957993850874,-0.010512159523442333,0.06048112857763055
2020-11-24,0.0010238387361845873,0.01549898106608968,-0.014475142329905093,0.061567446248222746
2020-11-25,0.0045184111619111945,0.007340438248596923,-0.0028220270866857284,0.06637489728760082
2020-11-27,0.007007540595638578,0.004014836743065607,0.002992703852572971,0.07387380643913799
2020-11-30,0.024880330111434566,0.0036775771885818823,0.02120275292285268,0.10092729554695579
2020-12-01,0.008242401922851993,0.009227331974527431,-0.0009849300516754384,0.11003908071679658
2020-12-02,0.002389036003171267,0.003584209062182976,-0.0011951730590117093,0.11269417433985751
2020-12-03,-0.006167956249435934,-0.007496314585209468,0.0013283583357735342,0.1058522473975434
2020-12-04,0.01599195998212411,0.021002683944009188,-0.005010723961885076,0.12367915596462198
2020-12-07,-0.006995869695192829,-0.00935678488754006,0.0023609151923472313,0.1158454766598751
2020-12-08,0.009729754064861557,0.0019146312966253356,0.007815122768236222,0.12675536793354736
2020-12-09,-0.0007210177933958243,-0.002948934732169101,0.002227916938773277,0.12594325007535878
2020-12-10,0.008871144188134544,0.0014766741755129467,0.007394470012621598,0.13597609058554094
2020-12-11,-0.003029057168790821,-0.010881258431521733,0.007852201262730911,0.13254036020360482
2020-12-14,-0.005168178203984613,-0.008357764427472785,0.003189586223488172,0.12670228888992607
2020-12-15,0.0011240004882702437,0.01420044822719438,-0.013076447738924135,0.12796941480444213
2020-12-16,0.00655607778154967,-0.0028379915933505508,0.00939406937490022,0.13538876436456038
2020-12-17,0.004359498867924843,0.002391005998216345,0.0019684928697084984,0.14034929525553053
2020-12-18,0.007762239527586317,0.003713066608004385,0.0040491729195819325,0.14923540306167693
2020-12-21,0.00949825289014624,-0.0013335389222722978,0.010831791812418539,0.1602031362459413
2020-12-22,0.0072154446997418084,0.012454812541021515,-0.0052393678412797065,0.16860479220697489
2020-12-23,-0.0015171092998039057,0.011162527026004706,-0.01267963632580861,0.16683323517153692
2020-12-24,-0.007706820082824963,-0.0035506731411064185,-0.004156146941718544,0.15787522458777636
2020-12-28,-0.0013085914398957795,0.0021334029688283847,-0.003441994408724164,0.15636102992757572
2020-12-29,0.008702110985304734,0.004521089123497972,0.004181021861806762,0.16646772295245982
2020-12-30,0.0021750463738168615,0.011264494886127926,-0.009089448512311065,0.16900760552331784
2020-12-31,0.011376275268016465,0.016101928901508758,-0.004725653633492294,0.18238249178059185
2021-01-04,0.009319718402151185,5.916608364011286e-08,0.009319659236067545,0.19345347272734426
2021-01-05,-0.010885886433665028,0.0,-0.010885886433665028,0.1805321314867392
2021-01-06,-0.010225187296610927,0.0,-0.010225187296610927,0.16852247446722957
2021-01-07,0.013852969701439382,0.0,0.013852969701439382,0.18482262296089447
2021-01-08,-0.007794828190693422,0.0,-0.007794828190693422,0.17562303536088164
2021-01-11,0.02499233167125512,0.02809091085650953,-0.003098579185254412,0.20537483094643272
2021-01-12,0.0101796313871719,0.013658616049053962,-0.003478984661882063,0.21770776828710559
2021-01-13,0.0028417583293049763,0.007054441418702396,-0.00421268308939742,0.22117312099569286
2021-01-14,-0.00912095485535232,-0.014209783994196862,0.005088829138844541,0.2100854978103055
2021-01-15,-0.002154647757760666,0.007155342575494472,-0.009309990333255138,0.2074809967046014
2021-01-19,1.808468861651041e-05,0.004997033584156388,-0.004978948895539877,0.2075028338198952
2021-01-20,-0.0017816227967506213,-0.007575864255945806,0.005794241459195185,0.2053534345219632
2021-01-21,0.003457486141651099,0.0031908074437931263,0.00026667869785797216,0.20952814015227061
2021-01-22,0.00914473465104201,0.008009942403707122,0.0011347922473348888,0.22063968266631973
2021-01-25,0.007932464358301137,0.004792766135950788,0.003139698222350348,0.23036086895065933
2021-01-26,-0.012849299667366601,-0.010239916115983193,-0.0026093835513834067,0.21465272886919817
2021-01-27,0.004471336447647039,-0.015827368138325176,0.020298704585972216,0.22009601018921643
2021-01-28,0.009045042648113477,0.01752837619420312,-0.008483333546089643,0.23118189118891408
2021-01-29,0.0146144281681856,0.006257237075324172,0.008357191092861427,0.24930703218680672
2021-02-01,0.0048461220208831386,0.009804174714610184,-0.0049580526937270455,0.25537602015699545
2021-02-02,0.0006565560183072142,0.0061191999559806285,-0.005462643937673414,0.256200515472331
2021-02-03,-0.009101725694369539,-0.003403450827450428,-0.00569827486691911,0.24481879817079877
2021-02-04,-0.003565036000973004,-0.006042019637848336,0.002476983636875332,0.24038887544945764
2021-02-05,-0.0008380091893762893,-0.0013126637056601438,0.00047465451628385445,0.2393498535891696
2021-02-08,0.003572086643978235,0.0027410458727018094,0.0008310407712764254,0.2437848350015368
2021-02-09,0.0009380226583860589,0.007314818925933603,-0.006376796267547544,0.24495208072480645
2021-02-10,0.001038984481325671,0.004547192506370954,-0.003508208025045283,0.24624623880533547
2021-02-11,-0.000682966478755211,-0.0023268433545916146,0.0016438768758364037,0.2453953849853483
2021-02-12,0.0025544542668080915,0.001862155785888317,0.0006922984809197748,0.24858075725216766
2021-02-16,-0.0378750529253175,-0.029303988752366724,-0.008571064172950777,0.20217505162670202
2021-02-17,-0.013090726095490562,-0.010204427418193798,-0.0028862986772967645,0.18654026592895545
2021-02-18,-0.03982084066253045,-0.024080747379810453,-0.015740093282719997,0.14021961932676708
2021-02-19,0.028571026620808782,0.021686184586892573,0.006884842033916209,0.17326671108566982
2021-02-22,-0.027551973958336966,-0.03505602909683045,0.007504055138493481,0.1413821554077841
2021-02-23,0.013477326413252078,0.018357996159477172,-0.004880669746225094,0.15686906190822203
2021-02-24,-0.0033015408323829277,0.0018252950780879133,-0.005126835910470841,0.15305590956535897
2021-02-25,0.013369033608343867,-0.011186121879457719,0.024555155487801586,0.16857465696089102
2021-02-26,0.06854262340554257,-0.00791042589079674,0.07645304929633931,0.25148067167269117
2021-03-01,-0.0576649107699511,-0.030643448768914533,-0.02702146200103657,0.18135546321796947
2021-03-02,0.0171898537475832,0.0,0.0171898537475832,0.20183833526903805
2021-03-03,0.007729284310811052,0.0,0.007729284310811052,0.21116367814511094
2021-03-04,-0.01588815389815349,0.0,-0.01588815389815349,0.19207258593723697
2021-03-05,-0.011671027007044331,0.0,-0.011671027007044331,0.17824074747835805
2021-03-08,0.039323697591557315,0.06469376664821092,-0.0253700690566536,0.22549657795572298
2021-03-09,-0.0018823747064852484,0.002157712684230022,-0.00404008739071527,0.2231919040049899
2021-03-10,0.01105687854474387,0.009948280335845348,0.0011085982088985223,0.23679163505959377
2021-03-11,-0.002249864509270797,-0.0007040278779021467,-0.0015458366313686502,0.23401214936007908
2021-03-12,0.02741757996070704,0.01572023641147074,0.011697343549236298,0.26831386235985244
2021-03-15,-0.0033225870614453593,0.013471771548315829,-0.01679435860976119,0.26410677221294465
2021-03-16,0.004292564230158278,-0.002888170840795994,0.007180735070954272,0.2695446946922311
2021-03-17,0.0536383031533344,-0.003802319697784485,0.05744062285111888,0.33950029633166534
2021-03-18,-0.0016439565071103461,-0.007464514971908081,0.005820558464797735,0.33730002517381474
2021-03-19,-0.004598272485572574,0.00723990866258299,-0.011838181148155564,0.33116487162716957
2021-03-22,0.010692498719884116,-0.006784249512491937,0.017476748232376053,0.34547471798368257
2021-03-23,-0.002104146004461083,-0.0018248845480922226,-0.00027926145636886034,0.3426466191416073
2021-03-24,-0.005536246320714675,-0.0029796728496221834,-0.0025565734710924918,0.3352339348925506
2021-03-25,0.0033137537384778214,0.012486480898121446,-0.009172727159643625,0.3396659105183295
2021-03-26,-0.009048162639464737,-0.007454348688325363,-0.0015938139511393742,0.32759906917408244
2021-03-29,0.0014424317737354968,0.015240917308536411,-0.013798485534800915,0.3295154220260974
2021-03-30,0.005623903905589472,0.0033003821887162095,0.0023235217168732624,0.33701355362360985
2021-03-31,-0.005745945565761718,-0.0033003821887162433,-0.002445563377045475,0.3293531756573782
2021-04-01,0.0012305727182092255,4.808111866174807e-08,0.0012305246370905637,0.33099004834708357
2021-04-05,0.0065259520075622215,0.006361124185104008,0.00016482782245821366,0.3397044294140965
2021-04-06,-0.002046475072988208,0.006496441558592081,-0.00854291663158029,0.33696556116280973
2021-04-07,0.006813602697321894,0.0025749947938523412,0.004238607903469553,0.34610621835680266
2021-04-08,-0.0028223068988143018,-0.0027902712511879957,-3.20356476263058e-05,0.34231244959831253
2021-04-09,-0.0008252492158338353,0.00021527645733570292,-0.0010405256731695382,0.3412051642578986
2021-04-12,0.008086860604354432,0.0021468888367827954,0.005939971767571638,0.3520952775284696
2021-04-13,0.0004783058964493601,0.006808488212126308,-0.006330182315676948,0.3527421473607679
2021-04-14,0.0025172549422371525,0.0010555183563033868,0.0014617365859337656,0.3561516336895689
2021-04-15,0.0020623739829294177,0.007118995907707724,-0.005056621924778306,0.3589514116380188
2021-04-16,0.0002668069432795728,0.0002079832832076365,5.8823660071936294e-05,0.35931403768364567
2021-04-19,-0.0046826361534185856,-0.005852959473559749,0.001170323320141164,0.3529637442872726
2021-04-20,0.013485376841571434,0.009373345125243265,0.00411203171632817,0.3713325469738462
2021-04-21,0.00233613343240448,0.0012366370296551306,0.0010994964027493496,0.37453990773644397
2021-04-22,0.007300088814001654,-0.0024763852439395814,0.009776474057941235,0.38461088593436976
2021-04-23,-0.002302455083058484,-0.0008280744640578119,-0.001474380619000672,0.3814265488652877
2021-04-26,0.0025191710902452854,-0.002909403518523575,0.00542857460876886,0.38491098579412397
2021-04-27,0.006686066272865771,-0.0037657632191405873,0.010451829492006359,0.39420161670388265
2021-04-28,0.003258681857227204,0.002722531852016431,0.0005361500052107729,0.3987522867836
2021-04-29,0.006950024805580315,0.011765337569830578,-0.0048153127642502624,0.40850751012866926
2021-04-30,-0.004107759334914354,-0.005599671423373694,0.0014919120884593399,0.40273356735827126
2021-05-03,0.0026774660636404764,0.0,0.0026774660636404764,0.4064943713470168
2021-05-04,0.001329442507499271,0.0,0.001329442507499271,0.4083654682331279
2021-05-05,0.0043646079325476966,0.0,0.0043646079325476966,0.4145258654073656
2021-05-06,0.0002637812842427858,0.0,0.0002637812842427858,0.41489904007281986
2021-05-07,-0.0011254742014255032,0.0,-0.0011254742014255032,0.4133075034902771
2021-05-10,-0.030548427086773085,-0.025461900219588846,-0.005086526867184237,0.3707859719506512
2021-05-11,0.020955459355667984,0.009895151732398045,0.011060307623269938,0.39981451260250633
2021-05-12,0.00080624518979799,-0.010207564211788034,0.011013809401586024,0.40094356140382437
2021-05-13,-0.0069468700568752415,0.0018714551398160567,-0.008818325196691299,0.3912451144541764
2021-05-14,-0.0005453546968995212,0.009864679907982149,-0.010410034604881671,0.3904865992451856
2021-05-17,-0.013174393056719498,-0.014242387929880975,0.001067994873161476,0.3722879237186516
2021-05-18,0.01005123744199508,0.007171838432357161,0.0028793990096379184,0.38615066763455697
2021-05-19,0.011438371867130443,0.011628485808414572,-0.00019011394128412963,0.40209700061515097
2021-05-20,-0.0015577912454165942,-0.001514742782250554,-4.30484631660402e-05,0.39991452654322224
2021-05-21,0.0075512934763137165,0.006031441435990955,0.0015198520403227611,0.4105257056160234
2021-05-24,-0.0033727321095245698,-0.0005998679664269194,-0.0027728641430976504,0.40577639385759356
2021-05-25,-0.006123449230200545,-0.014617322852847411,0.008493873622646867,0.3971944957056137
2021-05-26,-0.0008416156855458583,0.001542719886247368,-0.002384335571793226,0.3960190895917606
2021-05-27,-0.0011303843638005412,-0.005264843939586366,0.0041344595757858245,0.394441943000178
2021-05-28,0.0027027347124934198,0.003412962457475498,-0.0007102277449820777,0.39821584727783477
2021-06-01,0.007652605218425161,0.008584049833831512,-0.0009314446154063514,0.4089568872180045
2021-06-02,0.003292329267642137,0.009036175304951021,-0.005743846037308885,0.4136032817479658
2021-06-03,0.008738216875855557,0.018173317860612853,-0.009435100984757297,0.42600978019445046
2021-06-04,0.00372242859774944,0.0008627499904798962,0.0028596786072695437,0.43132789178539754
2021-06-07,0.0015397895720397235,0.0059982820867535746,-0.004458492514713851,0.43353353322339205
2021-06-08,0.0026112947865302924,0.015101780839946215,-0.012490486053415923,0.43728180365462155
2021-06-09,-0.0037200184531452542,0.003568618631866242,-0.007288637085011497,0.4319450214412506
2021-06-10,-0.0031162605905914985,-0.0030177079495196106,-9.855264107188808e-05,0.4274896532527266
2021-06-11,0.00468061816327388,0.012500312581360511,-0.007819694418086632,0.4341868485316136
2021-06-14,-0.0033734885286271768,-0.006482943317455015,0.0031094547888278383,0.4293567873089261
2021-06-15,0.0016598424447320948,0.004638448768704158,-0.0029786063239720635,0.43173126445698906
2021-06-16,0.0010407391545546102,-0.0073872290418116136,0.008427968196366223,0.43322209889302976
2021-06-17,-0.007617960988730914,0.0002754496797085975,-0.007893410668439512,0.4223453507779962
2021-06-18,-0.0013450979393160008,-0.019092574313026946,0.017747476373710946,0.4204334431174621
2021-06-21,0.0020920320439543286,0.012716187953449854,-0.010624155909495525,0.42340814589861475
2021-06-22,0.004245201025668831,-0.0011173462900579607,0.005362547315726792,0.4294636439285422
2021-06-23,0.0007676642491138086,-0.0036485990627893893,0.004416263311903198,0.43056141336865994
2021-06-24,0.010977418522876415,0.013889716744727373,-0.0029122982218509584,0.4463517949733189
2021-06-25,-0.004929584216689667,0.003820959371385221,-0.008750543588074887,0.4392394269047386
2021-06-28,-0.0023100111559992984,0.011290799901982593,-0.013600811057981893,0.43591860481716993
2021-06-29,-0.0031027384876527704,-0.011290799901982567,0.008188061414329796,0.4314702295381634
2021-06-30,0.0005898860096057333,0.004331256269373771,-0.0037413702597680377,0.4323148828998431
2021-07-01,-0.0021320136090024755,0.0,-0.0021320136090024755,0.42926442104570195
2021-07-02,-0.0018130920573882533,0.0,-0.0018130920573882533,0.4266753808693331
2021-07-06,0.00020084035949737835,0.0,0.00020084035949737835,0.4269619436414347
2021-07-07,-0.0012023694796461962,0.0,-0.0012023694796461962,0.4252472392124975
2021-07-08,-0.0024866442255649986,0.0,-0.0024866442255649986,0.4217075591814998
2021-07-09,0.01826586671106888,0.020335637403263815,-0.0020697706921949366,0.4479149012163228
2021-07-12,0.0023062908550863996,-0.0002588725568652411,0.002565163411951641,0.4512580677873341
2021-07-13,-0.0075395308187716096,-0.012851358215587734,0.005311827396816124,0.44035740742847684
2021-07-14,-0.001441671357311776,-0.0005316451528780004,-0.0009100262044337755,0.4382823815220003
2021-07-15,-0.004958650222051589,0.0005316451528780634,-0.0054902953749296525,0.4311680954768238
2021-07-16,-0.0029176491913925667,-0.00026586299820217436,-0.0026517861931903922,0.42699853465603077
2021-07-19,-0.02074115464699685,-0.02787601433927126,0.007134859692274411,0.3977057703717968
2021-07-20,0.007425827136368879,0.01111778558854631,-0.003691958452177431,0.40812352415740394
2021-07-21,0.004254962862301961,0.00356065611405923,0.0006943067482427308,0.414127802389868
2021-07-22,0.015123437660602595,0.013728990893834761,0.0013944467667678343,0.4356768128922852
2021-07-23,0.005624778404305178,0.007118505429196426,-0.0014937270248912475,0.44377493053284844
2021-07-26,-0.0016822081293550483,0.0,-0.0016822081293550483,0.4413482422773609
2021-07-27,0.0010998230619029456,0.004430573346222316,-0.00333075028431937,0.4429343423693002
2021-07-28,0.005454844483423927,0.005162740683168439,0.00029210380025548817,0.4508268313865138
2021-07-29,-0.003773780959523339,-0.002316663026885739,-0.0014571179326376,0.4453620466504784
2021-07-30,-0.00384188119590687,-0.006826622836078516,0.0029847416401716466,0.4398197905439307
2021-08-02,0.004343507251707233,0.001764391067604412,0.0025791161841028213,0.44608725979083985
2021-08-03,0.0033553715872333464,0.006223312208025461,-0.002867940620792115,0.450947569407409
2021-08-04,-0.0033678125417424924,-0.003296440226312878,-7.13723154296146e-05,0.4460692691969348
2021-08-05,0.017630879228321114,0.010396991061119756,0.0072338881672013595,0.4717908223490761
2021-08-06,-0.010567566296328393,0.0045522812209398,-0.015119847517268194,0.456319466526796
2021-08-09,-0.00327435787232488,0.0011317357497809544,-0.0044060936221058345,0.45155875380900223
2021-08-10,0.011106609861962715,0.0015049259077910503,0.009601683954171665,0.46777051276805004
2021-08-11,0.005282372496178478,0.003556038303558719,0.0017263341926197588,0.47554433739772994
2021-08-12,-0.0009689697721789483,-0.00112032540294696,0.00015135563076801176,0.4741152720096762
2021-08-13,-0.0007421650559773963,0.0027959800105945534,-0.0035381450665719497,0.4730216410438499
2021-08-16,0.007010018097911557,-0.0020488983356820333,0.00905891643359359,0.4833838265266466
2021-08-17,-0.002276478228781159,0.0011186142762090732,-0.0033950925049902325,0.4800107763349901
2021-08-18,-0.0021937468403985215,-0.005462411912157483,0.003268665071758961,0.4767675660624626
2021-08-19,-0.004142205281480425,-0.00917462214517093,0.005032416863690504,0.4706631432652113
2021-08-20,-0.0008539751137196343,0.008036805607567988,-0.008890780721287623,0.4694077696454053
2021-08-23,-0.0036712742135262687,-0.0030464041564132096,-0.0006248700571130591,0.46402306121020165
2021-08-24,-0.013375998796489472,-0.006536089974361893,-0.006839908822127579,0.4445706780620724
2021-08-25,-0.01888467835843265,-0.0023272573948888015,-0.01655742096354385,0.41754640096788953
2021-08-26,0.0023754076215821655,-0.00685081829457182,0.009226225916153985,0.4209176539575097
2021-08-27,0.0028459124950644668,0.004903037148778487,-0.00205712465371402,0.42496722088673344
2021-08-30,-0.005245408432035682,-0.004706028740905041,-0.0005393796911306408,0.4175122550743646
2021-08-31,0.004167186523342652,0.006325832034179307,-0.0021586455108366545,0.4234316180191009
2021-09-01,-0.0003440618484668555,0.002268814508058523,-0.0026128763565253788,0.42294195374766663
2021-09-02,-0.0006896848336233729,0.003382815357299803,-0.004072500190923176,0.4219609106072153
2021-09-03,-0.004754979615871327,-0.004428319737903889,-0.00032665987796743853,0.41521556516201463
2021-09-07,-0.0026609826676557737,-0.007114754476114017,0.0044537718084582435,0.4114547070803729
2021-09-08,0.0006152257070495271,0.009464235766912452,-0.008849010059862925,0.41232333747498084
2021-09-09,-0.005502139342968328,-0.007874425504096425,0.0023722861611280973,0.4045738765321274
2021-09-10,-0.0019555616690303187,-0.012319876189830874,0.010364314520800555,0.4018298296487981
2021-09-13,0.0013518419776685337,0.004319619034496707,-0.0029677770568281732,0.40372616354115287
2021-09-14,-0.010433527360086622,-0.016394744777415707,0.005961217417329085,0.38915648693669724
2021-09-15,0.02097939518846037,0.016259247273234738,0.004720147915225632,0.41860800718329605
2021-09-16,-0.004217174781031292,-0.0148606161042937,0.01064344132326241,0.4126380862190018
2021-09-17,0.0043630360862205245,-0.0030821576397480127,0.007445193725968536,0.41881494229032135
2021-09-20,-0.00984445103542445,-0.012521913895532186,0.002677462860107735,0.4049160139712291
2021-09-21,-0.005001188050646315,0.0011512677973286962,-0.006152455847975012,0.3979073053333497
2021-09-22,0.0027037478326351356,0.0011489202490212519,0.0015548275836138837,0.4016920083160187
2021-09-23,-0.0004743417624911207,0.005137042221657135,-0.005611383984148255,0.40102728492382056
2021-09-24,-0.00889713512990531,-0.0014217553316993887,-0.00747537979820592,0.3886174437286536
2021-09-27,-0.009208080734331462,-0.012980310082078207,0.0037722293477467452,0.37588963149017895
2021-09-28,6.691734014243125e-05,-0.010035639391046207,0.010102556731188638,0.3759817054452854
2021-09-29,0.003196928110651597,0.005338048683023419,-0.0021411205723718216,0.380387659045093
2021-09-30,0.013483916928915523,0.004405405721177554,0.00907851120773797,0.3991267457925567
2021-10-01,0.054341836497122556,-0.007363994235221874,0.06170583073234443,0.4772616322883083
2021-10-04,0.005019281870640713,0.005019281870640713,0.0,0.48469506445712396
2021-10-05,0.0098898875766568,0.0098898875766568,0.0,0.4994513806081866
2021-10-06,0.006296342203533108,0.006296342203533108,0.0,0.5089222241656224
2021-10-07,0.010414188558262687,0.010414188558262687,0.0,0.5247185348408778
2021-10-08,-0.07588071068104295,-0.0013945564270338663,-0.07448615425400908,0.4133024303611941
2021-10-11,-0.006204450420173628,-0.009304003391931584,0.0030995529717579564,0.40456081201463334
2021-10-12,0.002289324343272966,0.007625129630784456,-0.00533580528751149,0.4077799907393178
2021-10-13,0.04768949400262614,0.052371931302267645,-0.004682437299641503,0.47654290882102535
2021-10-14,-0.010205265733159224,-0.006094676076282448,-0.0041105896568767765,0.46155102426660566
2021-10-15,0.003288576646630915,0.0028026026947638623,0.00048597395186705263,0.46636535864786355
2021-10-18,-0.0011228276953846083,-0.008972379407048644,0.007849551711664036,0.4647198070199767
2021-10-19,-0.0017832165467038413,-0.0031136478687410906,0.0013304313220372495,0.4621102218430575
2021-10-20,-0.006669919396431434,0.0025961137898867764,-0.00926603318631821,0.4523905153780283
2021-10-21,-0.0017902112627560568,-0.005467266843507666,0.003677055580751609,0.449792755482777
2021-10-22,-0.0014196286351454651,0.0002616519074266417,-0.0016812805425721069,0.4477360483976178
2021-10-25,0.006191696096553656,0.010101251736075704,-0.0039095556395220485,0.4567277984025746
2021-10-26,0.0040537481114670815,0.0,0.0040537481114670815,0.46264499126593006
2021-10-27,0.010090333855133011,0.004085846086059288,0.006004487769073724,0.4774782780936282
2021-10-28,0.003280033045184027,0.004808951729046483,-0.0015289186838624554,0.4823324121774373
2021-10-29,-0.00019381475429060052,-0.006592461974889512,0.006398647220598911,0.48204514212468075
2021-11-01,-0.002388554222169993,1.0577165235122401e-07,-0.0023886599938223443,0.47850942125451557
2021-11-02,0.0009527557634854539,0.0,0.0009527557634854539,0.4799187508938425
2021-11-03,-0.0009527557634854346,0.0,-0.0009527557634854346,0.47850942125451557
2021-11-04,-0.0019890681086519608,0.0,-0.0019890681086519608,0.4755714881595037
2021-11-05,-0.0015986426794766693,0.0,-0.0015986426794766693,0.4732144611258988
2021-11-08,0.03345837665603603,0.0038138747422792186,0.029644501913756813,0.5233397040649554
2021-11-09,-0.004988815296734115,-0.010235772424293877,0.005246957127559761,0.5157589688137985
2021-11-10,0.0014411309986947594,0.0025787079076877908,-0.0011375769089930316,0.5179449508151868
2021-11-11,0.0013189337601125523,0.004098457343421762,-0.00277952358330921,0.5199483405355554
2021-11-12,-0.0012998296672834205,0.0012737539595638094,-0.00257358362684723,0.5179739500534379
2021-11-15,0.010158985305052931,0.020197207084067404,-0.010038221779014473,0.5334736222732537
2021-11-16,0.001502322012232372,-0.000489038172966679,0.0019913601851990507,0.535779124821165
2021-11-17,-0.005517881033862619,-0.005905509502986729,0.00038762846912411043,0.5273282153148211
2021-11-18,0.004086528254531039,-0.0012391837152549233,0.005325711969785962,0.5335824555817625
2021-11-19,-0.005373539721620668,-0.002487515775795858,-0.0028860239458248105,0.5253637907773103
2021-11-22,0.0033284078626211466,0.005702945779799575,-0.0023745379171784286,0.530449282211847
2021-11-23,0.006159339916955344,0.008313130509161127,-0.0021537905922057827,0.5399049299473266
2021-11-24,-0.004129255887863604,0.0,-0.004129255887863604,0.5335593786674506
2021-11-26,0.000684359209405995,-0.011280488234229008,0.011964847443635003,0.5346092433527205
2021-11-29,-0.007754025870798309,-0.0017390961968791546,-0.006014929673919154,0.5227558586941017
2021-11-30,-0.006127849494457431,-0.012953135837425125,0.006825286342967694,0.5134531718178146
2021-12-01,-0.0050046458754366,0.0,-0.0050046458754366,0.5058977964026381
2021-12-02,-0.011522621186733941,0.0,-0.011522621186733941,0.488645493308413
2021-12-03,0.002931309586197603,0.0,0.002931309586197603,0.4930155760168773
2021-12-06,-0.012771394252543226,0.0,-0.012771394252543226,0.474068930539185
2021-12-07,-0.005122852920308092,0.0,-0.005122852920308092,0.46653680168031864
2021-12-08,0.02913604303093159,0.032136525828248254,-0.0030004827973166646,0.5098944489981381
2021-12-09,0.0043690992884050815,-0.0016312869190159187,0.006000386207421,0.5165057599809224
2021-12-10,0.0018829903733785522,0.0059556714233027,-0.004072681049924148,0.5193640159178146
2021-12-13,-0.0012409774567079751,0.0023268298349985923,-0.0035678072917065674,0.5174796888710462
2021-12-14,-0.0034562963623951163,-0.0032246289950541387,-0.00023166736734097759,0.5122438828033629
2021-12-15,0.0030485789007304266,0.0048291591780067885,-0.0017805802772763622,0.5168611120150337
2021-12-16,-0.0034103377661021277,-0.0019618734141610052,-0.0014484643519411225,0.5116969141135062
2021-12-17,-0.02573820125119831,-0.018197032217423238,-0.007541169033775073,0.4732850019601653
2021-12-20,0.003076492051807945,0.00037054346775180363,0.0027059485840561417,0.47782453089060195
2021-12-21,-0.010199378376032148,0.0055248624178333644,-0.015724240793865512,0.46282824572172254
2021-12-22,-0.0058946701588008825,0.0032859275406146764,-0.009180597699415559,0.4542307203971352
2021-12-23,0.0033375016863768526,0.000727343174736142,0.0026101585116407107,0.4590923261748312
2021-12-27,-0.001725455320264356,0.0010888022501690066,-0.0028142575704333626,0.4565768983111478
2021-12-28,0.004631028252320567,0.004871171224689372,-0.00024014297236880466,0.46333799039971124
2021-12-29,0.0026142278339145565,0.001792098285143459,0.0008221295487710978,0.46716849402770855
2021-12-30,-0.008142576342805352,-0.002151328422613586,-0.0059912479201917656,0.4552704685856288
2021-12-31,-0.0037605226262173537,0.001435259711919546,-0.0051957823381369,0.4498081680507289
2022-01-03,-0.0045454416589090175,-0.0052224928438263365,0.0006770511849173187,0.44323310421142126
2022-01-04,0.0013300368829940352,-0.0030869391547828483,0.004416976037776884,0.44515393457523333
2022-01-05,0.010639140253693837,-0.00109412014338814,0.011733260397081977,0.4606112102330293
2022-01-06,0.007113355672228582,0.004723863117787129,0.002389492554441453,0.4710380983857274
2022-01-07,-0.0036571006846968586,0.00018081661524180486,-0.0038379172999386635,0.46566818908333407
2022-01-10,0.004421293786514641,0.0005419420543723576,0.003879351732142284,0.47216268519903837
2022-01-11,-0.008896632095612663,-0.005264128088195924,-0.003632504007416739,0.45912348389669044
2022-01-12,-0.006993880580359648,0.00036474872069386935,-0.007358629301053517,0.44895415149867524
2022-01-13,0.008493024234001056,0.0023649653788285407,0.006128058855172517,0.46131256006729426
2022-01-14,0.0013702529116144057,0.0010877729621281758,0.0002824799494862299,0.46331630035947247
2022-01-18,0.0006336306693275782,-0.004913606072615894,0.0055472367419434725,0.46424379626019996
2022-01-19,0.002171313282247724,0.00018290555523980533,0.001988407727007919,0.4674265824259427
2022-01-20,0.014463688023194482,-0.0025660796284347775,0.01702976765162926,0.48880521696477697
2022-01-21,-0.001747835453759036,0.0023831740731948842,-0.00413100952695392,0.4862053031954352
2022-01-24,-0.010036989240937272,-0.0033028095808852486,-0.006734179660052023,0.4713628877428371
2022-01-25,0.00621919374486058,0.0022042823357584654,0.0040149114091021145,0.48054209265120984
2022-01-26,0.001861068401654976,0.00036647008103335156,0.0014945983206216245,0.48330004833321727
2022-01-27,0.008740925150443696,0.001280456085422166,0.007460469065021529,0.4963222933535727
2022-01-28,-0.001276104642505809,0.008872228928399548,-0.010148333570905357,0.49441404734808847
2022-01-31,0.004893362683969179,0.008893814391400015,-0.004000451707430836,0.5017446783722763
2022-02-01,0.0025381889611079773,-0.004961087019745051,0.007499275980853029,0.5055612316550482
2022-02-02,-0.002930749153845438,0.004255302259033843,-0.007186051412879281,0.5011552688888112
2022-02-03,-4.661951591102952e-05,-0.003010446020044041,0.0029638265041330115,0.5010852873881331
2022-02-04,-0.004322126994810847,-0.004639568251310253,0.0003174412564994057,0.4946114066913525
2022-02-07,-1.1903355446832298e-05,0.0033947120123205003,-0.0034066153677673326,0.49459361590640905
2022-02-08,0.002456603532837717,0.001954862336156062,0.0005017411966816549,0.4982697534208438
2022-02-09,-0.005504775831462397,0.0010631033948535575,-0.006567879226315954,0.4900447733986384
2022-02-10,-0.006647431377468528,-0.011276597649205857,0.0046291662717373285,0.48017265149725974
2022-02-11,-0.00124234974795507,-0.003998643296156242,0.0027562935482011723,0.4783349011774358
2022-02-14,-0.0025784505113259264,-0.009022531995045543,0.006444081483719616,0.47452799786063915
2022-02-15,-0.002110687208110291,-0.00037170374874440787,-0.0017389834593658832,0.4714190126793911
2022-02-16,0.0020880577779576453,0.0029850827835431813,-0.0008970250055855361,0.47449463050984697
2022-02-17,0.0036698729927437087,-0.0013038135774309431,0.004973686570174652,0.4799157799128717
2022-02-18,-0.004460417150253731,-0.0037438431849423958,-0.0007165739653113355,0.47332943802315697
2022-02-22,0.018560199289766658,0.010964923233833445,0.0075952760559332136,0.5009300703103368
2022-02-23,-0.010256600163919194,-0.01322486339536726,0.0029682632314480665,0.485614308791406
2022-02-24,-0.0078007634936100535,0.0011311469166412598,-0.008931910410251313,0.4740704668548561
2022-02-25,0.016638761412271566,0.015391575704526863,0.001247185707744702,0.4988023570888198
2022-02-28,0.0004409308386591089,-0.0005481478218778862,0.0009890786605369951,0.4994633709891123
2022-03-01,0.008739771394555123,0.0,0.008739771394555123,0.5126257724735228
2022-03-02,-0.011296215488091066,0.0,-0.011296215488091066,0.4956349723394431
2022-03-03,0.005044824902041983,0.0,0.005044824902041983,0.5031992530854681
2022-03-04,-0.0071576152186155284,0.0,-0.0071576152186155284,0.492478345072751
2022-03-07,-0.0013057909128685128,0.0,-0.0013057909128685128,0.4905307522633333
2022-03-08,0.021850857943340497,0.02129503086973834,0.0005558270736021557,0.5234585683748603
2022-03-09,-0.006855246886969835,-0.0028109322936142453,-0.00404431459335559,0.5130505991256447
2022-03-10,0.008252123992303328,0.005606224213041348,0.0026458997792619798,0.5255881397984503
2022-03-11,-0.007385730235866141,-0.004374449752396445,-0.003011280483469695,0.5143620647586824
2022-03-14,-0.0019526719758652855,-0.000703510180805475,-0.0012491617950598105,0.5114078975919027
2022-03-15,0.007727940244936106,0.008204105402392263,-0.00047616515745615724,0.5231332154340596
2022-03-16,-0.004859314489599882,-0.00017307505480917146,-0.004686239434790711,0.515749785862559
2022-03-17,0.01008024637889234,0.0036236245527338654,0.006456621826158475,0.531106185265704
2022-03-18,0.0033929043105087,-0.0005160138093332812,0.003908918119841981,0.5363099049109321
2022-03-21,0.014115952234242453,0.007177150560817978,0.006938801673424474,0.5581501675411318
2022-03-22,-0.0063670635446804475,0.0,-0.0063670635446804475,0.54826084280076
2022-03-23,0.01781166821501991,0.002538516690069367,0.015273151524950544,0.5760850130772741
2022-03-24,-0.001187988691415095,0.0026935728981071203,-0.0038815615895222153,0.5742137536426315
2022-03-25,-0.00118279309500143,0.010467246374998842,-0.011650039470000272,0.5723528852128776
2022-03-28,-0.00841390671043135,-0.0004936092197106877,-0.007920297490720662,0.5591787553909715
2022-03-29,0.002868878683387999,0.006865230190610763,-0.003996351507222764,0.5636582726092583
2022-03-30,0.001069250781015569,-0.00032472464130602855,0.0013939754223215974,0.5653311096202482
2022-03-31,-0.006123386667980036,-0.0022795166000773273,-0.003843870067902708,0.5557752688851949
2022-04-01,0.006569118574360453,0.008253985551620588,-0.0016848669772601352,0.5660289831605534
2022-04-04,-0.0023679028811989305,-0.0035439016066776676,0.0011759987254787371,0.5623251654901507
2022-04-05,-0.001050759882975932,0.001614010002085534,-0.002664769885061466,0.5606843990588253
2022-04-06,0.007370314593786929,0.011784012315123368,-0.00441369772133644,0.572229627782546
2022-04-07,0.002516011732898153,0.0037629354635203916,-0.0012469237306222385,0.5761903565034352
2022-04-08,-0.004205431774997231,0.007442029217880747,-0.011647460992877978,0.5695757139574114
2022-04-11,0.007706638981770901,-0.004017420683368434,0.011724059665139334,0.5817185976504391
2022-04-12,-0.0023416693714515104,0.00031018603888882044,-0.002651855410340331,0.5780190688831717
2022-04-13,0.004340525020529546,0.0010841218175115458,0.0032564032030180006,0.5848833867291459
2022-04-14,-0.003862009888981532,0.0012361107985752685,-0.005098120687556801,0.578774355579148
2022-04-18,-0.014193069491272397,-0.001855330516311666,-0.012337738974960731,0.5565249684857159
2022-04-19,-0.0007509524125803277,-0.001706703482036292,0.0009557510694559642,0.5553565310807438
2022-04-20,-0.014798209158356702,0.008934304790759302,-0.023732513949116005,0.5325095042904946
2022-04-21,0.0069071149498977635,-0.007537466061495399,0.014444581011393162,0.5431313645742686
2022-04-22,0.008893320428091586,-0.00670936690807419,0.015602687336165776,0.5569161315827813
2022-04-25,0.004103764038771586,-0.0012582409755424436,0.0053620050143140295,0.56331847588502
2022-04-26,-0.00392473242690757,-0.007297035288169291,0.003372302861261721,0.5571948937402305
2022-04-27,0.005647983814321481,0.0006386293602723925,0.005009354454049089,0.5660147891631109
2022-04-28,-0.004749299862181091,0.0017525177410443321,-0.006501817603225423,0.5585949488108741
2022-04-29,-0.006090211512753443,-0.01337714095754083,0.007286929444787388,0.5491316219909619
2022-05-02,0.022033540373838437,-0.07056094695260727,0.0925944873264457,0.5836432870039869
2022-05-03,0.0,0.0,0.0,0.5836432870039869
2022-05-04,0.0,0.0,0.0,0.5836432870039869
2022-05-05,0.0,0.0,0.0,0.5836432870039869
2022-05-06,0.0,0.0,0.0,0.5836432870039869
2022-05-09,-0.05291665576352675,0.06678982625215205,-0.1197064820156788,0.5020208198581768
2022-05-10,-0.0031122501295516754,0.0016430773283218497,-0.004755327457873525,0.49735342218889067
2022-05-11,-0.00037391710448988287,-0.0013140435992976772,0.0009401264948077944,0.49679364079530886
2022-05-12,0.011465384950304365,-0.00016445485460746755,0.011629839804911833,0.5140537136916405
2022-05-13,-0.00714985555489148,0.010420433378378096,-0.017570288933269576,0.5032670558107963
2022-05-16,-0.015510534845572481,-0.0009677463041700676,-0.014542788541402413,0.4801304739804506
2022-05-17,-0.0024005776670904793,0.0064164957888449385,-0.008817073455935418,0.476581567237663
2022-05-18,-0.011446813412952337,-0.008566548554248847,-0.002880264858703491,0.45977578338858427
2022-05-19,-0.01089310871155114,-0.00016301900454140212,-0.010730089707009737,0.4439605818260355
2022-05-20,0.009642370713452118,-0.0013063453032143837,0.0109487160166665,0.4579511276685828
2022-05-23,-0.0031755361381153218,0.004233168385437369,-0.007408704523552691,0.4533286944113879
2022-05-24,0.01201451230308435,0.007562476750166179,0.004452035552918172,0.4708950441474782
2022-05-25,-0.0032295467804634454,0.008392903188353408,-0.011622449968816853,0.4661523822396516
2022-05-26,0.004575591158693906,0.002193721199073656,0.002381869959620249,0.47287626726059906
2022-05-27,0.00459064659024347,0.0068323198566616625,-0.0022416732664181926,0.4796532651743779
2022-05-31,-0.0040922137715797705,-0.005739140427916682,0.001646926656336912,0.4736105801176438
2022-06-01,-0.018201615341562487,-0.025702177126785287,0.007500561785222799,0.4470311155778639
2022-06-02,-0.003123091054002973,0.0,-0.003123091054002973,0.4425189552572246
2022-06-03,0.0036611865004031693,0.0,0.0036611865004031693,0.44780996596108524
2022-06-06,-0.010203254906375109,0.0,-0.010203254906375109,0.43311269930785756
2022-06-07,-0.007865545963303643,0.0,-0.007865545963303643,0.42188470055762917
2022-06-08,0.021817420668307493,0.01402233957709366,0.007795081091213834,0.4532474402085993
2022-06-09,-0.004613678971845895,-0.011305366361479734,0.006691687389633839,0.4465580662306976
2022-06-10,0.007724309265053745,-0.008068660452459103,0.015792969717512848,0.4577749938416569
2022-06-13,0.015108192868525737,-0.025192595556718787,0.040300788425244524,0.4799665546839311
2022-06-14,-0.005616855309852176,-0.01849418570099009,0.012877330391137913,0.47167709881366404
2022-06-15,0.005494635265182367,0.009332596702630416,-0.0038379614374480487,0.4797856841587347
2022-06-16,0.013222394332869111,-0.012239601271391275,0.025461995604260386,0.4994819227598888
2022-06-17,0.004003894638050017,-0.0007294382239916771,0.004733332862041695,0.5054977256741002
2022-06-21,-0.004076169600500374,0.006346418608306556,-0.01042258820880693,0.4993735516765314
2022-06-22,0.005098030828544632,0.0009000204276841141,0.004198010400860518,0.5070369217173192
2022-06-23,-0.00818214541656231,0.0080288489006726,-0.01621099431723491,0.49475643535056824
2022-06-24,0.007041524930952255,0.010508191221154133,-0.003466666290201878,0.5053189444981023
2022-06-27,-0.0032829175564039505,0.0024204916087928515,-0.005703409165196802,0.5003852094610375
2022-06-28,0.01220945044710014,0.0017217765595966465,0.010487673887503494,0.5188163765766547
2022-06-29,0.004416619538584996,0.0005153789267673308,0.0039012406118176654,0.5255392459106778
2022-06-30,0.0059709715730386645,0.007836598584343964,-0.0018656270113052995,0.5346754462337557
2022-07-01,0.0055523999516318544,0.015314147303053435,-0.00976174735142158,0.5432202783173405
2022-07-05,0.0032945077728312316,-0.02366608850627752,0.026960596279108753,0.5483128136118989
2022-07-06,0.005753566520163306,0.004278642876935103,0.0014749236432282042,0.5572468109073461
2022-07-07,-0.009277088282424408,-0.0005115484949007496,-0.008765539787523658,0.5428668997506962
2022-07-08,0.0019208226545444308,0.0010225022374480324,0.0008983204170963984,0.5458333215176847
2022-07-11,0.00479363722605612,0.0027164937832686842,0.002077143442787436,0.5532612749060477
2022-07-12,-0.007609360599859904,-0.0015262113350428038,-0.0060831492648171,0.5414868046685324
2022-07-13,-0.004662430578382956,-0.0061517901497573696,0.001489359571374414,0.5343164580651356
2022-07-14,0.004357308248137017,0.0006873262418901808,0.0036699820062468364,0.5410165343712816
2022-07-15,0.014126684918631036,0.008343336261507982,0.005783348657123055,0.5629404811509928
2022-07-18,-0.0007635594472283626,-0.0008449931386790276,8.143369145066507e-05,0.5617475386803603
2022-07-19,-0.00656789027430078,0.0032035043601755593,-0.009771394634476339,0.5515237632797045
2022-07-20,-0.007061758590379545,-0.006257488042448909,-0.0008042705479306362,0.5406058721434202
2022-07-21,0.0005653328500055804,-0.0010221539260267026,0.001587486776032283,0.5414770734880208
2022-07-22,0.013181739068292338,0.006438593079452421,0.006743145988839917,0.5619309346125765
2022-07-25,0.0005710699381186535,0.006689108814027359,-0.006118038875908705,0.5628231611523811
2022-07-26,-0.000373626144135465,0.00660076593842768,-0.006974392082563145,0.5622393586294483
2022-07-27,-0.0008453730951631289,0.000818971983708551,-0.0016643450788716798,0.5609192415817943
2022-07-28,-0.0018255171412015804,0.01531146627114956,-0.01713698341235114,0.5580723560600218
2022-07-29,0.014888896853768886,0.020330430902864113,-0.005441534049095228,0.5814438911002717
2022-08-01,0.031237392531730822,-0.010268448856864194,0.04150584138859502,0.6316237381982552
2022-08-02,-0.0025281480998535976,-0.001975450092488819,-0.000552698007364779,0.627503961641797
2022-08-03,0.004022003409520746,0.00394312608346822,7.887732605252547e-05,0.6340629694586102
2022-08-04,0.005510452764704416,0.003132469142848588,0.002377983621855828,0.6430922511335482
2022-08-05,-0.020949833973827194,-0.020313511336907054,-0.0006363226369201388,0.6090278093536623
2022-08-08,-0.045740855171260385,0.0026353308662044475,-0.04837618603746483,0.5370873528954792
2022-08-09,-5.568303928229655e-05,0.0012116060877032796,-0.0012672891269855761,0.5370017655829304
2022-08-10,0.0018183661349688422,0.007606364171799762,-0.00578799803683092,0.5397991400976132
2022-08-11,-0.002852865145537199,0.003365582941998367,-0.006218448087535566,0.5354125609342404
2022-08-12,-0.0015892893876799132,0.01054315674085613,-0.012132446128536043,0.5329742841223928
2022-08-15,-0.0031773283413407995,0.00173574049570251,-0.004913068837043309,0.5281112513001036
2022-08-16,-0.005833545560994537,-0.002702663884765577,-0.0031308816762289603,0.5192228952145399
2022-08-17,-0.004825547691930085,-0.0058411797612867985,0.0010156320693567142,0.5119094725056832
2022-08-18,0.0001373574897191234,0.006034698389222507,-0.005897340899503384,0.5121171588588207
2022-08-19,-0.00871266015181619,-0.011548803329048745,0.0028361431772325543,0.4989998223698844
2022-08-22,-0.0006142849926531954,-0.010404501852181553,0.009790216859528357,0.4980792920379433
2022-08-23,-0.0030960355447045944,-0.005284542413854616,0.002188506869150022,0.4934483577686859
2022-08-24,0.011337127474941457,0.01449957751567118,-0.003162450040729724,0.5104761127104385
2022-08-25,0.0029095214297952723,0.009048191138943807,-0.006138669709148534,0.514877274862594
2022-08-26,-0.0026613759224012982,-0.014235810064566054,0.011574434142164755,0.5108509770803644
2022-08-29,-0.005106112985331406,-0.0038252095133118748,-0.0012809034720195308,0.5031560635550549
2022-08-30,-0.005452612554749722,-0.011447858500122712,0.00599524594537299,0.4949822405275033
2022-08-31,0.011324538677268911,0.011649901472862595,-0.0003253627955936832,0.512008449754267
2022-09-01,0.005652031722131684,0.00492427385521963,0.0007277578669120539,0.5205785659460165
2022-09-02,-0.0018758288881972488,0.0,-0.0018758288881972488,0.517728894329015
2022-09-06,-0.008443497675513945,-0.01257679404711665,0.004133296371602706,0.5049679034497518
2022-09-07,0.0006689547235799167,0.006124970438522137,-0.005456015714942221,0.5059749956495867
2022-09-08,0.00149872971610065,0.0052484158559844545,-0.0037496861398838045,0.5082337373261099
2022-09-09,-0.008939390959575882,0.006979092932472623,-0.015918483892048505,0.49481113064044746
2022-09-12,0.002580911140250005,0.010580426932696063,-0.007999515792446059,0.49867408817085335
2022-09-13,-0.004525682920207222,-0.015955659515663467,0.011429976595456246,0.49190688909606406
2022-09-14,-0.0009416845071427717,0.007548807927796285,-0.008490492434939058,0.4905026447738341
2022-09-15,0.001502587440691173,0.00019714816534728986,0.001305439275343883,0.4927439387766044
2022-09-16,0.005485091264611018,-0.0011838966567261151,0.0066689879213371345,0.5009542721445885
2022-09-19,0.001977537037883504,0.006086754039908265,-0.004109217002024761,0.5039254016009413
2022-09-20,0.0002247402421513868,-0.010448042992035044,0.01067278323418643,0.5042634321429851
2022-09-21,-0.00550396973902594,-0.009524062556707003,0.004020092817681063,0.4960067548277438
2022-09-22,-0.0008279377715975783,-0.007835198644454606,0.0070072608728570275,0.49476866692944843
2022-09-23,-0.009185110124665791,-0.014548771717642697,0.005363661592976905,0.4811019135146397
2022-09-26,-0.003428386503018752,-0.01963609797814143,0.016207711475122677,0.47603281807904585
2022-09-27,-0.00498225277223362,-0.010114898751605112,0.005132645979371492,0.46869713875794194
2022-09-28,-0.0012470224774356075,0.006317696190245234,-0.007564718667680841,0.46686678189863184
2022-09-29,-0.003223998622604276,-0.021065359652932436,0.01784136103032816,0.4621452206574397
2022-09-30,0.0026959432836105735,-0.008966719067548045,0.011662662351158619,0.46609239953922166
2022-10-03,-0.0016145168836508971,0.011067093416687762,-0.01268161030033866,0.46372727838494754
2022-10-04,0.017656478579534566,0.03311283890879286,-0.015456360329258293,0.4898010558949004
2022-10-05,0.0012625916709770512,-0.0010911070453585422,0.0023536987163355933,0.4916832542734437
2022-10-06,0.010244095240818658,-0.005270120713841846,0.015514215954660505,0.5070427372824045
2022-10-07,-0.010468625130614629,-0.015240976220006362,0.004772351089391732,0.491348364394552
2022-10-10,-0.004946367909573916,-0.006643865635642754,0.0016974977260688377,0.4839898207381954
2022-10-11,0.0033933030145808485,0.002759862915232603,0.0006334400993482456,0.4890340012468739
2022-10-12,0.0098489742052407,-0.008325714574928015,0.018174688780168716,0.5037719162541505
2022-10-13,-0.008115020929726893,0.005565851659695436,-0.01368087258942233,0.4916181563853621
2022-10-14,-0.003544344639077688,-0.006032575347953618,0.0024882307088759303,0.4863407056461213
2022-10-17,0.005246830886571023,0.014040061490876608,-0.008793230604305584,0.49415977870774563
2022-10-18,-0.0009716400889736628,0.011886667500843807,-0.01285830758981747,0.49270869824555774
2022-10-19,-0.0025256976471607277,-0.008043195588813746,0.005517497941653018,0.4889433244979664
2022-10-20,-0.00432380751003325,-0.015554633180557477,0.011230825670524226,0.4825193182609242
2022-10-21,-0.008379872436400142,0.005315492131780379,-0.013695364568180522,0.4701479033245548
2022-10-24,-0.011548067242576596,-0.006013089412848331,-0.005534977829728266,0.4532681881100664
2022-10-25,0.0037380718003330333,0.011500091550068507,-0.007762019749735474,0.45871077499512025
2022-10-26,0.001224917325398662,-0.0020505586939364886,0.003275476019335151,0.46049866988432075
2022-10-27,-0.004851188900698539,0.0018231336857315302,-0.006674322586430069,0.45343067290327976
2022-10-28,0.009538342385697719,0.0222456575026457,-0.012707315116947983,0.4673603195550955
2022-10-31,0.0010730435117341562,-0.00021762519316844488,0.0012906687049026012,0.4689357061033661
2022-11-01,0.0014931915717605292,-0.002881186687304844,0.004374378259065373,0.4711307469195585
2022-11-02,0.005901253921289007,0.0,0.005901253921289007,0.4798379293870785
2022-11-03,0.007205900848239062,0.007809276272080467,-0.0006033754238414056,0.4905400075259243
2022-11-04,-0.01649872830594499,-0.008246756279654472,-0.008251972026290516,0.46614975029247385
2022-11-07,0.021249935293544846,0.02099706906057783,0.00025286623296701463,0.4976387220020486
2022-11-08,0.009273216380212284,0.006048120565680841,0.0032250958145314435,0.5115912423162723
2022-11-09,-0.0031057554143707174,-0.011957814303283873,0.008852058888913154,0.5069038922802469
2022-11-10,-0.002808127912729528,0.021607014422984593,-0.02441514233571412,0.5026782492484116
2022-11-11,-0.009677988670333194,-0.010271631501450872,0.0005936428311176783,0.4882054927277142
2022-11-14,-0.015554882149152408,-0.02423926370450166,0.00868438155534925,0.4652357407015948
2022-11-15,-0.0032432704600503515,-0.005476653274890727,0.0022333828148403756,0.46049128284560825
2022-11-16,0.0015522164642281224,0.0028553397155276906,-0.0013031232512995686,0.4627600418076856
2022-11-17,0.0035719880581826075,-0.00816971355681751,0.011741701615000119,0.46799434607976975
2022-11-18,0.0004568750518797217,0.009918650150363651,-0.00946177509848393,0.46866518930689227
2022-11-21,0.0038894806350281714,-0.0006551510321912854,0.004544631667219457,0.474388657564105
2022-11-22,0.0002538371500490086,0.01187709382625824,-0.011623256676209233,0.4747629596828873
2022-11-23,0.008490229547674859,0.012018286496967096,-0.0035280569492922363,0.487337339891992
2022-11-25,0.0014594599539824392,0.001663943129755584,-0.00020448317577314462,0.4895096339801557
2022-11-28,-0.00023761025874432357,-0.006058271002196021,0.005820660743451697,0.48915575325513383
2022-11-29,0.00856207597429764,0.009163203226444625,-0.0006011272521469851,0.5019607584387809
2022-11-30,-0.005437083446630861,0.0020593910661883645,-0.007496474512819226,0.4938166326702458
2022-12-01,0.0018917301415029872,0.0,0.0018917301415029872,0.49664520522458844
2022-12-02,0.005277243495238335,0.0,0.005277243495238335,0.5045642433665045
2022-12-05,0.0024972514285566917,0.0,0.0024972514285566917,0.5083262139107112
2022-12-06,0.04087472819182886,0.0,0.04087472819182886,0.5712559954032765
2022-12-07,0.011355532649255014,0.0,0.011355532649255014,0.5892001339635589
2022-12-08,-0.0012118376951071328,-0.014743998805389019,0.013532161110281885,0.5872754477753312
2022-12-09,0.004092256187756101,0.005690276451158938,-0.0015980202634028357,0.5937842943987011
2022-12-12,-7.066768646941946e-05,0.007487569283208156,-0.0075582369696775755,0.593671669329408
2022-12-13,-0.0033490794859319193,0.0014429849784840408,-0.00479206446441596,0.588343263841532
2022-12-14,0.008045142322656967,0.0012337448173836238,0.0068113975052733425,0.6011732517949719
2022-12-15,0.007007106038467232,-0.00041096521386003326,0.007418071252327265,0.6124322429611857
2022-12-16,0.0060999937656721565,-0.005371969977584825,0.011471963743256982,0.6222981299229078
2022-12-19,-0.004020452013581873,-0.000356053571083479,-0.0036643984424983935,0.6157888520275534
2022-12-20,-0.001704949127395022,-0.0008389667326426106,-0.0008659823947524113,0.6130363613292982
2022-12-21,-0.0032653202130495844,0.007293272016487563,-0.010558592229537148,0.6077778710938
2022-12-22,-0.007064422810969329,-0.012993186846131278,0.005928764035161949,0.5964598730577177
2022-12-23,0.0034768390615162255,0.00674834079777921,-0.003271501736262984,0.6020201676279269
2022-12-27,-0.008223393612959798,-0.0037846415108265417,-0.004438752102133257,0.5889001447058129
2022-12-28,0.00558574979351697,-0.0006336734948816525,0.006219423288398623,0.5978001768969923
2022-12-29,0.004716287814866037,0.00859021369748767,-0.0038739258826216323,0.6053536606022221
2022-12-30,-0.00983940019236828,-0.018406922854099204,0.008567522661730925,0.5896353994281234
2023-01-03,0.0036105157865243065,0.0,0.0036105157865243065,0.595385176717323
2023-01-04,-0.0007600080198412283,0.0,-0.0007600080198412283,0.594173131828541
2023-01-05,0.005714040285740113,0.0,0.005714040285740113,0.6033083760473383
2023-01-06,-0.008564532848868194,0.0,-0.008564532848868194,0.5896354235962327
2023-01-09,-0.003969618906072634,0.0,-0.003969618906072634,0.5833376848462786
2023-01-10,-0.008777651034851777,0.0,-0.008777651034851777,0.5695005169367355
2023-01-11,-0.00040595939414641603,0.0,-0.00040595939414641603,0.5688634927694884
2023-01-12,-0.0018990409639431452,0.0,-0.0018990409639431452,0.5658869838805685
2023-01-13,0.003812989821404452,0.0,0.003812989821404452,0.5718690926236814
2023-01-17,-0.00026523485121778293,0.0,-0.00026523485121778293,0.5714522334440006
2023-01-18,0.009689420352997547,0.0,0.009689420352997547,0.5867527013242626
2023-01-19,0.005694344731553653,0.0,0.005694344731553653,0.5958139927831914
2023-01-20,-0.007923098836133421,0.0,-0.007923098836133421,0.5832201577759797
2023-01-23,-0.0007096092871844667,0.0,-0.0007096092871844667,0.5820970885656613
2023-01-24,-0.005252654625058705,0.0,-0.005252654625058705,0.5738086661430202
2023-01-25,-0.0006473014327215731,0.0,-0.0006473014327215731,0.5727902671797092
2023-01-26,-0.002217939385210703,0.0,-0.002217939385210703,0.5693057793213081
2023-01-27,0.00024275441754325602,0.0,0.00024275441754325602,0.5696867814748214
2023-01-30,0.0006467111484339834,0.0,0.0006467111484339834,0.5707022437359413
2023-01-31,-0.010110917899673754,0.0,-0.010110917899673754,0.5549010193597894
2023-02-01,-0.0025948571861825484,0.0,-0.0025948571861825484,0.5508715035459235
2023-02-02,0.0018769491296083476,0.0017211297855182803,0.00015581934409006739,0.5537851439867019
2023-02-03,-1.076322589808193e-06,-0.008665775577720134,0.008664699255130326,0.5537834716135517
2023-02-06,-0.0009562672835895009,0.0019629587314477105,-0.0029192260150372115,0.5522983495138756
2023-02-07,0.0011000284292216334,0.005843014012860454,-0.00474298558363882,0.5540068613624933
2023-02-08,-0.0018078936095977634,-0.008243205200946692,0.006435311591348929,0.5511999203784346
2023-02-09,0.0025392463545341032,-0.003732126566219035,0.006271372920753138,0.555143804248674
2023-02-10,-0.0014336866506820352,0.0076537388483400495,-0.009087425499022085,0.5529158128390312
2023-02-13,-0.006114424240715174,0.0002168694094456043,-0.006331293650160778,0.543449596472751
2023-02-14,0.00400361683632258,-0.0008683898386519306,0.00487200667497451,0.5496413637243882
2023-02-15,0.0037679789429521833,0.009257631177325254,-0.005489652234373071,0.555491394226507
2023-02-16,-0.00019705841447262024,-0.013403336651287009,0.01320627823681439,0.5551849017580865
2023-02-17,0.0006600040973047793,0.0030580494601502063,-0.002398045362845427,0.5562116689633225
2023-02-21,-0.00481355122235008,-0.008566005883721816,0.0037524546613717357,0.5487387644154582
2023-02-22,0.00395560378856666,-0.003334055032569924,0.007289658821136584,0.55487709373507
2023-02-23,-0.0003988252945418008,0.0017809466543289047,-0.0021797719488707056,0.554257093064378
2023-02-24,-0.0018735961559217301,-0.0031207649899821456,0.0012471688340604152,0.5513477692495214
2023-02-27,0.0027639658627138233,-0.002465787054831246,0.005229752917545069,0.5556415727545341
2023-02-28,-0.0005904165332144872,-0.00856546875388917,0.007975052220674681,0.5547233673387264
2023-03-01,0.0036047113444943146,-0.0014577881800148303,0.005062499524509145,0.560337809440614
2023-03-02,-0.0005764731339023529,0.003794219469275213,-0.004370692603177566,0.5594385758305709
2023-03-03,-0.005204838304785891,0.002482318624349572,-0.007687156929135462,0.5513430364597371
2023-03-06,-0.0020205349653033833,0.0006440859160431027,-0.0026646208813464857,0.5482116582063525
2023-03-07,0.0004702319357565688,-0.00420170159010131,0.0046719335258578795,0.5489398479669743
2023-03-08,0.024270858350722554,0.026788890625724465,-0.002518032275001911,0.5869938816038718
2023-03-09,0.0009015023404001419,-0.004807342787433767,0.005708845127833909,0.5884252053762666
2023-03-10,-0.0015506439872687173,-0.013243902571601632,0.011693258584332915,0.5859640320772694
2023-03-13,-0.0016392286544095196,0.006426749031276698,-0.008065977685686218,0.5833664040258608
2023-03-14,0.0038971525663830118,0.011520162505531839,-0.0076230099391488264,0.589549064030406
2023-03-15,-0.008339932364972116,-0.002678567006279421,-0.005661365358692695,0.5763474591107898
2023-03-16,0.0031384314944706906,0.007983126673139058,-0.004844695178668369,0.5813024890665759
2023-03-17,-0.0023534450159387013,-0.006819827681352152,0.004466382665413451,0.5775853563543927
2023-03-20,-0.0059400589273063764,0.004412413276065316,-0.010352472203371692,0.5682421833461708
2023-03-21,0.005245465018959791,-0.007507868974818041,0.012753333993777831,0.5764899556493412
2023-03-22,-0.000521745505108182,-0.012794678873992436,0.012272933368884253,0.5756676436385848
2023-03-23,0.0002897984617506114,-0.006346212190944876,0.0066360106526954865,0.5761243358690982
2023-03-24,-0.007574277674088768,0.00916927175357881,-0.01674354942766758,0.5642314294457722
2023-03-27,-0.004342865582875723,-0.0022979194891277945,-0.002044946093747929,0.5574529123553051
2023-03-28,-0.0006275000059145419,0.0028746859770611643,-0.0035021859829757066,0.556475917207879
2023-03-29,0.0006991367158295913,0.007462379851598019,-0.006763243135768429,0.5575644871541718
2023-03-30,-0.000291877986687193,0.0019475612557925321,-0.0022394392424797253,0.5571099347076796
2023-03-31,0.0031343553528326734,0.0077616734481683654,-0.0046273180953356925,0.5619981272308054
2023-04-03,-0.002145399704700157,-0.004256491162371694,0.002111091457671537,0.5586506090761119
2023-04-04,-0.0032449933445421234,-0.0024806795297884596,-0.0007643138147536639,0.5536009956352248
2023-04-05,-0.003776912926410048,0.008754490726842775,-0.012531403653252823,0.5477442471291392
2023-04-06,0.0016067975420554566,0.003579018089470905,-0.0019722205474154483,0.5502331578334692
2023-04-10,0.0019649386664505352,0.0020249860322342013,-6.004736578366565e-05,0.5532822655811194
2023-04-11,0.011044803657926521,0.015361084027609079,-0.0043162803696825585,0.5705330536484201
2023-04-12,0.0011680658646179005,0.00037309850732283574,0.0007949673572950648,0.5723686115151847
2023-04-13,-0.00010126241585666244,-0.0002658072989991174,0.00016454488314245476,0.5722093977322875
2023-04-14,0.005227773247531284,-0.0033931806624979163,0.0086209539100292,0.5804500733852653
2023-04-17,-0.0034631772160258925,-0.0010405989990170004,-0.0024225782170088916,0.5749861614087797
2023-04-18,0.002918314449832744,-0.0024173520942690607,0.005335666544101805,0.579589179542249
2023-04-19,-0.003854183918452367,0.0022363422887209544,-0.006090526207173322,0.5735128694588281
2023-04-20,-0.001222736000341902,-0.002417476438628359,0.0011947404382864572,0.5715900544134926
2023-04-21,-0.0006684030414936293,-7.058613796248701e-05,-0.0005978169035311423,0.5705399498267869
2023-04-24,-0.0010951263900195712,0.004568623437804757,-0.005663749827824327,0.5688209515131601
2023-04-25,0.0016430122237388366,-7.649011250368347e-05,0.00171950233624252,0.5714006621811094
2023-04-26,0.0011558500537479513,-0.011258139644439013,0.012413989698186963,0.5732180158127671
2023-04-27,-0.0021102174152824067,0.00550342990101365,-0.0076136473162960565,0.5699016840788931
2023-04-28,0.004666223635409169,0.003928736109822809,0.00073748752558636,0.577244314276719
2023-05-01,0.0009368738697355556,-0.00022123109622651928,0.0011581049659620752,0.5787226856765864
2023-05-02,-0.002232458536244694,-0.006686550852053655,0.004454092315808962,0.5752021838898611
2023-05-03,-0.0026769349489572506,-0.004691397513054333,0.002014462564097083,0.5709911090135935
2023-05-04,0.005972582346565619,0.003953679467449334,0.0020189028791162845,0.5804020586383005
2023-05-05,0.0028075094355450502,0.0062772645527847054,-0.003469755117239655,0.5848452866136145
2023-05-08,0.0019919544601220657,-0.0008058806109307357,0.002797835071052802,0.588005372579651
2023-05-09,0.008226119898490104,0.007552018548675339,0.0006741013498147645,0.6011223722119559
2023-05-10,-0.00042453098328706495,0.00666284178966063,-0.007087372772947695,0.6004427904188878
2023-05-11,-0.00034518982416580773,-0.008335005020599404,0.007989815196433594,0.5998904291936975
2023-05-12,-0.0036887539604763286,0.0019890125510484344,-0.0056777665115247625,0.5939996984444218
2023-05-15,-0.0024680941134668,-0.008088896966180602,0.005620802852713803,0.5900704080956154
2023-05-16,-0.0009772908469202646,-0.012902818672600038,0.011925527825679775,0.588517205928577
2023-05-17,0.0021634430275644023,-0.0021011788285687735,0.004264621856133176,0.5919575926002978
2023-05-18,-0.004875159350571952,-0.00555673919255171,0.0006815798419797577,0.5842154331217075
2023-05-19,0.00016892818039082407,0.00037270111857961403,-0.00020377293818878996,0.5844830743576088
2023-05-22,-0.004223994909334952,-0.002613136881344237,-0.0016108580279907152,0.5778043413150151
2023-05-23,0.0036056935214644906,0.000361878264800981,0.003243815256663509,0.5835036890825149
2023-05-24,0.00014236235782619884,-0.0038388315553900664,0.003981193913216266,0.5837291364485477
2023-05-25,0.003591374465090052,-0.0057243492497164586,0.00931572371480651,0.5894271265124429
2023-05-26,0.002103953839680073,0.002536957801019095,-0.0004330039613390222,0.592774728182974
2023-05-30,-0.0014195560488753497,-0.0028524655488849056,0.0014329095000095555,0.5905152992555087
2023-05-31,-0.00020693746027656765,0.006420271991404072,-0.00662720945168064,0.5901861961120085
2023-06-01,-0.0031085946016828556,-0.0072727818015518005,0.004164187199868945,0.585250627203052
2023-06-02,0.0016744283558302953,0.007297102302368659,-0.005622673946538363,0.5879072393369849
2023-06-05,0.0007885096663240233,0.00326945442015855,-0.002480944753834526,0.589159813312873
2023-06-06,-0.0009717818578945165,-0.002294061894228158,0.001322280036333642,0.5876162467634587
2023-06-07,0.009308403649084767,0.017822779713006616,-0.008514376063921851,0.6024634141373733
2023-06-08,-0.01076630554649015,-0.003660342746414356,-0.007105962800075794,0.5853033444269715
2023-06-09,-0.001690912011969648,-0.0037128285939994664,0.0020219165820298183,0.5826250010189411
2023-06-12,0.0028762306015397607,0.001562346603028216,0.0013138839985115452,0.5871835480512451
2023-06-13,0.002391751418962201,0.002846413899825929,-0.0004546624808637284,0.5909842398976952
2023-06-14,-0.000554768497866042,0.0018716497864922506,-0.0024264182843582926,0.5901018567426182
2023-06-15,0.0005401053315440064,0.006604707627835319,-0.006064602296291312,0.5909609112022065
2023-06-16,0.0017219064665889591,0.001236866544378368,0.0004850399222105909,0.5937027570068509
2023-06-20,-0.004024058649124034,-0.01130456582255275,0.007280507173428716,0.5873024898053298
2023-06-21,0.008353493596412187,0.011284123505612665,-0.0029306299092004768,0.6006175471848478
2023-06-22,0.008680166328247856,0.0027677265646743696,0.005912439763573486,0.6145716480660945
2023-06-23,-0.0034699435355498597,-0.013270028349012471,0.009800084813462612,0.6089788845117179
2023-06-26,0.007335537146826561,0.013904327482189255,-0.006568790335362694,0.6208250045944363
2023-06-27,0.007678533453269869,0.008258022542508422,-0.000579489089238554,0.6333184679679809
2023-06-28,0.004147228739774747,-0.0060740159772262655,0.010221244717001012,0.6401062788327785
2023-06-29,0.006667445312666695,0.006752271143601355,-8.482583093465995e-05,0.6510781342308154
2023-06-30,0.00401651670984509,0.00896224435844652,-0.00494572764860143,0.6577230529264932
2023-07-03,-0.0052528914059148816,1.8663182028106427e-08,-0.005252910069096909,0.6490380444220041
2023-07-05,0.0007622608286845605,0.005128628440972225,-0.0043663676122876645,0.6502955207298566
2023-07-06,-0.0002002084831182276,-0.0027346218809954637,0.002534413397877236,0.6499651506395054
2023-07-07,0.003521759674556271,-0.0012405910529611353,0.004762350727517406,0.6557861754803136
2023-07-10,0.0018262742489347761,-0.00047962010981039097,0.002305894358745167,0.658812858069336
2023-07-11,0.0005850979545551703,0.007405998006008992,-0.006820900051453822,0.6597837100736463
2023-07-12,-0.00034608149109785556,0.0068271689855231845,-0.007173250476621041,0.6592093890390365
2023-07-13,-0.005770587761335157,-0.0029271225230108294,-0.002843465238324328,0.6496623481565638
2023-07-14,-0.007648618649946093,-0.006884302333342137,-0.000764316316603956,0.637092840915811
2023-07-17,0.006327964216099269,-0.0017418185910751927,0.008069782807174462,0.6474851522402831
2023-07-18,0.001649361641638225,-0.0014893746478515338,0.003138736289489759,0.6502046931923029
2023-07-19,0.0017668090367093392,0.00982364987187637,-0.008056840835167032,0.6531228669253986
2023-07-20,-0.0033629232181175677,0.006516427252630906,-0.009879350470748473,0.6475728789759989
2023-07-21,-0.0061286863684745785,0.0005142494669898065,-0.006642935835464385,0.6375063004917563
2023-07-24,-0.0005051421860246561,-0.0018241178128746332,0.001318975626849977,0.6366793358644411
2023-07-25,0.0008105554133068767,0.0024542716859596624,-0.0016437162726527857,0.6380064929544935
2023-07-26,-0.0020923329202481578,-0.0005760926426270169,-0.0015162402776211412,0.6345828210254758
2023-07-27,-0.002184584902244418,-0.010991173712039906,0.008806588809795488,0.6310158336851346
2023-07-28,0.010723786889374297,0.007262108465397706,0.003461678423976591,0.6486006191245843
2023-07-31,0.0011351897785049166,0.0006118659311876635,0.0005233238473172529,0.6504731563377155
2023-08-01,0.004351730264980231,-0.0028920383793409918,0.007243768644321223,0.657671220982093
2023-08-02,0.0003881997760223565,0.001177485392608622,-0.0007892856165862658,0.6583148534997136
2023-08-03,0.009447216229607567,-0.004029073799424287,0.013476290029031855,0.6740555483000819
2023-08-04,0.005976027654147165,-0.001533580310038139,0.007509607964185304,0.6840897028815498
2023-08-07,0.0009320873024059351,0.0020780922519399144,-0.0011460049495339792,0.685660153294464
2023-08-08,-0.003531377888557621,-0.001398045931910361,-0.00213333195664726,0.6797179485619496
2023-08-09,0.012516138701217625,0.010265414399052163,0.0022507243021654636,0.7008736490499992
2023-08-10,0.0006728482936726613,-0.0013971240449526705,0.0020699723386253316,0.7020184640827454
2023-08-11,-0.004239175518536273,-0.0017052914804432072,-0.0025338840380930657,0.6948185806447003
2023-08-14,0.005364195500097322,-0.00033804851177414593,0.005702244011871468,0.7039343463646763
2023-08-15,0.005112762745933978,-0.005966713493069714,0.011079476239003693,0.7126684671298527
2023-08-16,-0.0034795701882362915,0.0010781978347261692,-0.004557768022962461,0.7067194729629127
2023-08-17,-0.00272886827690932,-0.005729462149147739,0.0030005938722384193,0.7020684092918781
2023-08-18,-0.0038608019891235718,0.0015752613979609631,-0.005436063387084535,0.6955097292210495
2023-08-21,0.007343833698988694,0.0031478772111445622,0.004195956487844134,0.7080071038607745
2023-08-22,-0.0014742674714272876,-0.00033611490477853485,-0.0011381525666487528,0.7054908997812388
2023-08-23,0.004676225109623557,0.005387715561964598,-0.0007114904523410402,0.7134848353050429
2023-08-24,-0.0033107811967766996,-0.005640046958910552,0.0023292657621338513,0.7078212425628789
2023-08-25,0.0021866976297886184,0.004412820349884433,-0.0022261227200958142,0.7115598173026432
2023-08-28,0.0007079103331712538,0.000628482685330347,7.942764784090665e-05,0.7127718771473794
2023-08-29,-0.002736582754259741,0.0008586583491683024,-0.0035952411034280434,0.7080911426961083
2023-08-30,0.007874435882722684,0.004591662011931841,0.003282773870790844,0.7215944927383486
2023-08-31,0.005306690811301419,-0.002328897702105529,0.0076355885134069485,0.7307547462334865
2023-09-01,0.006271079254158844,0.0014386787193706005,0.004832400534788244,0.7416425498748791
2023-09-05,0.001304918770371703,-0.006933781796014638,0.00823870056638634,0.7439167354204825
2023-09-06,-0.0016570579504088059,0.0016371591065927412,-0.003294217057001547,0.7410293572663562
2023-09-07,-0.0017582169109842923,0.007317631535732647,-0.009075848446716939,0.7379709394767102
2023-09-08,0.005249527711460226,0.00967775759597589,-0.004428229884515665,0.747118455146796
2023-09-11,-0.009658313089200002,-0.0025227656638221433,-0.007135547425377859,0.7303254646246771
2023-09-12,-0.001149173954258583,0.0002521517547901049,-0.001401325709048688,0.7283381617653852
2023-09-13,-0.0038065012357236415,0.003355272855270361,-0.0071617740909940015,0.7217717458806119
2023-09-14,-0.0005835234535127286,0.005420582537312612,-0.00600410599082534,0.7207673447596001
2023-09-15,0.0007717826376645117,0.0004969715077598282,0.00027481112990468355,0.722095915737806
2023-09-18,5.033675681803554e-05,0.0023548266393974356,-0.0023044898825794,0.7221826026428841
2023-09-19,-0.004192217303317958,-0.005767525823715397,0.0015753085203974392,0.7149779512204111
2023-09-20,-0.0016034198259180137,-0.0032514833632569535,0.0016480635373389396,0.7122303249602904
2023-09-21,-0.007545069354836293,-0.008890630694861446,0.0013455613400251522,0.6993600430484679
2023-09-22,0.0034057755614929014,0.0006744938485410698,0.002731281712951831,0.7051575488511301
2023-09-25,0.003668842266737727,0.001283630018455256,0.002385212248282471,0.7114249930396812
2023-09-26,0.0076307721242513515,-0.014423220029403407,0.02205399215365476,0.7245344411628702
2023-09-27,0.004101470326813719,-0.0009144346443552436,0.005015904971168963,0.7316220929618997
2023-09-28,0.0012907991229930882,-0.006615002914270634,0.007905802037263723,0.7338587124435356
2023-09-29,-0.00015340726938876134,0.0011872469907050038,-0.0013406542600937655,0.7335927463140441
2023-10-02,0.015823728675311823,-0.004161972314288563,0.019985700989600386,0.7612428343702127
2023-10-03,-0.004965025664423327,0.0012375501416992392,-0.006202575806122566,0.7525198912340005
2023-10-04,-0.0017164625629731063,-0.0017262245687395972,9.762005766490982e-06,0.7495143366487198
2023-10-05,0.006553345668276865,0.005384590507474915,0.0011687551608019504,0.7610171586658254
2023-10-06,-0.0025122079412773233,0.001201819746315403,-0.0037140276875927258,0.7565986697803588
2023-10-09,0.0036833906480269016,0.00580224570632896,-0.0021188550583020587,0.7630808397462503
2023-10-10,-0.003731067070639169,0.0017660820170054374,-0.005497149087644607,0.7565149234361972
2023-10-11,-0.0007269473734911353,0.007483957652695639,-0.008210905026186774,0.7552384935310019
2023-10-12,0.00811975125926887,-0.0009232087011854762,0.009042959960454346,0.7695486121786015
2023-10-13,-0.0071936374810598535,-0.0012147001815984305,-0.005978937299461424,0.7568647970387086
2023-10-16,-0.0027253292321607046,0.003404818915905915,-0.006130148148066619,0.7520832806131561
2023-10-17,0.0026341158119757386,0.002871997055446765,-0.00023788124347102693,0.7567045547000049
2023-10-18,-0.00042510845298082337,-0.00375409266064468,0.0033289842076638567,0.7559579234552829
2023-10-19,0.0018399580976733551,-0.004147474429162642,0.005987432526835998,0.7591917866297464
2023-10-20,0.000726092647521559,-0.0029574504141326617,0.0036835430616542213,0.760469586696076
2023-10-23,0.005513022830181385,-0.0016493952713927292,0.007162418101574114,0.7702018982975551
2023-10-24,-0.003391177502286258,0.008966548558766527,-0.012357726061052786,0.7642089966853431
2023-10-25,-0.0027791581450561935,-0.00010161613980443117,-0.002677542005251762,0.7593127877035712
2023-10-26,0.001061031541620034,0.0023152652758649506,-0.0012542337342449166,0.7611804647197948
2023-10-27,0.0027200294515766278,-0.007734242111758414,0.010454271563335041,0.765977448464342
2023-10-30,-0.002819908734452964,0.003588054420915005,-0.006407963155367969,0.7610045680623252
2023-10-31,-0.0013804311929313667,0.0019479064437292087,-0.003328337636660575,0.7585752995304718
2023-11-01,-0.0022741700825684823,0.0,-0.0022741700825684823,0.7545805442944475
2023-11-02,-0.004138410161701003,-0.0008882064620661909,-0.003250203699634812,0.747334374493539
2023-11-03,0.000527043232516581,0.001096500830688997,-0.000569457598172416,0.7482555379757263
2023-11-06,0.0012780872116971325,-0.0004429455842297077,0.0017210327959268402,0.7504913895238705
2023-11-07,0.0002779791534035735,-0.0009419452584532406,0.0012199244118568141,0.7509780572769817
2023-11-08,0.00016952063855945644,0.010791520228611616,-0.01062199959005216,0.751274909355921
2023-11-09,0.0031757294628131072,-0.0022014267183687796,0.0053771561811818865,0.7568453250681075
2023-11-10,0.003193526104803213,0.005437669010436202,-0.0022441429056329894,0.7624648247092916
2023-11-13,-7.560473857087194e-05,-0.004339877606928654,0.004264272868357782,0.7623315790540441
2023-11-14,-0.0001488837192360655,0.019165298327354405,-0.01931418204659047,0.7620692161052978
2023-11-15,0.0004789955800627002,-0.0006948015224995277,0.0011737971025622279,0.7629134416455867
2023-11-16,0.0008352435018208922,0.003430472866799366,-0.0025952293649784738,0.7643865187453927
2023-11-17,0.0020987688476922254,0.0024672061335955977,-0.0003684372859033722,0.7680934468381253
2023-11-20,-0.0019264683915522134,-0.004632806950529421,0.0027063385589772074,0.7646905495389498
2023-11-21,-0.008735117230697071,-0.008484679593852986,-0.00025043763684408577,0.7493429000597862
2023-11-22,0.0006374000350790822,0.004993806465395278,-0.004356406430316194,0.7504582867216352
2023-11-24,-0.001076353973424053,0.0009290106913254837,-0.002005364664749537,0.7485751876118172
2023-11-27,0.0003062680578880434,0.0032363684131677803,-0.0029301003552797368,0.7491108023552553
2023-11-28,0.002067315781613469,0.0028847289451436227,-0.0008174131635301533,0.7527305069678338
2023-11-29,0.002206734473787807,-0.00308658709794912,0.005293321571736926,0.7566025885574685
2023-11-30,0.005027764813614739,0.008778602665437105,-0.003750837851822367,0.7654566125676081
2023-12-01,-0.006053854859438656,0.006088787346835307,-0.012142642206273964,0.754801080539665
2023-12-04,-0.0011283162412366963,-0.0009271775396206204,-0.00020113870161607525,0.7528222265768247
2023-12-05,0.004735555597300159,-0.0026768762458046344,0.007412431843104792,0.7611424986897102
2023-12-06,-0.00401570130402227,-0.0001658924744009588,-0.0038498088296213123,0.7540844574386252
2023-12-07,-0.003200786563571905,4.546892087309621e-05,-0.003246255484445001,0.7484789832248471
2023-12-08,0.0010264893022540148,0.0015936650272342938,-0.0005671757249802786,0.7502746996805334
2023-12-11,0.00168608898095345,0.0032851194119487997,-0.0015990304309953499,0.7532283078886999
2023-12-12,0.0015531361863431784,0.0015930438302230406,-3.990764387986213e-05,0.7559534259085061
2023-12-13,-0.008838537469856736,0.014506910304363995,-0.023345447774220734,0.7405017514500678
2023-12-14,0.012570275655179042,-0.005749179382402067,0.018319455037581107,0.7625184261720916
2023-12-15,0.00919986256987804,-0.0035322909295984637,0.012732153499476505,0.7788081702798975
2023-12-18,0.0032648531522586352,0.0008214134597824994,0.0024434396924761354,0.7846252084625107
2023-12-19,-0.0016856709950994315,0.004036170503556491,-0.005721841498655923,0.7816194515818129
2023-12-20,-0.00024278381336190484,-0.009091139159169646,0.008848355345807742,0.7811869557210196
2023-12-21,0.0006719583911817991,0.002621528196276921,-0.001949569805095122,0.7823842414602289
2023-12-22,-0.0014922719091334602,0.0016404521146139422,-0.003132724023747403,0.7797264231124648
2023-12-26,0.005078804098549617,0.008484052636864636,-0.003405248538315019,0.7887882972274838
2023-12-27,0.001328962436194305,0.0012631757671375016,6.578666905680361e-05,0.7911671100071067
2023-12-28,-0.0014882203110117734,0.004221031863698881,-0.0057092521747106545,0.7885034412881469
2023-12-29,0.0007962093900112553,-0.00010573766798831452,0.0009019470579995698,0.7899280315829929
2024-01-02,0.001906435742929747,0.0063285464162790885,-0.0044221106733493415,0.7933436691719562
2024-01-03,-0.000926161822646096,-5.693779509285924e-05,-0.0008692240275532369,0.7916835116366199
2024-01-04,0.00222919594855993,0.00025576375770561835,0.0019734321908543117,0.7956819802911206
2024-01-05,-0.0009742286304163295,0.0012298861194707182,-0.0022041147498870475,0.7939334273782521
2024-01-08,0.0006397546901991369,0.0023335027740307717,-0.001693748083831635,0.7950814718965984
2024-01-09,0.0007812979524283365,0.0010712445118203225,-0.00028994655939198615,0.7964845134003893
2024-01-10,-0.0016197216213983104,-0.0020096197449855787,0.0003898981235872682,0.7935770638566126
2024-01-11,0.00445256953323574,-0.0115113360620233,0.01596390559525904,0.8015808960330562
2024-01-12,-0.002002754183935971,0.0010155799070546891,-0.0030183340909906604,0.797976383037384
2024-01-16,-0.0011044455728017304,-0.004620258823502934,0.0035158132507012033,0.7959917121633582
2024-01-17,0.0003733982381857867,-0.00700340745495103,0.007376805693136816,0.7966624575242511
2024-01-18,0.0012221019294958782,-0.005055429549596303,0.006277531479092181,0.7988595044144193
2024-01-19,-0.004303672780975752,-0.0015468305152312625,-0.002756842265744489,0.7911344367336064
2024-01-22,-0.001541434067446434,-0.004417373283254793,0.002875939215808359,0.788375647885251
2024-01-23,-0.0012215697233447266,-0.0009913288324158267,-0.00023024089092889993,0.7861923561328767
2024-01-24,-0.0012022412260691683,-0.008412487627268806,0.007210246401199638,0.7840462123943841
2024-01-25,-0.00035208740301628447,0.010194444320677988,-0.010546531723694273,0.7834181827637496
2024-01-26,-0.0010957104977961933,0.001035092085126644,-0.002130802582922837,0.7814651429174646
2024-01-29,-9.757168026298686e-05,0.0032059556246160237,-0.0033035273048790106,0.7812913308498457
2024-01-30,-0.00075339306482622,-3.285511129167101e-05,-0.0007205379535345491,0.7799498237192861
2024-01-31,0.0007060559928308234,-0.0008568327561635472,0.0015628887489943708,0.7812070117295984
2024-02-01,-0.005470596202242181,0.0052895351025229005,-0.010760131304765082,0.7714893523464441
2024-02-02,-0.00118276517270743,-0.005613605684523201,0.004430840511815772,0.7693953350461495
2024-02-05,0.00452658013289547,-0.006017590449661855,0.010544170582557326,0.7774227995909275
2024-02-06,0.002856232885370179,0.0014859393225760118,0.0013702935627941672,0.7825067901164962
2024-02-07,-0.0008450523886402365,0.0005122374024722173,-0.0013572897911124536,0.7810011147726157
2024-02-08,0.002943679533573614,-0.0027273369709731,0.005671016504546714,0.7862515352898036
2024-02-09,0.00032669931441795625,0.0025096382097923647,-0.002182938895374408,0.7868351977776369
2024-02-12,-0.0011378392008675178,0.0024628922438165897,-0.0036007314446841075,0.7848032228936841
2024-02-13,-0.0024402724484397635,-0.0040551435384167025,0.0016148710899769395,0.7804531266317076
2024-02-14,-0.0005258588310106133,0.0014996783127833421,-0.0020255371437939555,0.7795171057608581
2024-02-15,-0.0037702293348304983,0.005383027496241793,-0.009153256831072291,0.7728205498750271
2024-02-16,0.00014284093974038152,-1.211077921344113e-05,0.00015495171895382265,0.7730737993151255
2024-02-20,-0.001036164612729249,0.0003220682136736673,-0.0013582328264029164,0.7712375544787662
2024-02-21,0.0013677906701798834,0.006523342948380393,-0.00515555227820051,0.773661894297182
2024-02-22,-0.003378286289761692,-0.0038169488146804426,0.00043866252491875076,0.7676800664895653
2024-02-23,-0.004871995880904246,0.002088112289282688,-0.006960108170186935,0.7590888815891981
2024-02-26,0.002411487078580615,-0.005485072395221984,0.007896559473802599,0.7633360205994593
2024-02-27,-0.008080167474665454,0.0032722065965468134,-0.011352374071212269,0.7491453788277258
2024-02-28,-0.005742524438136717,-0.0006310712625588728,-0.005111453175577844,0.7391296540398202
2024-02-29,-0.00396101889211952,0.0012988604810537936,-0.005259879373173314,0.7322545538142651
2024-03-01,7.338191538558997e-05,0.0,7.338191538558997e-05,0.732381674635487
2024-03-04,-0.002203991363216957,0.002263518643754579,-0.004467510006971536,0.7285677248868279
2024-03-05,-0.0041464925403279325,-0.0008669466475598822,-0.0032795458927680505,0.7214150711709715
2024-03-06,-0.000548814510862276,0.002807383999109462,-0.003356198509971738,0.7204705927961206
2024-03-07,0.00045220068755732904,0.001724851375602846,-0.001272650688045517,0.721248766713235
2024-03-08,0.0076516258802945296,0.005703469533569676,0.0019481563467248532,0.7344696343857988
2024-03-11,0.005519899459404922,0.0014025458176277587,0.004117353641777163,0.7440702050986745
2024-03-12,-0.005763599055520874,-0.002126829858060575,-0.0036367691974602983,0.7340469963368761
2024-03-13,-0.0018988473092449909,-0.0003167424086837994,-0.0015821049005611916,0.7307574300442401
2024-03-14,-0.006691183443799776,-0.0035525940648075583,-0.0031385893789922176,0.7192152729918759
2024-03-15,0.0032172044510985457,0.0007305086885857837,0.002486695762512762,0.7247552468564165
2024-03-18,-0.0006782181031073569,0.0008052096295039965,-0.0014834277326113534,0.7235858832111894
2024-03-19,0.0004784508162229582,0.0027255566318823313,-0.002247105815659373,0.7244107315927979
2024-03-20,-0.005182182390401052,-0.00047382225739731385,-0.004708360133003738,0.715497635257923
2024-03-21,-0.0014526989926930995,0.0009453111543324111,-0.0023980101470255106,0.7130073428318118
2024-03-22,-0.003458222603639043,-0.002410667673725688,-0.0010475549299133553,0.7070936135085124
2024-03-25,-0.005183971808386982,-0.002175660845703856,-0.0030083109626831256,0.6982669866012332
2024-03-26,8.598240152809297e-05,-0.004674441875938162,0.004760424277466255,0.6984130139529785
2024-03-27,0.010512887789326358,0.011114976740478098,-0.0006020889511517396,0.7163624241412201
2024-03-28,0.0023806020484766414,0.0043379099490398155,-0.001957307900563174,0.7204532674470445
2024-04-01,-0.001094797713776343,-0.001094797713776343,0.0,0.7185707498192115
2024-04-02,-0.005436825097642322,-0.003072226486644465,-0.002364598610997857,0.7092525349399146
2024-04-03,0.008092819873088115,0.004355246343012302,0.003737573530075813,0.72314133178602
2024-04-04,-0.002195470102079653,-0.00406891809619762,0.0018734479941179669,0.7193623763202055
2024-04-05,0.0074498403093151404,0.006399357946356701,0.0010504823629584395,0.7322191825715627
2024-04-08,0.0006101440579235756,0.004480199709449478,-0.0038700556515259025,0.7332764083100329
2024-04-09,-0.002940683827377816,-4.600124527934094e-05,-0.0028946825820984757,0.7281868774260141
2024-04-10,-0.002269555318596039,-0.013109025979913877,0.010839470661317838,0.724269109184362
2024-04-11,0.007279290883007947,0.00372979160074277,0.0035494992822651767,0.736866359490062
2024-04-12,-0.002487367708242034,-0.00338941150381502,0.0009020437955729858,0.7325515027362794
2024-04-15,-0.0014716658685055282,-0.004838658830341309,0.003366992961835781,0.7300036410846362
2024-04-16,0.0050268459906366485,-0.0031102262224666304,0.00813707221310328,0.7387219975103285
2024-04-17,-0.004530124903726666,0.007200821771508233,-0.011730946675234898,0.7308631838324249
2024-04-18,-0.007356930691654666,-0.00366030831155982,-0.0036966223800948468,0.7181760696854771
2024-04-19,-0.00028188956224527726,0.009583980775738613,-0.00986587033798389,0.7176918020435368
2024-04-22,0.0014081425098193315,0.005306531155253531,-0.0038983886454342,0.7201122606641472
2024-04-23,0.002221657165495763,0.0019334900470331928,0.0002881671184625702,0.723938008570052
2024-04-24,0.003812596303033445,0.006027449815287829,-0.0022148535122543857,0.7305232336737868
2024-04-25,0.0013616326418143386,0.0029532049389599958,-0.0015915722971456573,0.7328811755571825
2024-04-26,-0.001552635528350968,-0.007727847683920734,0.006175212155569765,0.73019273030549
2024-04-29,0.002879656108330519,0.009071045664952334,-0.006191389556621816,0.7351822710026299
2024-04-30,-0.0009062891518071662,-0.0029478754249883414,0.0020415862731811753,0.7336104065234639
2024-05-01,0.00035712135639491354,0.004678013686163998,-0.004320892329769084,0.7342296263850392
2024-05-02,-0.005893694677129345,0.002426144632575165,-0.008319839309704511,0.7240386671672465
2024-05-03,-0.0065084723035591634,-0.0008812256653166891,-0.0056272466382424734,0.7128542454822855
2024-05-06,-0.003411782886112528,0.0002779677949967855,-0.0036897506811093134,0.7070203163898996
2024-05-07,0.00947717696747856,0.004986321893746564,0.004490855073731996,0.7232749523847941
2024-05-08,-0.010214245297529059,0.005713157285464091,-0.01592740258299315,0.7057625893482615
2024-05-09,-0.009101260922348243,0.006080430980610186,-0.015181691902958427,0.6903084317871468
2024-05-10,-0.00106652959510918,-0.0002807712053551335,-0.0007857583897540462,0.688506628828667
2024-05-13,0.0033201204896774793,-0.0012809101484980365,0.004601030638175515,0.6941219909651697
2024-05-14,0.0005392481785435821,0.001277087907733191,-0.0007378397291896088,0.6950357895229886
2024-05-15,-0.006869946303174619,0.006265009465090827,-0.013134955768265448,0.6834308928177955
2024-05-16,0.005170013021137596,0.0015094650544432145,0.0036605479666943813,0.6921567895174034
2024-05-17,-0.0001434180755141099,0.0008843530316208878,-0.0010277711071349977,0.6919141210491211
2024-05-20,0.0034108574453599206,-0.002036160368363838,0.005447017813723759,0.6976948519459281
2024-05-21,-0.00039706491313985055,0.0062218393064307,-0.006618904219570551,0.6970208906990387
2024-05-22,-0.000750087407520591,-0.009900201130369303,0.009150113722848711,0.6957484539776664
2024-05-23,-0.009602712802872365,-0.015746028874993365,0.006143316072120996,0.6795426031847431
2024-05-24,-0.013238150671641115,0.0008529397097977814,-0.014091090381438895,0.6574550866466051
2024-05-28,-0.002129233526791381,-0.003528633557423683,0.0013994000306323023,0.6539297321903064
2024-05-29,0.0010248078190213086,-0.006631698307086577,0.007656506126107886,0.6556255611129189
2024-05-30,0.002499290248055382,0.009984353305022974,-0.007485063056967591,0.6597686251353734
2024-05-31,-0.008555433981118438,0.001666574022006104,-0.01022200800312454,0.6456291551354534
2024-06-03,-0.013437769540019281,-0.012636651157780298,-0.0008011183822389838,0.6236634851401073
2024-06-04,-0.00852584660259472,-0.006507785326082317,-0.0020180612765124052,0.6098792240773734
2024-06-05,0.00877824008331431,0.0010435714299864094,0.0077346686533279,0.6240733389386768
2024-06-06,-0.010705159168393735,-0.01436017342594461,0.003655014257550873,0.6067801039116467
2024-06-07,-0.0009935137321457014,-0.005589671872518448,0.004596158140372747,0.6051845385531638
2024-06-10,0.005948652250677279,0.0051355355648429885,0.0008131166858342903,0.6147616804728495
2024-06-11,0.002140285662441193,0.005185117738081,-0.003044832075639807,0.6182214328543245
2024-06-12,0.002164429379087041,-0.0025835654291309303,0.004747994808217972,0.6217277520867888
2024-06-13,-0.003115311674217398,-0.004654220050047061,0.0015389083758296628,0.6166834260918088
2024-06-14,-0.0005046821924026628,-0.0022043067261072156,0.0016996245337045526,0.6158677206092371
2024-06-17,-0.007365047113415658,-0.011780143996337205,0.004415096882921547,0.6040104968222904
2024-06-18,0.0054115330304685535,0.006690882122521801,-0.0012793490920532478,0.612714181505255
2024-06-20,-0.003878274461201317,0.0024635563524039094,-0.006341830813605226,0.6064717460452933
2024-06-21,0.001397099863537542,-0.003844419919538036,0.005241519783075578,0.6087177160593467
2024-06-24,-0.0014053088470628921,0.008190899024538293,-0.009596207871601186,0.6064585585993241
2024-06-25,0.009118590879838032,-0.0015394755837323877,0.01065806646357042,0.6211741878968451
2024-06-26,-0.0048364502235169185,-0.007069717331961781,0.002233267108444862,0.6133523897489295
2024-06-27,0.0013332537047351435,0.003525347172534819,-0.0021920934677996757,0.615504832356804
2024-06-28,-0.0013323843253797841,-0.0025452014887404036,0.0012128171633606197,0.6133537923647998
2024-07-01,-0.0021728103227223877,-0.0034195028302544147,0.001246692507532027,0.609852086239814
2024-07-02,0.0009231061899029292,0.0012631698044271499,-0.00034006361452422056,0.6113388367741859
2024-07-03,-0.0018699736772174631,-9.442670964559597e-05,-0.001775546967571867,0.6083284910751632
2024-07-05,0.003841056652725376,0.001056029347345888,0.0027850273053794884,0.6145180515418629
2024-07-08,-0.002519766407800045,-0.0010999552505993539,-0.001419811157200691,0.6104549643558894
2024-07-09,0.015868363772405854,0.010646470235178103,0.00522189353722775,0.6362140866099117
2024-07-10,0.0042715242704599735,0.005176343350259614,-0.00090481907979964,0.6432181631844263
2024-07-11,-0.002728659979593654,0.0070225696373537125,-0.009751229616947367,0.638740491345019
2024-07-12,-0.0032310545906471897,0.0017829698325660974,-0.005014024423213287,0.633454176143047
2024-07-15,-0.00044698922124570325,-0.017300110606727682,0.01685312138548198,0.6327242028901541
2024-07-16,-0.0029677983192767984,0.003892397561665285,-0.006860195880942084,0.6278857900131012
2024-07-17,-0.013991444599666713,-0.013417420178354742,-0.0005740244213119725,0.6052679135232217
2024-07-18,3.1114107005438094e-06,0.0003231934818600935,-0.0003200820711595497,0.6052729081787553
2024-07-19,-0.0015857180336677813,-0.0008842424575258135,-0.0007014755761419678,0.6027294151436531
2024-07-22,0.0029408303494723965,0.007173010880371061,-0.004232180530898665,0.6074497078377592
2024-07-23,0.0034211587092280943,0.0006755236183553094,0.0027456350908727843,0.6129584662006751
2024-07-24,-0.01558847067956432,-0.012052510172542828,-0.003535960507021493,0.5880098708742008
2024-07-25,-0.004084094011403748,-0.004934310792275532,0.0008502167808717839,0.5815375151216748
2024-07-26,0.006904152907643449,0.009491817444645811,-0.002587664537002362,0.592494472686425
2024-07-29,-0.0018900453249957503,0.0006888594912323564,-0.0025789048162281067,0.5894874285732412
2024-07-30,-0.0015440361079476841,3.2448890761349256e-05,-0.0015764849987090334,0.5870350963223736
2024-07-31,0.030663539759094874,0.027937396710870973,0.0027261430482239004,0.6364530020062704
2024-08-01,-0.018312393100859584,-0.009898835589064115,-0.00841355751179547,0.6067583512231522
2024-08-02,-0.015612138516251269,-0.016238153520668402,0.0006260150044171357,0.5818682169494089
2024-08-05,0.010983671680790893,-0.007876052237716199,0.01885972391850709,0.5993387075150656
2024-08-06,0.014123694905633569,0.015135735721682983,-0.0010120408160494134,0.6220875501693492
2024-08-07,-0.002006806121724718,0.0010588515378136749,-0.003065657659538393,0.6188355990527741
2024-08-08,0.02549386327653779,0.02607969159013011,-0.0005858283135923199,0.6606365422738674
2024-08-09,0.0025980907622607965,0.0043970518221789455,-0.0017989610599181492,0.6649566363019352
2024-08-12,-0.004062754135667652,-0.002335718866997659,-0.0017270352686699927,0.6582060491155111
2024-08-13,0.008908512987776186,0.010597095989206533,-0.001688583001430348,0.6730441940122778
2024-08-14,-0.0025047764262884553,-0.0004292882194258155,-0.0020754882068626398,0.6688588362359353
2024-08-15,0.0036516091905470453,0.004048643346520859,-0.0003970341559738139,0.6749639965458327
2024-08-16,-0.005137985723653633,-0.003582947753607805,-0.0015550379700458277,0.6663801262292341
2024-08-19,-0.0011314294919677705,0.0031218921271556573,-0.004253321619123427,0.6644958008012858
2024-08-20,-0.0020333663198753575,-0.0024501639976700317,0.0004167976777946739,0.6611147097636314
2024-08-21,0.0034038771064467746,0.00711536659084331,-0.003711489484396535,0.6667785741759422
2024-08-22,-0.004322351210456805,0.00011861176421830319,-0.0044409629746751085,0.6595897193582276
2024-08-23,0.008410104041817303,0.008196502844121302,0.00021360119769600063,0.6736058977104475
2024-08-26,-0.0056176094987245035,-0.00026101582099823757,-0.005356593677726266,0.6642305913824069
2024-08-27,0.0017068379293390364,-0.0014560187894585785,0.0031628567187976147,0.6670735888566981
2024-08-28,-0.012078100582087133,-0.010650565394050647,-0.0014275351880364859,0.647059615070438
2024-08-29,0.006357314102134556,0.009889256890335887,-0.0035319427882013307,0.6575638443531244
2024-08-30,0.004932056402218142,0.007434053236567444,-0.002501996834349301,0.6657592361782529
2024-09-03,-0.013049911039755667,-0.008600362558359007,-0.00444954848139666,0.6441624508896844
2024-09-04,-0.005051602319164146,-8.137644829959577e-05,-0.004970225870864551,0.6358777391920056
2024-09-05,0.0005145789725364236,-0.0017201056426176696,0.0022346846151540933,0.6367197440986645
2024-09-06,-0.0009794158759899012,-0.006796288521337419,0.0058168726453475175,0.6351174995566993
2024-09-09,-0.001267997473568413,0.0023316523151633963,-0.00359964978873181,0.6330454886282031
2024-09-10,-0.02670638656823168,-0.02265135592995926,-0.00405503063827242,0.5900099640291936
2024-09-11,0.013912398191871756,0.013062141093696801,0.0008502570981749547,0.6122854089152314
2024-09-12,0.004336476446527105,0.002848448086375774,0.0014880283601513306,0.619292228088945
2024-09-13,0.013547225867475402,0.019029508043977572,-0.005482282176502171,0.641378411119532
2024-09-16,0.00425362057864028,0.010199695305066134,-0.0059460747264258535,0.6483750821489467
2024-09-17,0.006936621330228285,0.0047762761853068075,0.002160345144921478,0.6598489849563023
2024-09-18,0.0037942634236638128,-0.0007465110869838525,0.004540774510647666,0.6661588523282518
2024-09-19,0.0031120703029004124,-0.0008082159899925616,0.003920286292892974,0.6713521325476686
2024-09-20,0.03286220405290228,0.04045586178788415,-0.007593657734981869,0.727188881830515
2024-09-23,0.005119620184851335,0.009732285571461902,-0.004612665386610567,0.7360541068218922
2024-09-24,0.004738811258039654,0.000684133576228013,0.0040546776818116415,0.7443004630989436
2024-09-25,0.00974645674382735,0.010877995053785186,-0.001131538309957835,0.7613843304602022
2024-09-26,-0.003663260625568164,-0.003317810347268659,-0.00034545027829950504,0.7549437246073101
2024-09-27,0.005226597462291397,0.00937122248811657,-0.004144625025825173,0.7641401210208187
2024-09-30,-0.0019737547379041,0.002083155554922168,-0.004056910292826268,0.7606615751261305
2024-10-01,0.0048771956463021515,0.008220243126298927,-0.003343047479996774,0.7692696406414166
2024-10-02,0.0024445470932461318,0.00304002095140063,-0.0005954738581544983,0.7735999943189151
2024-10-03,0.009502664061138822,0.007905852864751697,0.0015968111963871245,0.7905342520941683
2024-10-04,0.005475403975152735,0.005801662861160854,-0.00032625888600811893,0.8003650396617832
2024-10-07,-0.0038805775910643603,-0.012302702715088674,0.008422125124024314,0.7933921216581712
2024-10-08,0.0008328797440825814,0.000164824669877392,0.0006680550742051892,0.794886423830121
2024-10-09,-0.013500990140695434,-0.015631507117709796,0.002130516977014363,0.7708165292371549
2024-10-10,-0.0035861341815004474,-0.00605051570518578,0.002464381523685332,0.7644775166208979
2024-10-11,0.0045938776348117836,0.00884663283426343,-0.004252755199451645,0.7726019574772205
2024-10-14,0.006174144627696538,0.01307813882619013,-0.00690399419849359,0.7835801138185434
2024-10-15,-0.009162101168532406,-0.003951344290834875,-0.00521075687769753,0.7673134047815187
2024-10-16,0.010719239461659116,0.016248802522469685,-0.005529563060810566,0.786359558140618
2024-10-17,-0.021596705341443274,-0.02282097157933561,0.0012242662378923338,0.748193689068624
2024-10-18,0.005684665800191029,0.008007316652321038,-0.002322650852130008,0.7581598863569461
2024-10-21,-0.0004414048002946854,-0.0026660283458308826,0.002224623545536197,0.7573839973965761
2024-10-22,-0.005695940218259832,-0.006889939211934969,0.001193998993675136,0.747402497207476
2024-10-23,0.0035986958776766122,0.00884637383961631,-0.005247677961939699,0.7537021959219707
2024-10-24,0.004104949723594739,0.0021105856318105035,0.001994364091784235,0.7609158509825225
2024-10-25,-0.002211191339236207,-0.01128492167334569,0.009073730334109482,0.7570264308145347
2024-10-28,0.006512103506430287,0.00951538537378855,-0.003003281867358262,0.7685057053402362
2024-10-29,0.0036294216971311296,-0.008018977265126079,0.011648398962257209,0.7749360204225206
2024-10-30,-0.004402516601280602,-0.0021933384286546894,-0.0022091781726259127,0.7671390109517819
2024-10-31,0.02614303273247296,0.026612339092024366,-0.0004693063595514035,0.813946563763944
2024-11-01,-0.01402275673089926,-0.019881543368076477,0.005858786637177215,0.7886875468073602
2024-11-04,9.915324877143037e-05,-0.00046948855966902694,0.0005686418084404575,0.7888649097815754
2024-11-05,0.004908423045779297,0.012002538884585495,-0.007094115838806196,0.7976670000497863
2024-11-06,0.003822824222944063,0.0005602817680973099,0.0032625424548467525,0.8045523172959814
2024-11-07,0.015142502059892721,0.007541049875174437,0.007601452184718285,0.8320856904534615
2024-11-08,0.01524234877941462,0.027727086043830323,-0.012484737264415704,0.8602248884821619
2024-11-11,-0.004566760100067152,0.00374842416959552,-0.00831518426966267,0.8517490559616703
2024-11-12,-0.010135462137158761,-0.010012058547218662,-0.00012340358994010025,0.833075515853861
2024-11-13,-0.00033913952586275397,-0.0019966057704228586,0.0016574662445601046,0.8324539528967845
2024-11-14,-0.0015347981589143261,-0.006615394620033668,0.005080596461119341,0.8296436631090403
2024-11-15,0.002365914294526643,0.010838047549843566,-0.008472133255316924,0.8339775680076513
2024-11-18,0.0037833373663806527,0.00800367449627848,-0.004220337129897827,0.8409292658869645
2024-11-19,0.014540643604650539,0.015745053529439335,-0.0012044099247887972,0.867893123082712
2024-11-20,-0.000709537502578629,0.000994652094286141,-0.00170418959686477,0.8665682529391858
2024-11-21,0.011559430846480161,0.01935730876791865,-0.007797877921438491,0.8882699073176106
2024-11-22,-0.01067670181979773,-0.00891334081229348,-0.0017633610075042509,0.8682166543551901
2024-11-25,-0.012811798930367442,-0.010885648391681001,-0.001926150538686441,0.8444341121049039
2024-11-26,0.025009152678084463,0.028975828885176688,-0.003966676207092222,0.8911434929005979
2024-11-27,-0.013192542571989879,-0.010663791492991919,-0.0025287510789979593,0.8663583508542656
2024-11-29,0.011619780604374352,0.008764051125452409,0.002855729478921944,0.8881715120614955
2024-12-02,-0.004243236479950004,-0.01691277758503537,0.012669541105085367,0.8801765281207119
2024-12-03,-0.0036085078368293193,-0.004567155535308587,0.0009586476984792673,0.873404122871881
2024-12-04,0.011508854783599363,0.010152409877138446,0.0013564449064609172,0.8950894059021393
2024-12-05,0.006127746073797761,0.003544815901039984,0.0025829301727577766,0.9067376849681312
2024-12-06,-0.005753865112373923,-0.008576816646653915,0.002822951534279992,0.8957980762221169
2024-12-09,-0.01822695376654844,-0.0221388841285496,0.0039119303620011574,0.8615564604886807
2024-12-10,-0.012468852307847708,-0.013779261972514924,0.0013104096646672162,0.8384890985452311
2024-12-11,0.010038144742772395,0.005337210049731738,0.0047009346930406565,0.8570370560178557
2024-12-12,-0.0035866484775182897,-0.0011274477889111592,-0.0024592006886071304,0.8503884471270056
2024-12-13,0.0002751759577820891,0.00028728708921386807,-1.2111131431779014e-05,0.8508976996040181
2024-12-16,0.0012009379197311801,-0.0012128420091192934,0.0024137799288504735,0.8531218481018357
2024-12-17,-0.011775652973914754,-0.012661906149793564,0.000886253175878809,0.8314281079594605
2024-12-18,-0.00985054151310081,-0.021659332687266317,0.011808791174165507,0.8134761129511268
2024-12-19,0.003653243266304992,0.008373443849304144,-0.004720200582999152,0.8201132985944917
2024-12-20,0.0009782684773299091,0.01059553343732738,-0.00961726495999747,0.8218947292763457
2024-12-23,0.004899294347901976,0.0053463250912051796,-0.0004470307433032039,0.8308426291254467
2024-12-24,0.0030887571392624624,0.007319799207149385,-0.004231042067886923,0.8365063998702902
2024-12-26,-0.0005830338799890367,-0.0006263100742649162,4.327619427587948e-05,0.8354359664981328
2024-12-27,-0.006516587993729306,-0.007663649964790201,0.0011470619710608947,0.8235140737366891
2024-12-30,0.004341589199283631,0.000598682594581881,0.0037429066047017503,0.8314482337127544
2024-12-31,-0.00523765601814308,-0.005701817971588258,0.00046416195344517854,0.8218808151451891
2025-01-02,0.013999666729558342,0.012908976122323747,0.0010906906072345943,0.8475659112691307
2025-01-03,1.7008965640466674e-05,0.0028055820741447837,-0.002788573108504317,0.8475973367214904
2025-01-06,0.007089527839385722,-0.0031153121989459277,0.01020484003833165,0.8607424708155123
2025-01-07,-0.0007587739277925705,0.001543013648610069,-0.0023017875764026396,0.8593311234568244
2025-01-08,0.0012926790791310651,0.0013983178868411422,-0.00010563880771007712,0.861736196059903
2025-01-10,0.03269495860422568,0.014375073708257238,0.018319884895968436,0.9236115786965036
2025-01-13,0.0019675983676226065,-0.0017994653850843625,0.003767063752706969,0.9274001997186703
2025-01-14,0.0013654548060505146,0.005439152369052791,-0.004073697563002276,0.9300337751895162
2025-01-15,0.0005645883694120135,0.010044225616511238,-0.009479637247099226,0.9311237574782685
2025-01-16,-0.005381777024655641,0.00788715102396772,-0.013268928048623362,0.9207587959814667
2025-01-17,-0.002199857762786392,-0.0009713383572534495,-0.0012285194055329427,0.9165380440627728
2025-01-21,0.007044230313023234,0.014145943841757713,-0.007101713528734479,0.9300862417381137
2025-01-22,0.014371473904149038,-0.0038682996719686977,0.018239773576117734,0.9580247033659981
2025-01-23,0.0021503623090845412,-0.0011115830279278473,0.003261945337012389,0.9622396961449777
2025-01-24,0.001233304467646804,0.003993565928134316,-0.002760261460487512,0.9646612280649578
2025-01-27,-0.038595865202007695,-0.03138366723911994,-0.007212197962887748,0.8902781021388206
2025-01-28,0.01490036296398952,0.003187018005252393,0.011713344958737128,0.9186548186347909
2025-01-29,0.006017400858972624,0.0029462463573719654,0.003071154501600658,0.9302349399623886
2025-01-30,0.005108522724192887,0.01121566428519974,-0.006107141561006854,0.940120818634832
2025-01-31,-0.003178327225164246,-0.004319282300606136,0.0011409550754418896,0.9339642687645568
2025-02-03,-0.0014133055971304602,0.003069163318719299,-0.004482468915849759,0.9312329168110043
2025-02-04,-0.001391780145187827,-0.004939729267447296,0.003547949122259469,0.9285469347634696
2025-02-05,0.0029092263784945924,0.009214413300438005,-0.006305186921943414,0.9341656835213965
2025-02-06,-0.00680130946209761,-0.004559904980414611,-0.0022414044816829997,0.9210554580445791
2025-02-07,-0.0095802831414457,-0.00771140927846895,-0.0018688738629767518,0.90273908095773
2025-02-10,0.004215849613020705,0.0052218136270872975,-0.0010059640140665912,0.9107776756228843
2025-02-11,-0.0037529738134903,0.0009604563049730288,-0.004713430118463329,0.9036200166973147
2025-02-12,0.0029562691339857713,0.0034284479898754553,-0.0004721788558896834,0.9092559563681393
2025-02-13,-0.005131699029682344,0.0019176750210013744,-0.007049374050683718,0.8994833259746842
2025-02-14,0.0012933058655690138,-0.0022052959497089585,0.0034986018152779724,0.9019415281627314
2025-02-18,0.01796550869542559,0.0218628385009082,-0.0038973298054826096,0.936419656441521
2025-02-19,0.00037130452688587763,0.00425884059348876,-0.0038875360666028817,0.9371387913266653
2025-02-20,-0.01307043435385554,-0.012656148177249955,-0.00041428617660558545,0.9119842941298011
2025-02-21,-0.02916201382780894,-0.022034723684460203,-0.007127290143348735,0.8570321338614255
2025-02-24,-0.014311282125005164,-0.012178159755572009,-0.0021331223694331532,0.8306448910853459
2025-02-25,-0.010455485407250402,-0.007282109785358109,-0.0031733756218922937,0.8116043227875163
2025-02-26,0.03210114927556283,0.031619000006290005,0.0004821492692728317,0.8707023865863117
2025-02-27,-0.03650195242235459,-0.040147286873158855,0.0036453344508042642,0.8036493258096615
2025-02-28,0.008029337812473279,0.02012390967742739,-0.012094571864954112,0.818189732341241
2025-03-03,-0.022910995612622834,-0.01801679739538451,-0.00489419821723832,0.7770067681593158
2025-03-04,0.010954144609755268,-0.0028054988817541263,0.013759643491509394,0.7965793620676831
2025-03-05,-0.0008516677685942316,-0.002375733895611741,0.001524066127017509,0.795049924709986
2025-03-06,-0.03030624407560237,-0.03785558708322759,0.007549343007625218,0.7414647869871547
2025-03-07,-0.009652677928030658,-0.001549350764730728,-0.008103327163299928,0.7247358576506806
2025-03-10,-0.02855028776862334,-0.022967818255791927,-0.005582469512831412,0.6761904428501815
2025-03-11,0.02310739116694368,0.018627000698708145,0.00448039046823554,0.715373800180338
2025-03-12,0.020669388962603067,0.01834304841811429,0.002326340544488779,0.7511984902791213
2025-03-13,-0.00940471343251972,-0.006035650101257284,-0.0033690633312624375,0.7348061736577354
2025-03-14,0.01484858943398444,0.026697994828330858,-0.011849405394346419,0.7607577939379313
2025-03-17,0.006088774474289151,0.01072377913510316,-0.004635004660814009,0.7715113558332849
2025-03-18,-0.012895102873291164,-0.010925691606436668,-0.0019694112668544954,0.7488141903139056
2025-03-19,0.016152255325258432,0.016653491635681368,-0.0005012363104229351,0.7772908456197196
2025-03-20,0.005407024933782792,0.006891528370541545,-0.0014845034367587525,0.7869267287907049
2025-03-21,-1.5431853459433546e-05,-0.004897260050964037,0.004881828197504604,0.7868991534120537
2025-03-24,0.011935926672468575,0.010682788850127436,0.0012531378223411388,0.8083552451165981
2025-03-25,-0.0070181075097840995,-0.014244339513521737,0.007226232003737637,0.7957084438046962
2025-03-26,-0.018983800204407132,-0.01154240685863544,-0.007441393345771688,0.7619406085128233
2025-03-27,-0.01105521029678086,-0.010840980399486833,-0.00021422989729402773,0.7425692590195054
2025-03-28,-0.001604473377708502,0.0033561717500250965,-0.004960645127733599,0.7397755948138365
2025-03-31,-0.0023413294718113817,0.004472458017534422,-0.006813787489345805,0.7357069717914793
2025-04-01,0.0026738134517374063,0.004702706372035666,-0.00202889292029826,0.7403541385007024
2025-04-02,0.010804058287577356,0.012421774549873968,-0.0016177162622966115,0.7592589665937117
2025-04-03,-0.026011778730901075,-0.022799369246427156,-0.0032124094844739213,0.7140875529661472
2025-04-04,-0.01719643380367806,-0.04973215529892378,0.032535721495245716,0.6848633559838813
2025-04-07,0.014782429516017912,0.0018587040394081396,0.012923725476609771,0.7099547285987076
2025-04-08,-0.02851022235828466,-0.030472762212030328,0.0019625398537456646,0.6618919350694961
2025-04-09,0.04753249274180729,0.06302879311747468,-0.015496300375667398,0.7427932915971842
2025-04-10,-0.025509761147010285,-0.02545201452602191,-5.774662098837526e-05,0.6988973192928769
2025-04-11,0.0033562917974929813,0.012942148318831117,-0.009585856521338136,0.7046088939243513
2025-04-14,0.0021858508834908365,0.0133051877192545,-0.011119336835763664,0.7083389900128751
2025-04-15,0.008161145602139425,0.0070140495697839905,0.0011470960323554354,0.722338039689882
2025-04-16,0.0024481788046739547,-0.003418426121972919,0.005866604926646874,0.7265597968727415
2025-04-17,-0.0007563497896396405,0.006062176231649657,-0.006818526021289297,0.7252544074613105
2025-04-21,-0.021651827535964063,-0.03419702267581806,0.012545195139853993,0.68830099467596
2025-04-22,0.01770564677753116,0.035760732212910346,-0.018055085435379186,0.7184596571890891
2025-04-23,0.019803514033281913,0.019310051209645046,0.0004934628236368629,0.7528304046319354
2025-04-24,0.01440540431347303,0.014806156409813618,-0.0004007520963405871,0.7782633816517819
2025-04-25,0.010077011617186809,0.002533690220480297,0.007543321396706512,0.796273554361848
2025-04-28,0.0033895332359606097,0.008660381604318791,-0.005270848368358181,0.8023724135791281
2025-04-29,-0.0050228378157687065,-0.0008073288085599034,-0.004215509007208803,0.793342087179993
2025-04-30,-0.02576507533545737,-0.02364926257595496,-0.002115812759502405,0.7477266590863687
2025-05-01,0.020054361273973243,0.017535998558965912,0.002518362715007331,0.7831300101847529
2025-05-02,0.010753061029572467,0.012602112074151467,-0.0018490510445789998,0.8024075766800813
2025-05-05,1.0051245538917177e-06,0.0004189217763743624,-0.0004179166518204707,0.8024093883251033
2025-05-06,0.00755897964695201,0.008158800254514254,-0.000599820607562244,0.8160853873878062
2025-05-07,-0.0018179094802061664,-0.000528788609003337,-0.0012891208712028294,0.8127869076224277
2025-05-08,0.019157720376391293,0.006404093278317947,0.012753627098073345,0.8478505698079681
2025-05-09,-0.007499901179138107,-0.008209483757673502,0.0007095825785353963,0.8340437128897105
2025-05-12,0.06137612021016187,0.04591284425996386,0.015463275950198002,0.9501364187998997
2025-05-13,0.01608071990676997,0.011718049138823553,0.004362670767946417,0.9817495157777743
2025-05-14,-0.0021510342127037336,-0.003108824723053236,0.0009577905103495022,0.9774912862089553
2025-05-15,-0.0037652879258306977,0.012154131898386504,-0.015919419824217202,0.9700594624040988
2025-05-16,0.014449925763966368,0.02214874206670986,-0.00769881630274349,0.9987333441933934
2025-05-19,-0.0026321477479545096,0.00018956710201374367,-0.0028217148499682537,0.9934793004658184
2025-05-20,0.001311005025477091,0.0013733255794072439,-6.232055393015274e-05,0.9960944757263022
2025-05-21,-0.012703486103047924,-0.02327431251279454,0.010570826409746617,0.9708975008569685
2025-05-22,-0.0016128474595019492,-0.007573765243700984,0.005960917784199035,0.967721305877288
2025-05-23,0.007804614821263649,0.013112283032052158,-0.00530766821078851,0.9831386978897383
2025-05-27,0.004627452491285687,0.007179858640927195,-0.0025524061496415076,0.9923368435753761
2025-05-28,-0.00600021239883688,-0.014409112346343282,0.008408899947506404,0.9804181923218738
2025-05-29,-0.0016674550182503392,0.002241836486322181,-0.00390929150457252,0.9771186857227678
2025-05-30,-0.0014454620482964127,0.0027677105512530905,-0.004213172599549503,0.9742629001596332
2025-06-02,-0.06015148179323463,-0.06047681750212487,0.0003253357088902434,0.8590091519713721
2025-06-03,0.009021100361405562,0.009003446524281544,1.7653837124019154e-05,0.8758553313963549
2025-06-04,-0.00822002231649479,-0.01498129087032549,0.006761268553830702,0.8604989600348991
2025-06-05,-0.0038979605303061946,-0.005703330779915063,0.0018053702496088671,0.8532609244750871
2025-06-06,0.0022731359687316374,0.004184702071275645,-0.0019115661025440077,0.8574784302079068
2025-06-09,-0.04316827120401369,-0.04149588166854219,-0.0016723895354714944,0.7790003653787725
2025-06-10,-0.0038440071641188452,-0.00024696332823214177,-0.003597043835886702,0.7721750020066542
2025-06-11,-0.004504287174408071,-0.006207778721785592,0.0017034915473775197,0.764210567390256
2025-06-12,0.008622227692709275,0.013766230462045916,-0.005144002769336642,0.779487759669681
2025-06-13,-0.014170747385317232,-0.018553430030405507,0.004382682645088276,0.7544489167142476
2025-06-16,0.0048004728491481035,-0.0008538820358058295,0.005654354884953933,0.7628913487243172
2025-06-17,0.0021439098049798387,-0.0013878193332535218,0.0035317291382333605,0.7666748831009815
2025-06-18,0.01242091894989918,0.01275497413572315,-0.0003340551858239698,0.7887554552529301
2025-06-20,-0.002016635595862098,0.00013109655037496807,-0.002147732146237066,0.7851518221582381
2025-06-23,0.0026397294956571984,0.010229101737946585,-0.007589372242289387,0.7898703651760377
2025-06-24,0.007599284907554441,0.008533308125444075,-0.0009340232178896338,0.803523912921611
2025-06-25,-0.007054827113099082,-0.014626196198024187,0.007571369084925106,0.7908451393850506
2025-06-26,0.00903723371578031,0.011656355029282393,-0.002619121313502082,0.8071027768443568
2025-06-27,0.004491800702955315,0.0038421025172801176,0.0006496981856751982,0.8152381799939865
2025-06-30,0.0033345388085210897,0.006082938732952962,-0.0027483999244318725,0.8213012653305347
2025-07-01,-0.00023712701733702305,-0.0022260312407831138,0.0019889042234460903,0.8208694367949445
2025-07-02,-0.005267263741947271,-0.008137181233692059,0.0028699174917447886,0.811303652103267
2025-07-03,-0.0018517884920080268,0.003614735279629106,-0.005466523771637133,0.8079526045180427
2025-07-07,0.0014946368367143522,-4.8303337131174514e-05,0.0015429401738455265,0.8106568575144331
2025-07-08,0.0030851677191459344,-0.004764433142860212,0.007849600862006145,0.8162516636215509
2025-07-09,0.0008968136850374421,0.0038178406897980246,-0.0029210270047605826,0.8178812335700556
2025-07-10,-0.0008101587089278299,0.004853403600684948,-0.005663562309612777,0.8164090576854619
2025-07-11,0.0010266550236754165,-0.0008470697962967343,0.0018737248199721512,0.8182748407634881
2025-07-14,0.0025851885992355427,0.0027651897729952125,-0.00018000117375966936,0.8229815053386085
2025-07-15,0.010385093701889541,-0.0016201871864110794,0.012005280888300619,0.8420119847076841
2025-07-16,0.0019924991875058893,0.0026893278511522355,-0.0006968286636463458,0.845685850962901
2025-07-17,0.002128428020767816,0.004465655027089996,-0.0023372270063221796,0.8496184440816981
2025-07-18,-0.007200294732401916,0.010073047074675686,-0.017273341807077597,0.8363484773086511
2025-07-21,0.0020306038687864726,0.002777704150337782,-0.0007471002815513096,0.8400811621506572
2025-07-22,-0.005451149726570445,0.006350069175510326,-0.01180121890208077,0.830077893654505
2025-07-23,-0.011636718141955446,-0.0052791207946470044,-0.006357597347308443,0.8089052221545794
2025-07-24,0.0057004868371233934,0.004280771080087226,0.0014197157570361681,0.8192463091750353
2025-07-25,0.00432638899542751,0.0027844214410582884,0.0015419675543692222,0.8271341269676284
2025-07-28,-0.002565434917870993,-0.00999703145022227,0.0074315965323512746,0.8224527407420434
2025-07-29,-0.0024315963867582225,0.007035121014524968,-0.00946671740128319,0.8180266546509194
2025-07-30,-0.008540578321273033,0.0006056851763278298,-0.009146263497600863,0.8025657720343509
2025-07-31,-0.0036369530404217407,0.005241885321058424,-0.008878838361480165,0.796021832183448
2025-08-01,-0.003429926426626454,7.74735848513891e-05,-0.0035074000114778425,0.7898721619256384
2025-08-04,-0.010385521908456008,0.010659904491112829,-0.021045426399568835,0.7713795990486554
2025-08-05,0.0052878762748630945,-0.0022751396850061345,0.00756301595986923,0.7807712442493575
2025-08-06,0.01721810948393253,-0.0030643719852720248,0.02028248146920455,0.8116982466994693
2025-08-07,-0.004130011357302151,0.002553532235397529,-0.006683543592699679,0.8042313421784097
2025-08-08,0.0012465705862962462,-0.0036998358966415573,0.004946406482937803,0.8064818463151451
2025-08-11,0.006343848197706228,0.0030011501389816024,0.0033426980587246257,0.8179783203072795
2025-08-12,-0.008524382821156678,0.001659769101311321,-0.010184151922467998,0.8025470416506022
2025-08-13,0.0033283959219844736,0.0035374994258763615,-0.00020910350389188805,0.8085566274657192
2025-08-14,0.003326118344886468,-0.0034413010565192883,0.006767419401405757,0.8145821160310969
2025-08-15,0.008789020034102995,-0.00415484582229809,0.012943865856401084,0.8306008057789678
2025-08-18,-0.0020663050383056642,-0.0031576390419950206,0.0010913340036893557,0.8268221314022692
2025-08-19,-0.0012335870274182974,0.007052802615085709,-0.008286389642504007,0.8245699767195698
2025-08-20,0.0012937219011254844,0.0010067159029315516,0.000287005998193933,0.8269319904235728
2025-08-21,0.001406021852873059,-0.008097602436344213,0.009503624289217272,0.829502503401061
2025-08-22,-0.0008372201788827589,0.005363784101179481,-0.006201004280062241,0.8279714479925697
2025-08-25,0.0022515758663747224,-0.006690794591802055,0.00894237045817678,0.832091901405271
2025-08-26,-0.003727142309047822,0.0008937389008902887,-0.0046208812099381115,0.8252761437050666
2025-08-27,-0.0008662535556090297,0.0018964620604467295,-0.002762715616055759,0.8236956763971577
2025-08-28,0.0010953526234817766,-0.005422202553966719,0.006517555177448495,0.8256943606729295
2025-08-29,0.008849856990529752,0.005509683629710339,0.0033401733608194126,0.8419232002077588
2025-09-02,0.0007174165851001525,-0.0023369982952979934,0.003054414880398146,0.843245100579997
2025-09-03,-0.0032789049710713553,-0.0011824539249042211,-0.002096451046167134,0.8372111728007028
2025-09-04,-0.0002889479711566845,0.0006612779228119493,-0.0009502258939686337,0.836680391047584
2025-09-05,0.0008534900750173601,-0.00085362403426531,0.0017071141092826702,0.8382486486832865
2025-09-08,0.00021503136821006776,-0.0069061036001452705,0.007121134968355337,0.8386439723072898
2025-09-09,-0.001836236332321558,0.004857042990370651,-0.006693279322692209,0.835270885283379
2025-09-10,-0.008827913836552877,0.0032204889253879846,-0.012048402761940863,0.8191405752903091
2025-09-11,0.001509317139915412,0.005012126721374237,-0.003502809581458825,0.8218883084192439
2025-09-12,-0.0012767409783088555,0.000833823130640457,-0.0021105641089493128,0.8195637132267239
2025-09-15,-0.001894807043785174,-0.0006841794991195279,-0.001210627544665646,0.8161192554083054
2025-09-16,0.001971973908004578,-0.008284904203138963,0.010256878111143543,0.8197041286703612
2025-09-17,0.00241500374152145,0.0032355032154231193,-0.0008204994739016691,0.8241040317022625
2025-09-18,0.0004359353620407199,-0.00046283806607513666,0.0008987734281158566,0.8248993965049483
2025-09-19,0.00017190675118036606,0.0016612407543583712,-0.001489334003178005,0.8252131359976285
2025-09-22,-0.00657672072652631,-0.003676738414962672,-0.002899982311563638,0.813248605748198
2025-09-23,0.010401826217617954,0.008543626569493494,0.00185819964812446,0.8322081385690121
2025-09-24,-0.006033166509500827,-5.350307297321438e-05,-0.005979663436527613,0.8211874001925286
2025-09-25,0.0004778550539515814,-0.004467309044047714,0.0049451640979992955,0.8220578717589582
2025-09-26,-0.005156891322563912,0.007088824230499248,-0.012245715553063159,0.8126859032119793
2025-09-29,0.005201643273428003,0.004871500939992959,0.0003301423334350446,0.8221394142278853
2025-09-30,0.0018372370007921084,0.002142625316697674,-0.00030538831590556584,0.8254901933254468
2025-10-01,-0.002393580946714748,-3.920081721586581e-05,-0.0023543801294988835,0.8211259599368725
2025-10-02,-0.004906646138444349,-0.0067373723971434415,0.001830726258699093,0.8122122254317254
2025-10-03,0.0012193169517810067,0.007085772369716881,-0.005866455417935874,0.8144232342047262
2025-10-06,-0.0013252978275145378,0.004961810361005332,-0.00628710818851987,0.8120201757700347
2025-10-07,-0.002158183115034981,-0.0006669869588160247,-0.0014911961562189557,0.8081137213608331
2025-10-08,-0.005835785138235769,-0.002566117938746268,-0.003269667199489501,0.7975926872836467
2025-10-09,-3.4881357445857696e-06,-0.006074174808302557,0.006070686672557971,0.7975864170472757
2025-10-10,0.00011533207332243504,-0.0009253123420855953,0.0010406444154080305,0.7977937483714761
2025-10-13,0.004469933001316741,0.0039811532457856205,0.0004887797555311192,0.805847752997302
2025-10-14,0.00522411193018846,0.01156852403908693,-0.006344412108898471,0.8153063887622458
2025-10-15,0.0004514708086421962,0.006329032506227451,-0.005877561697585253,0.8161261316365791
2025-10-16,0.0035801425229767254,-0.002266952039808236,0.005847094562784962,0.8226397749559133
2025-10-17,0.0006591984407695242,0.0007170771667983487,-5.7878726028824534e-05,0.8238416523479779
2025-10-20,0.0032854160632556787,0.007177055711899688,-0.0038916396486440097,0.8298435850337482
2025-10-21,0.0016813212187886339,-0.001193365218225452,0.0028746864370140864,0.8329227276689
2025-10-22,-0.000500679029274066,0.0005021232339189653,-0.0010028022631930313,0.832005251396607
2025-10-23,-0.002972350802588856,-0.0072416844109234185,0.004269333608334563,0.8265679738685194
2025-10-24,-0.0003355391912479809,0.0015422528871301602,-0.0018777920783781413,0.8259551915398009
2025-10-27,-0.0027273429188136166,-0.0011340491808830562,-0.0015932937379305604,0.8209819705004098
2025-10-28,-0.00042459049293451013,-0.008207793456432171,0.0077832029634976605,0.8202089629853642
2025-10-29,-0.002520175333097385,-0.00701524124191231,0.004495065908814925,0.8156274927347742
2025-10-30,-0.005820766943598458,0.0003479511105251203,-0.006168718054123579,0.8050898465867928
2025-10-31,-0.007050801494335016,-0.007901658278344671,0.0008508567840096549,0.7924072800700499
2025-11-03,-0.005995192326666737,-0.005075917587032202,-0.0009192747396345356,0.7816936010709059
2025-11-04,0.012189435400499628,0.005419061508698672,0.006770373891800957,0.8035443436801939
2025-11-05,-0.0011565574659475352,0.0033805514739683015,-0.004537108939915837,0.8014596467726081
2025-11-06,0.007938942449864423,0.0012184923430614799,0.006720450106802943,0.8158182518892556
2025-11-07,0.0020557172729606097,0.010726534509441252,-0.008670817236480641,0.819554900264611
2025-11-10,0.004686079715972103,0.0035512982906175023,0.0011347814253546001,0.8281014889329545
2025-11-11,0.009326306489169633,0.004546690868791134,0.0047796156203784995,0.8452306755764603
2025-11-12,-0.0003054869565742237,0.003513887136912317,-0.00381937409348654,0.8446670677650019
2025-11-13,0.008022205267039648,-0.003668875177949317,0.011691080444988965,0.859524882168345
2025-11-14,-0.0024995282656369816,-0.0007294393290815765,-0.0017700889365554052,0.85488275115042
2025-11-17,-0.0015077955205104509,0.0002774878990175955,-0.0017852834195280463,0.8520880746769597
2025-11-18,0.001764192189142747,-0.00027246025724758194,0.0020366524463903287,0.8553583978830315
2025-11-19,-0.0045196507008313964,-0.009786081133553611,0.005266430432722213,0.8469917474108759
2025-11-20,0.011051621347406563,0.004088241682034501,0.006963379665372061,0.8675172117532479
2025-11-21,0.005128100153680416,0.0030908127219696196,0.0020372874317107956,0.8771186245159566
2025-11-24,-0.01151602490286785,0.003153026761135106,-0.014669051664002956,0.8556256738979748
2025-11-25,0.002468477206548377,-0.0030253665170356676,0.005493843723584045,0.8602119017485326
2025-11-26,-0.006064860060440279,0.006602724842753415,-0.012667584903193693,0.8489641194712139
2025-11-28,-0.0049037213458703755,0.00032591204921752646,-0.0052296333950879025,0.8399195089000251
2025-12-01,0.005590117876884812,-0.01571808142573077,0.02130819930261558,0.8502336776891226
2025-12-02,-0.00010701449186921973,-0.010812355993108744,0.010705341501239524,0.8500356864664194
2025-12-03,0.0032248893084567184,0.0025830887812490605,0.0006418005272076578,0.8560114772248582
2025-12-04,-0.0027858838309602783,-0.0008839216603141523,-0.0019019621706461258,0.8508480405672452
2025-12-05,0.01151762066141635,-0.0017409796965266598,0.01325860035794301,0.8722886415373552
2025-12-08,-0.0035378810252497837,-0.0098845295330172,0.0063466485077674165,0.8656764106187076
2025-12-09,-0.0006058645455237046,0.0008494384422557252,-0.00145530298777943,0.8645464057775947
2025-12-10,0.0004438341833490501,-0.0007789905114137788,0.0012228246947628284,0.865374138883455
2025-12-11,-0.003978180465217618,0.0006851799044013746,-0.0046633603696189935,0.857968085000566
2025-12-12,0.007426775569830852,0.0021701778957163432,0.005256597674114507,0.871818164037419
2025-12-15,0.002102445575821952,0.0067385970698934945,-0.004636151494071543,0.8757576997336871
2025-12-16,-0.0003191730015739407,-0.004526103560961061,0.004206930559387119,0.8751591040513096
2025-12-17,0.018810489523191656,0.005799141351236284,0.013011348171955374,0.9107656026725275
2025-12-18,-0.005813855890766348,0.0038798409275279,-0.009693696818294248,0.8996889171444229
2025-12-19,0.0008244521800523852,-0.007146294824507378,0.007970747004559763,0.9012557656206532
2025-12-22,-0.0002755950530925656,0.004870431881955449,-0.005146026935048015,0.9007318611330428
2025-12-23,-0.0020554288154192137,-0.0007382838220839527,-0.0013171449933352605,0.8968290544399977
2025-12-24,-0.0008890884060483793,0.0022872257722350024,-0.003176314178283382,0.8951433551983077
2025-12-26,-0.0007169466742413355,-0.0009659834404567051,0.0002490367662153696,0.8937851254199276
2025-12-29,0.0006683495149098007,0.003719134163714779,-0.0030507846488049785,0.8950512588525474
2025-12-30,0.00046820184070741103,0.0024899305041323322,-0.002021728663424921,0.8959387330824988
2025-12-31,-0.002256618599757225,-0.006262679994507981,0.004006061394750757,0.8916651462147733
