Date,strategy,long_book,short_book,cum_strategy
2018-01-03,0.0,0.0,0.0,0.0
2018-01-04,0.0,0.0,0.0,0.0
2018-01-05,0.0,0.0,0.0,0.0
2018-01-08,0.0,0.0,0.0,0.0
2018-01-09,0.0,0.0,0.0,0.0
2018-01-10,0.0,0.0,0.0,0.0
2018-01-11,0.0,0.0,0.0,0.0
2018-01-12,0.0,0.0,0.0,0.0
2018-01-16,0.0,0.0,0.0,0.0
2018-01-17,0.0,0.0,0.0,0.0
2018-01-18,0.0,0.0,0.0,0.0
2018-01-19,0.0,0.0,0.0,0.0
2018-01-22,0.0,0.0,0.0,0.0
2018-01-23,0.0,0.0,0.0,0.0
2018-01-24,0.0,0.0,0.0,0.0
2018-01-25,0.0,0.0,0.0,0.0
2018-01-26,0.0,0.0,0.0,0.0
2018-01-29,0.0,0.0,0.0,0.0
2018-01-30,0.0,0.0,0.0,0.0
2018-01-31,0.0,0.0,0.0,0.0
2018-02-01,0.0,0.0,0.0,0.0
2018-02-02,0.0,0.0,0.0,0.0
2018-02-05,0.0,0.0,0.0,0.0
2018-02-06,0.0,0.0,0.0,0.0
2018-02-07,0.0,0.0,0.0,0.0
2018-02-08,0.0,0.0,0.0,0.0
2018-02-09,0.0,0.0,0.0,0.0
2018-02-12,0.0,0.0,0.0,0.0
2018-02-13,0.0,0.0,0.0,0.0
2018-02-14,0.0,0.0,0.0,0.0
2018-02-15,0.0,0.0,0.0,0.0
2018-02-16,0.0,0.0,0.0,0.0
2018-02-20,0.0,0.0,0.0,0.0
2018-02-21,0.0,0.0,0.0,0.0
2018-02-22,0.0,0.0,0.0,0.0
2018-02-23,0.0,0.0,0.0,0.0
2018-02-26,0.0,0.0,0.0,0.0
2018-02-27,0.0,0.0,0.0,0.0
2018-02-28,0.0,0.0,0.0,0.0
2018-03-01,0.0,0.0,0.0,0.0
2018-03-02,0.0,0.0,0.0,0.0
2018-03-05,0.0,0.0,0.0,0.0
2018-03-06,0.0,0.0,0.0,0.0
2018-03-07,0.0,0.0,0.0,0.0
2018-03-08,0.0,0.0,0.0,0.0
2018-03-09,0.0,0.0,0.0,0.0
2018-03-12,0.0,0.0,0.0,0.0
2018-03-13,0.0,0.0,0.0,0.0
2018-03-14,0.0,0.0,0.0,0.0
2018-03-15,0.0,0.0,0.0,0.0
2018-03-16,0.0,0.0,0.0,0.0
2018-03-19,0.0,0.0,0.0,0.0
2018-03-20,0.0,0.0,0.0,0.0
2018-03-21,0.0,0.0,0.0,0.0
2018-03-22,0.0,0.0,0.0,0.0
2018-03-23,0.0,0.0,0.0,0.0
2018-03-26,0.0,0.0,0.0,0.0
2018-03-27,0.0,0.0,0.0,0.0
2018-03-28,0.0,0.0,0.0,0.0
2018-03-29,0.0,0.0,0.0,0.0
2018-04-02,0.0,0.0,0.0,0.0
2018-04-03,0.0,0.0,0.0,0.0
2018-04-04,0.0,0.0,0.0,0.0
2018-04-05,0.0,0.0,0.0,0.0
2018-04-06,0.0,0.0,0.0,0.0
2018-04-09,0.0,0.0,0.0,0.0
2018-04-10,0.0,0.0,0.0,0.0
2018-04-11,0.0,0.0,0.0,0.0
2018-04-12,0.0,0.0,0.0,0.0
2018-04-13,0.0,0.0,0.0,0.0
2018-04-16,0.0,0.0,0.0,0.0
2018-04-17,0.0,0.0,0.0,0.0
2018-04-18,0.0,0.0,0.0,0.0
2018-04-19,0.0,0.0,0.0,0.0
2018-04-20,0.0,0.0,0.0,0.0
2018-04-23,0.0,0.0,0.0,0.0
2018-04-24,0.0,0.0,0.0,0.0
2018-04-25,0.0,0.0,0.0,0.0
2018-04-26,0.0,0.0,0.0,0.0
2018-04-27,0.0,0.0,0.0,0.0
2018-04-30,0.007682563555311528,0.0,0.007682563555311528,0.007712150165173792
2018-05-01,0.005677436266800606,0.0,0.005677436266800606,0.013449643387556165
2018-05-02,0.002780970436088848,0.0,0.002780970436088848,0.01627193942628291
2018-05-03,-0.029771765062231045,0.0,-0.029771765062231045,-0.013538316183091759
2018-05-04,-0.014471526732990615,0.0,-0.014471526732990615,-0.02771112438089307
2018-05-07,-0.01274901410586409,0.0,-0.01274901410586409,-0.040028167064495745
2018-05-08,0.0038200674225973698,0.0,0.0038200674225973698,-0.03635399661754346
2018-05-09,-0.004843720273696426,0.0,-0.004843720273696426,-0.0410103421793111
2018-05-10,-0.006241844603227047,0.0,-0.006241844603227047,-0.046977563990024174
2018-05-11,-0.0035935378729174423,0.0,-0.0035935378729174423,-0.05039614013731908
2018-05-14,0.001865518584395683,0.0,0.001865518584395683,-0.04862298307444357
2018-05-15,0.015030908169426205,0.0,0.015030908169426205,-0.03421491055587356
2018-05-16,0.0,0.0,0.0,-0.03421491055587356
2018-05-17,0.0029717997755901024,0.0,0.0029717997755901024,-0.03134052170517709
2018-05-18,-0.0023786933978058485,0.0,-0.0023786933978058485,-0.03364192735655713
2018-05-21,0.0031243682912962404,0.0,0.0031243682912962404,-0.030617947282549407
2018-05-22,0.0007468577578868917,0.0,0.0007468577578868917,-0.0298936863498388
2018-05-23,0.004504691868432751,0.0,0.004504691868432751,-0.025513798711587654
2018-05-24,-0.01894296947755021,0.0,-0.01894296947755021,-0.04379971945883676
2018-05-25,0.006578020457283454,0.0,0.006578020457283454,-0.037489081454509465
2018-05-29,0.003840585656016248,0.0,0.003840585656016248,-0.033785368165428764
2018-05-30,-0.010128132256477943,0.0,-0.010128132256477943,-0.04352192793181908
2018-05-31,0.0026224270476508586,0.0,0.0026224270476508586,-0.04101034217931121
2018-06-01,0.00469637956771405,0.0,0.00469637956771405,-0.036495970440480474
2018-06-04,0.0008855161079389995,0.0,0.0008855161079389995,-0.035642394230276486
2018-06-05,0.0029627890469405946,0.0,0.0029627890469405946,-0.032780969272466653
2018-06-06,-0.004290475798289184,0.0,-0.004290475798289184,-0.03692190946135321
2018-06-07,0.006524379060408162,0.0,0.006524379060408162,-0.030617880358392968
2018-06-08,0.00525134105461695,0.0,0.00525134105461695,-0.025513934685290174
2018-06-11,0.007445884899088421,0.0,0.007445884899088421,-0.018230943096766206
2018-06-12,-0.012846532765331419,0.0,-0.012846532765331419,-0.03076260490747451
2018-06-13,-0.006964059526193391,0.0,-0.006964059526193391,-0.037488983187835445
2018-06-14,0.006964059526193319,0.0,0.006964059526193319,-0.030762604907474622
2018-06-15,0.001943539499245427,0.0,0.001943539499245427,-0.028877021987065654
2018-06-18,0.006027707063150892,0.0,0.006027707063150892,-0.02300569962468102
2018-06-19,0.015708192862039772,0.0,0.015708192862039772,-0.007537715747970575
2018-06-20,0.0017239063606489578,0.0,0.0017239063606489578,-0.005825328129571039
2018-06-21,-0.0004706471198762111,0.0,-0.0004706471198762111,-0.0062931234836376415
2018-06-22,0.013673231105530384,0.0,0.013673231105530384,0.007387375463624668
2018-06-25,-0.0006443945336992168,0.0,-0.0006443945336992168,0.006738429656579559
2018-06-26,-0.004327530586833675,0.0,-0.004327530586833675,0.0023911515831922525
2018-06-27,0.006424809754845017,0.0,0.006424809754845017,0.00885205685113033
2018-06-28,0.003568977547298811,0.0,0.003568977547298811,0.012459060018523926
2018-06-29,0.0021172992129529925,0.003392776448333379,-0.0012754772353803865,0.014605009796653246
2018-07-02,0.004453407969233707,0.0066425294142119385,-0.0021891214449782322,0.01913353603586776
2018-07-03,-0.02246755877245871,-0.025635721978033283,0.0031681632055745716,-0.003508597395740609
2018-07-05,-0.005405501454414092,-0.004182212490893905,-0.0012232889635201876,-0.008880600854998977
2018-07-06,0.0031364336738483062,0.006369498499119471,-0.0032330648252711647,-0.005767140568188167
2018-07-09,0.0001542626769776307,-0.0043839363675244455,0.004538199044502076,-0.005613755715278224
2018-07-10,0.008784328042260646,0.006561647008628181,0.0022226810336324642,0.0031597374595730976
2018-07-11,-0.004279796878158844,-0.003051545606038764,-0.00122825127212008,-0.0011244082770579533
2018-07-12,-0.002460529752584829,0.006947613903146031,-0.00940814365573086,-0.003579150168434353
2018-07-13,0.005277341440938274,0.00536144789687836,-8.410645594008497e-05,0.0016932026415918955
2018-07-16,0.001445453249305157,0.005726433848385129,-0.004280980599079972,0.0031421502769128917
2018-07-17,-0.003288005298469832,-0.0025369831204557565,-0.0007510221780140753,-0.00015076989219409143
2018-07-18,-0.001489438627497808,-0.0008486246433126659,-0.0006408139841851422,-0.0016388754611279532
2018-07-19,-0.00921325431990012,-0.006840583051944966,-0.002372671267955156,-0.010794787764493163
2018-07-20,0.0024947280516945695,-0.0010772373768781845,0.0035719654285727544,-0.00832390896881885
2018-07-23,-0.000975844848885885,-0.0062949346554183406,0.005319089806532455,-0.009291158954299772
2018-07-24,-0.009129346635832947,-0.009704781230706836,0.0005754345948738898,-0.01829452342978921
2018-07-25,-0.00592345157629768,-0.0031276526701483607,-0.0027957989061493196,-0.024092419551289268
2018-07-26,0.002189788158275246,0.0053499353062178455,-0.0031601471479425994,-0.021953047156771932
2018-07-27,-0.003575144530674239,-0.004454336397506456,0.0008791918668322173,-0.02544346328213709
2018-07-30,0.0011838965088438462,-0.004043241788134844,0.005227138296978691,-0.02428900595648875
2018-07-31,-0.0018623718669870202,0.007963424904014978,-0.009825796771001998,-0.026104451619911928
2018-08-01,-0.04486800217938766,-0.04305899950659782,-0.0018090026727898445,-0.06883540459462612
2018-08-02,0.0025997160490230436,0.0,0.0025997160490230436,-0.06641149167418092
2018-08-03,-0.008102948857690036,0.0,-0.008102948857690036,-0.07394574555086342
2018-08-06,-0.005309705867077879,0.0,-0.005309705867077879,-0.07884979021993932
2018-08-07,-0.006591970052534478,0.0,-0.006591970052534478,-0.08490201485877702
2018-08-08,0.030530270723398284,0.03882768543775192,-0.008297414714353633,-0.05653297187790163
2018-08-09,-0.0005177260985727956,-0.0007086565200945623,0.00019093042152176662,-0.05702130295972274
2018-08-10,0.0075458495940898904,-0.0012427207808689712,0.008788570374958862,-0.04987881335627797
2018-08-13,0.018904836226826555,0.0015973026752712151,0.01730753355155534,-0.0317460696919839
2018-08-14,-0.007605407642890156,-0.0015973026752712435,-0.006008104967618912,-0.0390821034093467
2018-08-15,0.007372318077765722,0.0017561465696869644,0.0056161715080787575,-0.03197173327859404
2018-08-16,-0.007221856629070957,0.006045660190396044,-0.013267516819467001,-0.03893751143306268
2018-08-17,-0.0008467485578902093,0.0,-0.0008467485578902093,-0.0397509452737318
2018-08-20,-0.001630190420214117,0.0010593786997562028,-0.00268956911997032,-0.041315058835904916
2018-08-21,0.00010531831309807792,-0.0051411031484321764,0.005246421461530254,-0.041214086438081
2018-08-22,-0.005788847251279871,-0.004115105511231976,-0.0016737417400478948,-0.04674831777376265
2018-08-23,0.00014687162789425116,-0.0021607231454513743,0.0023075947733456254,-0.0466083018654706
2018-08-24,-0.0038232435243295403,0.0030581688979979677,-0.006881412422327508,-0.050246391418797054
2018-08-27,-0.00546969302307449,-0.0035998333687808407,-0.0018698596542936492,-0.05542707082619591
2018-08-28,-0.003703874038350947,-0.0023537719041663158,-0.0013501021341846314,-0.058919178819564655
2018-08-29,0.002078760831774479,0.00433686961265237,-0.002258108780877891,-0.056960862138151214
2018-08-30,-0.006989052679381488,-0.00035999040149282274,-0.006629062277888665,-0.06352883366650641
2018-08-31,-0.006414198990778426,0.0003599904014928033,-0.006774189392271229,-0.0695163230741701
2018-09-04,0.0019100905915319004,0.0,0.0019100905915319004,-0.06773731646629222
2018-09-05,0.0048495484220064874,0.0,0.0048495484220064874,-0.06320528316506524
2018-09-06,0.007894842193793546,0.0,0.007894842193793546,-0.055780165206751
2018-09-07,0.000844986579663635,0.0,0.000844986579663635,-0.05498197493555734
2018-09-10,-0.007688377025711202,0.0,-0.007688377025711202,-0.062219770704164734
2018-09-11,0.015221578522659884,0.01715460963707625,-0.0019330311144163672,-0.04783608180163812
2018-09-12,-0.008588319309985302,-0.0031390977097792666,-0.005449221600206035,-0.055978554440594075
2018-09-13,-0.0003662721564721117,0.0034867005476427702,-0.003852972704114882,-0.05632425989620882
2018-09-14,0.001942993863090752,0.0024263531901847334,-0.00048335932709398156,-0.05448892127600302
2018-09-17,0.006181184949041484,-0.0024263531901847443,0.008607538139226227,-0.04862644256009574
2018-09-18,-0.008390754041363713,-0.003136951003615849,-0.0052538030377478635,-0.05657578694601717
2018-09-19,-0.007845265878399071,-0.012210830535708367,0.004365564657309296,-0.06394824347929329
2018-09-20,-0.004013411922226821,0.0016097529291724153,-0.005623164851399236,-0.06769747611869303
2018-09-21,-0.006200277940800997,0.0005353921152342262,-0.0067356700560352225,-0.07346012741048868
2018-09-24,-0.0035900737581082425,-0.003760183088747264,0.00017010933063902158,-0.07678051011723752
2018-09-25,0.0023962541436472694,-0.0030646562181639568,0.005460910361811226,-0.07456558889187392
2018-09-26,-0.007683157048914976,-0.007286056722324425,-0.0003971003265905509,-0.0816486020167585
2018-09-27,-0.007661675716973928,0.0031094150985682533,-0.010771090815542181,-0.08865782712990977
2018-09-28,-0.009390278421783983,0.00417664162375617,-0.013566920045540153,-0.09717552948343855
2018-10-01,-0.007248835881434485,-0.0019930721368351667,-0.005255763744599318,-0.10369629337321917
2018-10-02,0.004400869166590163,0.006672723656455288,-0.0022718544898651253,-0.09974308563215628
2018-10-03,-0.005835101522364382,-0.01068294880128309,0.004847847278918707,-0.10498087973200199
2018-10-04,0.003525613467476937,-0.0007326835856801992,0.004258297053157136,-0.10181981920346839
2018-10-05,0.0006151544093507544,0.008180451476585842,-0.007565297067235088,-0.10126712972760477
2018-10-08,0.005208178441191214,0.0039514231217419515,0.0012567553194492622,-0.09657415825996485
2018-10-09,0.003522049459860311,0.0032094568318373753,0.00031259262802293573,-0.09338663775465761
2018-10-10,0.006254017205165975,-0.004463437153390582,0.010717454358556557,-0.08769889510713746
2018-10-11,-0.003064693682024411,-0.013266217574246794,0.010201523892222383,-0.09049053858833012
2018-10-12,0.0006881757218025154,0.0034868373649658843,-0.002798661643163369,-0.08986442084343149
2018-10-15,0.006308352015964204,0.0038259038154985475,0.0024824482004656557,-0.08410481752567633
2018-10-16,-0.005260274670019324,0.0036166291246533767,-0.008876903794672701,-0.08891002830994632
2018-10-17,0.003894422993832668,-0.0034351858394038393,0.007329608833236507,-0.08535494056020176
2018-10-18,0.013782124606822356,0.0036153646430253554,0.010166759963797001,-0.07266192090680867
2018-10-19,0.00902114904378332,0.006442466813385376,0.0025786822303979426,-0.06425841824680834
2018-10-22,-0.010636776107976304,-0.005542802821808407,-0.005093973286167897,-0.0741589437640926
2018-10-23,0.008615298351791322,-0.002523399876980306,0.011138698228771629,-0.06614808843324427
2018-10-24,0.01078075765538679,0.00431814246109964,0.00646261519428715,-0.0560259933981494
2018-10-25,-0.004574609173055598,-0.00287458537931779,-0.0017000237937378083,-0.06033444329706905
2018-10-26,-0.006631015082020748,-0.010561162191650488,0.0039301471096297395,-0.06654476664589648
2018-10-29,0.005391175753293454,0.0009192699878439691,0.004471905765449485,-0.061498755680828965
2018-10-30,-0.001696927176512399,0.0014672993463250843,-0.0031642265228374834,-0.0630899734753112
2018-10-31,-0.017059479690880487,-0.005339722136261041,-0.011719757554619445,-0.07893761048665149
2018-11-01,-0.007474555020395147,0.0033209144617249347,-0.010795469482120082,-0.08579647657518696
2018-11-02,-0.02018189748449072,-0.004247515316703015,-0.015934382167787704,-0.10406190291547013
2018-11-05,-0.0019525060965877323,0.009734111936678632,-0.011686618033266365,-0.10580952083966644
2018-11-06,0.012856494489133327,0.005606834783167108,0.007249659705966218,-0.09423914802622413
2018-11-07,0.003981311287864669,0.009266192917637753,-0.005284881629773084,-0.09062584405102747
2018-11-08,0.009438744504193014,-0.004611546154409878,0.014050290658602893,-0.08200185795938719
2018-11-09,-0.005565391671348293,0.0012456916053769527,-0.006811083276725246,-0.08709668666437353
2018-11-12,-0.015711307888028943,-0.0005335303101146517,-0.015177777577914293,-0.1013275065628072
2018-11-13,0.007619537685713534,0.0021307984132815255,0.005488739272432009,-0.09445388397410215
2018-11-14,-0.0015269464291696316,-0.008700416873313934,0.007173470444144302,-0.09583554924953352
2018-11-15,0.006553536741363428,0.0016360769040065317,0.004917459837356896,-0.08989061540744714
2018-11-16,-0.001235816488364648,0.0032561377861493974,-0.0044919542745140454,-0.09101464889852517
2018-11-19,0.0067919844157474886,0.004308848281913873,0.0024831361338336156,-0.08481982078617922
2018-11-20,0.018432394165760584,-0.0021497826119403264,0.02058217677770091,-0.06779443168189614
2018-11-21,-0.007253952958320445,-0.0007186956249822044,-0.006535257333338241,-0.07453213996775232
2018-11-23,-0.00536954196583353,-0.002884944132075674,-0.002484597833757856,-0.07948816079167442
2018-11-26,-0.004698206355557835,0.0028849441320756308,-0.007583150487633465,-0.08380277196178243
2018-11-27,0.009308853401098754,0.002510991450859023,0.006797861950239731,-0.07523420639460776
2018-11-28,-0.009421024458832609,0.0010721161972536645,-0.010493140656086274,-0.08390553701020442
2018-11-29,0.0004783736155662046,-0.004843113872411403,0.005321487487977608,-0.08346719675289616
2018-11-30,0.004175065563241111,0.004843113872411394,-0.0006680483091702823,-0.0796326129592112
2018-12-03,0.0,0.0,0.0,-0.0796326129592112
2018-12-04,0.0,0.0,0.0,-0.0796326129592112
2018-12-06,0.0,0.0,0.0,-0.0796326129592112
2018-12-07,0.0,0.0,0.0,-0.0796326129592112
2018-12-10,0.0,0.0,0.0,-0.0796326129592112
2018-12-11,0.008568259161996623,0.013559629430792771,-0.00499137026879615,-0.07171278554873817
2018-12-12,-0.003264598253720983,0.0019072531223423223,-0.005171851376063305,-0.0747383290888225
2018-12-13,0.0034650212858515434,0.007728172387471614,-0.004263151101620071,-0.07152671676491773
2018-12-14,0.0006295485445809049,-0.0006822127663569392,0.001311761310937844,-0.07094201373061404
2018-12-17,0.0017370369417783098,-0.006699977752290237,0.008437014694068547,-0.06932680325340701
2018-12-18,-0.005054095455336907,-0.010662770382976212,0.005608674927639305,-0.07401864792474999
2018-12-19,0.0037371044219106277,0.0015875500444825627,0.002149554377428065,-0.07055168475255391
2018-12-20,0.010197363765239912,0.00017612991431291037,0.010021233850927002,-0.06102527258703394
2018-12-21,0.008859014509664852,-0.0005285343471626983,0.00938754885682755,-0.05266992643164303
2018-12-24,-0.017874440971748413,-0.0206900718345761,0.0028156308628276864,-0.06945248565316042
2018-12-26,-0.003803895132599171,0.007836823123557482,-0.011640718256156653,-0.07298546700827324
2018-12-27,0.0066582716842050705,0.00789400073846373,-0.001235729054258659,-0.06679255823680252
2018-12-28,-0.0014925821456196772,-0.0016047009485804997,0.00011211880296082249,-0.06818440801907333
2018-12-31,-0.00243788800050518,0.004090515286849372,-0.006528403287354552,-0.07045330328944366
2019-01-02,0.0015427931494588903,-0.004090388729481882,0.005633181878940773,-0.06901809818602989
2019-01-03,0.007578629450080905,0.0028489844308952363,0.004729645019185668,-0.06193572789575186
2019-01-04,-0.009199899319076622,0.009148710805094157,-0.01834861012417078,-0.07052624820258169
2019-01-07,-0.004571619396515615,0.0019141373606213167,-0.006485756757136932,-0.07476575035602029
2019-01-08,0.005577052961540221,0.009461885575337177,-0.0038848326137969564,-0.06959125413627165
2019-01-09,-0.0016345530982814606,-0.006173073696353723,0.004538520598072263,-0.07111081439520128
2019-01-10,-0.004752182574769916,0.009061797355195704,-0.01381397992996562,-0.07551459332853994
2019-01-11,0.0018142082414284396,-0.002207520971019623,0.0040217292124480625,-0.07383586196097636
2019-01-14,0.0034011664996950767,-0.003072868697027292,0.006474035196722369,-0.07068046054044563
2019-01-15,-0.00517091623635192,0.0015387344835697827,-0.006709650719921703,-0.07547349117601276
2019-01-16,-0.0030489123121775095,0.003910941440826731,-0.006959853753004241,-0.07828799865816971
2019-01-17,-0.005608370192902133,0.00033868056838550127,-0.005947050761287634,-0.08344283215407988
2019-01-18,0.006927236592530815,-0.0016954608707746438,0.008622697463305459,-0.07707158170005901
2019-01-22,0.0010643772786300817,0.0028788998985320585,-0.0018145226199019768,-0.0760887146839494
2019-01-23,-0.005655130939640114,0.004371229471737038,-0.010026360411377153,-0.081298808213353
2019-01-24,0.0030345773998160285,0.0041674475442359535,-0.001132870144419925,-0.07850670405411131
2019-01-25,-0.0007705114001996527,-0.005508308427471757,0.004737797027272104,-0.07921645167441471
2019-01-28,0.00849199889636393,0.001173400339708965,0.007318598556654964,-0.07136386390500715
2019-01-29,0.00180525982444342,0.0028385608417011033,-0.0010333010172576833,-0.06968592029058751
2019-01-30,-0.0013971635647030299,0.0029879560423904912,-0.004385119607093521,-0.0709848136319684
2019-01-31,0.005028322548559614,0.011615257003220827,-0.006586934454661212,-0.06630166128954751
2019-02-01,-0.0007102914914668738,-0.001781965375472439,0.0010716738840055653,-0.06696462379894264
2019-02-04,-0.002792088053339893,0.001943571374581739,-0.004735659427921632,-0.0695661072506999
2019-02-05,0.0024984224417789374,-0.0016191049391464012,0.004117527380925338,-0.0672385839749926
2019-02-06,-0.005381025449252549,-0.0037440986027998838,-0.0016369268464526648,-0.07224431682617993
2019-02-07,-0.003545083120426836,0.0034196321673645473,-0.006964715287791383,-0.07552746488365514
2019-02-08,-0.004796664851260646,0.0006487607390287116,-0.005445425590289358,-0.07995123165368567
2019-02-11,-0.005200487776130002,-0.000973437868132951,-0.004227049907997051,-0.08472351417290547
2019-02-12,-0.0018512764871463283,0.0008113361585180491,-0.0026626126456643774,-0.08641637654871392
2019-02-13,-0.0005963718776502723,-0.001298670700745358,0.0007022988230950858,-0.08696104969960416
2019-02-14,-0.0009320613260539359,0.0011364781067668783,-0.0020685394328208142,-0.0878116615215887
2019-02-15,-3.958282747847574e-05,0.000972023157453187,-0.0010116059849316628,-0.08784776780061954
2019-02-19,0.004458789595749432,0.005153167621993111,-0.0006943780262436785,-0.08377159226655373
2019-02-20,0.0027747519172563575,0.0009369677709469783,0.0018377841463093794,-0.0812257553360175
2019-02-21,0.0003685923123738048,0.0038585158735799313,-0.0034899235612061265,-0.08088703979248946
2019-02-22,0.0030800369309469506,0.0028744803419016095,0.00020555658904534112,-0.07805177381079764
2019-02-25,-0.0009018358525587338,-0.00624916813204344,0.005347332279484706,-0.07888284497416609
2019-02-26,0.004182146259737871,-0.0012915275493526044,0.005473673809090475,-0.07502253173873152
2019-02-27,0.0070682665465642645,0.003704383695594142,0.003363882850970123,-0.06846138378865096
2019-02-28,-0.01957769335556958,-0.01664105337894148,-0.0029366399766281017,-0.0865213976170407
2019-03-01,-0.00794864408918353,0.0,-0.00794864408918353,-0.09375353299767397
2019-03-04,0.013694845316898515,0.0,0.013694845316898515,-0.08125725582616727
2019-03-05,-0.0006707807141561358,0.0,-0.0006707807141561358,-0.08187332409377379
2019-03-06,0.0046306124065972655,0.0,0.0046306124065972655,-0.07761197660774366
2019-03-07,0.0037373635094395943,0.0,0.0037373635094395943,-0.074158227329442
2019-03-08,-0.005055578734420212,-0.0018281783584000334,-0.0032274003760201786,-0.07882708148268958
2019-03-11,0.0034430681468451173,0.006616077469010643,-0.003173009322165526,-0.07564995395457308
2019-03-12,-0.008856657751803821,0.0040910429362660174,-0.012947700688069838,-0.08380045955861071
2019-03-13,-0.006466252177423159,-0.004419820105601853,-0.002046432071821306,-0.08970572379199027
2019-03-14,0.010419094946634554,0.0,0.010419094946634554,-0.08017169959616921
2019-03-15,0.005486755385635955,0.006533979629948966,-0.001047224244313011,-0.07511095587956396
2019-03-18,-0.005156309011234689,-0.003746623340277521,-0.0014096856709571678,-0.07986769544346028
2019-03-19,-0.0033487966569295787,-0.005094637765801644,0.0017458411088720656,-0.08294387779949275
2019-03-20,-0.0037949470298879098,-0.00016515317652781843,-0.0036297938533600914,-0.08641746200387856
2019-03-21,-0.004312400915732251,0.00591340090473794,-0.010225801820470191,-0.09034871351862372
2019-03-22,0.008289988310627543,0.0016302204066545882,0.006659767903972954,-0.08277637103831947
2019-03-25,-0.003493528808680692,0.0013003829340240023,-0.004793911742704694,-0.0859751274828714
2019-03-26,0.0020251977665660253,0.002105940312194196,-8.074254562817065e-05,-0.08412217068379213
2019-03-27,-0.0026330944383800327,-0.006344580787840911,0.0037114863494608786,-0.08653059131141794
2019-03-28,-0.002132325054380514,-0.0034500110289502777,0.0013176859745697637,-0.08847632980726094
2019-03-29,0.005486398731537903,0.006062710423888683,-0.0005763116923507795,-0.08346160368466671
2019-04-01,0.004153823796558907,0.0,0.004153823796558907,-0.07964654663170101
2019-04-02,-0.006216528942363041,0.0,-0.006216528942363041,-0.08535020366899326
2019-04-03,0.0013559313579723095,0.0,0.0013559313579723095,-0.08410916013380543
2019-04-04,0.0019310668588640365,0.0,0.0019310668588640365,-0.08233880489958278
2019-04-05,0.0020660872001487204,0.0,0.0020660872001487204,-0.08044087688306478
2019-04-08,-0.0014692435054027286,-0.00392420585059662,0.0024549623451938915,-0.08179094112311724
2019-04-09,-0.0009176420829327423,-0.0023034467454608257,0.0013858046625280834,-0.08263314191792781
2019-04-10,-0.006564073574772676,-0.0019826706027100106,-0.004581402972062665,-0.08863508531990205
2019-04-11,-0.0007457328007591743,0.0014878264563626916,-0.002233559257121866,-0.0893144666802731
2019-04-12,0.0048520756043514725,0.00460074586428503,0.0002513297400664428,-0.08488501429195894
2019-04-15,-0.00020883195906226041,-0.0011462717324751872,0.0009374397734129268,-0.0850760995941382
2019-04-16,-0.004132752940852028,-0.005770917254357915,0.0016381643135058872,-0.08884945149798262
2019-04-17,0.0057816898594747704,-0.0023269909277768646,0.008108680787251635,-0.08356620327725495
2019-04-18,0.002449057332813852,0.004643434050325006,-0.0021943767175111543,-0.08131905379156767
2019-04-22,0.0019785505106959707,0.003126490155912363,-0.0011479396452163922,-0.07949959778702309
2019-04-23,-0.0025353776388831,0.002291382546704547,-0.004826760185587647,-0.08183045786951948
2019-04-24,-0.007081862571903448,-0.00541787270261697,-0.0016639898692864781,-0.08830983826395522
2019-04-25,0.004448592616028746,0.003618481369855022,0.0008301112461737239,-0.0842450655869692
2019-04-26,-0.0028832553726969553,-0.0006560447131371297,-0.0022272106595598255,-0.08688161816798501
2019-04-29,-0.00036131383371041347,-0.0003283070016146939,-3.300683209571956e-05,-0.08721148087558783
2019-04-30,0.005158259020563111,0.008950602437076778,-0.0037923434165136665,-0.08249091678370968
2019-05-01,0.00023249022230649842,-0.0035610825836992813,0.0037935728060057797,-0.08227758009459829
2019-05-02,0.005628573425578996,-0.00048748324631174344,0.006116056671890739,-0.07709754764901777
2019-05-03,0.012757181184821685,0.006462160616782917,0.006295020568038768,-0.06524849428622781
2019-05-06,0.008702583774304988,-0.0016077553918822313,0.010310339166187218,-0.05707824140895423
2019-05-07,-0.0043027892153550094,-0.0038797995957370788,-0.00042298961961793023,-0.06112671886405474
2019-05-08,0.014651371655431667,-0.005876642236229433,0.0205280138916611,-0.04726967300196794
2019-05-09,-0.014804801371084884,-0.02010324394230124,0.005298442571216355,-0.06127075887432243
2019-05-10,0.0029038572972908145,0.006959942988333243,-0.004056085691042428,-0.05854086141927217
2019-05-13,0.015382737249858893,0.008358522599738254,0.007024214650120639,-0.043946681423113865
2019-05-14,-0.003457674681468784,-0.006339552303681933,0.0028818776222131488,-0.04724669430362016
2019-05-15,0.0012215638090020344,-0.0012223321087141861,0.0024438959177162205,-0.046082134199050606
2019-05-16,0.0027458091900700397,0.0030498540615489737,-0.0003040448714789342,-0.04345925844631304
2019-05-17,0.0028883131352417345,0.0028634033239762413,2.4909811265492977e-05,-0.04069247551380284
2019-05-20,-0.007002850067867827,-0.0021882812130771152,-0.004814568854790712,-0.047386894911303545
2019-05-21,-0.014259025885804393,-0.002028342807416335,-0.012230683078388059,-0.06087384593113432
2019-05-22,0.004803672748388423,0.0005078184098816436,0.00429585433850678,-0.05635173855127673
2019-05-23,0.010997391586598454,-0.00220445177491359,0.013201843361512044,-0.0459167956926122
2019-05-24,0.0027366425876940046,-0.0005101028546729763,0.003246745442366981,-0.04330223503623076
2019-05-28,-0.007298784306990267,-0.009792525304156256,0.002493740997165988,-0.05025954483196682
2019-05-29,0.0047419697716991165,-0.00646057164055046,0.011202541412249576,-0.045745209340594006
2019-05-30,0.007119906898912507,-0.0031736083747158903,0.010293515273628397,-0.03892675951326596
2019-05-31,0.0014372410898189642,0.00442605940285153,-0.002988818313032566,-0.03754447245978221
2019-06-03,-0.0005268562724024617,0.0035128862015175555,-0.004039742473920017,-0.03805141463681605
2019-06-04,0.001974658288720085,0.008675879859422364,-0.006701221570702279,-0.03615001820313102
2019-06-05,-0.001523588539548996,0.0038554949330123142,-0.00537908347256131,-0.037617410854070665
2019-06-06,0.0007987961103834651,0.0018456203763999302,-0.0010468242660164652,-0.036848356267146776
2019-06-07,-0.0018418027344576761,-0.007855987950331433,0.006014185215873758,-0.03862065898127276
2019-06-10,-0.006489814794543178,-0.007689150489055838,0.0011993356945126598,-0.04483963103597799
2019-06-11,0.0027983991744838363,0.005090957657132007,-0.0022925584826481707,-0.04216296760836047
2019-06-12,-8.768159410667276e-05,-0.0007241710090189502,0.0006364894149122773,-0.042246948604407364
2019-06-13,-0.0011144491616025458,-0.0011608194670266472,4.637030542410138e-05,-0.04331372114726373
2019-06-14,0.0030898484645643398,0.0052022635426335045,-0.0021124150780691643,-0.040353133990073675
2019-06-17,0.0006793592845785634,-0.00491182265485265,0.005591181939431214,-0.03970096747912877
2019-06-18,-8.09645378444067e-05,0.0030396195843607056,-0.0031205841222051124,-0.039778714499071
2019-06-19,-0.0038563299350887134,0.002159737949763367,-0.0060160678848520804,-0.043474513895629396
2019-06-20,-0.0009167908239476258,0.0034364641439251008,-0.004353254967872726,-0.04435104582455318
2019-06-21,0.0037842243413163034,0.0018516661530709484,0.001932558188245355,-0.040727804535308776
2019-06-24,0.002915717303760767,0.0001421774324288768,0.00277353987133189,-0.037926756448191656
2019-06-25,0.007796756987229326,-0.000568854063945422,0.008365611051174749,-0.030396387081507825
2019-06-26,-0.00136179633199374,-0.020921134224103362,0.019559337892109622,-0.03171589107330297
2019-06-27,0.006321661212159854,0.004872266209540742,0.001449395002619113,-0.025575338181800134
2019-06-28,0.010257644562955758,0.01576418169283568,-0.0055065371298799225,-0.01552859648724747
2019-07-01,0.004647895279731569,0.004394054176534208,0.0002538411031973606,-0.010942226270171829
2019-07-02,-0.005581720792922159,-0.0026885261054962043,-0.0028931946874259547,-0.016447491890093313
2019-07-03,0.005228686444471643,0.00802262630400115,-0.002793939859529507,-0.011291336009409902
2019-07-05,0.0038094037732356255,0.0038943342491858978,-8.493047595027226e-05,-0.007517762525006133
2019-07-08,-0.0016804423841064618,-0.005292593059124271,0.0036121506750178096,-0.00918417119830428
2019-07-09,-0.000970594356774492,-0.0016829784149657416,0.0007123840581912495,-0.01014538490058492
2019-07-10,0.005748274988996441,0.005171288884861744,0.0005769861041346971,-0.00443904327616651
2019-07-11,0.00043281944971575317,0.0004171112939635557,1.5708155752197455e-05,-0.0040080518667147125
2019-07-12,-0.0004726040147830825,0.0,-0.0004726040147830825,-0.004478650447945487
2019-07-15,-0.005591070989265567,-0.004886457134701269,-0.0007046138545642989,-0.010029149907290758
2019-07-16,-0.014940614100949403,-0.022232287549474358,0.007291673448524955,-0.02470997895968019
2019-07-17,0.006528180144870613,0.010306726252320023,-0.0037785461074494103,-0.01832228267824365
2019-07-18,0.003472906956536326,0.004291951108248337,-0.0008190441517120111,-0.014907080397386419
2019-07-19,0.009024304667655098,0.0005693379164711618,0.008454966751183936,-0.005977068795750218
2019-07-22,-0.0006704858255571751,-0.002853854480473262,0.0021833686549160873,-0.006643323699207393
2019-07-23,-0.004477515434760214,-0.006481393103220984,0.002003877668460769,-0.011081150915456583
2019-07-24,0.004662808761783052,0.0038988229045690895,0.0007639858572139622,-0.006459244281918131
2019-07-25,-0.003613107903864407,0.0015798603742144563,-0.005192968278078863,-0.01004253692953283
2019-07-26,-0.006147103225676838,-0.0059139431153211,-0.00023316011035573654,-0.016109242208784846
2019-07-29,0.0005529033601493016,0.0004352598365374738,0.00011764352361182784,-0.015565095286313557
2019-07-30,0.002490222070009647,0.004330228372436632,-0.0018400063024269849,-0.013110578883061663
2019-07-31,-0.005736904165246939,-0.008998744644433707,0.003261840479186768,-0.018756059638977862
2019-08-01,0.000894510379866093,0.0026291998999979707,-0.0017346895201318779,-0.017877934061474865
2019-08-02,-0.001593082348389153,0.006081794616669724,-0.007674876965058877,-0.01944128978084647
2019-08-05,-0.004505502345474185,-0.014900304579160719,0.010394802233686534,-0.02384926182876157
2019-08-06,-0.005959625139574794,0.003104299740610466,-0.00906392488018526,-0.029649453656295233
2019-08-07,0.00013766829606169564,-0.009371151630617856,0.00950881992667955,-0.02951585795426226
2019-08-08,0.02096438333529417,0.02660658576645731,-0.005642202431163137,-0.008955491706925889
2019-08-09,-0.005202634528354881,-0.014003982643609443,0.008801348115254563,-0.014098144812748736
2019-08-12,-0.004008946926986163,-0.003084104117184387,-0.0009248428098017762,-0.018042661064351484
2019-08-13,0.0018505135481780644,0.009485120214321232,-0.007634606666143168,-0.016223853359795926
2019-08-14,-0.0036342177663336406,-0.008896401788646783,0.005262184022313142,-0.01979262134212245
2019-08-15,0.0007790703437857629,0.0049781444211604705,-0.004199074077374708,-0.019028673296656806
2019-08-16,0.0021088155592810993,0.016479640657598944,-0.014370825098317845,-0.016957802925313792
2019-08-19,-0.0022846912540271766,-0.0001410555955432903,-0.0021436356584838864,-0.01920118713932606
2019-08-20,-0.0008116613888961462,-0.002261176467791055,0.001449515078894909,-0.01999694068110125
2019-08-21,0.002605545061994117,0.006752984639619954,-0.004147439577625837,-0.017440169103839498
2019-08-22,-0.00022734009160916462,0.0009773545416556174,-0.001204694633264782,-0.017663518956656965
2019-08-23,-0.004638229592180158,-0.011712246089598118,0.00707401649741796,-0.022209270822639016
2019-08-26,0.004698290238705569,0.009055079768687675,-0.004356789529982106,-0.017604517420682586
2019-08-27,0.0014496838982030916,-0.004082606929086441,0.0055322908272895325,-0.016179321715884654
2019-08-28,-0.0010782238490497122,-0.0002828837990405625,-0.0007953400500091497,-0.017239528961316863
2019-08-29,-0.0021722855145735274,0.004365490728126955,-0.0065377762427004825,-0.01937204823790073
2019-08-30,0.005377599323292831,0.011145284221335863,-0.005767684898043032,-0.014084419396013126
2019-09-03,0.00036641336555691796,0.00309874582063551,-0.002732332455078592,-0.013723100557985757
2019-09-04,0.00021294266036685,0.0029828097055988015,-0.0027698670452319515,-0.013513057768418713
2019-09-05,0.006430876050995236,0.009037502052026213,-0.002606626001030977,-0.007148640060271383
2019-09-06,-0.003858213105451579,-0.0029290930322063546,-0.0009291200732452243,-0.010971891985931959
2019-09-09,-0.0002700838268747194,0.00039149819948761344,-0.0006615820263623329,-0.011238976413015411
2019-09-10,-0.013835346643039956,0.0013680935719267847,-0.015203440214966741,-0.024824630097893374
2019-09-11,-0.006473453741463018,0.00678423610298805,-0.013257689844451068,-0.03111699410733837
2019-09-12,0.012219073735066989,0.005742855908439828,0.00647621782662716,-0.019205515805847062
2019-09-13,0.0008877109981761082,0.0020040113719846345,-0.0011163003738085264,-0.01833446719276155
2019-09-16,-0.0016184057644569893,0.005870193409555201,-0.00748859917401219,-0.019921915435640147
2019-09-17,0.00544757874480949,0.0018790191827674867,0.003568559562042003,-0.014568293996283566
2019-09-18,0.00169695900337363,0.0016850679425743167,1.1891060799313485e-05,-0.012894637128657238
2019-09-19,-0.0009287139070069747,-0.0013101677186274996,0.00038145381162052493,-0.01381095004470212
2019-09-20,0.004411601261963103,0.008547196412961887,-0.0041355951509987835,-0.009450666342576852
2019-09-23,-0.0052437289371238685,-0.0033272437485374943,-0.0019164851885863743,-0.014631243904165925
2019-09-24,-0.00035805001655617505,0.0003708116776703272,-0.0007288616942265023,-0.014983992049091843
2019-09-25,-0.0008881349296570649,0.0031404602656909756,-0.004028595195348041,-0.015858430804744472
2019-09-26,0.0006773451116731384,-0.0049971520374393254,0.005674497149112464,-0.015191601512369868
2019-09-27,-0.001232881107002755,-0.002610890996768875,0.00137800988976612,-0.016405005036045806
2019-09-30,-0.0026946511613545948,-0.00018697378865145987,-0.002507677372703135,-0.019051882624031458
2019-10-01,-0.0014000240918553382,-0.004321053788414039,0.002921029696558701,-0.020424272707463165
2019-10-02,-0.0012096770831294089,-0.007221615978388804,0.006011938895259395,-0.02160852658915635
2019-10-03,-0.0008259625603828135,0.0021011376222861847,-0.002927100182668998,-0.02241630767120284
2019-10-04,0.009956016617061298,0.013168604641399826,-0.003212588024338528,-0.012634856838794173
2019-10-07,0.002835001451794988,0.0012979801955878985,0.0015370212562070896,-0.009831703630238553
2019-10-08,0.019214228248771312,0.002585935935564795,0.01662829231320652,0.009377570731747387
2019-10-09,0.0006071595313138,-0.001291235246193229,0.001898394777507029,0.009990610032005964
2019-10-10,-0.0032137431050165296,-0.0027783352927238268,-0.0004354078122927028,0.006749969754707319
2019-10-11,-0.00026378999795836856,0.003147518820838029,-0.0034113088187963975,0.006484434206591727
2019-10-14,0.0015467213463872345,-0.002219772210736857,0.0037664935571240913,0.008042389716710119
2019-10-15,-0.005541542121203533,-0.0012993850440843463,-0.004242157077119188,0.002471729633515052
2019-10-16,-0.009241613031852771,-0.004480970190323992,-0.004760642841528779,-0.0067500484808078465
2019-10-17,0.0011287793960603016,0.003364312653977098,-0.0022355332579167965,-0.0056282553910422806
2019-10-18,-0.002825125845609831,-0.0009321214123123223,-0.0018930044332975083,-0.008433516233615657
2019-10-21,0.0027157168390210566,0.004829215016400172,-0.0021134981773791145,-0.005737042664537673
2019-10-22,-0.006282010830897528,0.0009232919654915451,-0.007205302796389073,-0.011963435720629856
2019-10-23,-0.0029414615353098097,-0.0011082446305792164,-0.0018332169047305933,-0.014865437114809033
2019-10-24,-0.006961231023331588,-0.0009253425988321542,-0.006035888424499434,-0.021699372497654634
2019-10-25,0.007410124535341667,0.002033587229411365,0.0053765373059303035,-0.014423117331259894
2019-10-28,0.004022950560952079,-0.0020335872294113635,0.006056537790363442,-0.010450204199888624
2019-10-29,0.0007962698520260302,0.0007404028901198881,5.58669619061421e-05,-0.00966194173724677
2019-10-30,0.0022320738067894757,0.004053035963388135,-0.001820962156598659,-0.007448965252891071
2019-10-31,-0.00025589653862801375,-0.0040530359633881245,0.0037971394247601105,-0.007702923132237527
2019-11-01,-0.0005131973468973547,0.002583194607914891,-0.0030963919548122457,-0.008212036710377513
2019-11-04,0.003880162279987248,0.0036670156943640884,0.00021314658562315944,-0.004356262788810739
2019-11-05,-0.00986424886429204,-0.018800017101990963,0.008935768237698923,-0.014129259511563963
2019-11-06,-0.011777895755230538,-0.011706472545022988,-7.142321020755057e-05,-0.025672630570735322
2019-11-07,0.0039736995262592304,0.008853089328035685,-0.004879389801776454,-0.021793243710266252
2019-11-08,0.008076669694125016,-0.004022199186598955,0.012098868880723972,-0.013860599294981402
2019-11-11,0.010640202148248047,0.0017276848335845793,0.008912517314663467,-0.003311855865724911
2019-11-12,0.0005578591840095628,0.0040084641060648225,-0.0034506049220552597,-0.002755689113984605
2019-11-13,-0.007397275391309464,-0.005736148939649441,-0.001661126451660023,-0.010105362620257408
2019-11-14,0.015313035178012956,0.006496129296301039,0.008816905881711917,0.0051695831929650105
2019-11-15,0.0064722486297627835,-0.0026647694701974855,0.00913701809996027,0.011696389422825915
2019-11-18,0.012237124521286391,0.009077539475417154,0.0031595850458692367,0.02415270340945308
2019-11-19,-0.0037115378625529943,-0.004518086376895417,0.0008065485143424224,0.02035856726919638
2019-11-20,0.009204498591126709,0.004705410505065275,0.004499088086061434,0.029793813002159775
2019-11-21,-0.0028334119914241035,-0.00470541050506526,0.0018719985136411562,0.02688011266975532
2019-11-22,-0.0015130609424340127,0.0016990236535968993,-0.0032120845960309117,0.025327555331843055
2019-11-25,-0.004283294502186188,-0.004924421459417072,0.0006411269572308847,0.020945167679780052
2019-11-26,0.0029661760797418772,-0.0019068426566556714,0.004873018736397549,0.023977966498938574
2019-11-27,0.0030954660406004434,0.005887950305551132,-0.0027924842649506877,0.027152566418787494
2019-11-29,0.00902160327483553,0.008375955533141875,0.0006456477416936552,0.03646105498700747
2019-12-02,0.004380061937494148,0.0016332872867225211,0.0027467746507716263,0.04101077535832198
2019-12-03,0.007222396517159234,0.006852017702480542,0.0003703788146786918,0.04855658456869283
2019-12-04,-0.001773452208691424,-0.011135243125695483,0.00936179091700406,0.04669866752834051
2019-12-05,-0.006084483892901519,-0.012036445471365094,0.005951961578463575,0.04034938199585314
2019-12-06,-2.801122880555099e-05,-0.001427646891877317,0.001399635663071766,0.04032024093941655
2019-12-09,0.005365584540522872,0.001168288216532151,0.004197296323990721,0.04591716910930277
2019-12-10,-0.003328517190241837,-0.002339522503655512,-0.000988994686586325,0.042441603281478724
2019-12-11,0.0048597064153268095,0.006986069923449954,-0.002126363508123144,0.047519892932561314
2019-12-12,0.006579563700101801,0.005239581718112415,0.0013399819819893861,0.05443484051826153
2019-12-13,-0.008268988613572335,0.0005083767371227506,-0.008777365350695086,0.045751680779479775
2019-12-16,-1.2038683388721286e-05,0.009435293851733095,-0.009447332535121816,0.0457390913818716
2019-12-17,-0.0041043375787680305,-0.006649121467483742,0.0025447838887157114,0.04145582113788593
2019-12-18,-0.0013611004019566672,0.002142383505526641,-0.003503483907483308,0.04003925946114162
2019-12-19,0.003884155715211776,0.00686907623101537,-0.002984920515803594,0.04408678942449917
2019-12-20,0.006577987457588632,0.0038305786398953215,0.002747408817693311,0.05097741761648611
2019-12-23,-0.002914937971454897,-0.006691785485278513,0.0037768475138236163,0.04791834430525399
2019-12-24,-0.000958928971809993,-0.002375696775301942,0.001416767803491949,0.046913946694758124
2019-12-26,-0.004795167322263991,-0.008341961098634058,0.0035467937763700667,0.04190583610867571
2019-12-27,0.002290176937753567,0.0,0.002290176937753567,0.04429471926427464
2019-12-30,0.0,0.0,0.0,0.04429471926427464
2019-12-31,0.0014061266381261307,0.006584046962891992,-0.0051779203247658626,0.04576416275679129
2020-01-02,0.0026010084569037563,-5.789933007428748e-08,0.0026010663562338306,0.04848774468238459
2020-01-03,0.0014886302033480204,0.0,0.0014886302033480204,0.05004971751848242
2020-01-06,0.0003736102888692715,0.0,0.0003736102888692715,0.050442100191309125
2020-01-07,-0.001119012296757114,0.0,-0.001119012296757114,0.04926729999468615
2020-01-08,0.0021491958533829307,0.0,0.0021491958533829307,0.05152480596720288
2020-01-09,0.0032070585621533972,0.0,0.0032070585621533972,0.05490252096935988
2020-01-10,0.00251788628389831,0.0,0.00251788628389831,0.057561992275888985
2020-01-13,0.0027293655355991866,0.0,0.0027293655355991866,0.060452408235888155
2020-01-14,-0.005137684348103093,0.0,-0.005137684348103093,0.05501811030344994
2020-01-15,-0.0038289885318908675,0.0,-0.0038289885318908675,0.05098618208766936
2020-01-16,-0.005579106830283419,0.0,-0.005579106830283419,0.04513894424989351
2020-01-17,0.0028175394191859533,0.0,0.0028175394191859533,0.048087816755298274
2020-01-21,0.002889006221738341,0.0,0.002889006221738341,0.05112012705142677
2020-01-22,0.007472907005987365,0.0,0.007472907005987365,0.05900447281303767
2020-01-23,-0.009468336255271582,0.0,-0.009468336255271582,0.049024782456602134
2020-01-24,0.013155117447776764,0.0,0.013155117447776764,0.06291599662182223
2020-01-27,0.008306915878945064,0.0,0.008306915878945064,0.07178232533059825
2020-01-28,0.0003214073385961974,0.0,0.0003214073385961974,0.07212685940026042
2020-01-29,-0.009308103322005414,0.0,-0.009308103322005414,0.062193693006230566
2020-01-30,-0.0039883873767778185,0.0,-0.0039883873767778185,0.05796569015061159
2020-01-31,0.004235679621797575,0.0024482204103151374,0.0017874592114824378,0.06245639775030409
2020-02-03,0.00110896950269285,0.00110896950269285,0.0,0.06363528304645283
2020-02-04,-0.01000957247513865,-0.011881299180425317,0.0018717267052866667,0.053041854884667616
2020-02-05,-0.007418262723041438,-0.0025018220982695335,-0.004916440624771904,0.04525901700599966
2020-02-06,-0.0036901331822634083,-0.004811001700421222,0.0011208685181578143,0.04140897996685644
2020-02-07,0.012846534818780135,0.01317671515425773,-0.0003301803354775949,0.054873779518701093
2020-02-10,-0.006926744337580074,-0.0006731641337041203,-0.006253580203875954,0.04759218652017716
2020-02-11,0.010549077970559964,0.01569179740164818,-0.005142719431088216,0.058701813310845896
2020-02-12,-0.004481574299119955,-0.0010890192185293215,-0.0033925550805906333,0.053967778361953656
2020-02-13,0.00046060326259177024,0.00304341978225763,-0.0025828165196658598,0.054453351178960885
2020-02-14,0.0016055425481225098,0.004745528381994595,-0.0031399858338720856,0.05614768069438747
2020-02-18,0.0031094365107923044,0.001500573922557063,0.0016088625882352413,0.059436815881938276
2020-02-19,-0.00770246407890611,-0.01455040617069846,0.006847942091792351,0.051307888438897775
2020-02-20,0.013927084499876757,0.00482466870946225,0.009102415790414507,0.06605197498886062
2020-02-21,0.013530242365240835,0.011221774703747476,0.0023084676614933603,0.08057393788229317
2020-02-24,-0.0012661559495017937,-0.009696540110791211,0.008430384161289417,0.07920662855805172
2020-02-25,0.0022589425747210345,-0.018619146242334877,0.020878088817055912,0.08164724993215011
2020-02-26,0.0013100740666876802,-0.010497732676152744,0.011807806742840425,0.08306521656144072
2020-02-27,-0.022667593278455633,-0.025792440268301527,0.0031248469898458933,0.05879089434660578
2020-02-28,-0.012556249008201311,-0.034166995395866574,0.02161074638766526,0.04557956815395414
2020-03-02,0.007489450513689824,0.022418470940351896,-0.014929020426662073,0.053439782188647866
2020-03-03,0.0161087376225303,0.0027235351948940723,0.013385202427636227,0.0705467834130955
2020-03-04,-0.003942042844511922,0.01937267812775121,-0.02331472097226313,0.06633494919551586
2020-03-05,0.01041630977502628,-0.009834735802177929,0.02025104557720421,0.07750027413944327
2020-03-06,0.010213282662684887,-0.0026717758592495556,0.012885058521934443,0.08856147846110862
2020-03-09,0.023182827292634295,-0.053953685418133786,0.07713651271076807,0.11409220499229766
2020-03-10,-0.002930684728615053,0.024097778371813337,-0.02702846310042839,0.11083193173090344
2020-03-11,-0.008476428402110672,-0.04176957058633053,0.03329314218421986,0.10145583842576955
2020-03-12,-0.02746209607290641,-0.1005227712404416,0.07306067516753519,0.07161911695820855
2020-03-13,-0.00017646213705274812,0.03130195252543499,-0.031478414662487735,0.07143003344225463
2020-03-16,0.03450650054709738,-0.057387767334820254,0.09189426788191762,0.10904661026545659
2020-03-17,-0.05656239079455807,-0.030106958299972352,-0.026455432494585714,0.04805738993165143
2020-03-18,0.04624804613710763,-0.011377395581151157,0.057625441718258785,0.09766631233515377
2020-03-19,0.04398953215379269,0.060476252277875495,-0.016486720124082806,0.14702992095005163
2020-03-20,-0.003234450050701679,-0.0049471089314240034,0.0017126588807223246,0.14332590342310003
2020-03-23,-0.022610411528863367,-0.042989266981282,0.02037885545241863,0.11776489564266512
2020-03-24,-0.005935670775129073,0.06146474978186473,-0.0674004205569938,0.11114986296802343
2020-03-25,-0.028462623311254175,0.0027304271338916145,-0.031193050445145788,0.07996946588701026
2020-03-26,0.005964654213294562,0.036104897169380534,-0.030140242956085972,0.08643035965558465
2020-03-27,0.0009423173448006817,0.018647235398495377,-0.017704918053694695,0.08745460433337793
2020-03-30,0.000390048067449989,-0.010169762672585283,0.010559810740035272,0.0878788466323035
2020-03-31,-0.0074892467586441195,-0.02136387770486434,0.01387463094622022,0.07976188640459214
2020-04-01,0.0,0.0,0.0,0.07976188640459214
2020-04-02,0.0,0.0,0.0,0.07976188640459214
2020-04-03,0.0,0.0,0.0,0.07976188640459214
2020-04-06,0.0,0.0,0.0,0.07976188640459214
2020-04-07,0.0,0.0,0.0,0.07976188640459214
2020-04-08,0.03863675546468989,0.03863675546468989,0.0,0.12229679662495463
2020-04-09,0.02176057785547973,0.02176057785547973,0.0,0.1469862778896056
2020-04-13,-0.012842250031515356,-0.012842250031515356,0.0,0.132350572169313
2020-04-14,0.0071204496437742865,0.0071204496437742865,0.0,0.1404421911928373
2020-04-15,-0.0151906703474673,-0.0151906703474673,0.0,0.12324902826937167
2020-04-16,0.003210019856763416,0.003210019856763416,0.0,0.12686047325817396
2020-04-17,0.027520929927990507,0.027520929927990507,0.0,0.15830340620631556
2020-04-20,-0.005448800753224747,-0.005448800753224747,0.0,0.15200920523022088
2020-04-21,-0.01173843705891763,-0.01173843705891763,0.0,0.13856547623493354
2020-04-22,0.012704304208413076,0.012704304208413076,0.0,0.15312243060483488
2020-04-23,0.0022463995832579333,0.0022463995832579333,0.0,0.15571571603950707
2020-04-24,0.021466520430327776,0.021466520430327776,0.0,0.18079311027883493
2020-04-27,0.01629623310840979,0.01629623310840979,0.0,0.20019323520125076
2020-04-28,0.00044493015324314453,0.00044493015324314453,0.0,0.20072735617576232
2020-04-29,0.013607266461684841,0.013607266461684841,0.0,0.21717764114056215
2020-04-30,-0.01193502296967219,-0.01193502296967219,0.0,0.20273694447498558
2020-05-01,-0.008421316685601164,-0.008421316685601164,0.0,0.1926508445046582
2020-05-04,0.006178551383076668,-0.00030332070661915006,0.006481872089695818,0.20004251040888543
2020-05-05,0.0019471352049259462,-0.0009114461790624267,0.0028585813839883726,0.20238143178741952
2020-05-06,0.011289282921461979,-0.00167504748347208,0.012964330404934058,0.21603236559572636
2020-05-07,-0.03340584140067216,-0.010169761256081229,-0.02323608014459093,0.17608080427360528
2020-05-08,-0.013591489009085965,0.010017296620584053,-0.023608785629670018,0.16020425234270563
2020-05-11,0.009230925429489471,-0.004136689641224731,0.013367615070714201,0.1709635942201575
2020-05-12,0.0017821309576939392,-0.006659504723898793,0.008441635681592731,0.1730522652816293
2020-05-13,0.011714247161766549,-0.005014213463013328,0.016728460624779878,0.18687448986746258
2020-05-14,-0.0037670662582097248,0.013976191596893886,-0.01774325785510361,0.18241186580156876
2020-05-15,0.008154045501102075,-0.0007663830765188633,0.008920428577620938,0.19209272138611677
2020-05-18,0.015425723633875395,0.043032639513244944,-0.02760691587936955,0.2106241773448232
2020-05-19,0.008919997694659473,-0.0025395956782136076,0.01145959337287308,0.22147124821769548
2020-05-20,-0.004146580467381024,0.002117203241207029,-0.006263783708588053,0.2164168059663507
2020-05-21,0.004476229808613308,-0.002824849114380729,0.007301078922994038,0.22187397178513701
2020-05-22,0.0008740959465734885,0.005913853891603729,-0.0050397579450302404,0.22294247378970167
2020-05-26,-0.006864943763087587,0.0002798688486762878,-0.007144812611763875,0.21457579373401137
2020-05-27,-0.00195580485215303,0.0032073925870235013,-0.0051631974391765315,0.21220264197066196
2020-05-28,-0.009259304570398315,0.006490769101179576,-0.01575007367157789,0.2010302924226388
2020-05-29,0.002457071657281416,-0.0053799664996094084,0.007837038156890824,0.20398493831554476
2020-06-01,-0.009255297760432027,0.0005544615803765546,-0.009809759340808582,0.19289310748843436
2020-06-02,0.00039781709458641115,-0.0026392646283151587,0.00303708172290157,0.19336775516382732
2020-06-03,-0.00045450740889240154,0.006640781093130167,-0.007095288502022569,0.19282548392005627
2020-06-04,-0.0010242483107273225,-0.013088967594059206,0.012064719283331884,0.19160435990701763
2020-06-05,0.007815988942526733,0.017740310230513173,-0.00992432128798644,0.20095441878703046
2020-06-08,-0.005199098698394635,0.01923319390628611,-0.024432292604680744,0.19472674141430724
2020-06-09,-0.007897204812038101,-0.023609494844988275,0.015712290032950174,0.185328896836642
2020-06-10,-0.00024128649420814864,-0.0028930882522318394,0.0026518017580236903,0.1850429274842993
2020-06-11,-0.008083515495860708,-0.03460491695276669,0.026521401456905985,0.1755022277653453
2020-06-12,-0.010181674511815678,-0.0013343345400190839,-0.008847339971796596,0.16359437052789505
2020-06-15,-0.006803766337003837,-0.005523194156766296,-0.0012805721802375421,0.15570441745461383
2020-06-16,-0.0026087272166064974,0.006709366819551557,-0.009318094036158055,0.1526934290177857
2020-06-17,-0.000898620811027836,-0.0025241113183528084,0.0016254905073249724,0.15165805998548842
2020-06-18,0.001965994742313939,0.0005950777025385422,0.0013709170397753969,0.1539244407927498
2020-06-19,0.0201275031524383,0.0066461480839229104,0.013481355068515388,0.17738537156289524
2020-06-22,-0.00032163789662802405,0.0010258628548911923,-0.0013475007515192164,0.17700674070274602
2020-06-23,-0.009060617677609392,-0.01712754551095553,0.008066927833346137,0.16639050009798928
2020-06-24,-0.004878794871714977,-0.006557904361913658,0.001679109490198681,0.1607137791463018
2020-06-25,-8.120494222193858e-05,0.0009201846270395684,-0.001001389569261507,0.16061952727784057
2020-06-26,-0.00023440484733574293,-0.01651235499262418,0.016277950145288437,0.16034750431772982
2020-06-29,0.00029889965067867244,0.021240113646905437,-0.020941213996226764,0.16069438361990485
2020-06-30,-0.004865875699903462,-0.005801530086906182,0.0009356543870027206,0.15506030749706134
2020-07-01,-0.014443958183635506,1.3901391448379246e-07,-0.01444409719754999,0.1384965756117753
2020-07-02,-0.0011432975527033802,0.0,-0.0011432975527033802,0.13719567906074204
2020-07-06,-0.004923625692577899,0.0,-0.004923625692577899,0.13161031460320705
2020-07-07,0.005327594389368179,0.0,0.005327594389368179,0.13765516331958771
2020-07-08,-0.005464283170919936,0.0,-0.005464283170919936,0.13145564673903443
2020-07-09,0.008371476932839447,-0.0038539266534895035,0.01222540358632895,0.14096735957892959
2020-07-10,0.007488877915808673,0.009958902237695131,-0.002470024321886458,0.14954399946143004
2020-07-13,0.001699266482397559,0.0040791915244532935,-0.0023799250420557345,0.15149904164815275
2020-07-14,0.007141451934170568,0.009095218859987923,-0.001953766925817355,0.15975185014930582
2020-07-15,0.0009644864470257085,0.002652516914717916,-0.0016880304676922075,0.16087095468451396
2020-07-16,-0.0038149024957549894,-0.002652516914717894,-0.001162385581037095,0.15645078180724958
2020-07-17,-0.011875571835882337,-0.0017762169861498386,-0.010099354849732498,0.14279849229291375
2020-07-20,0.01095669000892727,-0.0044683798107654615,0.01542506981969273,0.15538862827160482
2020-07-21,-0.0030338388379261205,0.0016430901202078507,-0.004676928958133972,0.15188867720650623
2020-07-22,-0.01045788475701869,0.0008939971068543383,-0.011351881863873028,0.13990512866937355
2020-07-23,-0.0032203065917750825,-0.005387709290134799,0.0021674026983597165,0.13624018895151968
2020-07-24,0.02380313294080003,0.014239989548862596,0.009563143391937432,0.1636107251694341
2020-07-27,0.011178644538120223,-0.0066243564668010445,0.01780300100492127,0.17669129113117732
2020-07-28,-0.0069192304324238695,0.0,-0.0069192304324238695,0.16857759557536478
2020-07-29,-0.008278461639321062,-0.0014842125880906944,-0.006794249051230367,0.1589435035295208
2020-07-30,0.00793079872919789,0.0031115097335980314,0.004819288995599859,0.16817139510229295
2020-07-31,0.0073018309064536,0.0038600237744527456,0.0034418071320008545,0.17673240257652223
2020-08-03,-0.006389950192008688,-0.005053728134611606,-0.0013362220573970819,0.16923711389901408
2020-08-04,0.008296497752077851,0.008296497752077851,0.0,0.17897803889350294
2020-08-05,-0.00020020330428593882,-0.006953722045135013,0.006753518740849074,0.17874202722038257
2020-08-06,-0.0014661158136640168,0.00621855850951494,-0.0076846743231789565,0.17701512112554307
2020-08-07,0.003467296628442662,0.0043948541383831375,-0.0009275575099404754,0.1811032649946871
2020-08-10,-0.018480999367129387,0.010107235519063909,-0.028588234886193296,0.1594757608118984
2020-08-11,0.007373070379162947,-0.00114468872577853,0.008517759104941477,0.16805625060573415
2020-08-12,0.0018058446299881966,0.005131143622205524,-0.003325298992217328,0.17016748441979646
2020-08-13,-0.0007162068265291303,0.00042528083306236724,-0.0011414876595914978,0.16932970252763968
2020-08-14,-0.0017751151054864246,-0.004983832762292604,0.003208717656806179,0.16725584891838818
2020-08-17,-0.00011625384094555275,0.0051253961974318755,-0.0052416500383774284,0.1671201588299851
2020-08-18,0.006076282420432051,0.011066495435129857,-0.004990213014697806,0.17423349998243087
2020-08-19,-0.00635201500277275,-0.00951076532159092,0.0031587503188181694,0.16679839013778386
2020-08-20,-0.0012657758342838306,-0.010848352703715506,0.009582576869431675,0.1653224192532703
2020-08-21,0.002540520639057014,-0.0017344888381079892,0.0042750094771650034,0.16828670873549
2020-08-24,-0.005522610389437499,0.0024555443529537782,-0.007978154742391276,0.16185249958831882
2020-08-25,0.0026697867200050065,-0.0020213739587531935,0.0046911606787582005,0.1649585423532598
2020-08-26,0.0006279119992471487,-0.009051490059492922,0.00967940205874007,0.16569026350483296
2020-08-27,-0.009116430957518502,-0.0031032103167842016,-0.0060132206407343,0.15511162169379022
2020-08-28,0.003236625707371959,0.008233134898843794,-0.0049965091914718355,0.1588563425242404
2020-08-31,0.0011557017308175552,0.0017466728294383517,-0.0005909710986207963,0.16019640901449117
2020-09-01,-0.002626057819050364,-0.003499567254750855,0.0008735094357004906,0.15715366312489198
2020-09-02,0.012260426338270436,0.01782300435794013,-0.005562578019669693,0.17142818744119626
2020-09-03,-0.01325122958752199,-0.01694583813340407,0.0036946085458820807,0.15600771931175816
2020-09-04,-0.009074325094332454,-0.012572644643877709,0.003498319549545255,0.14556518060673418
2020-09-08,-0.015364629266087813,-0.0217359824978432,0.00637135323175539,0.12809852427024904
2020-09-09,0.01457121528083791,0.006219037828847524,0.008352177451990387,0.14465663364601933
2020-09-10,-0.009830662563456558,-0.015376297292333587,0.005545634728877029,0.13345903063765263
2020-09-11,-0.0020865773306397006,0.0036513843393457075,-0.005737961669985408,0.13109644643362195
2020-09-14,-0.007078077490075671,-0.0011084027686094537,-0.005969674721466218,0.12311872490900333
2020-09-15,-0.0040146429116736035,-0.015128289774497978,0.011113646862824372,0.11861884303436399
2020-09-16,-0.006784277368836064,0.005201593155946377,-0.011985870524782442,0.11105550742592873
2020-09-17,0.004054917727600151,-0.0061829174967475585,0.01023783522434771,0.11556989264407003
2020-09-18,-0.0030425244975782707,-0.01008801185856119,0.007045487360982919,0.11218090207466536
2020-09-21,-0.009751082549838907,-0.013203292603504804,0.0034522100536658975,0.10138863793128006
2020-09-22,-0.004497875623102784,-0.005345752256279503,0.0008478766331767198,0.09644585317377508
2020-09-23,-0.006873411612649267,-0.0055788827065592,-0.0012945289060900661,0.0889353704022926
2020-09-24,0.007915359346368219,0.008862169515623816,-0.000946810169255596,0.09758888783340991
2020-09-25,0.006903492585891685,0.008369082932455413,-0.0014655903465637294,0.10519229943367159
2020-09-28,0.00016134640663690723,0.0,0.00016134640663690723,0.1053706326261512
2020-09-29,-0.004369362456923113,0.003039505308261505,-0.007408867765184618,0.10055140382877914
2020-09-30,0.00823229044357526,0.017208800477251752,-0.008976510033676492,0.10964885769617672
2020-10-01,0.01255529993245843,0.0,0.01255529993245843,0.12366865916268166
2020-10-02,-0.008131654042821197,0.0,-0.008131654042821197,0.11456842449274984
2020-10-05,-0.0007264945382282981,0.0,-0.0007264945382282981,0.11375899068009732
2020-10-06,-0.006619126442609977,0.0,-0.006619126442609977,0.1064112238203383
2020-10-07,0.0007065346135963344,0.0,0.0007065346135963344,0.10719321786723923
2020-10-08,0.011310888008278678,0.025524710846614826,-0.014213822838336148,0.11978764918580653
2020-10-09,0.0021743048108435145,-0.0012380040358494569,0.0034123088466929716,0.12222505773286141
2020-10-12,0.004603962494572707,0.007534998876866581,-0.002931036382293874,0.12740365168798218
2020-10-13,0.015715779186161655,0.006821451476691013,0.008894327709470642,0.14526163705485584
2020-10-14,-0.0020904217775504024,0.007471785678990493,-0.009562207456540895,0.14287005776338635
2020-10-15,0.0034460091117902835,0.004870935903665802,-0.0014249267918755187,0.1468151919762224
2020-10-16,-0.007904055250906837,-0.005167596112237753,-0.002736459138669084,0.13778643025725645
2020-10-19,-0.0009467970025947566,-0.00432271323397428,0.0033759162313795233,0.13670968728444044
2020-10-20,-0.011565583871910918,-0.003304206083244183,-0.008261377788666735,0.12363870850928715
2020-10-21,-0.011976406016175601,-0.009892308922555656,-0.002084097093619945,0.11026181854510075
2020-10-22,0.0021203859994448444,0.009892308922555687,-0.007771922923110843,0.11261849981486982
2020-10-23,0.002654920118249941,0.007329916440055171,-0.00467499632180523,0.11557633772827214
2020-10-26,0.0052338788444362405,0.0016308223004665517,0.0036030565439696886,0.12143043557743094
2020-10-27,-0.004663470147110444,-0.011074909373387783,0.006411439226277339,0.11621285369370615
2020-10-28,-0.0027351494381630936,-0.029773473267155397,0.0270383238289923,0.11316401614791216
2020-10-29,0.002994967733671268,0.0049544822030245335,-0.0019595144693532653,0.11650290389331963
2020-10-30,0.011322983202462895,0.007648221608719004,0.0036747615937438908,0.12921689181743412
2020-11-02,-0.0006377484296794592,0.008622264617794806,-0.009260013047474265,0.12849696510837494
2020-11-03,-0.004065905627631507,0.008628982085861282,-0.01269488771349279,0.12391791824162945
2020-11-04,0.0030278605894479204,-0.00030565154822748375,0.003333512137675404,0.12732614222171668
2020-11-05,-0.023688116312080315,-0.00910104178821811,-0.014587074523862204,0.10093571323874984
2020-11-06,-0.013007012258877154,-0.014049764718356499,0.001042752459479344,0.08670855590677906
2020-11-09,-0.007155658795961275,0.010926766277061128,-0.018082425073022403,0.07896019564306767
2020-11-10,-0.009425052190141723,0.010693143826853189,-0.020118196016994914,0.06883871216856807
2020-11-11,0.0010766728339512456,-0.006015723814713551,0.007092396648664796,0.06999012150818529
2020-11-12,-0.001726679970566268,-0.01624510111073887,0.014518421140172603,0.06814418512598897
2020-11-13,-0.0025221839335909536,0.015001943778150098,-0.017524127711741052,0.06545352362148127
2020-11-16,-0.00152658315424442,0.007871836320247072,-0.009398419474491493,0.06382826108552808
2020-11-17,-0.006566328699841204,-0.011776270577422317,0.005209941877581113,0.05686569929457308
2020-11-18,0.013680235072196604,-0.008698524826457643,0.022378759898654246,0.07142321860929157
2020-11-19,-0.0013355790810823213,-0.005938221076444978,0.004602641995362657,0.06999320333334347
2020-11-20,-0.002818394869726747,-0.006990785003014968,0.0041723901332882205,0.06698178565389057
2020-11-23,-0.006111201529591459,0.004400957993850874,-0.010512159523442333,0.06048112857763055
2020-11-24,0.0010238387361845873,0.01549898106608968,-0.014475142329905093,0.061567446248222746
2020-11-25,0.0045184111619111945,0.007340438248596923,-0.0028220270866857284,0.06637489728760082
2020-11-27,0.007007540595638578,0.004014836743065607,0.002992703852572971,0.07387380643913799
2020-11-30,0.024880330111434566,0.0036775771885818823,0.02120275292285268,0.10092729554695579
2020-12-01,0.008242401922851993,0.009227331974527431,-0.0009849300516754384,0.11003908071679658
2020-12-02,0.002389036003171267,0.003584209062182976,-0.0011951730590117093,0.11269417433985751
2020-12-03,-0.006167956249435934,-0.007496314585209468,0.0013283583357735342,0.1058522473975434
2020-12-04,0.01599195998212411,0.021002683944009188,-0.005010723961885076,0.12367915596462198
2020-12-07,-0.006995869695192829,-0.00935678488754006,0.0023609151923472313,0.1158454766598751
2020-12-08,0.009729754064861557,0.0019146312966253356,0.007815122768236222,0.12675536793354736
2020-12-09,-0.0007210177933958243,-0.002948934732169101,0.002227916938773277,0.12594325007535878
2020-12-10,0.008871144188134544,0.0014766741755129467,0.007394470012621598,0.13597609058554094
2020-12-11,-0.003029057168790821,-0.010881258431521733,0.007852201262730911,0.13254036020360482
2020-12-14,-0.005168178203984613,-0.008357764427472785,0.003189586223488172,0.12670228888992607
2020-12-15,0.0011240004882702437,0.01420044822719438,-0.013076447738924135,0.12796941480444213
2020-12-16,0.00655607778154967,-0.0028379915933505508,0.00939406937490022,0.13538876436456038
2020-12-17,0.004359498867924843,0.002391005998216345,0.0019684928697084984,0.14034929525553053
2020-12-18,0.007762239527586317,0.003713066608004385,0.0040491729195819325,0.14923540306167693
2020-12-21,0.00949825289014624,-0.0013335389222722978,0.010831791812418539,0.1602031362459413
2020-12-22,0.0072154446997418084,0.012454812541021515,-0.0052393678412797065,0.16860479220697489
2020-12-23,-0.0015171092998039057,0.011162527026004706,-0.01267963632580861,0.16683323517153692
2020-12-24,-0.007706820082824963,-0.0035506731411064185,-0.004156146941718544,0.15787522458777636
2020-12-28,-0.0013085914398957795,0.0021334029688283847,-0.003441994408724164,0.15636102992757572
2020-12-29,0.008702110985304734,0.004521089123497972,0.004181021861806762,0.16646772295245982
2020-12-30,0.0021750463738168615,0.011264494886127926,-0.009089448512311065,0.16900760552331784
2020-12-31,0.011376275268016465,0.016101928901508758,-0.004725653633492294,0.18238249178059185
2021-01-04,0.009319718402151185,5.916608364011286e-08,0.009319659236067545,0.19345347272734426
2021-01-05,-0.010885886433665028,0.0,-0.010885886433665028,0.1805321314867392
2021-01-06,-0.010225187296610927,0.0,-0.010225187296610927,0.16852247446722957
2021-01-07,0.013852969701439382,0.0,0.013852969701439382,0.18482262296089447
2021-01-08,-0.007794828190693422,0.0,-0.007794828190693422,0.17562303536088164
2021-01-11,0.02499233167125512,0.02809091085650953,-0.003098579185254412,0.20537483094643272
2021-01-12,0.0101796313871719,0.013658616049053962,-0.003478984661882063,0.21770776828710559
2021-01-13,0.0028417583293049763,0.007054441418702396,-0.00421268308939742,0.22117312099569286
2021-01-14,-0.00912095485535232,-0.014209783994196862,0.005088829138844541,0.2100854978103055
2021-01-15,-0.002154647757760666,0.007155342575494472,-0.009309990333255138,0.2074809967046014
2021-01-19,1.808468861651041e-05,0.004997033584156388,-0.004978948895539877,0.2075028338198952
2021-01-20,-0.0017816227967506213,-0.007575864255945806,0.005794241459195185,0.2053534345219632
2021-01-21,0.003457486141651099,0.0031908074437931263,0.00026667869785797216,0.20952814015227061
2021-01-22,0.00914473465104201,0.008009942403707122,0.0011347922473348888,0.22063968266631973
2021-01-25,0.007932464358301137,0.004792766135950788,0.003139698222350348,0.23036086895065933
2021-01-26,-0.012849299667366601,-0.010239916115983193,-0.0026093835513834067,0.21465272886919817
2021-01-27,0.004471336447647039,-0.015827368138325176,0.020298704585972216,0.22009601018921643
2021-01-28,0.009045042648113477,0.01752837619420312,-0.008483333546089643,0.23118189118891408
2021-01-29,0.0146144281681856,0.006257237075324172,0.008357191092861427,0.24930703218680672
2021-02-01,0.0048461220208831386,0.009804174714610184,-0.0049580526937270455,0.25537602015699545
2021-02-02,0.0006565560183072142,0.0061191999559806285,-0.005462643937673414,0.256200515472331
2021-02-03,-0.009101725694369539,-0.003403450827450428,-0.00569827486691911,0.24481879817079877
2021-02-04,-0.003565036000973004,-0.006042019637848336,0.002476983636875332,0.24038887544945764
2021-02-05,-0.0008380091893762893,-0.0013126637056601438,0.00047465451628385445,0.2393498535891696
2021-02-08,0.003572086643978235,0.0027410458727018094,0.0008310407712764254,0.2437848350015368
2021-02-09,0.0009380226583860589,0.007314818925933603,-0.006376796267547544,0.24495208072480645
2021-02-10,0.001038984481325671,0.004547192506370954,-0.003508208025045283,0.24624623880533547
2021-02-11,-0.000682966478755211,-0.0023268433545916146,0.0016438768758364037,0.2453953849853483
2021-02-12,0.0025544542668080915,0.001862155785888317,0.0006922984809197748,0.24858075725216766
2021-02-16,-0.0378750529253175,-0.029303988752366724,-0.008571064172950777,0.20217505162670202
2021-02-17,-0.013090726095490562,-0.010204427418193798,-0.0028862986772967645,0.18654026592895545
2021-02-18,-0.03982084066253045,-0.024080747379810453,-0.015740093282719997,0.14021961932676708
2021-02-19,0.028571026620808782,0.021686184586892573,0.006884842033916209,0.17326671108566982
2021-02-22,-0.027551973958336966,-0.03505602909683045,0.007504055138493481,0.1413821554077841
2021-02-23,0.013477326413252078,0.018357996159477172,-0.004880669746225094,0.15686906190822203
2021-02-24,-0.0033015408323829277,0.0018252950780879133,-0.005126835910470841,0.15305590956535897
2021-02-25,0.013369033608343867,-0.011186121879457719,0.024555155487801586,0.16857465696089102
2021-02-26,0.06854262340554257,-0.00791042589079674,0.07645304929633931,0.25148067167269117
2021-03-01,-0.0576649107699511,-0.030643448768914533,-0.02702146200103657,0.18135546321796947
2021-03-02,0.0171898537475832,0.0,0.0171898537475832,0.20183833526903805
2021-03-03,0.007729284310811052,0.0,0.007729284310811052,0.21116367814511094
2021-03-04,-0.01588815389815349,0.0,-0.01588815389815349,0.19207258593723697
2021-03-05,-0.011671027007044331,0.0,-0.011671027007044331,0.17824074747835805
2021-03-08,0.039323697591557315,0.06469376664821092,-0.0253700690566536,0.22549657795572298
2021-03-09,-0.0018823747064852484,0.002157712684230022,-0.00404008739071527,0.2231919040049899
2021-03-10,0.01105687854474387,0.009948280335845348,0.0011085982088985223,0.23679163505959377
2021-03-11,-0.002249864509270797,-0.0007040278779021467,-0.0015458366313686502,0.23401214936007908
2021-03-12,0.02741757996070704,0.01572023641147074,0.011697343549236298,0.26831386235985244
2021-03-15,-0.0033225870614453593,0.013471771548315829,-0.01679435860976119,0.26410677221294465
2021-03-16,0.004292564230158278,-0.002888170840795994,0.007180735070954272,0.2695446946922311
2021-03-17,0.0536383031533344,-0.003802319697784485,0.05744062285111888,0.33950029633166534
2021-03-18,-0.0016439565071103461,-0.007464514971908081,0.005820558464797735,0.33730002517381474
2021-03-19,-0.004598272485572574,0.00723990866258299,-0.011838181148155564,0.33116487162716957
2021-03-22,0.010692498719884116,-0.006784249512491937,0.017476748232376053,0.34547471798368257
2021-03-23,-0.002104146004461083,-0.0018248845480922226,-0.00027926145636886034,0.3426466191416073
2021-03-24,-0.005536246320714675,-0.0029796728496221834,-0.0025565734710924918,0.3352339348925506
2021-03-25,0.0033137537384778214,0.012486480898121446,-0.009172727159643625,0.3396659105183295
2021-03-26,-0.009048162639464737,-0.007454348688325363,-0.0015938139511393742,0.32759906917408244
2021-03-29,0.0014424317737354968,0.015240917308536411,-0.013798485534800915,0.3295154220260974
2021-03-30,0.005623903905589472,0.0033003821887162095,0.0023235217168732624,0.33701355362360985
2021-03-31,-0.005745945565761718,-0.0033003821887162433,-0.002445563377045475,0.3293531756573782
2021-04-01,0.0012305727182092255,4.808111866174807e-08,0.0012305246370905637,0.33099004834708357
2021-04-05,0.0065259520075622215,0.006361124185104008,0.00016482782245821366,0.3397044294140965
2021-04-06,-0.002046475072988208,0.006496441558592081,-0.00854291663158029,0.33696556116280973
2021-04-07,0.006813602697321894,0.0025749947938523412,0.004238607903469553,0.34610621835680266
2021-04-08,-0.0028223068988143018,-0.0027902712511879957,-3.20356476263058e-05,0.34231244959831253
2021-04-09,-0.0008252492158338353,0.00021527645733570292,-0.0010405256731695382,0.3412051642578986
2021-04-12,0.008086860604354432,0.0021468888367827954,0.005939971767571638,0.3520952775284696
2021-04-13,0.0004783058964493601,0.006808488212126308,-0.006330182315676948,0.3527421473607679
2021-04-14,0.0025172549422371525,0.0010555183563033868,0.0014617365859337656,0.3561516336895689
2021-04-15,0.0020623739829294177,0.007118995907707724,-0.005056621924778306,0.3589514116380188
2021-04-16,0.0002668069432795728,0.0002079832832076365,5.8823660071936294e-05,0.35931403768364567
2021-04-19,-0.0046826361534185856,-0.005852959473559749,0.001170323320141164,0.3529637442872726
2021-04-20,0.013485376841571434,0.009373345125243265,0.00411203171632817,0.3713325469738462
2021-04-21,0.00233613343240448,0.0012366370296551306,0.0010994964027493496,0.37453990773644397
2021-04-22,0.007300088814001654,-0.0024763852439395814,0.009776474057941235,0.38461088593436976
2021-04-23,-0.002302455083058484,-0.0008280744640578119,-0.001474380619000672,0.3814265488652877
2021-04-26,0.0025191710902452854,-0.002909403518523575,0.00542857460876886,0.38491098579412397
2021-04-27,0.006686066272865771,-0.0037657632191405873,0.010451829492006359,0.39420161670388265
2021-04-28,0.003258681857227204,0.002722531852016431,0.0005361500052107729,0.3987522867836
2021-04-29,0.006950024805580315,0.011765337569830578,-0.0048153127642502624,0.40850751012866926
2021-04-30,-0.004107759334914354,-0.005599671423373694,0.0014919120884593399,0.40273356735827126
2021-05-03,0.0026774660636404764,0.0,0.0026774660636404764,0.4064943713470168
2021-05-04,0.001329442507499271,0.0,0.001329442507499271,0.4083654682331279
2021-05-05,0.0043646079325476966,0.0,0.0043646079325476966,0.4145258654073656
2021-05-06,0.0002637812842427858,0.0,0.0002637812842427858,0.41489904007281986
2021-05-07,-0.0011254742014255032,0.0,-0.0011254742014255032,0.4133075034902771
2021-05-10,-0.030548427086773085,-0.025461900219588846,-0.005086526867184237,0.3707859719506512
2021-05-11,0.020955459355667984,0.009895151732398045,0.011060307623269938,0.39981451260250633
2021-05-12,0.00080624518979799,-0.010207564211788034,0.011013809401586024,0.40094356140382437
2021-05-13,-0.0069468700568752415,0.0018714551398160567,-0.008818325196691299,0.3912451144541764
2021-05-14,-0.0005453546968995212,0.009864679907982149,-0.010410034604881671,0.3904865992451856
2021-05-17,-0.013174393056719498,-0.014242387929880975,0.001067994873161476,0.3722879237186516
2021-05-18,0.01005123744199508,0.007171838432357161,0.0028793990096379184,0.38615066763455697
2021-05-19,0.011438371867130443,0.011628485808414572,-0.00019011394128412963,0.40209700061515097
2021-05-20,-0.0015577912454165942,-0.001514742782250554,-4.30484631660402e-05,0.39991452654322224
2021-05-21,0.0075512934763137165,0.006031441435990955,0.0015198520403227611,0.4105257056160234
2021-05-24,-0.0033727321095245698,-0.0005998679664269194,-0.0027728641430976504,0.40577639385759356
2021-05-25,-0.006123449230200545,-0.014617322852847411,0.008493873622646867,0.3971944957056137
2021-05-26,-0.0008416156855458583,0.001542719886247368,-0.002384335571793226,0.3960190895917606
2021-05-27,-0.0011303843638005412,-0.005264843939586366,0.0041344595757858245,0.394441943000178
2021-05-28,0.0027027347124934198,0.003412962457475498,-0.0007102277449820777,0.39821584727783477
2021-06-01,0.007652605218425161,0.008584049833831512,-0.0009314446154063514,0.4089568872180045
2021-06-02,0.003292329267642137,0.009036175304951021,-0.005743846037308885,0.4136032817479658
2021-06-03,0.008738216875855557,0.018173317860612853,-0.009435100984757297,0.42600978019445046
2021-06-04,0.00372242859774944,0.0008627499904798962,0.0028596786072695437,0.43132789178539754
2021-06-07,0.0015397895720397235,0.0059982820867535746,-0.004458492514713851,0.43353353322339205
2021-06-08,0.0026112947865302924,0.015101780839946215,-0.012490486053415923,0.43728180365462155
2021-06-09,-0.0037200184531452542,0.003568618631866242,-0.007288637085011497,0.4319450214412506
2021-06-10,-0.0031162605905914985,-0.0030177079495196106,-9.855264107188808e-05,0.4274896532527266
2021-06-11,0.00468061816327388,0.012500312581360511,-0.007819694418086632,0.4341868485316136
2021-06-14,-0.0033734885286271768,-0.006482943317455015,0.0031094547888278383,0.4293567873089261
2021-06-15,0.0016598424447320948,0.004638448768704158,-0.0029786063239720635,0.43173126445698906
2021-06-16,0.0010407391545546102,-0.0073872290418116136,0.008427968196366223,0.43322209889302976
2021-06-17,-0.007617960988730914,0.0002754496797085975,-0.007893410668439512,0.4223453507779962
2021-06-18,-0.0013450979393160008,-0.019092574313026946,0.017747476373710946,0.4204334431174621
2021-06-21,0.0020920320439543286,0.012716187953449854,-0.010624155909495525,0.42340814589861475
2021-06-22,0.004245201025668831,-0.0011173462900579607,0.005362547315726792,0.4294636439285422
2021-06-23,0.0007676642491138086,-0.0036485990627893893,0.004416263311903198,0.43056141336865994
2021-06-24,0.010977418522876415,0.013889716744727373,-0.0029122982218509584,0.4463517949733189
2021-06-25,-0.004929584216689667,0.003820959371385221,-0.008750543588074887,0.4392394269047386
2021-06-28,-0.0023100111559992984,0.011290799901982593,-0.013600811057981893,0.43591860481716993
2021-06-29,-0.0031027384876527704,-0.011290799901982567,0.008188061414329796,0.4314702295381634
2021-06-30,0.0005898860096057333,0.004331256269373771,-0.0037413702597680377,0.4323148828998431
2021-07-01,-0.0021320136090024755,0.0,-0.0021320136090024755,0.42926442104570195
2021-07-02,-0.0018130920573882533,0.0,-0.0018130920573882533,0.4266753808693331
2021-07-06,0.00020084035949737835,0.0,0.00020084035949737835,0.4269619436414347
2021-07-07,-0.0012023694796461962,0.0,-0.0012023694796461962,0.4252472392124975
2021-07-08,-0.0024866442255649986,0.0,-0.0024866442255649986,0.4217075591814998
2021-07-09,0.01826586671106888,0.020335637403263815,-0.0020697706921949366,0.4479149012163228
2021-07-12,0.0023062908550863996,-0.0002588725568652411,0.002565163411951641,0.4512580677873341
2021-07-13,-0.0075395308187716096,-0.012851358215587734,0.005311827396816124,0.44035740742847684
2021-07-14,-0.001441671357311776,-0.0005316451528780004,-0.0009100262044337755,0.4382823815220003
2021-07-15,-0.004958650222051589,0.0005316451528780634,-0.0054902953749296525,0.4311680954768238
2021-07-16,-0.0029176491913925667,-0.00026586299820217436,-0.0026517861931903922,0.42699853465603077
2021-07-19,-0.02074115464699685,-0.02787601433927126,0.007134859692274411,0.3977057703717968
2021-07-20,0.007425827136368879,0.01111778558854631,-0.003691958452177431,0.40812352415740394
2021-07-21,0.004254962862301961,0.00356065611405923,0.0006943067482427308,0.414127802389868
2021-07-22,0.015123437660602595,0.013728990893834761,0.0013944467667678343,0.4356768128922852
2021-07-23,0.005624778404305178,0.007118505429196426,-0.0014937270248912475,0.44377493053284844
2021-07-26,-0.0016822081293550483,0.0,-0.0016822081293550483,0.4413482422773609
2021-07-27,0.0010998230619029456,0.004430573346222316,-0.00333075028431937,0.4429343423693002
2021-07-28,0.005454844483423927,0.005162740683168439,0.00029210380025548817,0.4508268313865138
2021-07-29,-0.003773780959523339,-0.002316663026885739,-0.0014571179326376,0.4453620466504784
2021-07-30,-0.00384188119590687,-0.006826622836078516,0.0029847416401716466,0.4398197905439307
2021-08-02,0.004343507251707233,0.001764391067604412,0.0025791161841028213,0.44608725979083985
2021-08-03,0.0033553715872333464,0.006223312208025461,-0.002867940620792115,0.450947569407409
2021-08-04,-0.0033678125417424924,-0.003296440226312878,-7.13723154296146e-05,0.4460692691969348
2021-08-05,0.017630879228321114,0.010396991061119756,0.0072338881672013595,0.4717908223490761
2021-08-06,-0.010567566296328393,0.0045522812209398,-0.015119847517268194,0.456319466526796
2021-08-09,-0.00327435787232488,0.0011317357497809544,-0.0044060936221058345,0.45155875380900223
2021-08-10,0.011106609861962715,0.0015049259077910503,0.009601683954171665,0.46777051276805004
2021-08-11,0.005282372496178478,0.003556038303558719,0.0017263341926197588,0.47554433739772994
2021-08-12,-0.0009689697721789483,-0.00112032540294696,0.00015135563076801176,0.4741152720096762
2021-08-13,-0.0007421650559773963,0.0027959800105945534,-0.0035381450665719497,0.4730216410438499
2021-08-16,0.007010018097911557,-0.0020488983356820333,0.00905891643359359,0.4833838265266466
2021-08-17,-0.002276478228781159,0.0011186142762090732,-0.0033950925049902325,0.4800107763349901
2021-08-18,-0.0021937468403985215,-0.005462411912157483,0.003268665071758961,0.4767675660624626
2021-08-19,-0.004142205281480425,-0.00917462214517093,0.005032416863690504,0.4706631432652113
2021-08-20,-0.0008539751137196343,0.008036805607567988,-0.008890780721287623,0.4694077696454053
2021-08-23,-0.0036712742135262687,-0.0030464041564132096,-0.0006248700571130591,0.46402306121020165
2021-08-24,-0.013375998796489472,-0.006536089974361893,-0.006839908822127579,0.4445706780620724
2021-08-25,-0.01888467835843265,-0.0023272573948888015,-0.01655742096354385,0.41754640096788953
2021-08-26,0.0023754076215821655,-0.00685081829457182,0.009226225916153985,0.4209176539575097
2021-08-27,0.0028459124950644668,0.004903037148778487,-0.00205712465371402,0.42496722088673344
2021-08-30,-0.005245408432035682,-0.004706028740905041,-0.0005393796911306408,0.4175122550743646
2021-08-31,0.004167186523342652,0.006325832034179307,-0.0021586455108366545,0.4234316180191009
2021-09-01,-0.0003440618484668555,0.002268814508058523,-0.0026128763565253788,0.42294195374766663
2021-09-02,-0.0006896848336233729,0.003382815357299803,-0.004072500190923176,0.4219609106072153
2021-09-03,-0.004754979615871327,-0.004428319737903889,-0.00032665987796743853,0.41521556516201463
2021-09-07,-0.0026609826676557737,-0.007114754476114017,0.0044537718084582435,0.4114547070803729
2021-09-08,0.0006152257070495271,0.009464235766912452,-0.008849010059862925,0.41232333747498084
2021-09-09,-0.005502139342968328,-0.007874425504096425,0.0023722861611280973,0.4045738765321274
2021-09-10,-0.0019555616690303187,-0.012319876189830874,0.010364314520800555,0.4018298296487981
2021-09-13,0.0013518419776685337,0.004319619034496707,-0.0029677770568281732,0.40372616354115287
2021-09-14,-0.010433527360086622,-0.016394744777415707,0.005961217417329085,0.38915648693669724
2021-09-15,0.02097939518846037,0.016259247273234738,0.004720147915225632,0.41860800718329605
2021-09-16,-0.004217174781031292,-0.0148606161042937,0.01064344132326241,0.4126380862190018
2021-09-17,0.0043630360862205245,-0.0030821576397480127,0.007445193725968536,0.41881494229032135
2021-09-20,-0.00984445103542445,-0.012521913895532186,0.002677462860107735,0.4049160139712291
2021-09-21,-0.005001188050646315,0.0011512677973286962,-0.006152455847975012,0.3979073053333497
2021-09-22,0.0027037478326351356,0.0011489202490212519,0.0015548275836138837,0.4016920083160187
2021-09-23,-0.0004743417624911207,0.005137042221657135,-0.005611383984148255,0.40102728492382056
2021-09-24,-0.00889713512990531,-0.0014217553316993887,-0.00747537979820592,0.3886174437286536
2021-09-27,-0.009208080734331462,-0.012980310082078207,0.0037722293477467452,0.37588963149017895
2021-09-28,6.691734014243125e-05,-0.010035639391046207,0.010102556731188638,0.3759817054452854
2021-09-29,0.003196928110651597,0.005338048683023419,-0.0021411205723718216,0.380387659045093
2021-09-30,0.013483916928915523,0.004405405721177554,0.00907851120773797,0.3991267457925567
2021-10-01,0.054341836497122556,-0.007363994235221874,0.06170583073234443,0.4772616322883083
2021-10-04,0.005019281870640713,0.005019281870640713,0.0,0.48469506445712396
2021-10-05,0.0098898875766568,0.0098898875766568,0.0,0.4994513806081866
2021-10-06,0.006296342203533108,0.006296342203533108,0.0,0.5089222241656224
2021-10-07,0.010414188558262687,0.010414188558262687,0.0,0.5247185348408778
2021-10-08,-0.07588071068104295,-0.0013945564270338663,-0.07448615425400908,0.4133024303611941
2021-10-11,-0.006204450420173628,-0.009304003391931584,0.0030995529717579564,0.40456081201463334
2021-10-12,0.002289324343272966,0.007625129630784456,-0.00533580528751149,0.4077799907393178
2021-10-13,0.04768949400262614,0.052371931302267645,-0.004682437299641503,0.47654290882102535
2021-10-14,-0.010205265733159224,-0.006094676076282448,-0.0041105896568767765,0.46155102426660566
2021-10-15,0.003288576646630915,0.0028026026947638623,0.00048597395186705263,0.46636535864786355
2021-10-18,-0.0011228276953846083,-0.008972379407048644,0.007849551711664036,0.4647198070199767
2021-10-19,-0.0017832165467038413,-0.0031136478687410906,0.0013304313220372495,0.4621102218430575
2021-10-20,-0.006669919396431434,0.0025961137898867764,-0.00926603318631821,0.4523905153780283
2021-10-21,-0.0017902112627560568,-0.005467266843507666,0.003677055580751609,0.449792755482777
2021-10-22,-0.0014196286351454651,0.0002616519074266417,-0.0016812805425721069,0.4477360483976178
2021-10-25,0.006191696096553656,0.010101251736075704,-0.0039095556395220485,0.4567277984025746
2021-10-26,0.0040537481114670815,0.0,0.0040537481114670815,0.46264499126593006
2021-10-27,0.010090333855133011,0.004085846086059288,0.006004487769073724,0.4774782780936282
2021-10-28,0.003280033045184027,0.004808951729046483,-0.0015289186838624554,0.4823324121774373
2021-10-29,-0.00019381475429060052,-0.006592461974889512,0.006398647220598911,0.48204514212468075
2021-11-01,-0.002388554222169993,1.0577165235122401e-07,-0.0023886599938223443,0.47850942125451557
2021-11-02,0.0009527557634854539,0.0,0.0009527557634854539,0.4799187508938425
2021-11-03,-0.0009527557634854346,0.0,-0.0009527557634854346,0.47850942125451557
2021-11-04,-0.0019890681086519608,0.0,-0.0019890681086519608,0.4755714881595037
2021-11-05,-0.0015986426794766693,0.0,-0.0015986426794766693,0.4732144611258988
2021-11-08,0.03345837665603603,0.0038138747422792186,0.029644501913756813,0.5233397040649554
2021-11-09,-0.004988815296734115,-0.010235772424293877,0.005246957127559761,0.5157589688137985
2021-11-10,0.0014411309986947594,0.0025787079076877908,-0.0011375769089930316,0.5179449508151868
2021-11-11,0.0013189337601125523,0.004098457343421762,-0.00277952358330921,0.5199483405355554
2021-11-12,-0.0012998296672834205,0.0012737539595638094,-0.00257358362684723,0.5179739500534379
2021-11-15,0.010158985305052931,0.020197207084067404,-0.010038221779014473,0.5334736222732537
2021-11-16,0.001502322012232372,-0.000489038172966679,0.0019913601851990507,0.535779124821165
2021-11-17,-0.005517881033862619,-0.005905509502986729,0.00038762846912411043,0.5273282153148211
2021-11-18,0.004086528254531039,-0.0012391837152549233,0.005325711969785962,0.5335824555817625
2021-11-19,-0.005373539721620668,-0.002487515775795858,-0.0028860239458248105,0.5253637907773103
2021-11-22,0.0033284078626211466,0.005702945779799575,-0.0023745379171784286,0.530449282211847
2021-11-23,0.006159339916955344,0.008313130509161127,-0.0021537905922057827,0.5399049299473266
2021-11-24,-0.004129255887863604,0.0,-0.004129255887863604,0.5335593786674506
2021-11-26,0.000684359209405995,-0.011280488234229008,0.011964847443635003,0.5346092433527205
2021-11-29,-0.007754025870798309,-0.0017390961968791546,-0.006014929673919154,0.5227558586941017
2021-11-30,-0.006127849494457431,-0.012953135837425125,0.006825286342967694,0.5134531718178146
2021-12-01,-0.0050046458754366,0.0,-0.0050046458754366,0.5058977964026381
2021-12-02,-0.011522621186733941,0.0,-0.011522621186733941,0.488645493308413
2021-12-03,0.002931309586197603,0.0,0.002931309586197603,0.4930155760168773
2021-12-06,-0.012771394252543226,0.0,-0.012771394252543226,0.474068930539185
2021-12-07,-0.005122852920308092,0.0,-0.005122852920308092,0.46653680168031864
2021-12-08,0.02913604303093159,0.032136525828248254,-0.0030004827973166646,0.5098944489981381
2021-12-09,0.0043690992884050815,-0.0016312869190159187,0.006000386207421,0.5165057599809224
2021-12-10,0.0018829903733785522,0.0059556714233027,-0.004072681049924148,0.5193640159178146
2021-12-13,-0.0012409774567079751,0.0023268298349985923,-0.0035678072917065674,0.5174796888710462
2021-12-14,-0.0034562963623951163,-0.0032246289950541387,-0.00023166736734097759,0.5122438828033629
2021-12-15,0.0030485789007304266,0.0048291591780067885,-0.0017805802772763622,0.5168611120150337
2021-12-16,-0.0034103377661021277,-0.0019618734141610052,-0.0014484643519411225,0.5116969141135062
2021-12-17,-0.02573820125119831,-0.018197032217423238,-0.007541169033775073,0.4732850019601653
2021-12-20,0.003076492051807945,0.00037054346775180363,0.0027059485840561417,0.47782453089060195
2021-12-21,-0.010199378376032148,0.0055248624178333644,-0.015724240793865512,0.46282824572172254
2021-12-22,-0.0058946701588008825,0.0032859275406146764,-0.009180597699415559,0.4542307203971352
2021-12-23,0.0033375016863768526,0.000727343174736142,0.0026101585116407107,0.4590923261748312
2021-12-27,-0.001725455320264356,0.0010888022501690066,-0.0028142575704333626,0.4565768983111478
2021-12-28,0.004631028252320567,0.004871171224689372,-0.00024014297236880466,0.46333799039971124
2021-12-29,0.0026142278339145565,0.001792098285143459,0.0008221295487710978,0.46716849402770855
2021-12-30,-0.008142576342805352,-0.002151328422613586,-0.0059912479201917656,0.4552704685856288
2021-12-31,-0.0037605226262173537,0.001435259711919546,-0.0051957823381369,0.4498081680507289
2022-01-03,-0.0045454416589090175,-0.0052224928438263365,0.0006770511849173187,0.44323310421142126
2022-01-04,0.0013300368829940352,-0.0030869391547828483,0.004416976037776884,0.44515393457523333
2022-01-05,0.010639140253693837,-0.00109412014338814,0.011733260397081977,0.4606112102330293
2022-01-06,0.007113355672228582,0.004723863117787129,0.002389492554441453,0.4710380983857274
2022-01-07,-0.0036571006846968586,0.00018081661524180486,-0.0038379172999386635,0.46566818908333407
2022-01-10,0.004421293786514641,0.0005419420543723576,0.003879351732142284,0.47216268519903837
2022-01-11,-0.008896632095612663,-0.005264128088195924,-0.003632504007416739,0.45912348389669044
2022-01-12,-0.006993880580359648,0.00036474872069386935,-0.007358629301053517,0.44895415149867524
2022-01-13,0.008493024234001056,0.0023649653788285407,0.006128058855172517,0.46131256006729426
2022-01-14,0.0013702529116144057,0.0010877729621281758,0.0002824799494862299,0.46331630035947247
2022-01-18,0.0006336306693275782,-0.004913606072615894,0.0055472367419434725,0.46424379626019996
2022-01-19,0.002171313282247724,0.00018290555523980533,0.001988407727007919,0.4674265824259427
2022-01-20,0.014463688023194482,-0.0025660796284347775,0.01702976765162926,0.48880521696477697
2022-01-21,-0.001747835453759036,0.0023831740731948842,-0.00413100952695392,0.4862053031954352
2022-01-24,-0.010036989240937272,-0.0033028095808852486,-0.006734179660052023,0.4713628877428371
2022-01-25,0.00621919374486058,0.0022042823357584654,0.0040149114091021145,0.48054209265120984
2022-01-26,0.001861068401654976,0.00036647008103335156,0.0014945983206216245,0.48330004833321727
2022-01-27,0.008740925150443696,0.001280456085422166,0.007460469065021529,0.4963222933535727
2022-01-28,-0.001276104642505809,0.008872228928399548,-0.010148333570905357,0.49441404734808847
2022-01-31,0.004893362683969179,0.008893814391400015,-0.004000451707430836,0.5017446783722763
2022-02-01,0.0025381889611079773,-0.004961087019745051,0.007499275980853029,0.5055612316550482
2022-02-02,-0.002930749153845438,0.004255302259033843,-0.007186051412879281,0.5011552688888112
2022-02-03,-4.661951591102952e-05,-0.003010446020044041,0.0029638265041330115,0.5010852873881331
2022-02-04,-0.004322126994810847,-0.004639568251310253,0.0003174412564994057,0.4946114066913525
2022-02-07,-1.1903355446832298e-05,0.0033947120123205003,-0.0034066153677673326,0.49459361590640905
2022-02-08,0.002456603532837717,0.001954862336156062,0.0005017411966816549,0.4982697534208438
2022-02-09,-0.005504775831462397,0.0010631033948535575,-0.006567879226315954,0.4900447733986384
2022-02-10,-0.006647431377468528,-0.011276597649205857,0.0046291662717373285,0.48017265149725974
2022-02-11,-0.00124234974795507,-0.003998643296156242,0.0027562935482011723,0.4783349011774358
2022-02-14,-0.0025784505113259264,-0.009022531995045543,0.006444081483719616,0.47452799786063915
2022-02-15,-0.002110687208110291,-0.00037170374874440787,-0.0017389834593658832,0.4714190126793911
2022-02-16,0.0020880577779576453,0.0029850827835431813,-0.0008970250055855361,0.47449463050984697
2022-02-17,0.0036698729927437087,-0.0013038135774309431,0.004973686570174652,0.4799157799128717
2022-02-18,-0.004460417150253731,-0.0037438431849423958,-0.0007165739653113355,0.47332943802315697
2022-02-22,0.018560199289766658,0.010964923233833445,0.0075952760559332136,0.5009300703103368
2022-02-23,-0.010256600163919194,-0.01322486339536726,0.0029682632314480665,0.485614308791406
2022-02-24,-0.0078007634936100535,0.0011311469166412598,-0.008931910410251313,0.4740704668548561
2022-02-25,0.016638761412271566,0.015391575704526863,0.001247185707744702,0.4988023570888198
2022-02-28,0.0004409308386591089,-0.0005481478218778862,0.0009890786605369951,0.4994633709891123
2022-03-01,0.008739771394555123,0.0,0.008739771394555123,0.5126257724735228
2022-03-02,-0.011296215488091066,0.0,-0.011296215488091066,0.4956349723394431
2022-03-03,0.005044824902041983,0.0,0.005044824902041983,0.5031992530854681
2022-03-04,-0.0071576152186155284,0.0,-0.0071576152186155284,0.492478345072751
2022-03-07,-0.0013057909128685128,0.0,-0.0013057909128685128,0.4905307522633333
2022-03-08,0.021850857943340497,0.02129503086973834,0.0005558270736021557,0.5234585683748603
2022-03-09,-0.006855246886969835,-0.0028109322936142453,-0.00404431459335559,0.5130505991256447
2022-03-10,0.008252123992303328,0.005606224213041348,0.0026458997792619798,0.5255881397984503
2022-03-11,-0.007385730235866141,-0.004374449752396445,-0.003011280483469695,0.5143620647586824
2022-03-14,-0.0019526719758652855,-0.000703510180805475,-0.0012491617950598105,0.5114078975919027
2022-03-15,0.007727940244936106,0.008204105402392263,-0.00047616515745615724,0.5231332154340596
2022-03-16,-0.004859314489599882,-0.00017307505480917146,-0.004686239434790711,0.515749785862559
2022-03-17,0.01008024637889234,0.0036236245527338654,0.006456621826158475,0.531106185265704
2022-03-18,0.0033929043105087,-0.0005160138093332812,0.003908918119841981,0.5363099049109321
2022-03-21,0.014115952234242453,0.007177150560817978,0.006938801673424474,0.5581501675411318
2022-03-22,-0.0063670635446804475,0.0,-0.0063670635446804475,0.54826084280076
2022-03-23,0.01781166821501991,0.002538516690069367,0.015273151524950544,0.5760850130772741
2022-03-24,-0.001187988691415095,0.0026935728981071203,-0.0038815615895222153,0.5742137536426315
2022-03-25,-0.00118279309500143,0.010467246374998842,-0.011650039470000272,0.5723528852128776
2022-03-28,-0.00841390671043135,-0.0004936092197106877,-0.007920297490720662,0.5591787553909715
2022-03-29,0.002868878683387999,0.006865230190610763,-0.003996351507222764,0.5636582726092583
2022-03-30,0.001069250781015569,-0.00032472464130602855,0.0013939754223215974,0.5653311096202482
2022-03-31,-0.006123386667980036,-0.0022795166000773273,-0.003843870067902708,0.5557752688851949
2022-04-01,0.006569118574360453,0.008253985551620588,-0.0016848669772601352,0.5660289831605534
2022-04-04,-0.0023679028811989305,-0.0035439016066776676,0.0011759987254787371,0.5623251654901507
2022-04-05,-0.001050759882975932,0.001614010002085534,-0.002664769885061466,0.5606843990588253
2022-04-06,0.007370314593786929,0.011784012315123368,-0.00441369772133644,0.572229627782546
2022-04-07,0.002516011732898153,0.0037629354635203916,-0.0012469237306222385,0.5761903565034352
2022-04-08,-0.004205431774997231,0.007442029217880747,-0.011647460992877978,0.5695757139574114
2022-04-11,0.007706638981770901,-0.004017420683368434,0.011724059665139334,0.5817185976504391
2022-04-12,-0.0023416693714515104,0.00031018603888882044,-0.002651855410340331,0.5780190688831717
2022-04-13,0.004340525020529546,0.0010841218175115458,0.0032564032030180006,0.5848833867291459
2022-04-14,-0.003862009888981532,0.0012361107985752685,-0.005098120687556801,0.578774355579148
2022-04-18,-0.014193069491272397,-0.001855330516311666,-0.012337738974960731,0.5565249684857159
2022-04-19,-0.0007509524125803277,-0.001706703482036292,0.0009557510694559642,0.5553565310807438
2022-04-20,-0.014798209158356702,0.008934304790759302,-0.023732513949116005,0.5325095042904946
2022-04-21,0.0069071149498977635,-0.007537466061495399,0.014444581011393162,0.5431313645742686
2022-04-22,0.008893320428091586,-0.00670936690807419,0.015602687336165776,0.5569161315827813
2022-04-25,0.004103764038771586,-0.0012582409755424436,0.0053620050143140295,0.56331847588502
2022-04-26,-0.00392473242690757,-0.007297035288169291,0.003372302861261721,0.5571948937402305
2022-04-27,0.005647983814321481,0.0006386293602723925,0.005009354454049089,0.5660147891631109
2022-04-28,-0.004749299862181091,0.0017525177410443321,-0.006501817603225423,0.5585949488108741
2022-04-29,-0.006090211512753443,-0.01337714095754083,0.007286929444787388,0.5491316219909619
2022-05-02,0.022033540373838437,-0.07056094695260727,0.0925944873264457,0.5836432870039869
2022-05-03,0.0,0.0,0.0,0.5836432870039869
2022-05-04,0.0,0.0,0.0,0.5836432870039869
2022-05-05,0.0,0.0,0.0,0.5836432870039869
2022-05-06,0.0,0.0,0.0,0.5836432870039869
2022-05-09,-0.05291665576352675,0.06678982625215205,-0.1197064820156788,0.5020208198581768
2022-05-10,-0.0031122501295516754,0.0016430773283218497,-0.004755327457873525,0.49735342218889067
2022-05-11,-0.00037391710448988287,-0.0013140435992976772,0.0009401264948077944,0.49679364079530886
2022-05-12,0.011465384950304365,-0.00016445485460746755,0.011629839804911833,0.5140537136916405
2022-05-13,-0.00714985555489148,0.010420433378378096,-0.017570288933269576,0.5032670558107963
2022-05-16,-0.015510534845572481,-0.0009677463041700676,-0.014542788541402413,0.4801304739804506
2022-05-17,-0.0024005776670904793,0.0064164957888449385,-0.008817073455935418,0.476581567237663
2022-05-18,-0.011446813412952337,-0.008566548554248847,-0.002880264858703491,0.45977578338858427
2022-05-19,-0.01089310871155114,-0.00016301900454140212,-0.010730089707009737,0.4439605818260355
2022-05-20,0.009642370713452118,-0.0013063453032143837,0.0109487160166665,0.4579511276685828
2022-05-23,-0.0031755361381153218,0.004233168385437369,-0.007408704523552691,0.4533286944113879
2022-05-24,0.01201451230308435,0.007562476750166179,0.004452035552918172,0.4708950441474782
2022-05-25,-0.0032295467804634454,0.008392903188353408,-0.011622449968816853,0.4661523822396516
2022-05-26,0.004575591158693906,0.002193721199073656,0.002381869959620249,0.47287626726059906
2022-05-27,0.00459064659024347,0.0068323198566616625,-0.0022416732664181926,0.4796532651743779
2022-05-31,-0.0040922137715797705,-0.005739140427916682,0.001646926656336912,0.4736105801176438
2022-06-01,-0.018201615341562487,-0.025702177126785287,0.007500561785222799,0.4470311155778639
2022-06-02,-0.003123091054002973,0.0,-0.003123091054002973,0.4425189552572246
2022-06-03,0.0036611865004031693,0.0,0.0036611865004031693,0.44780996596108524
2022-06-06,-0.010203254906375109,0.0,-0.010203254906375109,0.43311269930785756
2022-06-07,-0.007865545963303643,0.0,-0.007865545963303643,0.42188470055762917
2022-06-08,0.021817420668307493,0.01402233957709366,0.007795081091213834,0.4532474402085993
2022-06-09,-0.004613678971845895,-0.011305366361479734,0.006691687389633839,0.4465580662306976
2022-06-10,0.007724309265053745,-0.008068660452459103,0.015792969717512848,0.4577749938416569
2022-06-13,0.015108192868525737,-0.025192595556718787,0.040300788425244524,0.4799665546839311
2022-06-14,-0.005616855309852176,-0.01849418570099009,0.012877330391137913,0.47167709881366404
2022-06-15,0.005494635265182367,0.009332596702630416,-0.0038379614374480487,0.4797856841587347
2022-06-16,0.013222394332869111,-0.012239601271391275,0.025461995604260386,0.4994819227598888
2022-06-17,0.004003894638050017,-0.0007294382239916771,0.004733332862041695,0.5054977256741002
2022-06-21,-0.004076169600500374,0.006346418608306556,-0.01042258820880693,0.4993735516765314
2022-06-22,0.005098030828544632,0.0009000204276841141,0.004198010400860518,0.5070369217173192
2022-06-23,-0.00818214541656231,0.0080288489006726,-0.01621099431723491,0.49475643535056824
2022-06-24,0.007041524930952255,0.010508191221154133,-0.003466666290201878,0.5053189444981023
2022-06-27,-0.0032829175564039505,0.0024204916087928515,-0.005703409165196802,0.5003852094610375
2022-06-28,0.01220945044710014,0.0017217765595966465,0.010487673887503494,0.5188163765766547
2022-06-29,0.004416619538584996,0.0005153789267673308,0.0039012406118176654,0.5255392459106778
2022-06-30,0.0059709715730386645,0.007836598584343964,-0.0018656270113052995,0.5346754462337557
2022-07-01,0.0055523999516318544,0.015314147303053435,-0.00976174735142158,0.5432202783173405
2022-07-05,0.0032945077728312316,-0.02366608850627752,0.026960596279108753,0.5483128136118989
2022-07-06,0.005753566520163306,0.004278642876935103,0.0014749236432282042,0.5572468109073461
2022-07-07,-0.009277088282424408,-0.0005115484949007496,-0.008765539787523658,0.5428668997506962
2022-07-08,0.0019208226545444308,0.0010225022374480324,0.0008983204170963984,0.5458333215176847
2022-07-11,0.00479363722605612,0.0027164937832686842,0.002077143442787436,0.5532612749060477
2022-07-12,-0.007609360599859904,-0.0015262113350428038,-0.0060831492648171,0.5414868046685324
2022-07-13,-0.004662430578382956,-0.0061517901497573696,0.001489359571374414,0.5343164580651356
2022-07-14,0.004357308248137017,0.0006873262418901808,0.0036699820062468364,0.5410165343712816
2022-07-15,0.014126684918631036,0.008343336261507982,0.005783348657123055,0.5629404811509928
2022-07-18,-0.0007635594472283626,-0.0008449931386790276,8.143369145066507e-05,0.5617475386803603
2022-07-19,-0.00656789027430078,0.0032035043601755593,-0.009771394634476339,0.5515237632797045
2022-07-20,-0.007061758590379545,-0.006257488042448909,-0.0008042705479306362,0.5406058721434202
2022-07-21,0.0005653328500055804,-0.0010221539260267026,0.001587486776032283,0.5414770734880208
2022-07-22,0.013181739068292338,0.006438593079452421,0.006743145988839917,0.5619309346125765
2022-07-25,0.0005710699381186535,0.006689108814027359,-0.006118038875908705,0.5628231611523811
2022-07-26,-0.000373626144135465,0.00660076593842768,-0.006974392082563145,0.5622393586294483
2022-07-27,-0.0008453730951631289,0.000818971983708551,-0.0016643450788716798,0.5609192415817943
2022-07-28,-0.0018255171412015804,0.01531146627114956,-0.01713698341235114,0.5580723560600218
2022-07-29,0.014888896853768886,0.020330430902864113,-0.005441534049095228,0.5814438911002717
2022-08-01,0.031237392531730822,-0.010268448856864194,0.04150584138859502,0.6316237381982552
2022-08-02,-0.0025281480998535976,-0.001975450092488819,-0.000552698007364779,0.627503961641797
2022-08-03,0.004022003409520746,0.00394312608346822,7.887732605252547e-05,0.6340629694586102
2022-08-04,0.005510452764704416,0.003132469142848588,0.002377983621855828,0.6430922511335482
2022-08-05,-0.020949833973827194,-0.020313511336907054,-0.0006363226369201388,0.6090278093536623
2022-08-08,-0.045740855171260385,0.0026353308662044475,-0.04837618603746483,0.5370873528954792
2022-08-09,-5.568303928229655e-05,0.0012116060877032796,-0.0012672891269855761,0.5370017655829304
2022-08-10,0.0018183661349688422,0.007606364171799762,-0.00578799803683092,0.5397991400976132
2022-08-11,-0.002852865145537199,0.003365582941998367,-0.006218448087535566,0.5354125609342404
2022-08-12,-0.0015892893876799132,0.01054315674085613,-0.012132446128536043,0.5329742841223928
2022-08-15,-0.0031773283413407995,0.00173574049570251,-0.004913068837043309,0.5281112513001036
2022-08-16,-0.005833545560994537,-0.002702663884765577,-0.0031308816762289603,0.5192228952145399
2022-08-17,-0.004825547691930085,-0.0058411797612867985,0.0010156320693567142,0.5119094725056832
2022-08-18,0.0001373574897191234,0.006034698389222507,-0.005897340899503384,0.5121171588588207
2022-08-19,-0.00871266015181619,-0.011548803329048745,0.0028361431772325543,0.4989998223698844
2022-08-22,-0.0006142849926531954,-0.010404501852181553,0.009790216859528357,0.4980792920379433
2022-08-23,-0.0030960355447045944,-0.005284542413854616,0.002188506869150022,0.4934483577686859
2022-08-24,0.011337127474941457,0.01449957751567118,-0.003162450040729724,0.5104761127104385
2022-08-25,0.0029095214297952723,0.009048191138943807,-0.006138669709148534,0.514877274862594
2022-08-26,-0.0026613759224012982,-0.014235810064566054,0.011574434142164755,0.5108509770803644
2022-08-29,-0.005106112985331406,-0.0038252095133118748,-0.0012809034720195308,0.5031560635550549
2022-08-30,-0.005452612554749722,-0.011447858500122712,0.00599524594537299,0.4949822405275033
2022-08-31,0.011324538677268911,0.011649901472862595,-0.0003253627955936832,0.512008449754267
2022-09-01,0.005652031722131684,0.00492427385521963,0.0007277578669120539,0.5205785659460165
2022-09-02,-0.0018758288881972488,0.0,-0.0018758288881972488,0.517728894329015
2022-09-06,-0.008443497675513945,-0.01257679404711665,0.004133296371602706,0.5049679034497518
2022-09-07,0.0006689547235799167,0.006124970438522137,-0.005456015714942221,0.5059749956495867
2022-09-08,0.00149872971610065,0.0052484158559844545,-0.0037496861398838045,0.5082337373261099
2022-09-09,-0.008939390959575882,0.006979092932472623,-0.015918483892048505,0.49481113064044746
2022-09-12,0.002580911140250005,0.010580426932696063,-0.007999515792446059,0.49867408817085335
2022-09-13,-0.004525682920207222,-0.015955659515663467,0.011429976595456246,0.49190688909606406
2022-09-14,-0.0009416845071427717,0.007548807927796285,-0.008490492434939058,0.4905026447738341
2022-09-15,0.001502587440691173,0.00019714816534728986,0.001305439275343883,0.4927439387766044
2022-09-16,0.005485091264611018,-0.0011838966567261151,0.0066689879213371345,0.5009542721445885
2022-09-19,0.001977537037883504,0.006086754039908265,-0.004109217002024761,0.5039254016009413
2022-09-20,0.0002247402421513868,-0.010448042992035044,0.01067278323418643,0.5042634321429851
2022-09-21,-0.00550396973902594,-0.009524062556707003,0.004020092817681063,0.4960067548277438
2022-09-22,-0.0008279377715975783,-0.007835198644454606,0.0070072608728570275,0.49476866692944843
2022-09-23,-0.009185110124665791,-0.014548771717642697,0.005363661592976905,0.4811019135146397
2022-09-26,-0.003428386503018752,-0.01963609797814143,0.016207711475122677,0.47603281807904585
2022-09-27,-0.00498225277223362,-0.010114898751605112,0.005132645979371492,0.46869713875794194
2022-09-28,-0.0012470224774356075,0.006317696190245234,-0.007564718667680841,0.46686678189863184
2022-09-29,-0.003223998622604276,-0.021065359652932436,0.01784136103032816,0.4621452206574397
2022-09-30,0.0026959432836105735,-0.008966719067548045,0.011662662351158619,0.46609239953922166
2022-10-03,-0.0016145168836508971,0.011067093416687762,-0.01268161030033866,0.46372727838494754
2022-10-04,0.017656478579534566,0.03311283890879286,-0.015456360329258293,0.4898010558949004
2022-10-05,0.0012625916709770512,-0.0010911070453585422,0.0023536987163355933,0.4916832542734437
2022-10-06,0.010244095240818658,-0.005270120713841846,0.015514215954660505,0.5070427372824045
2022-10-07,-0.010468625130614629,-0.015240976220006362,0.004772351089391732,0.491348364394552
2022-10-10,-0.004946367909573916,-0.006643865635642754,0.0016974977260688377,0.4839898207381954
2022-10-11,0.0033933030145808485,0.002759862915232603,0.0006334400993482456,0.4890340012468739
2022-10-12,0.0098489742052407,-0.008325714574928015,0.018174688780168716,0.5037719162541505
2022-10-13,-0.008115020929726893,0.005565851659695436,-0.01368087258942233,0.4916181563853621
2022-10-14,-0.003544344639077688,-0.006032575347953618,0.0024882307088759303,0.4863407056461213
2022-10-17,0.005246830886571023,0.014040061490876608,-0.008793230604305584,0.49415977870774563
2022-10-18,-0.0009716400889736628,0.011886667500843807,-0.01285830758981747,0.49270869824555774
2022-10-19,-0.0025256976471607277,-0.008043195588813746,0.005517497941653018,0.4889433244979664
2022-10-20,-0.00432380751003325,-0.015554633180557477,0.011230825670524226,0.4825193182609242
2022-10-21,-0.008379872436400142,0.005315492131780379,-0.013695364568180522,0.4701479033245548
2022-10-24,-0.011548067242576596,-0.006013089412848331,-0.005534977829728266,0.4532681881100664
2022-10-25,0.0037380718003330333,0.011500091550068507,-0.007762019749735474,0.45871077499512025
2022-10-26,0.001224917325398662,-0.0020505586939364886,0.003275476019335151,0.46049866988432075
2022-10-27,-0.004851188900698539,0.0018231336857315302,-0.006674322586430069,0.45343067290327976
2022-10-28,0.009538342385697719,0.0222456575026457,-0.012707315116947983,0.4673603195550955
2022-10-31,0.0010730435117341562,-0.00021762519316844488,0.0012906687049026012,0.4689357061033661
2022-11-01,0.0014931915717605292,-0.002881186687304844,0.004374378259065373,0.4711307469195585
2022-11-02,0.005901253921289007,0.0,0.005901253921289007,0.4798379293870785
2022-11-03,0.007205900848239062,0.007809276272080467,-0.0006033754238414056,0.4905400075259243
2022-11-04,-0.01649872830594499,-0.008246756279654472,-0.008251972026290516,0.46614975029247385
2022-11-07,0.021249935293544846,0.02099706906057783,0.00025286623296701463,0.4976387220020486
2022-11-08,0.009273216380212284,0.006048120565680841,0.0032250958145314435,0.5115912423162723
2022-11-09,-0.0031057554143707174,-0.011957814303283873,0.008852058888913154,0.5069038922802469
2022-11-10,-0.002808127912729528,0.021607014422984593,-0.02441514233571412,0.5026782492484116
2022-11-11,-0.009677988670333194,-0.010271631501450872,0.0005936428311176783,0.4882054927277142
2022-11-14,-0.015554882149152408,-0.02423926370450166,0.00868438155534925,0.4652357407015948
2022-11-15,-0.0032432704600503515,-0.005476653274890727,0.0022333828148403756,0.46049128284560825
2022-11-16,0.0015522164642281224,0.0028553397155276906,-0.0013031232512995686,0.4627600418076856
2022-11-17,0.0035719880581826075,-0.00816971355681751,0.011741701615000119,0.46799434607976975
2022-11-18,0.0004568750518797217,0.009918650150363651,-0.00946177509848393,0.46866518930689227
2022-11-21,0.0038894806350281714,-0.0006551510321912854,0.004544631667219457,0.474388657564105
2022-11-22,0.0002538371500490086,0.01187709382625824,-0.011623256676209233,0.4747629596828873
2022-11-23,0.008490229547674859,0.012018286496967096,-0.0035280569492922363,0.487337339891992
2022-11-25,0.0014594599539824392,0.001663943129755584,-0.00020448317577314462,0.4895096339801557
2022-11-28,-0.00023761025874432357,-0.006058271002196021,0.005820660743451697,0.48915575325513383
2022-11-29,0.00856207597429764,0.009163203226444625,-0.0006011272521469851,0.5019607584387809
2022-11-30,-0.005437083446630861,0.0020593910661883645,-0.007496474512819226,0.4938166326702458
2022-12-01,0.0018917301415029872,0.0,0.0018917301415029872,0.49664520522458844
2022-12-02,0.005277243495238335,0.0,0.005277243495238335,0.5045642433665045
2022-12-05,0.0024972514285566917,0.0,0.0024972514285566917,0.5083262139107112
2022-12-06,0.04087472819182886,0.0,0.04087472819182886,0.5712559954032765
2022-12-07,0.011355532649255014,0.0,0.011355532649255014,0.5892001339635589
2022-12-08,-0.0012118376951071328,-0.014743998805389019,0.013532161110281885,0.5872754477753312
2022-12-09,0.004092256187756101,0.005690276451158938,-0.0015980202634028357,0.5937842943987011
2022-12-12,-7.066768646941946e-05,0.007487569283208156,-0.0075582369696775755,0.593671669329408
2022-12-13,-0.0033490794859319193,0.0014429849784840408,-0.00479206446441596,0.588343263841532
2022-12-14,0.008045142322656967,0.0012337448173836238,0.0068113975052733425,0.6011732517949719
2022-12-15,0.007007106038467232,-0.00041096521386003326,0.007418071252327265,0.6124322429611857
2022-12-16,0.0060999937656721565,-0.005371969977584825,0.011471963743256982,0.6222981299229078
2022-12-19,-0.004020452013581873,-0.000356053571083479,-0.0036643984424983935,0.6157888520275534
2022-12-20,-0.001704949127395022,-0.0008389667326426106,-0.0008659823947524113,0.6130363613292982
2022-12-21,-0.0032653202130495844,0.007293272016487563,-0.010558592229537148,0.6077778710938
2022-12-22,-0.007064422810969329,-0.012993186846131278,0.005928764035161949,0.5964598730577177
2022-12-23,0.0034768390615162255,0.00674834079777921,-0.003271501736262984,0.6020201676279269
2022-12-27,-0.008223393612959798,-0.0037846415108265417,-0.004438752102133257,0.5889001447058129
2022-12-28,0.00558574979351697,-0.0006336734948816525,0.006219423288398623,0.5978001768969923
2022-12-29,0.004716287814866037,0.00859021369748767,-0.0038739258826216323,0.6053536606022221
2022-12-30,-0.00983940019236828,-0.018406922854099204,0.008567522661730925,0.5896353994281234
2023-01-03,0.0036105157865243065,0.0,0.0036105157865243065,0.595385176717323
2023-01-04,-0.0007600080198412283,0.0,-0.0007600080198412283,0.594173131828541
2023-01-05,0.005714040285740113,0.0,0.005714040285740113,0.6033083760473383
2023-01-06,-0.008564532848868194,0.0,-0.008564532848868194,0.5896354235962327
2023-01-09,-0.003969618906072634,0.0,-0.003969618906072634,0.5833376848462786
2023-01-10,-0.008777651034851777,0.0,-0.008777651034851777,0.5695005169367355
2023-01-11,-0.00040595939414641603,0.0,-0.00040595939414641603,0.5688634927694884
2023-01-12,-0.0018990409639431452,0.0,-0.0018990409639431452,0.5658869838805685
2023-01-13,0.003812989821404452,0.0,0.003812989821404452,0.5718690926236814
2023-01-17,-0.00026523485121778293,0.0,-0.00026523485121778293,0.5714522334440006
2023-01-18,0.009689420352997547,0.0,0.009689420352997547,0.5867527013242626
2023-01-19,0.005694344731553653,0.0,0.005694344731553653,0.5958139927831914
2023-01-20,-0.007923098836133421,0.0,-0.007923098836133421,0.5832201577759797
2023-01-23,-0.0007096092871844667,0.0,-0.0007096092871844667,0.5820970885656613
2023-01-24,-0.005252654625058705,0.0,-0.005252654625058705,0.5738086661430202
2023-01-25,-0.0006473014327215731,0.0,-0.0006473014327215731,0.5727902671797092
2023-01-26,-0.002217939385210703,0.0,-0.002217939385210703,0.5693057793213081
2023-01-27,0.00024275441754325602,0.0,0.00024275441754325602,0.5696867814748214
2023-01-30,0.0006467111484339834,0.0,0.0006467111484339834,0.5707022437359413
2023-01-31,-0.010110917899673754,0.0,-0.010110917899673754,0.5549010193597894
2023-02-01,-0.0025948571861825484,0.0,-0.0025948571861825484,0.5508715035459235
2023-02-02,0.0018769491296083476,0.0017211297855182803,0.00015581934409006739,0.5537851439867019
2023-02-03,-1.076322589808193e-06,-0.008665775577720134,0.008664699255130326,0.5537834716135517
2023-02-06,-0.0009562672835895009,0.0019629587314477105,-0.0029192260150372115,0.5522983495138756
2023-02-07,0.0011000284292216334,0.005843014012860454,-0.00474298558363882,0.5540068613624933
2023-02-08,-0.0018078936095977634,-0.008243205200946692,0.006435311591348929,0.5511999203784346
2023-02-09,0.0025392463545341032,-0.003732126566219035,0.006271372920753138,0.555143804248674
2023-02-10,-0.0014336866506820352,0.0076537388483400495,-0.009087425499022085,0.5529158128390312
2023-02-13,-0.006114424240715174,0.0002168694094456043,-0.006331293650160778,0.543449596472751
2023-02-14,0.00400361683632258,-0.0008683898386519306,0.00487200667497451,0.5496413637243882
2023-02-15,0.0037679789429521833,0.009257631177325254,-0.005489652234373071,0.555491394226507
2023-02-16,-0.00019705841447262024,-0.013403336651287009,0.01320627823681439,0.5551849017580865
2023-02-17,0.0006600040973047793,0.0030580494601502063,-0.002398045362845427,0.5562116689633225
2023-02-21,-0.00481355122235008,-0.008566005883721816,0.0037524546613717357,0.5487387644154582
2023-02-22,0.00395560378856666,-0.003334055032569924,0.007289658821136584,0.55487709373507
2023-02-23,-0.0003988252945418008,0.0017809466543289047,-0.0021797719488707056,0.554257093064378
2023-02-24,-0.0018735961559217301,-0.0031207649899821456,0.0012471688340604152,0.5513477692495214
2023-02-27,0.0027639658627138233,-0.002465787054831246,0.005229752917545069,0.5556415727545341
2023-02-28,-0.0005904165332144872,-0.00856546875388917,0.007975052220674681,0.5547233673387264
2023-03-01,0.0036047113444943146,-0.0014577881800148303,0.005062499524509145,0.560337809440614
2023-03-02,-0.0005764731339023529,0.003794219469275213,-0.004370692603177566,0.5594385758305709
2023-03-03,-0.005204838304785891,0.002482318624349572,-0.007687156929135462,0.5513430364597371
2023-03-06,-0.0020205349653033833,0.0006440859160431027,-0.0026646208813464857,0.5482116582063525
2023-03-07,0.0004702319357565688,-0.00420170159010131,0.0046719335258578795,0.5489398479669743
2023-03-08,0.024270858350722554,0.026788890625724465,-0.002518032275001911,0.5869938816038718
2023-03-09,0.0009015023404001419,-0.004807342787433767,0.005708845127833909,0.5884252053762666
2023-03-10,-0.0015506439872687173,-0.013243902571601632,0.011693258584332915,0.5859640320772694
2023-03-13,-0.0016392286544095196,0.006426749031276698,-0.008065977685686218,0.5833664040258608
2023-03-14,0.0038971525663830118,0.011520162505531839,-0.0076230099391488264,0.589549064030406
2023-03-15,-0.008339932364972116,-0.002678567006279421,-0.005661365358692695,0.5763474591107898
2023-03-16,0.0031384314944706906,0.007983126673139058,-0.004844695178668369,0.5813024890665759
2023-03-17,-0.0023534450159387013,-0.006819827681352152,0.004466382665413451,0.5775853563543927
2023-03-20,-0.0059400589273063764,0.004412413276065316,-0.010352472203371692,0.5682421833461708
2023-03-21,0.005245465018959791,-0.007507868974818041,0.012753333993777831,0.5764899556493412
2023-03-22,-0.000521745505108182,-0.012794678873992436,0.012272933368884253,0.5756676436385848
2023-03-23,0.0002897984617506114,-0.006346212190944876,0.0066360106526954865,0.5761243358690982
2023-03-24,-0.007574277674088768,0.00916927175357881,-0.01674354942766758,0.5642314294457722
2023-03-27,-0.004342865582875723,-0.0022979194891277945,-0.002044946093747929,0.5574529123553051
2023-03-28,-0.0006275000059145419,0.0028746859770611643,-0.0035021859829757066,0.556475917207879
2023-03-29,0.0006991367158295913,0.007462379851598019,-0.006763243135768429,0.5575644871541718
2023-03-30,-0.000291877986687193,0.0019475612557925321,-0.0022394392424797253,0.5571099347076796
2023-03-31,0.003961061966713151,0.008278365081843663,-0.004317303115130513,0.5632899753295642
2023-04-03,-0.002145399704700157,-0.004256491162371694,0.002111091457671537,0.5599396886152366
2023-04-04,-0.0032449933445421234,-0.0024806795297884596,-0.0007643138147536639,0.5548858988994811
2023-04-05,-0.003776912926410048,0.008754490726842775,-0.012531403653252823,0.5490243065787388
2023-04-06,0.0016067975420554566,0.003579018089470905,-0.0019722205474154483,0.551515275732759
2023-04-10,0.0019649386664505352,0.0020249860322342013,-6.004736578366565e-05,0.5545669052401847
2023-04-11,0.012561055633167343,0.016308741512134593,-0.0037476858789672503,0.574217061609746
2023-04-12,-8.763890269212186e-05,-0.0004117169722459282,0.0003240780695538063,0.5740791049991385
2023-04-13,0.0011544423514533663,0.0005190081805696507,0.0006354341708837156,0.5758973379030863
2023-04-14,0.0011358533984412358,-0.0059506305681791966,0.007086483966620432,0.5776883432171169
2023-04-17,-0.0010613612734312829,0.0004605359651046305,-0.0015218972385359134,0.5760147342170805
2023-04-18,-0.0006705413729002697,-0.0046603869834771945,0.003989845610576925,0.5749583053626979
2023-04-19,0.0009058964757290714,0.005211392535084353,-0.004305496059355282,0.5763857009796598
2023-04-20,-0.0023070020569642925,-0.003095142724017353,0.0007881406670530606,0.5727531676669495
2023-04-21,0.0005024038976347008,0.0006611681989927194,-0.00015876430135801855,0.5735435235107063
2023-04-24,0.0016169783764953213,0.006263688916876564,-0.004646710540381243,0.5760899675803643
2023-04-25,0.0032230880094355828,0.0009110572535567828,0.0023120307558788,0.5811780395037691
2023-04-26,-0.0027472071546222106,-0.013697550399670364,0.010950343245048153,0.5768401771124183
2023-04-27,0.0012387481668451336,0.007596533389843362,-0.00635778522299823,0.5787946953192133
2023-04-28,0.004666223635409169,0.003928736109822809,0.00073748752558636,0.5861789192636702
2023-05-01,0.0009368738697355556,-0.00022123109622651928,0.0011581049659620752,0.5876656651838084
2023-05-02,-0.002232458536244694,-0.006686550852053655,0.004454092315808962,0.5841252208348968
2023-05-03,-0.0026769349489572506,-0.004691397513054333,0.002014462564097083,0.5798902915118265
2023-05-04,0.005972582346565619,0.003953679467449334,0.0020189028791162845,0.5893545512779539
2023-05-05,0.0028075094355450502,0.0062772645527847054,-0.003469755117239655,0.5938229487761295
2023-05-08,0.0019919544601220657,-0.0008058806109307357,0.002797835071052802,0.5970009356593389
2023-05-09,0.008226119898490104,0.007552018548675339,0.0006741013498147645,0.6101922390689773
2023-05-10,-0.00042453098328706495,0.00666284178966063,-0.007087372772947695,0.6095088076536139
2023-05-11,-0.00034518982416580773,-0.008335005020599404,0.007989815196433594,0.6089533174716018
2023-05-12,-0.0036887539604763286,0.0019890125510484344,-0.0056777665115247625,0.6030292175404859
2023-05-15,-0.0024680941134668,-0.008088896966180602,0.005620802852713803,0.5990776689677455
2023-05-16,-0.0009772908469202646,-0.012902818672600038,0.011925527825679775,0.5975156683871059
2023-05-17,0.0021634430275644023,-0.0021011788285687735,0.004264621856133176,0.6009755437934734
2023-05-18,-0.004875159350571952,-0.00555673919255171,0.0006815798419797577,0.5931895273574916
2023-05-19,0.00016892818039082407,0.00037270111857961403,-0.00020377293818878996,0.5934586846988559
2023-05-22,-0.004223994909334952,-0.002613136881344237,-0.0016108580279907152,0.5867421186832671
2023-05-23,0.0036056935214644906,0.000361878264800981,0.003243815256663509,0.5924737515067502
2023-05-24,0.00014236235782619884,-0.0038388315553900664,0.003981193913216266,0.5927004759629222
2023-05-25,0.003591374465090052,-0.0057243492497164586,0.00931572371480651,0.5984307433918263
2023-05-26,0.002103953839680073,0.002536957801019095,-0.0004330039613390222,0.6017973081984482
2023-05-30,-0.0014195560488753497,-0.0028524655488849056,0.0014329095000095555,0.5995250802995233
2023-05-31,0.0018369954579749515,0.007697730065311272,-0.00586073460733632,0.6024661011008252
2023-06-01,0.008093225087501182,-0.0002716444958117759,0.00836486958331296,0.6154878428182533
2023-06-02,-0.0056319665663829895,0.0027306054759853563,-0.008362572042368347,0.6064150421358596
2023-06-05,0.002233867879408974,0.004172803303336644,-0.00193893542392767,0.6100075722243283
2023-06-06,0.0004814694693535108,-0.0013857798146981412,0.0018672492840516523,0.6107829283559569
2023-06-07,0.0003138016083214651,0.012201153437529554,-0.011887351829208088,0.6112884739458928
2023-06-08,-0.009825352672535285,-0.0030722472001925667,-0.00675310547234272,0.5955345172595667
2023-06-09,-0.0027101160523239766,-0.0043498311192209215,0.001639715066896945,0.5912162876470184
2023-06-12,0.001315915373973873,0.0005871495857995358,0.0007287657881743374,0.5933115719292954
2023-06-13,0.0018477924253939722,0.0025064395288457862,-0.0006586471034518142,0.5962584027105411
2023-06-14,-0.00047719549870905834,0.0019201329109653654,-0.0023973284096744235,0.5954968571035102
2023-06-15,0.0003072965728530934,0.006459202153653499,-0.006151905580800404,0.5959872231597416
2023-06-16,0.0036686412014055522,0.0024535757536387386,0.0012150654477668134,0.601853080928276
2023-06-20,0.0007069681696422934,-0.008347674060823795,0.009054642230466089,0.6029859404695699
2023-06-21,0.005504804581107514,0.009503692871047242,-0.003998888289939729,0.6118343969856401
2023-06-22,0.000617592546789363,-0.0022713820487371885,0.002888974595526551,0.6128301613525524
2023-06-23,-0.0017077529715477067,-0.012168659246511126,0.010460906274963419,0.6100781963589226
2023-06-26,-0.0018816206360638115,0.008143603867882772,-0.010025224503946583,0.6070514884500116
2023-06-27,0.0026760639668317356,0.005131479113484589,-0.0024554151466528538,0.6113578204711538
2023-06-28,0.00436590663070813,-0.005937342295392901,0.01030324892610103,0.6184082377967883
2023-06-29,0.002254865062322025,0.003994408487135936,-0.0017395434248139113,0.6220616474136678
2023-06-30,0.0024428716376015966,0.007978716188294337,-0.00553584455069274,0.626028979675344
2023-07-03,-0.0052528914059148816,1.8663182028106427e-08,-0.005252910069096909,0.6175100201952937
2023-07-05,0.0007622608286845605,0.005128628440972225,-0.0043663676122876645,0.6187434547633983
2023-07-06,-0.0002002084831182276,-0.0027346218809954637,0.002534413397877236,0.6184194010319979
2023-07-07,0.003521759674556271,-0.0012405910529611353,0.004762350727517406,0.6241291334664083
2023-07-10,0.0018262742489347761,-0.00047962010981039097,0.002305894358745167,0.6270979487901385
2023-07-11,-0.0036601410813991257,0.0047527236085375575,-0.008412864689936683,0.6211534262762233
2023-07-12,0.0002863805413701127,0.007222457755815665,-0.006936077214445553,0.621617759556919
2023-07-13,-0.0013006155835036622,-0.00013338991186614513,-0.0011672256716375173,0.6195100291989475
2023-07-14,-0.001715974538528816,-0.0031763997637063394,0.0014604252251775233,0.6167333742398937
2023-07-17,0.007060613597165538,-0.0012839127279087744,0.008344526325074313,0.628188897807499
2023-07-18,-0.002788560383228747,-0.004263075913393391,0.0014745155301646444,0.6236549193250911
2023-07-19,-0.005633174531097848,0.005198660141996879,-0.010831834673094728,0.614534300922345
2023-07-20,-0.008299407053002694,0.0034311248558277028,-0.011730531908830395,0.6011900747363632
2023-07-21,-0.0025920374792622308,0.002724655022747524,-0.005316692502009755,0.5970451043312637
2023-07-24,0.0017381059604597573,-0.00042208772132187487,0.002160193681781632,0.5998233516909461
2023-07-25,-0.002477802911520734,0.0003990477329424058,-0.00287685064446314,0.595864211742051
2023-07-26,-0.0031333069107593353,-0.0012267013866965027,-0.0019066055240628326,0.5908717049912586
2023-07-27,0.006116441901788787,-0.0058030319595191535,0.011919473861307942,0.6006319980523684
2023-07-28,0.00795157480236114,0.005529475911014483,0.002422098891346657,0.6134102795181888
2023-07-31,0.0011351897785049166,0.0006118659311876635,0.0005233238473172529,0.6152428463347963
2023-08-01,0.004351730264980231,-0.0028920383793409918,0.007243768644321223,0.622287264100478
2023-08-02,0.0003881997760223565,0.001177485392608622,-0.0007892856165862658,0.6229171579074528
2023-08-03,0.009447216229607567,-0.004029073799424287,0.013476290029031855,0.6383218584171242
2023-08-04,0.005976027654147165,-0.001533580310038139,0.007509607964185304,0.6481418281297471
2023-08-07,0.0009320873024059351,0.0020780922519399144,-0.0011460049495339792,0.6496787563646853
2023-08-08,-0.003531377888557621,-0.001398045931910361,-0.00213333195664726,0.6438633914502094
2023-08-09,0.012516138701217625,0.010265414399052163,0.0022507243021654636,0.664567511199935
2023-08-10,0.0006728482936726613,-0.0013971240449526705,0.0020699723386253316,0.6656878894895906
2023-08-11,-0.004239175518536273,-0.0017052914804432072,-0.0025338840380930657,0.6586416917534503
2023-08-14,0.005364195500097322,-0.00033804851177414593,0.005702244011871468,0.6675628761492798
2023-08-15,0.005112762745933978,-0.005966713493069714,0.011079476239003693,0.6761105620239651
2023-08-16,-0.0034795701882362915,0.0010781978347261692,-0.004557768022962461,0.6702885525994926
2023-08-17,-0.00272886827690932,-0.005729462149147739,0.0030005938722384193,0.6657367685891691
2023-08-18,-0.0038608019891235718,0.0015752613979609631,-0.005436063387084535,0.6593180873612285
2023-08-21,0.007343833698988694,0.0031478772111445622,0.004195956487844134,0.671548698266512
2023-08-22,-0.0014742674714272876,-0.00033611490477853485,-0.0011381525666487528,0.6690862040273406
2023-08-23,0.004676225109623557,0.005387715561964598,-0.0007114904523410402,0.6769095043453763
2023-08-24,-0.0033107811967766996,-0.005640046958910552,0.0023292657621338513,0.6713668042861807
2023-08-25,0.0021866976297886184,0.004412820349884433,-0.0022261227200958142,0.675025576972488
2023-08-28,0.0007079103331712538,0.000628482685330347,7.942764784090665e-05,0.676211764694489
2023-08-29,-0.002736582754259741,0.0008586583491683024,-0.0035952411034280434,0.6716309432439997
2023-08-30,0.007874435882722684,0.004591662011931841,0.003282773870790844,0.6848460564214118
2023-08-31,0.006071594780732431,-0.0018508327212111463,0.007922427501943578,0.6951068771953992
2023-09-01,0.006271079254158844,0.0014386787193706005,0.004832400534788244,0.7057704278054682
2023-09-05,0.001304918770371703,-0.006933781796014638,0.00823870056638634,0.7079977725906033
2023-09-06,-0.0016570579504088059,0.0016371591065927412,-0.003294217057001547,0.7051698649527505
2023-09-07,-0.0017582169109842923,0.007317631535732647,-0.009075848446716939,0.7021744405346764
2023-09-08,0.005249527711460226,0.00967775759597589,-0.004428229884515665,0.711133547395634
2023-09-11,0.009316589541710083,0.00933654848049666,-1.995893878657726e-05,0.727149969673508
2023-09-12,-0.001070041820666711,0.000301609338285025,-0.0013716511589517359,0.7253028354070965
2023-09-13,-0.007953240531363898,0.0007635607954952007,-0.008716801326859099,0.7116355087784294
2023-09-14,-0.001711043385542908,0.00471588257979375,-0.006426925965336658,0.7087093302857579
2023-09-15,-0.00027952479778180347,-0.00016009563939411875,-0.00011942915838768475,0.7082317704037662
2023-09-18,0.0047090209874704435,0.00526650428355519,-0.0005574832960847467,0.7162948393426971
2023-09-19,-0.0052679096049749186,-0.006439833512250997,0.0011719239072760792,0.7072773258501703
2023-09-20,-0.008200262505904263,-0.0073745100382483575,-0.0008257524676559033,0.6933344493629612
2023-09-21,0.0014541339910733634,-0.00326612860366791,0.004720262594741273,0.6957985756947633
2023-09-22,0.0015658419812048573,-0.00047546463913895757,0.0020413066203438146,0.6984560083130604
2023-09-25,0.007177704942013365,0.00347666919050253,0.003701035751510835,0.7106908810231001
2023-09-26,0.0022692240698706672,-0.017774187563391334,0.020043411633262002,0.7145772297768043
2023-09-27,0.006755660027854248,0.0007444339187950865,0.006011226109059161,0.7261995446341531
2023-09-28,0.002169773699146175,-0.006065643804174955,0.008235417503321131,0.729949073348934
2023-09-29,-0.00015340726938876134,0.0011872469907050038,-0.0013406542600937655,0.7296837069404984
2023-10-02,0.015823728675311823,-0.004161972314288563,0.019985700989600386,0.7572714474337094
2023-10-03,-0.004965025664423327,0.0012375501416992392,-0.006202575806122566,0.7485681734661904
2023-10-04,-0.0017164625629731063,-0.0017262245687395972,9.762005766490982e-06,0.745569396038485
2023-10-05,0.006553345668276865,0.005384590507474915,0.0011687551608019504,0.7570462806004026
2023-10-06,-0.0025122079412773233,0.001201819746315403,-0.0037140276875927258,0.7526377548663519
2023-10-09,0.0036833906480269016,0.00580224570632896,-0.0021188550583020587,0.7591053083326782
2023-10-10,-0.003731067070639169,0.0017660820170054374,-0.005497149087644607,0.7525541973599419
2023-10-11,-0.0007269473734911353,0.007483957652695639,-0.008210905026186774,0.7512806456478907
2023-10-12,0.00811975125926887,-0.0009232087011854762,0.009042959960454346,0.7655584967301394
2023-10-13,-0.0071936374810598535,-0.0012147001815984305,-0.005978937299461424,0.7529032820403199
2023-10-16,-0.0027253292321607046,0.003404818915905915,-0.006130148148066619,0.7481325473488354
2023-10-17,0.0026341158119757386,0.002871997055446765,-0.00023788124347102693,0.7527434010284693
2023-10-18,-0.00042510845298082337,-0.00375409266064468,0.0033289842076638567,0.7519984533457829
2023-10-19,0.0018399580976733551,-0.004147474429162642,0.005987432526835998,0.7552250245547576
2023-10-20,0.000726092647521559,-0.0029574504141326617,0.0036835430616542213,0.7564999433383977
2023-10-23,0.005513022830181385,-0.0016493952713927292,0.007162418101574114,0.7662103097688864
2023-10-24,-0.003391177502286258,0.008966548558766527,-0.012357726061052786,0.7602309214160103
2023-10-25,-0.0027791581450561935,-0.00010161613980443117,-0.002677542005251762,0.755345752785977
2023-10-26,0.001061031541620034,0.0023152652758649506,-0.0012542337342449166,0.7572092184192163
2023-10-27,0.0027200294515766278,-0.007734242111758414,0.010454271563335041,0.7619953855527852
2023-10-30,-0.002819908734452964,0.003588054420915005,-0.006407963155367969,0.7570337183871716
2023-10-31,-0.0013804311929313667,0.0019479064437292087,-0.003328337636660575,0.7546099275584064
2023-11-01,-0.0022741700825684823,0.0,-0.0022741700825684823,0.7506241800063023
2023-11-02,-0.004138410161701003,-0.0008882064620661909,-0.003250203699634812,0.7433943494310393
2023-11-03,0.000527043232516581,0.001096500830688997,-0.000569457598172416,0.7443134358023658
2023-11-06,0.0012780872116971325,-0.0004429455842297077,0.0017210327959268402,0.7465442457790374
2023-11-07,0.0002779791534035735,-0.0009419452584532406,0.0012199244118568141,0.7470298161559552
2023-11-08,0.00016952063855945644,0.010791520228611616,-0.01062199959005216,0.7473259988698044
2023-11-09,0.0031757294628131072,-0.0022014267183687796,0.0053771561811818865,0.7528838539766285
2023-11-10,0.003193526104803213,0.005437669010436202,-0.0022441429056329894,0.7584906823341999
2023-11-13,-7.560473857087194e-05,-0.004339877606928654,0.004264272868357782,0.7583577371315899
2023-11-14,-0.0001488837192360655,0.019165298327354405,-0.01931418204659047,0.7580959657791679
2023-11-15,0.0004789955800627002,-0.0006948015224995277,0.0011737971025622279,0.7589382876942345
2023-11-16,0.0008352435018208922,0.003430472866799366,-0.0025952293649784738,0.7604080431855511
2023-11-17,0.0020987688476922254,0.0024672061335955977,-0.0003684372859033722,0.7641066126093286
2023-11-20,-0.0019264683915522134,-0.004632806950529421,0.0027063385589772074,0.7607113884268957
2023-11-21,-0.008735117230697071,-0.008484679593852986,-0.00025043763684408577,0.745398346018068
2023-11-22,0.0006374000350790822,0.004993806465395278,-0.004356406430316194,0.7465112176195678
2023-11-24,-0.001076353973424053,0.0009290106913254837,-0.002005364664749537,0.7446323646676669
2023-11-27,0.0003062680578880434,0.0032363684131677803,-0.0029301003552797368,0.7451667716654415
2023-11-28,0.002067315781613469,0.0028847289451436227,-0.0008174131635301533,0.7487783142873328
2023-11-29,0.002206734473787807,-0.00308658709794912,0.005293321571736926,0.752641664807099
2023-11-30,0.005027764813614739,0.008778602665437105,-0.003750837851822367,0.7614757240772247
2023-12-01,-0.006053854859438656,0.006088787346835307,-0.012142642206273964,0.7508442189692903
2023-12-04,-0.0011283162412366963,-0.0009271775396206204,-0.00020113870161607525,0.748869827079836
2023-12-05,0.004735555597300159,-0.0026768762458046344,0.007412431843104792,0.7571713379978808
2023-12-06,-0.00401570130402227,-0.0001658924744009588,-0.0038498088296213123,0.7501292117655967
2023-12-07,-0.003200786563571905,4.546892087309621e-05,-0.003246255484445001,0.7445363772098097
2023-12-08,0.0010264893022540148,0.0015936650272342938,-0.0005671757249802786,0.7463280445447644
2023-12-11,0.00168608898095345,0.0032851194119487997,-0.0015990304309953499,0.7492749927280753
2023-12-12,0.0015531361863431784,0.0015930438302230406,-3.990764387986213e-05,0.7519939659404233
2023-12-13,-0.008838537469856736,0.014506910304363995,-0.023345447774220734,0.7365771331159119
2023-12-14,0.012570275655179042,-0.005749179382402067,0.018319455037581107,0.7585441629322647
2023-12-15,0.00919986256987804,-0.0035322909295984637,0.012732153499476505,0.7747971756617016
2023-12-18,0.0032648531522586352,0.0008214134597824994,0.0024434396924761354,0.7806010971354789
2023-12-19,-0.0016856709950994315,0.004036170503556491,-0.005721841498655923,0.777602117868508
2023-12-20,-0.00024278381336190484,-0.009091139159169646,0.008848355345807742,0.7771705972329239
2023-12-21,0.0006719583911817991,0.002621528196276921,-0.001949569805095122,0.7783651832393927
2023-12-22,-0.0014922719091334602,0.0016404521146139422,-0.003132724023747403,0.7757133579465667
2023-12-26,0.005078804098549617,0.008484052636864636,-0.003405248538315019,0.7847547986450356
2023-12-27,0.001328962436194305,0.0012631757671375016,6.578666905680361e-05,0.7871282474931136
2023-12-28,-0.0014882203110117734,0.004221031863698881,-0.0057092521747106545,0.7844705850209626
2023-12-29,0.0007962093900112553,-0.00010573766798831452,0.0009019470579995698,0.7858919630391275
2024-01-02,0.001906435742929747,0.0063285464162790885,-0.0044221106733493415,0.7892998987835549
2024-01-03,-0.000926161822646096,-5.693779509285924e-05,-0.0008692240275532369,0.787643484700183
2024-01-04,0.00222919594855993,0.00025576375770561835,0.0019734321908543117,0.7916329372974593
2024-01-05,-0.0009742286304163295,0.0012298861194707182,-0.0022041147498870475,0.7898883271573083
2024-01-08,0.0006397546901991369,0.0023335027740307717,-0.001693748083831635,0.7910337829758378
2024-01-09,0.0007812979524283365,0.0010712445118203225,-0.00028994655939198615,0.7924336607928326
2024-01-10,-0.0016197216213983104,-0.0020096197449855787,0.0003898981235872682,0.7895327671917751
2024-01-11,0.00445256953323574,-0.0115113360620233,0.01596390559525904,0.7975185517066883
2024-01-12,-0.002002754183935971,0.0010155799070546891,-0.0030183340909906604,0.7939221664464677
2024-01-16,-0.0011044455728017304,-0.004620258823502934,0.0035158132507012033,0.7919419707622504
2024-01-17,0.0003733982381857867,-0.00700340745495103,0.007376805693136816,0.7926112036744837
2024-01-18,0.0012221019294958782,-0.005055429549596303,0.006277531479092181,0.7948032964929315
2024-01-19,-0.004303672780975752,-0.0015468305152312625,-0.002756842265744489,0.7870956478938445
2024-01-22,-0.001541434067446434,-0.004417373283254793,0.002875939215808359,0.7843430797765429
2024-01-23,-0.0012215697233447266,-0.0009913288324158267,-0.00023024089092889993,0.7821647110797374
2024-01-24,-0.0012022412260691683,-0.008412487627268806,0.007210246401199638,0.7800234066325908
2024-01-25,-0.00035208740301628447,0.010194444320677988,-0.010546531723694273,0.7793967931318748
2024-01-26,-0.0010957104977961933,0.001035092085126644,-0.002130802582922837,0.7774481571513034
2024-01-29,-9.757168026298686e-05,0.0032059556246160237,-0.0033035273048790106,0.7772747370086146
2024-01-30,-0.00075339306482622,-3.285511129167101e-05,-0.0007205379535345491,0.7759362548123738
2024-01-31,0.0007060559928308234,-0.0008568327561635472,0.0015628887489943708,0.7771906080176589
2024-02-01,-0.005470596202242181,0.0052895351025229005,-0.010760131304765082,0.7674948607665373
2024-02-02,-0.00118276517270743,-0.005613605684523201,0.004430840511815772,0.7654055652188532
2024-02-05,0.00452658013289547,-0.006017590449661855,0.010544170582557326,0.773414928814004
2024-02-06,0.002856232885370179,0.0014859393225760118,0.0013702935627941672,0.7784874555634453
2024-02-07,-0.0008450523886402365,0.0005122374024722173,-0.0013572897911124536,0.7769851753331034
2024-02-08,0.002943679533573614,-0.0027273369709731,0.005671016504546714,0.7822237567949117
2024-02-09,0.00032669931441795625,0.0025096382097923647,-0.002182938895374408,0.7828061031953013
2024-02-12,-0.0011378392008675178,0.0024628922438165897,-0.0036007314446841075,0.7807787101659072
2024-02-13,-0.0024402724484397635,-0.0040551435384167025,0.0016148710899769395,0.7764384228383547
2024-02-14,-0.0005258588310106133,0.0014996783127833421,-0.0020255371437939555,0.775504512579958
2024-02-15,-0.0037702293348304983,0.005383027496241793,-0.009153256831072291,0.7688230566076912
2024-02-16,0.00014284093974038152,-1.211077921344113e-05,0.00015495171895382265,0.7690757350013115
2024-02-20,-0.001036164612729249,0.0003220682136736673,-0.0013582328264029164,0.7672436306722195
2024-02-21,0.0013677906701798834,0.006523342948380393,-0.00515555227820051,0.7696625039011924
2024-02-22,-0.003378286289761692,-0.0038169488146804426,0.00043866252491875076,0.7636941643828383
2024-02-23,-0.004871995880904246,0.002088112289282688,-0.006960108170186935,0.7551223515524756
2024-02-26,0.002411487078580615,-0.005485072395221984,0.007896559473802599,0.7593599137843088
2024-02-27,-0.008080167474665454,0.0032722065965468134,-0.011352374071212269,0.7452012701722004
2024-02-28,-0.005742524438136717,-0.0006310712625588728,-0.005111453175577844,0.7352081296173183
2024-02-29,-0.00396101889211952,0.0012988604810537936,-0.005259879373173314,0.7283485319009515
2024-03-01,7.338191538558997e-05,0.0,7.338191538558997e-05,0.728475366080287
2024-03-04,-0.002203991363216957,0.002263518643754579,-0.004467510006971536,0.7246700163213127
2024-03-05,-0.0041464925403279325,-0.0008669466475598822,-0.0032795458927680505,0.7175334909637805
2024-03-06,-0.000548814510862276,0.002807383999109462,-0.003356198509971738,0.7165911422720184
2024-03-07,0.00045220068755732904,0.001724851375602846,-0.001272650688045517,0.717367561502233
2024-03-08,0.0076516258802945296,0.005703469533569676,0.0019481563467248532,0.7305586177370216
2024-03-11,0.005519899459404922,0.0014025458176277587,0.004117353641777163,0.7401375403384796
2024-03-12,-0.005763599055520874,-0.002126829858060575,-0.0036367691974602983,0.7301369326851495
2024-03-13,-0.0018988473092449909,-0.0003167424086837994,-0.0015821049005611916,0.726854783961713
2024-03-14,-0.006691183443799776,-0.0035525940648075583,-0.0031385893789922176,0.715338653060225
2024-03-15,0.0032172044510985457,0.0007305086885857837,0.002486695762512762,0.720866134962042
2024-03-18,-0.0006782181031073569,0.0008052096295039965,-0.0014834277326113534,0.7196994080886525
2024-03-19,0.0004784508162229582,0.0027255566318823313,-0.002247105815659373,0.7205223965381589
2024-03-20,-0.005182182390401052,-0.00047382225739731385,-0.004708360133003738,0.7116293981441568
2024-03-21,-0.0014526989926930995,0.0009453111543324111,-0.0023980101470255106,0.7091447210225432
2024-03-22,-0.003458222603639043,-0.002410667673725688,-0.0010475549299133553,0.7032443264347625
2024-03-25,-0.005183971808386982,-0.002175660845703856,-0.0030083109626831256,0.6944376024903849
2024-03-26,8.598240152809297e-05,-0.004674441875938162,0.004760424277466255,0.694583300568332
2024-03-27,0.010512887789326358,0.011114976740478098,-0.0006020889511517396,0.7124922370344109
2024-03-28,0.0023806020484766414,0.0043379099490398155,-0.001957307900563174,0.7165738559894832
2024-04-01,-0.001094797713776343,-0.001094797713776343,0.0,0.7146955832083963
2024-04-02,-0.005436825097642322,-0.003072226486644465,-0.002364598610997857,0.7053983797626855
2024-04-03,0.008092819873088115,0.004355246343012302,0.003737573530075813,0.7192558590725138
2024-04-04,-0.002195470102079653,-0.00406891809619762,0.0018734479941179669,0.7154854246885614
2024-04-05,0.0074498403093151404,0.006399357946356701,0.0010504823629584395,0.7283132404160706
2024-04-08,0.0006101440579235756,0.004480199709449478,-0.0038700556515259025,0.7293680822399522
2024-04-09,-0.002940683827377816,-4.600124527934094e-05,-0.0028946825820984757,0.7242900276248903
2024-04-10,-0.002269555318596039,-0.013109025979913877,0.010839470661317838,0.720381093470913
2024-04-11,0.007279290883007947,0.00372979160074277,0.0035494992822651767,0.732949938519641
2024-04-12,-0.002487367708242034,-0.00338941150381502,0.0009020437955729858,0.7286448112395065
2024-04-15,-0.0014716658685055282,-0.004838658830341309,0.003366992961835781,0.7261026947039155
2024-04-16,0.0050268459906366485,-0.0031102262224666304,0.00813707221310328,0.7348013923033851
2024-04-17,-0.004530124903726666,0.007200821771508233,-0.011730946675234898,0.7269602992880546
2024-04-18,-0.007356930691654666,-0.00366030831155982,-0.0036966223800948468,0.714301793030037
2024-04-19,-0.00028188956224527726,0.009583980775738613,-0.00986587033798389,0.7138186173523333
2024-04-22,0.0014081425098193315,0.005306531155253531,-0.0038983886454342,0.716233618135127
2024-04-23,0.002221657165495763,0.0019334900470331928,0.0002881671184625702,0.7200507394479465
2024-04-24,0.003812596303033445,0.006027449815287829,-0.0022148535122543857,0.726621115675399
2024-04-25,0.0013616326418143386,0.0029532049389599958,-0.0015915722971456573,0.7289737406885655
2024-04-26,-0.001552635528350968,-0.007727847683920734,0.006175212155569765,0.7262913575517291
2024-04-29,0.002879656108330519,0.009071045664952334,-0.006191389556621816,0.7312696474455402
2024-04-30,-0.0009062891518071662,-0.0029478754249883414,0.0020415862731811753,0.7297013273283082
2024-05-01,0.00035712135639491354,0.004678013686163998,-0.004320892329769084,0.7303191509249158
2024-05-02,-0.005893694677129345,0.002426144632575165,-0.008319839309704511,0.7201511710723296
2024-05-03,-0.0065084723035591634,-0.0008812256653166891,-0.0056272466382424734,0.708991968888794
2024-05-06,-0.003411782886112528,0.0002779677949967855,-0.0036897506811093134,0.7031711945921773
2024-05-07,0.00947717696747856,0.004986321893746564,0.004490855073731996,0.7193891783731987
2024-05-08,-0.010214245297529059,0.005713157285464091,-0.01592740258299315,0.7019163035710159
2024-05-09,-0.009101260922348243,0.006080430980610186,-0.015181691902958427,0.6864969932429208
2024-05-10,-0.00106652959510918,-0.0002807712053551335,-0.0007857583897540462,0.6846992531294906
2024-05-13,0.0033201204896774793,-0.0012809101484980365,0.004601030638175515,0.6903019533119474
2024-05-14,0.0005392481785435821,0.001277087907733191,-0.0007378397291896088,0.6912136913659084
2024-05-15,-0.006869946303174619,0.006265009465090827,-0.013134955768265448,0.6796349622818263
2024-05-16,0.005170013021137596,0.0015094650544432145,0.0036605479666943813,0.6883411831528172
2024-05-17,-0.0001434180755141099,0.0008843530316208878,-0.0010277711071349977,0.6880990618722174
2024-05-20,0.0034108574453599206,-0.002036160368363838,0.005447017813723759,0.6938667579286724
2024-05-21,-0.00039706491313985055,0.0062218393064307,-0.006618904219570551,0.6931943163818719
2024-05-22,-0.000750087407520591,-0.009900201130369303,0.009150113722848711,0.6919247488495028
2024-05-23,-0.009602712802872365,-0.015746028874993365,0.006143316072120996,0.6757554402657957
2024-05-24,-0.013238150671641115,0.0008529397097977814,-0.014091090381438895,0.6537177283729498
2024-05-28,-0.002129233526791381,-0.003528633557423683,0.0013994000306323023,0.650200323159289
2024-05-29,0.0010248078190213086,-0.006631698307086577,0.007656506126107886,0.6518923281953264
2024-05-30,0.002499290248055382,0.009984353305022974,-0.007485063056967591,0.6560260501157067
2024-05-31,-0.008555433981118438,0.001666574022006104,-0.01022200800312454,0.6419184628893322
2024-06-03,-0.013437769540019281,-0.012636651157780298,-0.0008011183822389838,0.620002322790244
2024-06-04,-0.00852584660259472,-0.006507785326082317,-0.0020180612765124052,0.6062491435483957
2024-06-05,0.00877824008331431,0.0010435714299864094,0.0077346686533279,0.6204112524186822
2024-06-06,-0.010705159168393735,-0.01436017342594461,0.003655014257550873,0.6031570115191716
2024-06-07,-0.0009935137321457014,-0.005589671872518448,0.004596158140372747,0.6015650439652032
2024-06-10,0.005948652250677279,0.0051355355648429885,0.0008131166858342903,0.6111205906025312
2024-06-11,0.002140285662441193,0.005185117738081,-0.003044832075639807,0.6145725416660146
2024-06-12,0.002164429379087041,-0.0025835654291309303,0.004747994808217972,0.6180709545779401
2024-06-13,-0.003115311674217398,-0.004654220050047061,0.0015389083758296628,0.6130380029204274
2024-06-14,-0.0005046821924026628,-0.0022043067261072156,0.0016996245337045526,0.6122241367538401
2024-06-17,-0.007365047113415658,-0.011780143996337205,0.004415096882921547,0.6003936495546778
2024-06-18,0.0054115330304685535,0.006690882122521801,-0.0012793490920532478,0.609077708494403
2024-06-20,-0.003878274461201317,0.0024635563524039094,-0.006341830813605226,0.6028493489620501
2024-06-21,0.001397099863537542,-0.003844419919538036,0.005241519783075578,0.6050902545887289
2024-06-24,-0.0014053088470628921,0.008190899024538293,-0.009596207871601186,0.6028361912521565
2024-06-25,0.009118590879838032,-0.0015394755837323877,0.01065806646357042,0.6175186386074638
2024-06-26,-0.0048364502235169185,-0.007069717331961781,0.002233267108444862,0.6097144776566334
2024-06-27,0.0013332537047351435,0.003525347172534819,-0.0021920934677996757,0.6118620667699823
2024-06-28,-0.0013323843253797841,-0.0025452014887404036,0.0012128171633606197,0.6097158771097766
2024-07-01,-0.0021728103227223877,-0.0034195028302544147,0.001246692507532027,0.6062220669033369
2024-07-02,0.0009231061899029292,0.0012631698044271499,-0.00034006361452422056,0.6077054649972988
2024-07-03,-0.0018699736772174631,-9.442670964559597e-05,-0.001775546967571867,0.6047019072592263
2024-07-05,0.003841056652725376,0.001056029347345888,0.0027850273053794884,0.6108775110249529
2024-07-08,-0.002519766407800045,-0.0010999552505993539,-0.001419811157200691,0.6068235856030801
2024-07-09,0.015868363772405854,0.010646470235178103,0.00522189353722775,0.6325246241904896
2024-07-10,0.0042715242704599735,0.005176343350259614,-0.00090481907979964,0.6395129074299415
2024-07-11,-0.002728659979593654,0.0070225696373537125,-0.009751229616947367,0.6350453321922642
2024-07-12,-0.0032310545906471897,0.0017829698325660974,-0.005014024423213287,0.6297709369837909
2024-07-15,-0.00044698922124570325,-0.017300110606727682,0.01685312138548198,0.6290426097312021
2024-07-16,-0.0029677983192767984,0.003892397561665285,-0.006860195880942084,0.6242151068827484
2024-07-17,-0.013991444599666713,-0.013417420178354742,-0.0005740244213119725,0.6016482309349127
2024-07-18,3.1114107005438094e-06,0.0003231934818600935,-0.0003200820711595497,0.6016532143281095
2024-07-19,-0.0015857180336677813,-0.0008842424575258135,-0.0007014755761419678,0.5991154565583641
2024-07-22,0.0029408303494723965,0.007173010880371061,-0.004232180530898665,0.60382510557042
2024-07-23,0.0034211587092280943,0.0006755236183553094,0.0027456350908727843,0.6093214423577462
2024-07-24,-0.01558847067956432,-0.012052510172542828,-0.003535960507021493,0.5844291030589079
2024-07-25,-0.004084094011403748,-0.004934310792275532,0.0008502167808717839,0.5779713416760976
2024-07-26,0.006904152907643449,0.009491817444645811,-0.002587664537002362,0.5889035926431616
2024-07-29,-0.0018900453249957503,0.0006888594912323564,-0.0025789048162281067,0.5859033290462563
2024-07-30,-0.0015440361079476841,3.2448890761349256e-05,-0.0015764849987090334,0.583456526504339
2024-07-31,0.030663539759094874,0.027937396710870973,0.0027261430482239004,0.6327630008618834
2024-08-01,-0.018312393100859584,-0.009898835589064115,-0.00841355751179547,0.6031353078803259
2024-08-02,-0.015612138516251269,-0.016238153520668402,0.0006260150044171357,0.5783012978117028
2024-08-05,0.010983671680790893,-0.007876052237716199,0.01885972391850709,0.5957323945603046
2024-08-06,0.014123694905633569,0.015135735721682983,-0.0010120408160494134,0.6184299413598799
2024-08-07,-0.002006806121724718,0.0010588515378136749,-0.003065657659538393,0.615185322994888
2024-08-08,0.02549386327653779,0.02607969159013011,-0.0005858283135923199,0.6568920102073255
2024-08-09,0.0025980907622607965,0.0043970518221789455,-0.0017989610599181492,0.6612023629523331
2024-08-12,-0.004062754135667652,-0.002335718866997659,-0.0017270352686699927,0.6544669975134401
2024-08-13,0.008908512987776186,0.010597095989206533,-0.001688583001430348,0.6692716842103181
2024-08-14,-0.0025047764262884553,-0.0004292882194258155,-0.0020754882068626398,0.665095763903286
2024-08-15,0.0036516091905470453,0.004048643346520859,-0.0003970341559738139,0.6711871578242294
2024-08-16,-0.005137985723653633,-0.003582947753607805,-0.0015550379700458277,0.6626226430841446
2024-08-19,-0.0011314294919677705,0.0031218921271556573,-0.004253321619123427,0.6607425665793105
2024-08-20,-0.0020333663198753575,-0.0024501639976700317,0.0004167976777946739,0.6573690994879491
2024-08-21,0.0034038771064467746,0.00711536659084331,-0.003711489484396535,0.6630201925795209
2024-08-22,-0.004322351210456805,0.00011861176421830319,-0.0044409629746751085,0.6558475477491825
2024-08-23,0.008410104041817303,0.008196502844121302,0.00021360119769600063,0.6698321213354259
2024-08-26,-0.0056176094987245035,-0.00026101582099823757,-0.005356593677726266,0.6604779551751978
2024-08-27,0.0017068379293390364,-0.0014560187894585785,0.0031628567187976147,0.6633145420382947
2024-08-28,-0.012078100582087133,-0.010650565394050647,-0.0014275351880364859,0.6433456973123157
2024-08-29,0.006357314102134556,0.009889256890335887,-0.0035319427882013307,0.653826240844158
2024-08-30,0.004932056402218142,0.007434053236567444,-0.002501996834349301,0.6620031530642039
2024-09-03,-0.013049911039755667,-0.008600362558359007,-0.00444954848139666,0.6404550658820471
2024-09-04,-0.005051602319164146,-8.137644829959577e-05,-0.004970225870864551,0.6321890351948269
2024-09-05,0.0005145789725364236,-0.0017201056426176696,0.0022346846151540933,0.6330291414835205
2024-09-06,-0.0009794158759899012,-0.006796288521337419,0.0058168726453475175,0.6314305098068107
2024-09-09,-0.001267997473568413,0.0023316523151633963,-0.00359964978873181,0.6293631710092513
2024-09-10,-0.02670638656823168,-0.02265135592995926,-0.00405503063827242,0.586424686248737
2024-09-11,0.013912398191871756,0.013062141093696801,0.0008502570981749547,0.6086499027340688
2024-09-12,0.004336476446527105,0.002848448086375774,0.0014880283601513306,0.6156409223884944
2024-09-13,0.013547225867475402,0.019029508043977572,-0.005482282176502171,0.6376773037806853
2024-09-16,0.00425362057864028,0.010199695305066134,-0.0059460747264258535,0.6446581981736346
2024-09-17,0.006936621330228285,0.0047762761853068075,0.002160345144921478,0.656106228735079
2024-09-18,0.0037942634236638128,-0.0007465110869838525,0.004540774510647666,0.6624018681287154
2024-09-19,0.0031120703029004124,-0.0008082159899925616,0.003920286292892974,0.6675834381371275
2024-09-20,0.03286220405290228,0.04045586178788415,-0.007593657734981869,0.7232942823872599
2024-09-23,0.005119620184851335,0.009732285571461902,-0.004612665386610567,0.732139517381782
2024-09-24,0.004738811258039654,0.000684133576228013,0.0040546776818116415,0.7403672791351519
2024-09-25,0.00974645674382735,0.010877995053785186,-0.001131538309957835,0.7574126244673414
2024-09-26,-0.003663260625568164,-0.003317810347268659,-0.00034545027829950504,0.7509865413920289
2024-09-27,0.005226597462291397,0.00937122248811657,-0.004144625025825173,0.7601622010576758
2024-09-30,-0.0019737547379041,0.002083155554922168,-0.004056910292826268,0.7566914988580504
2024-10-01,0.0048771956463021515,0.008220243126298927,-0.003343047479996774,0.7652801542396122
2024-10-02,0.0024445470932461318,0.00304002095140063,-0.0005954738581544983,0.7696007434997973
2024-10-03,0.009502664061138822,0.007905852864751697,0.0015968111963871245,0.7864968165972788
2024-10-04,0.005475403975152735,0.005801662861160854,-0.00032625888600811893,0.7963054369426574
2024-10-07,-0.0038805775910643603,-0.012302702715088674,0.008422125124024314,0.7893482420153461
2024-10-08,0.0008328797440825814,0.000164824669877392,0.0006680550742051892,0.7908391747188677
2024-10-09,-0.013500990140695434,-0.015631507117709796,0.002130516977014363,0.7668235547909756
2024-10-10,-0.0035861341815004474,-0.00605051570518578,0.002464381523685332,0.7604988358719893
2024-10-11,0.0045938776348117836,0.00884663283426343,-0.004252755199451645,0.7686049571089761
2024-10-14,0.006174144627696538,0.01307813882619013,-0.00690399419849359,0.7795583590519675
2024-10-15,-0.009162101168532406,-0.003951344290834875,-0.00521075687769753,0.7633283294520476
2024-10-16,0.010719239461659116,0.016248802522469685,-0.005529563060810566,0.7823315360674241
2024-10-17,-0.021596705341443274,-0.02282097157933561,0.0012242662378923338,0.7442517263569759
2024-10-18,0.005684665800191029,0.008007316652321038,-0.002322650852130008,0.7541954510907218
2024-10-21,-0.0004414048002946854,-0.0026660283458308826,0.002224623545536197,0.753421311664954
2024-10-22,-0.005695940218259832,-0.006889939211934969,0.001193998993675136,0.7434623185365974
2024-10-23,0.0035986958776766122,0.00884637383961631,-0.005247677961939699,0.7497478122018564
2024-10-24,0.004104949723594739,0.0021105856318105035,0.001994364091784235,0.756945201353521
2024-10-25,-0.002211191339236207,-0.01128492167334569,0.009073730334109482,0.7530645513517729
2024-10-28,0.006512103506430287,0.00951538537378855,-0.003003281867358262,0.7645179415189962
2024-10-29,0.0036294216971311296,-0.008018977265126079,0.011648398962257209,0.7709337570281285
2024-10-30,-0.004402516601280602,-0.0021933384286546894,-0.0022091781726259127,0.7631543288590434
2024-10-31,0.02614303273247296,0.026612339092024366,-0.0004693063595514035,0.8098563363709546
2024-11-01,-0.01402275673089926,-0.019881543368076477,0.005858786637177215,0.784654275404773
2024-11-04,9.915324877143037e-05,-0.00046948855966902694,0.0005686418084404575,0.7848312384471985
2024-11-05,0.004908423045779297,0.012002538884585495,-0.007094115838806196,0.7936134810796247
2024-11-06,0.003822824222944063,0.0005602817680973099,0.0032625424548467525,0.8004832727785007
2024-11-07,0.015142502059892721,0.007541049875174437,0.007601452184718285,0.8279545615508288
2024-11-08,0.01524234877941462,0.027727086043830323,-0.012484737264415704,0.8560303091334727
2024-11-11,-0.004566760100067152,0.00374842416959552,-0.00831518426966267,0.8475735885774931
2024-11-12,-0.010135462137158761,-0.010012058547218662,-0.00012340358994010025,0.8289421550161493
2024-11-13,-0.00033913952586275397,-0.0019966057704228586,0.0016574662445601046,0.8283219936074337
2024-11-14,-0.0015347981589143261,-0.006615394620033668,0.005080596461119341,0.8255180406790559
2024-11-15,0.002365914294526643,0.010838047549843566,-0.008472133255316924,0.8298421731527845
2024-11-18,0.0037833373663806527,0.00800367449627848,-0.004220337129897827,0.836778195804579
2024-11-19,0.014540643604650539,0.015745053529439335,-0.0012044099247887972,0.8636812528039339
2024-11-20,-0.000709537502578629,0.000994652094286141,-0.00170418959686477,0.8623593700803578
2024-11-21,0.011559430846480161,0.01935730876791865,-0.007797877921438491,0.8840120898854136
2024-11-22,-0.01067670181979773,-0.00891334081229348,-0.0017633610075042509,0.8640040545530072
2024-11-25,-0.012811798930367442,-0.010885648391681001,-0.001926150538686441,0.8402751390234471
2024-11-26,0.025009152678084463,0.028975828885176688,-0.003966676207092222,0.8868791958847668
2024-11-27,-0.013192542571989879,-0.010663791492991919,-0.0025287510789979593,0.8621499412989377
2024-11-29,0.011619780604374352,0.008764051125452409,0.002855729478921944,0.8839139164985532
2024-12-02,-0.004243236479950004,-0.01691277758503537,0.012669541105085367,0.8759369602676117
2024-12-03,-0.0036085078368293193,-0.004567155535308587,0.0009586476984792673,0.8691798259633714
2024-12-04,0.011508854783599363,0.010152409877138446,0.0013564449064609172,0.8908162113356461
2024-12-05,0.006127746073797761,0.003544815901039984,0.0025829301727577766,0.9024382249586154
2024-12-06,-0.005753865112373923,-0.008576816646653915,0.002822951534279992,0.8915232836908253
2024-12-09,-0.01822695376654844,-0.0221388841285496,0.0039119303620011574,0.8573588786081607
2024-12-10,-0.012468852307847708,-0.013779261972514924,0.0013104096646672162,0.8343435307414153
2024-12-11,0.010038144742772395,0.005337210049731738,0.0047009346930406565,0.8528496648410397
2024-12-12,-0.0035866484775182897,-0.0011274477889111592,-0.0024592006886071304,0.8462160477491512
2024-12-13,0.0002751759577820891,0.00028728708921386807,-1.2111131431779014e-05,0.8467241519241833
2024-12-16,0.0012009379197311801,-0.0012128420091192934,0.0024137799288504735,0.8489432852394736
2024-12-17,-0.011775652973914754,-0.012661906149793564,0.000886253175878809,0.8272984618248342
2024-12-18,-0.00985054151310081,-0.021659332687266317,0.011808791174165507,0.809386946367116
2024-12-19,0.003653243266304992,0.008373443849304144,-0.004720200582999152,0.8160091659695441
2024-12-20,0.0009782684773299091,0.01059553343732738,-0.00961726495999747,0.8177865797433372
2024-12-23,0.004899294347901976,0.0053463250912051796,-0.0004470307433032039,0.8267143031739024
2024-12-24,0.0030887571392624624,0.007319799207149385,-0.004231042067886923,0.8323653028092153
2024-12-26,-0.0005830338799890367,-0.0006263100742649162,4.327619427587948e-05,0.831297283133243
2024-12-27,-0.006516587993729306,-0.007663649964790201,0.0011470619710608947,0.8194022727802028
2024-12-30,0.004341589199283631,0.000598682594581881,0.0037429066047017503,0.8273185421970188
2024-12-31,-0.00523765601814308,-0.005701817971588258,0.00046416195344517854,0.8177726969868429
2025-01-02,0.013999666729558342,0.012908976122323747,0.0010906906072345943,0.8433998763640309
2025-01-03,1.7008965640466674e-05,0.0028055820741447837,-0.002788573108504317,0.8434312309558436
2025-01-06,0.007089527839385722,-0.0031153121989459277,0.01020484003833165,0.8565467243820364
2025-01-07,-0.0007587739277925705,0.001543013648610069,-0.0023017875764026396,0.8551385594388303
2025-01-08,0.0012926790791310651,0.0013983178868411422,-0.00010563880771007712,0.8575382088976777
2025-01-10,0.03269495860422568,0.014375073708257238,0.018319884895968436,0.9192740701227504
2025-01-13,0.0019675983676226065,-0.0017994653850843625,0.003767063752706969,0.9230541482684091
2025-01-14,0.0013654548060505146,0.005439152369052791,-0.004073697563002276,0.925681785349036
2025-01-15,0.0005645883694120135,0.010044225616511238,-0.009479637247099226,0.9267693098611898
2025-01-16,-0.005381777024655641,0.00788715102396772,-0.013268928048623362,0.9164277200834277
2025-01-17,-0.002199857762786392,-0.0009713383572534495,-0.0012285194055329427,0.9122164854435013
2025-01-21,0.007044230313023234,0.014145943841757713,-0.007101713528734479,0.9257341335919906
2025-01-22,0.014371473904149038,-0.0038682996719686977,0.018239773576117734,0.9536095974098231
2025-01-23,0.0021503623090845412,-0.0011115830279278473,0.003261945337012389,0.95781508589619
2025-01-24,0.001233304467646804,0.003993565928134316,-0.002760261460487512,0.9602311575581943
2025-01-27,-0.038595865202007695,-0.03138366723911994,-0.007212197962887748,0.8860157564731947
2025-01-28,0.01490036296398952,0.003187018005252393,0.011713344958737128,0.9143284869480475
2025-01-29,0.006017400858972624,0.0029462463573719654,0.003071154501600658,0.925882496519977
2025-01-30,0.005108522724192887,0.01121566428519974,-0.006107141561006854,0.9357460837464884
2025-01-31,-0.003178327225164246,-0.004319282300606136,0.0011409550754418896,0.9296034161423332
2025-02-03,-0.0014133055971304602,0.003069163318719299,-0.004482468915849759,0.9268782230529962
2025-02-04,-0.001391780145187827,-0.004939729267447296,0.003547949122259469,0.9241982975660941
2025-02-05,0.0029092263784945924,0.009214413300438005,-0.006305186921943414,0.9298043767335584
2025-02-06,-0.00680130946209761,-0.004559904980414611,-0.0022414044816829997,0.9167237132099124
2025-02-07,-0.0095802831414457,-0.00771140927846895,-0.0018688738629767518,0.8984486373106493
2025-02-10,0.004215849613020705,0.0052218136270872975,-0.0010059640140665912,0.9064691059291177
2025-02-11,-0.0037529738134903,0.0009604563049730288,-0.004713430118463329,0.8993275866480075
2025-02-12,0.0029562691339857713,0.0034284479898754553,-0.0004721788558896834,0.9049508179649657
2025-02-13,-0.005131699029682344,0.0019176750210013744,-0.007049374050683718,0.89520022365644
2025-02-14,0.0012933058655690138,-0.0022052959497089585,0.0034986018152779724,0.8976528828995474
2025-02-18,0.01796550869542559,0.0218628385009082,-0.0038973298054826096,0.9320532672207353
2025-02-19,0.00037130452688587763,0.00425884059348876,-0.0038875360666028817,0.932770780544768
2025-02-20,-0.01307043435385554,-0.012656148177249955,-0.00041428617660558545,0.9076730036590457
2025-02-21,-0.02916201382780894,-0.022034723684460203,-0.007127290143348735,0.8528447537834696
2025-02-24,-0.014311282125005164,-0.012178159755572009,-0.0021331223694331532,0.82651701100887
2025-02-25,-0.010455485407250402,-0.007282109785358109,-0.0031733756218922937,0.8075193768611337
2025-02-26,0.03210114927556283,0.031619000006290005,0.0004821492692728317,0.8664841817623126
2025-02-27,-0.03650195242235459,-0.040147286873158855,0.0036453344508042642,0.7995823174274159
2025-02-28,0.014491206457243461,0.027555825725814727,-0.013064619268571264,0.8258503040574434
2025-03-03,-0.013440698235651692,-0.03478490457555379,0.0213442063399021,0.801473786775408
2025-03-04,0.01626432156639076,0.005139925629721796,0.01112439593666896,0.8310131030440684
2025-03-05,0.007411269558101653,2.0548577830354698e-05,0.007390720980271298,0.8446336451251149
2025-03-06,-0.013140411157199761,-0.059015475546590396,0.04587506438939064,0.82055296213228
2025-03-07,0.013277983891650087,0.003861265529295877,0.00941671836235421,0.84488743387654
2025-03-10,-0.010932523084248708,-0.026229742853100337,0.01529721976885163,0.8248280092706972
2025-03-11,0.009204068163856367,0.02753483543612973,-0.01833076727227336,0.8417013833794238
2025-03-12,0.012036257786239311,0.030798751962744345,-0.018762494176505034,0.8640025178642581
2025-03-13,-0.010067981350306973,-0.01488924914269396,0.004821267792386987,0.8453299306349336
2025-03-14,0.0009247013498527483,0.03437699143820297,-0.033452290088350226,0.8470370989014695
2025-03-17,0.0056342640078758,0.013832470852682983,-0.008198206844807182,0.8574731657191785
2025-03-18,-0.005835859090558697,-0.011922146234388817,0.00608628714383012,0.8466647828346032
2025-03-19,0.0038529659881414258,0.022968278070299594,-0.019115312082158168,0.853793644245439
2025-03-20,0.0011765910011933653,0.009848214113844561,-0.008671623112651197,0.8559760848335312
2025-03-21,-0.010286040974533193,-0.008667359680340513,-0.001618681294192681,0.8369832865847364
2025-03-24,0.007959863262614223,0.017879246434401502,-0.009919383171787277,0.8516637721784597
2025-03-25,-0.009024475356533307,-0.017767146330225206,0.008742670973691899,0.8350286526096107
2025-03-26,-0.00803422975808035,-0.02658884846034886,0.01855461870226851,0.8203446770048273
2025-03-27,-0.012215389320626657,-0.020916396093896495,0.008701006773269838,0.798243718798785
2025-03-28,0.0007975971651560439,0.002250322362935488,-0.0014527251977794436,0.7996785650297356
2025-03-31,-0.008895354046359608,-0.002582573488126335,-0.0063127805582332734,0.7837407782449637
2025-04-01,-0.017764698399631632,-0.00015048071549766484,-0.017614217684133966,0.7523329624643507
2025-04-02,-0.017291209109701937,0.005124735757819878,-0.022415944867521815,0.7222934648431696
2025-04-03,0.04150091110308185,-0.007349234064174259,0.04885014516725611,0.7952741202637428
2025-04-04,0.056683652913360784,-0.02295422819880643,0.07963788111216721,0.8999762316437749
2025-04-07,-0.00966384264173685,-0.0002835816125923036,-0.009380261029144547,0.8817035944696356
2025-04-08,-0.06271633341304521,-0.07306000528410916,0.010343671871063956,0.7673145664374934
2025-04-09,0.008682730163218428,0.086079504829131,-0.07739677466591258,0.7827264939101055
2025-04-10,-0.01583237163924427,-0.04101244953637981,0.025180077897135535,0.754723963693068
2025-04-11,0.0005398075515747839,0.016143629168384743,-0.01560382161680996,0.7556714326420384
2025-04-14,-0.008627681934836623,0.00940672460597812,-0.018034406540814743,0.7405892137887062
2025-04-15,0.009173952641588169,0.014227947659467131,-0.0050539950178789626,0.7566307665205128
2025-04-16,-0.0044181872842510034,-0.003614207107949916,-0.0008039801763010867,0.7488867626316567
2025-04-17,-0.0006970566007282256,0.0032358942233435247,-0.00393295082407175,0.7476681143525952
2025-04-21,-0.015294836015989539,-0.050393096672549445,0.03509826065655991,0.7211411966836552
2025-04-22,-0.0058702438574241116,0.03942245684379937,-0.04529270070122349,0.7110672752624636
2025-04-23,0.018571372511046014,0.03461880590315176,-0.016047433392105744,0.7431410481777749
2025-04-24,-0.003249666610531209,0.018834587317619892,-0.0220842539281511,0.7374856150291382
2025-04-25,0.004595045750729454,0.008210529325264015,-0.0036154835745345615,0.745487812072033
2025-04-28,0.005502317120663982,0.013689874629909636,-0.008187557509245654,0.7551185108257912
2025-04-29,-0.007504678990073822,-0.0031219599363305865,-0.004382719053743236,0.741996210724938
2025-04-30,-0.012374549235384199,-0.015075057836182201,0.002700508600798003,0.7205726198686211
2025-05-01,0.008784671223112541,0.029142307791907025,-0.020357636568794482,0.7357538681586291
2025-05-02,-0.0035402965422470715,0.010547510149391943,-0.014087806691639013,0.7296196496243645
2025-05-05,0.0037496336603225857,0.002420131594963664,0.0013295020653589216,0.7361172639058597
2025-05-06,0.01080628718334005,0.01592465084075812,-0.005118363657418072,0.7549799800486559
2025-05-07,-0.02754380164662241,-0.01801011811800202,-0.009533683528620393,0.7073008067530633
2025-05-08,0.01371552448390968,0.011145172952574693,0.0025703515313349867,0.7308786544307564
2025-05-09,-0.013673556274709385,-0.019257212146107372,0.005583655871397989,0.7073724606140706
2025-05-12,-0.07073986942694656,0.034447909985365364,-0.10518777941231192,0.5907661358193825
2025-05-13,0.013796455545313025,0.02769648671909068,-0.013900031173777656,0.6128651636927016
2025-05-14,0.008529833132543478,-0.00109648547851422,0.009626318611057698,0.6266814760531996
2025-05-15,-0.020697621354605913,-0.0024129080982319712,-0.01828471325637394,0.5933590755887017
2025-05-16,-0.0014940509176540233,0.020394974955579567,-0.02188902587323359,0.5909802934529731
2025-05-19,-0.008602702146227877,0.0001683856442949985,-0.008771087790522877,0.5773522668415263
2025-05-20,0.008211212140096012,0.0025952819782956663,0.005615930161800346,0.5903575624725648
2025-05-21,-0.0011228733691051908,-0.023525663554603254,0.02240279018549806,0.5885727945400263
2025-05-22,0.012131134472688982,0.0038926982907204113,0.008238436181968567,0.6079613495393337
2025-05-23,0.002129530989695608,0.015363805572663779,-0.013234274582968171,0.61138920162662
2025-05-27,0.01949009721069152,0.018970203203429497,0.0005198940072620275,0.6431033861639419
2025-05-28,-0.0007677254428409839,-0.012474848912852634,0.011707123470011651,0.6418424179897755
2025-05-29,-0.004083839356240379,-0.004736312577721768,0.0006524732214813894,0.6351510698016958
2025-05-30,-0.005712962029148747,0.00240424984105968,-0.008117211870208427,0.6258361470629255
2025-06-02,0.20625320486256654,0.006026111657750858,0.2002270932048157,0.9982572792833055
2025-06-03,0.010939604254781573,0.01020251145764155,0.0007370927971400233,1.0202374309928062
2025-06-04,-0.0013435264263794225,-0.010683480939003388,0.009339954512623965,1.0175250111285972
2025-06-05,-0.0035350762280098895,-0.005476528090979871,0.0019414518629699818,1.0104054978476564
2025-06-06,0.002484501976735523,0.004316805826278074,-0.0018323038495425506,1.0154065642883006
2025-06-09,-0.007629303931359276,-0.019284027123133186,0.01165472319177391,1.0000889208412858
2025-06-10,-0.0037643228217247755,-0.00019716061423584886,-0.003567162207488927,0.9925740934630205
2025-06-11,0.0044219637828594935,-0.0006288718734933632,0.0050508356563528575,1.0014046938472334
2025-06-12,0.0038997518650131765,0.010814683069735855,-0.006914931204722679,1.0092249140830694
2025-06-13,0.0008975503707259339,-0.00913574393287853,0.010033294303604463,1.0110291042042117
2025-06-16,0.009128531013940514,0.001851154317189427,0.007277376696751088,1.0294708908999963
2025-06-17,0.00971008029789528,0.0033410372248186293,0.006369043073076651,1.0492732016372988
2025-06-18,0.0034246789506562994,0.00713232413619635,-0.003707645185540051,1.0563033355398557
2025-06-20,0.00016295660397771736,0.0014933416752748526,-0.0013303850712971352,1.0566384510520646
2025-06-23,-0.0055889004203813165,0.0050862080404225135,-0.01067510846080383,1.0451761641745154
2025-06-24,-0.0004917036067863157,0.0034764403039811024,-0.003968143910767418,1.0441707908711733
2025-06-25,0.0050496038899357325,-0.0070609268211274286,0.012110530711063161,1.054519149214764
2025-06-26,-0.0005649067931326458,0.005655017211211795,-0.0062199240043444405,1.0533588651477834
2025-06-27,0.005112636070169166,0.004230124621788774,0.0008825114483803922,1.0638838239627533
2025-06-30,0.0016648121137582766,0.0050393595487262036,-0.003374547434967928,1.0673226644716873
2025-07-01,0.004294567233816278,0.0006062776661876995,0.0036882895676285787,1.0762200121023486
2025-07-02,0.0052227426264425955,-0.0015809272534483935,0.006803669879890989,1.087091940791301
2025-07-03,-0.006131467784337701,0.0009399357219230591,-0.00707140350626076,1.0743341557363633
2025-07-07,0.0013218718047548986,-0.000156281482105833,0.0014781532868607316,1.0770779726580515
2025-07-08,0.008110429546268895,-0.0016236445009083617,0.009734074047177256,1.0939924664041203
2025-07-09,-0.0045997466269069075,0.00038249049483280665,-0.004982237121739714,1.0843827496942815
2025-07-10,-0.0018299370732238987,0.004216042122999905,-0.0060459791962238045,1.0805719482526723
2025-07-11,0.0017032735032247602,-0.0004241832465783947,0.002127456749803155,1.0841187510538188
2025-07-14,-0.00012325871268097782,0.001072410203047387,-0.0011956689157283647,1.0838618810905456
2025-07-15,0.008185208326852603,-0.002995115545809164,0.011180323872661768,1.1009887224726227
2025-07-16,0.004124048221842708,0.004021545997612747,0.00010250222422996096,1.1096711924342637
2025-07-17,-0.0036594487789121492,0.0008482320272900179,-0.0045076808062021675,1.101965067449791
2025-07-18,-0.015415657878585173,0.0049384451083111505,-0.020354102986896324,1.0698103727578636
2025-07-21,0.0003645587262480596,0.0017364259362512738,-0.0013718672100032142,1.070565077749718
2025-07-22,-0.006877821172509568,0.005458399521798373,-0.012336220694307943,1.0563729627791005
2025-07-23,-0.0084499325838453,-0.0032873798208281624,-0.005162552763017138,1.0390699574453799
2025-07-24,0.00041581106252998264,0.0009778487209663438,-0.0005620376584363608,1.0399180015918081
2025-07-25,-1.7536345310936193e-05,6.946810309675927e-05,-8.700444840769523e-05,1.0398822291989855
2025-07-28,0.0036808723370308455,-0.0060930894159086195,0.009773961752939465,1.0474046112379405
2025-07-29,-0.006861673831636812,0.0042663226114758495,-0.011127996443112662,1.033404077075398
2025-07-30,-0.010119890190085164,-0.00038138474167975176,-0.009738505448405411,1.0129300234230803
2025-07-31,-0.006834530655148881,0.0032433993118539616,-0.010077929967002842,0.9992194973458179
2025-08-01,0.0018387164868597975,0.003370375405780296,-0.0015316589189204991,1.0028988768276692
2025-08-04,-0.01168594796480129,0.009847138205897029,-0.021533086170698316,0.9796293329233996
2025-08-05,0.0029087348791791414,-0.0037621030573086055,0.006670837936487747,0.9853959325007753
2025-08-06,0.018653431087191925,-0.0021672959832349,0.020820727070426828,1.0227779461987945
2025-08-07,-0.003892431026374297,0.0027020199422274375,-0.006594450968601735,1.0149197262727383
2025-08-08,-0.0018532821775535512,-0.00563724387404768,0.003783961696494129,1.0111889695950875
2025-08-11,0.007055445472418702,0.0034458984356768984,0.0036095470367418035,1.0254289794398481
2025-08-12,-0.008780449030621142,0.0014997277203960316,-0.010280176751017172,1.0077226520309264
2025-08-13,0.0031031573340655084,0.0033967253084270085,-0.0002935679743615001,1.013962608078684
2025-08-14,0.003276577382640511,-0.003472264157923012,0.006748841540563522,1.0205723351374125
2025-08-15,0.008746988093084503,-0.004181115785434647,0.01292810387851915,1.0383237799524774
2025-08-18,-0.0004330511975365371,-0.0021368553915143158,0.0017038041939777785,1.0374412724978481
2025-08-19,0.0011467786962234547,0.008540531192361804,-0.007393752496138348,1.0397791069771358
2025-08-20,-0.0007739517501411633,-0.0002855801291101036,-0.00048837162103106,1.0382010271249937
2025-08-21,0.0015755458665278454,-0.007991649927809971,0.009567195794337817,1.041414837416378
2025-08-22,0.0006341361224450354,0.006283381789509353,-0.005649245667064318,1.0427097828481222
2025-08-25,0.0005075229569392106,-0.007780827660199251,0.008288350617138462,1.0437467680819292
2025-08-26,-0.002320738007682543,0.0017727415892435884,-0.0040934795969261315,1.0390092666552535
2025-08-27,-0.0002004009484757206,0.0023126199399050476,-0.0025130208883807686,1.0386006882053866
2025-08-28,4.924098828152745e-05,-0.006076022325966875,0.006125263314248402,1.0387010733894981
2025-08-29,0.0021528375034445997,0.0013240464502821188,0.0008287910531624811,1.043094793304142
2025-09-02,0.002229761256619515,-0.0013917828755983916,0.0036215441322179067,1.0476554896602859
2025-09-03,-0.001494148105487956,-6.69808839145968e-05,-0.0014271672215733593,1.0445982736252555
2025-09-04,0.004183086562285448,0.0034562995062132817,0.0007267870560721662,1.0531689185661932
2025-09-05,0.00025404087802505184,-0.0012282797823855028,0.0014823206604105544,1.0536905736590527
2025-09-08,0.006752828064943167,-0.002819980664687083,0.00957280872963025,1.0676057234301926
2025-09-09,-0.009270258615284143,0.00021077906351903565,-0.009481037678803178,1.0485270523980268
2025-09-10,-0.009391828307689528,0.002868042380927577,-0.012259870688617107,1.0293777024992639
2025-09-11,0.00046298521874095933,0.004358169270640204,-0.0038951840518992448,1.0303174919162807
2025-09-12,-6.481402796165974e-05,0.0015912774746074543,-0.0016560915025691145,1.0301859031260343
2025-09-15,-0.0019436018889635556,-0.0007146762773560162,-0.0012289256116075392,1.026243862089924
2025-09-16,0.0043410686662344895,-0.00680421997924527,0.01114528864547976,1.035059045644935
2025-09-17,-0.0018966229736684824,0.0005407365184294115,-0.0024373594920978937,1.0312029638287914
2025-09-18,-0.0007205910733349743,-0.0011856670881849455,0.0004650760148499712,1.0297398243308669
2025-09-19,0.0013194405805033315,0.0023784493976852245,-0.001059008817181893,1.0324197130111004
2025-09-22,0.0009071805803045254,0.0010006999018065993,-9.351932150207434e-05,1.0342643212756641
2025-09-23,0.00635362310839644,0.006013499626230049,0.0003401234821663918,1.0472304173010878
2025-09-24,-0.003942888193980313,0.0012529208742271072,-0.00519580906820742,1.0391743092619241
2025-09-25,0.0037464033620711575,-0.0024244663514729797,0.006170869713544137,1.0468282070920614
2025-09-26,-0.007420213041068626,0.0056742481564338015,-0.013094461197502426,1.0316965153537834
2025-09-29,0.004899405903903241,0.004682602584039982,0.0002168033198632585,1.041675045730841
2025-09-30,-0.0004902241615358787,0.0006879620902426823,-0.001178186251778561,1.040674412580732
2025-10-01,-0.0041687321390671255,-0.001148670312436101,-0.0030200618266310246,1.0321850947119295
2025-10-02,0.005877003931543585,2.4088965990167323e-06,0.005874595034944568,1.0441634183539792
2025-10-03,0.001075766257412771,0.006996053185736733,-0.005920286928323962,1.046363643635952
2025-10-06,0.0035156837629949315,0.00798742385507375,-0.0044717400920788195,1.0535706724649256
2025-10-07,-0.0061164379123034365,-0.00314089620710881,-0.002975541705194627,1.0410484696251552
2025-10-08,-0.00129951620918816,0.0002690501419084874,-0.0015685663510966476,1.0383978167113743
2025-10-09,0.0019735782727002284,-0.004838508303024548,0.006812086575724777,1.0424247267575706
2025-10-10,0.0032038520544900397,0.0010050126461441573,0.0021988394083458825,1.048978847024053
2025-10-13,-0.0012384590263954116,0.0004134082284655265,-0.001651867254860938,1.0464428413697493
2025-10-14,-0.006926214369145523,0.003974570102003191,-0.010900784471148714,1.0323177128582852
2025-10-15,-0.0015193959018947414,0.0050972408121418645,-0.006616636714036606,1.0292321623340301
2025-10-16,0.0009883700207275665,-0.0038868098537139604,0.0048751798744415265,1.0312387860483865
2025-10-17,-0.00040557837629247095,5.159165613460181e-05,-0.00045717003242707265,1.0304151265602082
2025-10-20,-0.00148527794063659,0.00419537195946702,-0.005680649900103611,1.0274016342532106
2025-10-21,-0.002533052591765849,-0.003827348849822004,0.001294296258056155,1.0222726180653545
2025-10-22,0.0009417896960890497,0.0014036661872709128,-0.0004618764911818628,1.024178070706724
2025-10-23,0.002012555392119973,-0.004126118039230401,0.006138673431350374,1.0282559432933565
2025-10-24,-0.0008782588936934311,0.0012030530731017538,-0.0020813119667951853,1.0264753914796563
2025-10-27,0.003996943171447943,0.003068629625530418,0.0009283135459175246,1.034591307079772
2025-10-28,0.0009218335114300458,-0.007366278453704323,0.008288111965134369,1.0364677262688695
2025-10-29,0.0033642052762474584,-0.003337503361071782,0.0067017086373192414,1.04333035891844
2025-10-30,-0.0038377347096077447,0.0015873462567693162,-0.0054250809663770605,1.035503627143064
2025-10-31,-0.0007783331205634797,-0.0039813655447374615,0.0032030324241739813,1.033919943649639
2025-11-03,0.004276871050627773,0.0013441220237768669,0.002932749026850906,1.0426373853749928
2025-11-04,0.007953660969444807,0.0027717024892894085,0.0051819584801553985,1.0589486116152949
2025-11-05,-0.007303548114965896,-0.00046131768166817345,-0.006842230433297723,1.0439657619468203
2025-11-06,0.004620490498109421,-0.000855540126785395,0.005476030624894818,1.0534317382143552
2025-11-07,0.00366799582627438,0.011734208605262359,-0.008066212778987978,1.060977547798465
2025-11-10,-0.002598815077156268,-0.0010017609550877294,-0.001597054122068539,1.0556284020045412
2025-11-11,0.0051597302926301245,0.0019425807459539403,0.0032171495466761842,1.0662623005730243
2025-11-12,-0.007163625420628071,-0.0007724494031213379,-0.006391176017506733,1.0515132627955572
2025-11-13,0.006456289625052321,-0.004647572454191397,0.011103862079243718,1.0648012760631627
2025-11-14,0.0024480863241639807,0.002362819789544025,8.52665346199558e-05,1.0698622801890996
2025-11-17,0.005444604512123681,0.004622737919413928,0.0008218665927097535,1.081162596661048
2025-11-18,-0.004036097727080263,-0.0038976414548869626,-0.0001384562721932997,1.0727797494101194
2025-11-19,-0.0009316814238938486,-0.007543600335467643,0.0066119189115737935,1.0708494783602385
2025-11-20,0.0063232786916905415,0.0011330275222119883,0.005190251169478554,1.0839855244113807
2025-11-21,0.004900601695020256,0.0029486261853070204,0.0019519755097132353,1.0942233727238548
2025-11-24,-0.010091820209819146,0.004043154694290546,-0.014134974904109691,1.0731951320470832
2025-11-25,0.005443114575316684,-0.0011662181615554757,0.006609332736872159,1.084510538276842
2025-11-26,-0.004225470252224322,0.0077523434728883865,-0.011977813725112708,1.0757210838736402
2025-11-28,-6.97960158765568e-05,0.0033471153804636635,-0.00341691139634022,1.0755762118677183
2025-12-01,0.006652029892153316,-0.015054386416187955,0.021706416308341272,1.0894290304725738
2025-12-02,0.00518147150325995,-0.007507052246153011,0.012688523749412962,1.100283444084849
2025-12-03,0.0017448485837192362,0.001658063328288134,8.678525543110186e-05,1.1039513196908781
2025-12-04,-0.004112791321642254,-0.0017132388419903873,-0.0023995524796518665,1.095315976815983
2025-12-05,0.009072414437752724,-0.003269233586316426,0.01234164802406915,1.1144120444748
2025-12-08,0.007287308202907241,-0.0031187862654190597,0.010406094468326299,1.1298766961149163
2025-12-09,-0.0011693905878201634,0.0004972346658204385,-0.001666625253640602,1.1273874940616482
2025-12-10,0.0004622355212725557,-0.0007674896752115875,0.001229725196484143,1.1283710754345257
2025-12-11,-0.0070334930141100135,-0.0012243904386563722,-0.005809102575453641,1.113453714418072
2025-12-12,0.002781285688853704,-0.0007332532798943739,0.003514538968748078,1.1193400149352515
2025-12-15,0.0008374608592476334,0.005947981622034545,-0.005110520762786912,1.1211156226424
2025-12-16,-0.0011881873246496746,-0.0050692375128833945,0.0038810501882337194,1.1185968366365953
2025-12-17,0.009292306409543784,-0.00014972309479363826,0.00944202950433742,1.138375238770505
2025-12-18,-0.010202539146514556,0.0011369138926852712,-0.011339453039199827,1.1166692978269936
2025-12-19,0.005254380893548065,-0.004377589378572579,0.009631970272120642,1.1278203548385726
2025-12-22,-0.004150730221279463,0.0024484724018386385,-0.006599202623118102,1.1190066508939025
2025-12-23,0.0003294783550146297,0.0007522831594371991,-0.0004228048044225696,1.119704932747565
2025-12-24,-0.0006445290317153077,0.0024400753811931724,-0.00308460441290848,1.1183391615666083
2025-12-26,0.00038790472416891017,-0.00027545131645030163,0.0006633560406192118,1.1191610347287075
2025-12-29,-0.002255602254836178,0.0018916643076235427,-0.0041472665624597204,1.1143864371412806
2025-12-30,-0.0010087031833878046,0.0015668648640728223,-0.002575568047460627,1.1122547241248255
2025-12-31,0.0001265898702044765,-0.004773174700781918,0.0048997645709863945,1.1125221311013416
