Date,strategy,long_book,short_book,cum_strategy
2018-01-03,0.0,0.0,0.0,0.0
2018-01-04,0.0,0.0,0.0,0.0
2018-01-05,0.0,0.0,0.0,0.0
2018-01-08,0.0,0.0,0.0,0.0
2018-01-09,0.0,0.0,0.0,0.0
2018-01-10,0.0,0.0,0.0,0.0
2018-01-11,0.0,0.0,0.0,0.0
2018-01-12,0.0,0.0,0.0,0.0
2018-01-16,0.0,0.0,0.0,0.0
2018-01-17,0.0,0.0,0.0,0.0
2018-01-18,0.0,0.0,0.0,0.0
2018-01-19,0.0,0.0,0.0,0.0
2018-01-22,0.0,0.0,0.0,0.0
2018-01-23,0.0,0.0,0.0,0.0
2018-01-24,0.0,0.0,0.0,0.0
2018-01-25,0.0,0.0,0.0,0.0
2018-01-26,0.0,0.0,0.0,0.0
2018-01-29,0.0,0.0,0.0,0.0
2018-01-30,0.0,0.0,0.0,0.0
2018-01-31,0.0,0.0,0.0,0.0
2018-02-01,0.0,0.0,0.0,0.0
2018-02-02,0.0,0.0,0.0,0.0
2018-02-05,0.0,0.0,0.0,0.0
2018-02-06,0.0,0.0,0.0,0.0
2018-02-07,0.0,0.0,0.0,0.0
2018-02-08,0.0,0.0,0.0,0.0
2018-02-09,0.0,0.0,0.0,0.0
2018-02-12,0.0,0.0,0.0,0.0
2018-02-13,0.0,0.0,0.0,0.0
2018-02-14,0.0,0.0,0.0,0.0
2018-02-15,0.0,0.0,0.0,0.0
2018-02-16,0.0,0.0,0.0,0.0
2018-02-20,0.0,0.0,0.0,0.0
2018-02-21,0.0,0.0,0.0,0.0
2018-02-22,0.0,0.0,0.0,0.0
2018-02-23,0.0,0.0,0.0,0.0
2018-02-26,0.0,0.0,0.0,0.0
2018-02-27,0.0,0.0,0.0,0.0
2018-02-28,0.0,0.0,0.0,0.0
2018-03-01,0.0,0.0,0.0,0.0
2018-03-02,0.0,0.0,0.0,0.0
2018-03-05,0.0,0.0,0.0,0.0
2018-03-06,0.0,0.0,0.0,0.0
2018-03-07,0.0,0.0,0.0,0.0
2018-03-08,0.0,0.0,0.0,0.0
2018-03-09,0.0,0.0,0.0,0.0
2018-03-12,0.0,0.0,0.0,0.0
2018-03-13,0.0,0.0,0.0,0.0
2018-03-14,0.0,0.0,0.0,0.0
2018-03-15,0.0,0.0,0.0,0.0
2018-03-16,0.0,0.0,0.0,0.0
2018-03-19,0.0,0.0,0.0,0.0
2018-03-20,0.0,0.0,0.0,0.0
2018-03-21,0.0,0.0,0.0,0.0
2018-03-22,0.0,0.0,0.0,0.0
2018-03-23,0.0,0.0,0.0,0.0
2018-03-26,0.0,0.0,0.0,0.0
2018-03-27,0.0,0.0,0.0,0.0
2018-03-28,0.0,0.0,0.0,0.0
2018-03-29,0.0,0.0,0.0,0.0
2018-04-02,0.0,0.0,0.0,0.0
2018-04-03,0.0,0.0,0.0,0.0
2018-04-04,0.0,0.0,0.0,0.0
2018-04-05,0.0,0.0,0.0,0.0
2018-04-06,0.0,0.0,0.0,0.0
2018-04-09,0.0,0.0,0.0,0.0
2018-04-10,0.0,0.0,0.0,0.0
2018-04-11,0.0,0.0,0.0,0.0
2018-04-12,0.0,0.0,0.0,0.0
2018-04-13,0.0,0.0,0.0,0.0
2018-04-16,0.0,0.0,0.0,0.0
2018-04-17,0.0,0.0,0.0,0.0
2018-04-18,0.0,0.0,0.0,0.0
2018-04-19,0.0,0.0,0.0,0.0
2018-04-20,0.0,0.0,0.0,0.0
2018-04-23,0.0,0.0,0.0,0.0
2018-04-24,0.0,0.0,0.0,0.0
2018-04-25,0.0,0.0,0.0,0.0
2018-04-26,0.0,0.0,0.0,0.0
2018-04-27,0.0,0.0,0.0,0.0
2018-04-30,0.007682563555311528,0.0,0.007682563555311528,0.007712150165173792
2018-05-01,0.005677436266800606,0.0,0.005677436266800606,0.013449643387556165
2018-05-02,0.002780970436088848,0.0,0.002780970436088848,0.01627193942628291
2018-05-03,-0.029771765062231045,0.0,-0.029771765062231045,-0.013538316183091759
2018-05-04,-0.014471526732990615,0.0,-0.014471526732990615,-0.02771112438089307
2018-05-07,-0.01274901410586409,0.0,-0.01274901410586409,-0.040028167064495745
2018-05-08,0.0038200674225973698,0.0,0.0038200674225973698,-0.03635399661754346
2018-05-09,-0.004843720273696426,0.0,-0.004843720273696426,-0.0410103421793111
2018-05-10,-0.006241844603227047,0.0,-0.006241844603227047,-0.046977563990024174
2018-05-11,-0.0035935378729174423,0.0,-0.0035935378729174423,-0.05039614013731908
2018-05-14,0.001865518584395683,0.0,0.001865518584395683,-0.04862298307444357
2018-05-15,0.015030908169426205,0.0,0.015030908169426205,-0.03421491055587356
2018-05-16,0.0,0.0,0.0,-0.03421491055587356
2018-05-17,0.0029717997755901024,0.0,0.0029717997755901024,-0.03134052170517709
2018-05-18,-0.0023786933978058485,0.0,-0.0023786933978058485,-0.03364192735655713
2018-05-21,0.0031243682912962404,0.0,0.0031243682912962404,-0.030617947282549407
2018-05-22,0.0007468577578868917,0.0,0.0007468577578868917,-0.0298936863498388
2018-05-23,0.004504691868432751,0.0,0.004504691868432751,-0.025513798711587654
2018-05-24,-0.01894296947755021,0.0,-0.01894296947755021,-0.04379971945883676
2018-05-25,0.006578020457283454,0.0,0.006578020457283454,-0.037489081454509465
2018-05-29,0.003840585656016248,0.0,0.003840585656016248,-0.033785368165428764
2018-05-30,-0.010128132256477943,0.0,-0.010128132256477943,-0.04352192793181908
2018-05-31,0.0026224270476508586,0.0,0.0026224270476508586,-0.04101034217931121
2018-06-01,0.00469637956771405,0.0,0.00469637956771405,-0.036495970440480474
2018-06-04,0.0008855161079389995,0.0,0.0008855161079389995,-0.035642394230276486
2018-06-05,0.0029627890469405946,0.0,0.0029627890469405946,-0.032780969272466653
2018-06-06,-0.004290475798289184,0.0,-0.004290475798289184,-0.03692190946135321
2018-06-07,0.006524379060408162,0.0,0.006524379060408162,-0.030617880358392968
2018-06-08,0.00525134105461695,0.0,0.00525134105461695,-0.025513934685290174
2018-06-11,0.007445884899088421,0.0,0.007445884899088421,-0.018230943096766206
2018-06-12,-0.012846532765331419,0.0,-0.012846532765331419,-0.03076260490747451
2018-06-13,-0.006964059526193391,0.0,-0.006964059526193391,-0.037488983187835445
2018-06-14,0.006964059526193319,0.0,0.006964059526193319,-0.030762604907474622
2018-06-15,0.001943539499245427,0.0,0.001943539499245427,-0.028877021987065654
2018-06-18,0.006027707063150892,0.0,0.006027707063150892,-0.02300569962468102
2018-06-19,0.015708192862039772,0.0,0.015708192862039772,-0.007537715747970575
2018-06-20,0.0017239063606489578,0.0,0.0017239063606489578,-0.005825328129571039
2018-06-21,-0.0004706471198762111,0.0,-0.0004706471198762111,-0.0062931234836376415
2018-06-22,0.013673231105530384,0.0,0.013673231105530384,0.007387375463624668
2018-06-25,-0.0006443945336992168,0.0,-0.0006443945336992168,0.006738429656579559
2018-06-26,-0.004327530586833675,0.0,-0.004327530586833675,0.0023911515831922525
2018-06-27,0.006424809754845017,0.0,0.006424809754845017,0.00885205685113033
2018-06-28,0.003568977547298811,0.0,0.003568977547298811,0.012459060018523926
2018-06-29,0.003875345923203689,0.0018191322330079608,0.002056213690195728,0.016390301649743755
2018-07-02,0.0005777632406648943,0.00412853980289234,-0.0035507765622274454,0.016977704277688188
2018-07-03,-0.008410348764224489,-0.007478029892207505,-0.0009323188720169848,0.008460433911389398
2018-07-05,-0.0028065735640703396,8.866204726830449e-05,-0.002895235611338644,0.005634083552491953
2018-07-06,-0.00019487737082595164,0.0031276886251281055,-0.003322565995954057,0.005438127320614106
2018-07-09,0.006566566988467017,-0.007847247305590083,0.0144138142940571,0.01206212880905766
2018-07-10,-0.0042003860032126085,0.0007265330963909544,-0.0049269190996035625,0.007819992750373261
2018-07-11,0.0018084485383181048,0.0037248637512222443,-0.0019164152129041395,0.009644232367705952
2018-07-12,-0.001004125347201042,0.0033694605146127737,-0.004373585861813816,0.008630931827848354
2018-07-13,0.0001013210564803958,0.0012963770275852102,-0.0011950559711048144,0.008733132556915324
2018-07-16,-0.00231321570188098,0.0018943474234006889,-0.004207563125281669,0.0064024120046668465
2018-07-17,-0.0032340119349168433,-0.0009185472323016733,-0.00231546470261517,0.0031529518215513974
2018-07-18,0.0014132063115729241,-0.001359336997548007,0.002772543309120931,0.0045716161010882495
2018-07-19,-0.0027228408427843786,0.0011229611656949244,-0.0038458020084793025,0.0018400479755171784
2018-07-20,0.0016201594524671524,-0.0024562878874635273,0.0040764473399306795,0.003464504182806083
2018-07-23,0.0006288618205383388,-0.005132390242113502,0.00576125206265184,0.004095743157994658
2018-07-24,0.0012464546422102725,-0.0024099525385545746,0.003656407180764847,0.0053480832887209395
2018-07-25,-0.001213044169766687,0.0007393166278061385,-0.0019523607975728255,0.004129291031574223
2018-07-26,0.0010117557355284468,0.006138729050261379,-0.005126973314732932,0.005145738712666104
2018-07-27,0.0007271726802513732,-0.0013095437002068498,0.002036716380458223,0.005876919048491747
2018-07-30,-0.00045982593384526216,-0.0038616769578530717,0.0034018510240078096,0.005414497079811564
2018-07-31,0.0002770512212284296,0.006909243471503929,-0.006632192250275499,0.005693086984122964
2018-08-01,-0.006600214866075697,-0.011556546695818699,0.004956331829743001,-0.0009228461717315506
2018-08-02,-0.0008205389666136194,0.0002669575435133649,-0.0010874965101269844,-0.001742291667644169
2018-08-03,-0.004079371661553297,0.0022172980276311104,-0.006296669689184408,-0.005806261017442416
2018-08-06,-0.0016577209744189263,0.00044070191325919054,-0.0020984228876781167,-0.007452991544216414
2018-08-07,-0.002233317584172223,-0.0004844989085700552,-0.0017488186756021678,-0.009667190805930481
2018-08-08,0.009797273623390416,0.011522697157064271,-0.0017254235336738553,8.305562913979436e-05
2018-08-09,-9.180370143274143e-05,0.002727606328870835,-0.0028194100303035765,-8.751482926450116e-06
2018-08-10,0.0038662319484630827,-0.0009954852650865187,0.004861717213549601,0.003864930080749618
2018-08-13,0.008245566159741211,0.001294979046327721,0.00695058711341349,0.012176584834805437
2018-08-14,-0.004004493565818464,-0.0002529218931870974,-0.0037515716726313664,0.008131435007247445
2018-08-15,0.0045672204601049215,0.0035685790560444144,0.0009986414040605075,0.012746324109630836
2018-08-16,-0.004136055142065255,0.005232797067583478,-0.009368852209648733,0.008566200039114458
2018-08-17,-0.0013344059161581909,0.0013990297867099168,-0.0027334357028681077,0.007221260881900227
2018-08-20,-0.002679482955501902,-0.0013699793396128894,-0.0013095036158890126,0.0045260411911156595
2018-08-21,-0.0005095514266535454,-0.004250675396908449,0.003741123970254903,0.004014313900473798
2018-08-22,-0.0037300580752993757,-0.004592897516681531,0.0008628394413821552,0.0002762581178390455
2018-08-23,0.0035881572904101983,0.0017796790411551931,0.0018084782492550052,0.0038718535891453243
2018-08-24,-0.002010782810755057,0.0026815779476043683,-0.004692360758359425,0.0018553134133563187
2018-08-27,-0.0014802350499124668,-0.0030582079245054577,0.0015779728745929909,0.00037342910262827544
2018-08-28,0.000594813928955191,0.0005396775194232034,5.5136409531987595e-05,0.0009686421553734004
2018-08-29,0.0019720420141095805,0.004207383628569844,-0.002235341614460264,0.002944542010927531
2018-08-30,-0.003510371717543758,-0.00026531638851964916,-0.003245055329024109,-0.0005699938708828567
2018-08-31,-0.001954345650673226,-6.576998990071968e-05,-0.0018885756607725063,-0.002521318154365515
2018-09-04,-0.00020919063974702981,0.00207196363536356,-0.00228115427511059,-0.0027299595342821226
2018-09-05,0.002480149074904291,0.00326238362518474,-0.0007822345502804485,-0.00025351145519980633
2018-09-06,0.0027302631448065254,0.0009086425606279294,0.0018216205841785958,0.0024797891536700867
2018-09-07,4.500977792956705e-05,-0.0034714242971423575,0.0035164340750719245,0.002524911561825993
2018-09-10,-0.0011433083396248612,0.004375197210840431,-0.005518505550465292,0.0013793714473220309
2018-09-11,0.004045190453724114,0.004104867487249705,-5.967703352559024e-05,0.005438345848567172
2018-09-12,-0.0050015382603413715,-0.003135636156598352,-0.0018659021037430194,0.00042216226725177997
2018-09-13,-0.0003014902199760547,0.002392770171238714,-0.0026942603912147685,0.00012059023227495302
2018-09-14,0.0011219554872767346,0.00013786343529756682,0.0009840920519791677,0.0012433107198583926
2018-09-17,0.0017606604087152598,8.974338337631007e-05,0.0016709170253389498,0.003007712977340926
2018-09-18,-0.0029034937176874043,-0.0022028167104494187,-0.0007006770072379856,9.97101108846099e-05
2018-09-19,-0.006460285299500856,-0.012173526073782623,0.005713240774281767,-0.006340394489556034
2018-09-20,-0.0011812766066185978,0.001042753601925114,-0.002224030208543712,-0.00751348832592158
2018-09-21,-0.0026227559452369153,0.0011078935641622401,-0.0037306495093991556,-0.010113127625058227
2018-09-24,-0.0004487304403173122,-0.0032177598009746427,0.0027690293606573305,-0.010557220350749352
2018-09-25,-2.7248352869672834e-05,-0.005176047132600281,0.005148798779730608,-0.01058418066943978
2018-09-26,-0.0044747171509410405,-0.006613432333669331,0.00213871518272829,-0.015001645781220319
2018-09-27,-0.0013222653189558721,0.005787614282847691,-0.007109879601803563,-0.016303214245175446
2018-09-28,-0.0022445695466489076,0.006941405061551866,-0.009185974608200774,-0.018508713968900414
2018-10-01,-0.0026772406055205313,-0.0013362855142299611,-0.0013409550912905697,-0.021132887953830504
2018-10-02,0.0007240443673597395,0.005159507484541363,-0.004435463117181623,-0.020423888092255482
2018-10-03,-0.003999254439579759,-0.009504312359843501,0.005505057920263743,-0.024333638951411607
2018-10-04,0.001881054000782365,0.00254704381982201,-0.000665989819039645,-0.022496630625268743
2018-10-05,0.0025949019427257154,0.0095202704605854,-0.006925368517859686,-0.019956811367253247
2018-10-08,0.0016634994334145253,0.0038813294500424232,-0.0022178300166278975,-0.018325153323389576
2018-10-09,0.0026949391730820074,0.002835678507033779,-0.0001407393339517717,-0.015676031315829397
2018-10-10,0.0018463886089219266,-0.003597197630755888,0.005443586239677814,-0.013856907864958634
2018-10-11,-0.002004701370464459,-0.011570619701904853,0.009565918331440394,-0.01583185002719356
2018-10-12,-0.0013061103388026364,0.0005907792711865884,-0.0018968896099892248,-0.01711644313020866
2018-10-15,0.0019905444798482505,0.0022715267851931894,-0.00028098230534493915,-0.015158021175391334
2018-10-16,-0.002319248367543584,0.0045222726017390144,-0.006841520969282599,-0.017439467683881715
2018-10-17,0.00331932329171595,-0.0005703180282014849,0.0038896413199174347,-0.014172612749097646
2018-10-18,0.005972519881305613,0.0017263955967286913,0.0042461242845769215,-0.008267121301217317
2018-10-19,0.004763687627097717,0.009205285250481574,-0.004441597623383858,-0.0035315452102130385
2018-10-22,-0.0012699801648232015,-0.0030876842662599406,0.0018177041014367393,-0.004796237145851867
2018-10-23,0.0031148883154050516,-0.0018296737598344985,0.00494456207523955,-0.0016914555599008008
2018-10-24,0.004612744276040451,0.008218380850109461,-0.003605636574069009,0.0029241235232246865
2018-10-25,-0.0039519590023597805,-0.009042812654165696,0.005090853651805916,-0.0010315699778186138
2018-10-26,-0.0051656356523341156,-0.010616452861509841,0.005450817209175727,-0.006178571702569635
2018-10-29,0.003822797292260113,0.005737293690841633,-0.0019144963985815193,-0.0023721228318152043
2018-10-30,-0.002595124655505139,0.000916604948684369,-0.003511729604189508,-0.004957735088710891
2018-10-31,-0.007443313230317563,-0.006936868328605695,-0.0005064449017118675,-0.012336650486794443
2018-11-01,-0.00585356800752175,-0.0028372946277435526,-0.0030162733797781966,-0.018101117262967037
2018-11-02,-0.009126341230821426,-0.0033269689002658337,-0.005799372330555593,-0.027021494403299817
2018-11-05,0.0010531478041801866,0.007509090458925009,-0.006455942654744823,-0.02599626446204406
2018-11-06,0.009175982104735542,0.006569907198089564,0.0026060749066459804,-0.017017693007850054
2018-11-07,0.004164772653083606,0.007087884058526376,-0.0029231114054427704,-0.012915258253024198
2018-11-08,-0.001101537962157395,-0.002314885498248541,0.0012133475360911463,-0.014001970930407337
2018-11-09,0.0025948628010362606,0.006693698057905992,-0.004098835256869732,-0.011440118933133903
2018-11-12,0.0007924179361834857,0.007887554727957116,-0.0070951367917736295,-0.010656455899069939
2018-11-13,0.0027502703946553774,0.002073063386262995,0.0006772070083923825,-0.007931748516031734
2018-11-14,-0.003181640073240568,-0.0059058003742464595,0.0027241603010058906,-0.011083136670509086
2018-11-15,0.010249639140847842,0.0036479334140726693,0.006601705726775172,-0.0008949723703548518
2018-11-16,-0.0018631555292822663,0.0017316640652502422,-0.0035948195945325083,-0.0027547273825115903
2018-11-19,0.0017090633838829465,0.003153452647332411,-0.0014443892634494649,-0.0010489147465814197
2018-11-20,0.0077610647029156335,-0.0019138154138801597,0.009674880116795792,0.0067341727165635135
2018-11-21,-0.009735149402417514,-0.010782760006457021,0.0010476106040395055,-0.0030189836183410756
2018-11-23,-0.0015991172171458544,-0.00017735909509609743,-0.0014217581220497568,-0.004611999078111717
2018-11-26,0.000717347273565333,0.004040421444466048,-0.0033230741709007142,-0.00389770404134282
2018-11-27,0.003944309121666831,0.003343951458351305,0.0006003576633155259,3.898999603779707e-05
2018-11-28,-0.007487922468429814,-0.0034946846336131763,-0.003993237834816639,-0.007421258687244525
2018-11-29,0.0007116768233286282,-0.002362444323394274,0.003074121146722902,-0.006714611979506957
2018-11-30,0.005177607072043301,0.007716496729457014,-0.002538889657413713,-0.001558433716145835
2018-12-03,-0.0002820964769445701,0.001403524835502506,-0.001685621312447076,-0.0018400508409626148
2018-12-04,0.0017150725907092595,0.00042094461802086883,0.0012941279726883907,-0.0001266652006315372
2018-12-06,0.0008543560030683739,0.0006588137923724206,0.00019554221069595338,0.0007279476050692235
2018-12-07,-0.0009324264984687763,0.0018396385162776589,-0.002772065014746435,-0.0002047227601812418
2018-12-10,0.00241812030155563,0.0014484824743741496,0.0009696378271814804,0.0022158279089938837
2018-12-11,0.008132763609217398,0.011894902014671915,-0.003762138405454518,0.010399846558528436
2018-12-12,-0.007358292607009054,-0.004287073457534415,-0.00307121914947464,0.002992315650471644
2018-12-13,0.0006754647769044925,0.00438150304064544,-0.003706038263740948,0.0036700304916839066
2018-12-14,0.0012532274169087725,-0.00018943232516007813,0.0014426597420688506,0.004928645792297237
2018-12-17,-0.01140647744643156,-0.01820229799749459,0.00679582055106303,-0.0064689235069088635
2018-12-18,0.009774032801520996,-0.0014750710628259759,0.01124910386434697,0.0032894936825096366
2018-12-19,-0.0012747628746644722,-0.0008917689049854465,-0.00038299396967902575,0.0020113523200848693
2018-12-20,0.005729516124877688,0.0034074324813109995,0.0023220836435666886,0.007768870667285155
2018-12-21,0.0015538701882065926,-0.003357648442595304,0.004911518630801897,0.009336029937725643
2018-12-24,-0.01301492898481462,-0.021172769939685192,0.008157840954870573,-0.0037152915744158577
2018-12-26,-0.0007344595297543726,0.008065331630167753,-0.008799791159922125,-0.00444675372531278
2018-12-27,0.003460569775522236,0.005639597427699601,-0.0021790276521773655,-0.0009956042236185514
2018-12-28,0.0006952664488536317,0.00036476272288385957,0.0003305037259697721,-0.00030078847192704927
2018-12-31,-0.006378709254874553,-0.002949244882562857,-0.0034294643723116955,-0.006657284412142528
2019-01-02,-0.0073503709173509246,-0.010421721414823611,0.003071350497472686,-0.01393195330948771
2019-01-03,0.00020005012417775782,-0.0010282864698974437,0.0012283365940752016,-0.013734670541736382
2019-01-04,-0.002729262100931518,0.008643232341830051,-0.011372494442761569,-0.016422777184484705
2019-01-07,-0.0019783327268042936,0.0013918704184590043,-0.003370203145263297,-0.018366696699912644
2019-01-08,0.0012260575870089267,0.006591962825534137,-0.005365905238525211,-0.01716241963508236
2019-01-09,0.002351695699985128,-0.0022743487056993087,0.004626044405684437,-0.014848364813652482
2019-01-10,-0.003040026053894516,0.007368594569117534,-0.01040862062301205,-0.017838703794451183
2019-01-11,0.0003506604351091033,-0.0019305743991409508,0.002281234834250054,-0.017494238295295172
2019-01-14,0.0009020525799736741,-0.006155763574513077,0.0070578161544867495,-0.016607566585982614
2019-01-15,0.0005400511342269075,0.006591869853355089,-0.006051818719128182,-0.016076340955336277
2019-01-16,0.00034732338621520616,0.0038964470720783233,-0.003549123685863117,-0.015734541904333765
2019-01-17,-0.0015528917019059347,0.0028392108073897722,-0.0043921025092957065,-0.01726181341614008
2019-01-18,0.0060060074194205,0.0018296337492851628,0.004176373670135337,-0.011341720310462322
2019-01-22,-0.004098137524172046,-0.0009377596632676996,-0.0031603778609043467,-0.01538508710950326
2019-01-23,7.065626816403839e-05,0.0074375396278117505,-0.007366883359647712,-0.015315515436371219
2019-01-24,0.0014259562387099979,0.002735550373113887,-0.0013095941344038891,-0.013910396871746777
2019-01-25,0.0005083081419898167,-0.0047379020795373875,0.005246210221527205,-0.013409032084638506
2019-01-28,0.0029661739851329612,-0.0008074612270068844,0.0037736352121398456,-0.010478287220824889
2019-01-29,-0.001988955721489166,-0.00019605198665000392,-0.001792903734839162,-0.012444446143307641
2019-01-30,-0.0019105302857632444,0.0023159907254177814,-0.004226521011181026,-0.0143293997340036
2019-01-31,-0.0019375039780101244,0.008200665192730237,-0.010138169170740362,-0.016237291572173906
2019-02-01,0.0020929794071694228,-0.00014329910524599757,0.0022362785124154204,-0.014176140260685144
2019-02-04,0.0021610586615142557,0.003280757151476823,-0.0011196984899625672,-0.012043413425985805
2019-02-05,0.0016241241996466458,-6.39591111350141e-05,0.0016880833107816601,-0.010437545514055846
2019-02-06,0.00010235661364085293,0.0003999615930362651,-0.000297604979395412,-0.01033625206828992
2019-02-07,-0.0013548743731556308,0.006028566127604622,-0.0073834405007602525,-0.011676214173266253
2019-02-08,-5.105241055041181e-05,0.002628233696119255,-0.0026792861066696665,-0.011726669197000716
2019-02-11,-0.0008684119349409165,-0.00010474570580191144,-0.000763666229139005,-0.012584525012427683
2019-02-12,-0.00016868325852073058,0.0013863651877604967,-0.0015550484462812273,-0.012751071425071703
2019-02-13,-0.0005492673272264213,-0.001479979160172048,0.0009307118329456266,-0.013293186108806032
2019-02-14,-0.0010441578741676714,-0.0013964928213930495,0.00035233494722537815,-0.014322926098908506
2019-02-15,0.00032050531032708153,0.0018110857673615103,-0.0014905804570344288,-0.014006960730871043
2019-02-19,-0.0005461674764282302,0.002033956144952089,-0.002580123621380319,-0.014545331027348452
2019-02-20,0.001063353559388928,0.0020654191295403804,-0.0010020655701514529,-0.013496886962907517
2019-02-21,-0.0008517605478494991,0.003983095404553021,-0.0048348559524025204,-0.014336793644456614
2019-02-22,0.0005253352197806421,0.003889094604821783,-0.003363759385041141,-0.01381885401326266
2019-02-25,0.0027925134602532543,-0.0016856563614064935,0.004478169821659748,-0.011061081122009875
2019-02-26,-0.0028562672702667586,-0.0035249824567224093,0.0006687151864556511,-0.01388172481453498
2019-02-27,0.006123513063765517,0.004991162758991547,0.0011323503047739696,-0.007824690436362136
2019-02-28,0.0042025432332471885,0.0033135967888231446,0.0008889464444240438,-0.0036462569289658076
2019-03-01,-0.0008430517276602934,0.002079920216828292,-0.0029229719444885853,-0.004485880700557887
2019-03-04,0.006822336671766482,0.0011072011802874765,0.005715135491479006,0.0023290723016233805
2019-03-05,-0.0001591991712959328,-0.000402170054569793,0.0002429708832738602,0.002169515044975645
2019-03-06,0.0027719837561996216,0.0013097371117216567,0.0014622466444779646,0.004951366503879617
2019-03-07,0.0017414644305204082,0.0010254538787344615,0.0007160105517859466,0.00670297830519706
2019-03-08,-0.0012225205829370833,0.00016385367166606656,-0.00138637425460315,0.005473015174124463
2019-03-11,-0.0029813021015924683,0.00261012442085977,-0.005591426522452238,0.002479860327279093
2019-03-12,-0.006528838375571433,0.0010477626138012813,-0.007576600989372714,-0.0040438493593454305
2019-03-13,-0.00039145637401625567,7.483139322210683e-05,-0.0004662877672383624,-0.004433646443500194
2019-03-14,0.00524112244450377,0.0003397745217855627,0.004901347922718207,0.000797936424630219
2019-03-15,-0.00047006086026662335,0.0025263228066428165,-0.00299638366690944,0.00032761103512002343
2019-03-18,-0.0007058617648615953,-0.0015903746113927713,0.000884512846531176,-0.00037823283443849665
2019-03-19,0.0018932282986004094,-0.004965174835596676,0.006858403134197086,0.0015160719929938615
2019-03-20,-0.001865604994402174,6.964672571002162e-05,-0.0019352517201121954,-0.000350619596898194
2019-03-21,-0.005772342130510378,0.0028133610081295707,-0.008585703138639949,-0.006104315703859942
2019-03-22,0.0031367796992125795,0.0029755050387134073,0.00016127466049917216,-0.0029817891195367263
2019-03-25,-0.001811025654241722,0.0012763661909422435,-0.0030873918451839654,-0.004785780646656579
2019-03-26,0.0016449746367407931,0.003334699907505597,-0.0016897252707648042,-0.0031473312633192307
2019-03-27,0.002511421119268058,-0.0015469838451122357,0.004058404964380293,-0.0006406680923515262
2019-03-28,0.000471708305234542,-0.0053973270286686165,0.0058690353339031585,-0.00016915079500756658
2019-03-29,-0.0010766798473513018,0.002086916119256872,-0.0031635959666081732,-0.0012450692073334713
2019-04-01,0.00034624374961735857,-0.0017959191441546873,0.002142162893772046,-0.0008991966805020901
2019-04-02,-0.002242380155174452,0.0011298678424488898,-0.0033722479976233417,-0.0031370504976788727
2019-04-03,0.0009497175763672729,-0.00036310225931810005,0.0013128198356853731,-0.0021898625239679115
2019-04-04,0.005451644610508836,-0.0007139705563535685,0.006165615166862404,0.0032646983887982817
2019-04-05,-0.001869874127940696,0.0031363275893331825,-0.005006201717273878,0.001390472515131913
2019-04-08,0.0017979964378810143,-0.002569771656171305,0.004367768094052319,0.003192588631332205
2019-04-09,0.0001695387593641832,0.0002299497462710194,-6.041098690683609e-05,0.003362683076605144
2019-04-10,-0.0023177463829650515,-0.0016657006530322468,-0.0006520457299328046,0.0010398357724221707
2019-04-11,-0.0010768167769309768,0.0022054537452301745,-0.0032822705221611514,-3.752055532690868e-05
2019-04-12,2.030055028023084e-05,0.0007219715964453297,-0.0007016710461650989,-1.7220560684760855e-05
2019-04-15,0.0004966354793529755,0.0007184429955499848,-0.00022180751619700915,0.0004795297080206762
2019-04-16,0.001765582281425729,-0.005814717604950458,0.007580299886376186,0.002247518944560545
2019-04-17,0.006281429664953269,0.0006333066121681386,0.005648123052785131,0.008562880225449154
2019-04-18,-0.004284254113033008,-0.0011578209332676547,-0.003126433179765353,0.0042511833551539535
2019-04-22,-0.0016984176242203042,-0.000650853376685537,-0.0010475642475347672,0.002546993069269865
2019-04-23,-0.0004005294933784641,0.002946300520328968,-0.003346830013707432,0.0021455238355492234
2019-04-24,0.0019117429764226271,0.0027402995923331112,-0.0008285566159104838,0.004063200970938263
2019-04-25,0.000915927081081188,0.0021661231814633676,-0.0012501961003821796,0.004983270942003681
2019-04-26,-0.0013662816129128878,0.00028574156030345744,-0.0016520231732163452,0.0036111183645015643
2019-04-29,-0.0008720868290145185,-0.002674574892287518,0.0018024880632729996,0.0027362638567167696
2019-04-30,-0.002061398969720677,0.006646866602009731,-0.008708265571730408,0.0006713533888695888
2019-05-01,0.0030902512823078963,-0.0015698203996945314,0.0046600716820024285,0.003768462279516216
2019-05-02,0.0032699852222218806,-0.00034604664698387584,0.0036160318692057564,0.007056142721389991
2019-05-03,-0.0007423253163245144,-0.0004118629320540577,-0.0003304623842704565,0.0063088568506137754
2019-05-06,0.0031109393747047885,-0.002845675357708355,0.005956614732413144,0.00944429725028506
2019-05-07,-6.995575857045262e-05,-0.0009965192143931738,0.0009265634558227212,0.009373683278692146
2019-05-08,0.00821409375480036,-0.006338448233073765,0.014552541987874125,0.017698918669275532
2019-05-09,0.004811806445597899,-0.0015144954158530818,0.00632630186145098,0.022607689441971113
2019-05-10,-0.0021867326697507655,0.0063795003234166005,-0.008566232993167366,0.020373962970557713
2019-05-13,0.003982741082504541,0.0055836401431472865,-0.0016008990606427441,0.024445951728289117
2019-05-14,0.0013168469963034646,-0.0037541471113455385,0.005070994107649003,0.025795878931414995
2019-05-15,0.002031900219639893,-0.0016681417274541253,0.0037000419470940185,0.027882312797996578
2019-05-16,0.0035523968428424306,0.0029793449549122197,0.0005730518879302112,0.0315402520599497
2019-05-17,0.0005248661473898565,0.0014943761436224331,-0.0009695099962325766,0.032081814729449265
2019-05-20,0.0011069455107348683,0.0024388432885393252,-0.001331897777804457,0.03322490561391489
2019-05-21,-0.0042824293242553525,0.0015028401564780216,-0.005785269480733375,0.028809653729315654
2019-05-22,0.003502067829172262,0.002601707922006012,0.0009003599071662498,0.03241893119841355
2019-05-23,0.005953214670777813,0.0032352930808834833,0.0027179215898943286,0.03858347394283346
2019-05-24,0.000339420158236687,-0.0004984090133700001,0.000837829171606687,0.03893604994221689
2019-05-28,0.0018779034139793723,-0.006269043401152832,0.008146946815132203,0.04088890455958749
2019-05-29,0.0066930195505104165,-0.004161994344800947,0.010855013895311363,0.047878960544239346
2019-05-30,0.0023386909464716446,-0.002788904157686245,0.005127595104157889,0.05033249349161317
2019-05-31,0.00038178732676292566,0.0030699072041291656,-0.00268811987736624,0.05073357368531117
2019-06-03,-0.0015380702933361623,0.003572663460772528,-0.0051107337541086905,0.04911871379178079
2019-06-04,-0.002047595616640409,0.0022804222581996837,-0.004328017874840093,0.04697274070440449
2019-06-05,-0.0034281531026684863,0.005668895214220055,-0.009097048316888541,0.04338970296497835
2019-06-06,-0.00010680189708790646,0.0017859921899097382,-0.0018927940869976447,0.04327827291587605
2019-06-07,0.0007590956109247468,-0.0034727012306575806,0.004231796841582328,0.044070521532000306
2019-06-10,-0.005436720913858248,-0.003533835168986675,-0.001902885744871573,0.038409603850565466
2019-06-11,0.003106177721030651,0.0003812510127607976,0.0027249267082698533,0.04164010328261947
2019-06-12,-0.0052597106382676955,0.001765645157721881,-0.007025355795989577,0.036175760777718
2019-06-13,-0.0005426022935152422,-1.4464552099977771e-05,-0.0005281377414152644,0.03561368193985892
2019-06-14,-0.0018068193298786707,0.00356574066335566,-0.0053725599932343306,0.03374420453359117
2019-06-17,0.0029324493401651193,-0.002559831897192316,0.005492281237357436,0.03678005610904389
2019-06-18,0.00027632468266330814,0.0004572360702223533,-0.00018091138755904515,0.03706658361452764
2019-06-19,-0.0016799289763758014,0.0027128397314868627,-0.004392768707862664,0.03532584797578875
2019-06-20,-0.002380503028204556,0.0011638416070921304,-0.003544344635296686,0.032864182822658794
2019-06-21,0.0004213616603697013,0.0018597827902556807,-0.0014384211298859794,0.03329948389281978
2019-06-24,3.951589266813467e-05,-0.0011401733527122099,0.0011796892453803446,0.033340316451081486
2019-06-25,0.005951266316042941,-0.0011642182103223243,0.007115484526365265,0.039508335426492014
2019-06-26,0.006150136911529285,-0.010458668199046853,0.016608805110576136,0.04592115365178917
2019-06-27,0.0008423367468148371,0.0004902790241902799,0.0003520577226245571,0.04680254263483108
2019-06-28,0.0015612802298778823,0.005463166587530502,-0.003901886357652619,0.04843817125429606
2019-07-01,0.003924485057821801,0.0016917879386351296,0.002232697119186672,0.05256083556738611
2019-07-02,-0.002876369636745673,0.002177098399131938,-0.005053468035877611,0.049537631549627203
2019-07-03,0.00324642202820699,0.006636388156743066,-0.0033899661285360753,0.052950410298831185
2019-07-05,0.0007977167902235309,0.0007145444405496422,8.31723496738886e-05,0.0537907016330923
2019-07-08,0.001408733357862998,-0.0012619543262673062,0.002670687684130304,0.05527625787732915
2019-07-09,0.00213291186001788,0.0011529263825512128,0.0009799854774666678,0.05752947122186969
2019-07-10,0.003772791014638737,0.0031061282739642425,0.0006666627406744952,0.06152684479462578
2019-07-11,-0.000182752998381589,0.0007461554805127612,-0.0009289084788943502,0.06133286530658344
2019-07-12,0.0011300245403362843,-0.0007271558548870118,0.001857180395223296,0.0625328753825658
2019-07-15,-0.00029966678896381884,0.0014687120040434765,-0.0017683787930072954,0.062214517270690495
2019-07-16,-0.005033339397116707,-0.010139029574816157,0.005105690177699452,0.05688146388576154
2019-07-17,0.002980449251746318,0.005415472353832171,-0.002435023102085853,0.06003614430115389
2019-07-18,0.000862580442384128,0.003217489624038637,-0.002354909181654509,0.06095090521816804
2019-07-19,0.003915861061421996,-0.0049124279058011715,0.008828288967223166,0.06511358647751919
2019-07-22,-0.001120940979827946,-0.0023863141960216213,0.001265373216193676,0.06392032592253805
2019-07-23,-0.0005439746118307727,-0.004187178399696085,0.0036432037878653114,0.06334173765915585
2019-07-24,0.0020597231370908507,0.001289288900605516,0.0007704342364853349,0.0655341843803523
2019-07-25,-0.0033108344251997993,0.00029412750766376426,-0.0036049619328635636,0.06201221067458573
2019-07-26,-0.0028362724186965114,-0.0025223360357483414,-0.00031393638294817036,0.05900432234488262
2019-07-29,0.000455056375026586,0.0009737619300161756,-0.0005187055549895896,0.05948633867693087
2019-07-30,-0.004121707901551757,-0.00450075266031216,0.00037904475876040394,0.05512843264060563
2019-07-31,-0.0019276012031245555,-0.0068621403579915774,0.004934539154867022,0.05309652478756188
2019-08-01,0.0033374690797548733,0.002851202982169267,0.0004862660975856062,0.05661707347036349
2019-08-02,-0.002589800136773191,0.0009147092920844484,-0.0035045094288576393,0.05388418677161666
2019-08-05,0.000933066595868135,-0.009923653161791859,0.010856719757659995,0.0548679898077058
2019-08-06,-0.0025149589510988727,0.006522962486421823,-0.009037921437520696,0.05221837334939816
2019-08-07,0.0034152621272773914,-0.0008353784648096703,0.004250640592087062,0.055818118447117815
2019-08-08,0.005655339311555889,0.011603184323040116,-0.005947845011484227,0.06180604407458068
2019-08-09,0.002093749528279865,-0.004130946475182144,0.006224696003462009,0.06403152896945685
2019-08-12,-0.0017992620237416012,-0.0015990183874149983,-0.00020024363632660286,0.06211877873276839
2019-08-13,-0.0014931786534382932,0.003990505789397868,-0.005483684442836161,0.06053402909655681
2019-08-14,-0.0004665637156525829,-0.00719465491927321,0.006728091203620628,0.060039337810841475
2019-08-15,0.0006651181008304307,0.006467104657822778,-0.005801986556992347,0.06074462368521183
2019-08-16,-0.0022487113676816738,0.006231432067917231,-0.008480143435598905,0.058361995117716337
2019-08-19,-0.0017011283633868485,0.0018289104927261663,-0.0035300388561130148,0.05656311600503661
2019-08-20,0.0013770587603829422,-0.000634141039019358,0.0020111997994023004,0.05801906773529564
2019-08-21,0.0002768220248463133,0.004505882187278999,-0.004229060162432685,0.05831199125792286
2019-08-22,-0.00025127378626313077,0.00047815659978918217,-0.000729430386052313,0.05804609860415777
2019-08-23,-0.0007185876219581461,-0.008539336082151266,0.00782074846019312,0.057286072879483285
2019-08-26,0.002142233057049675,0.007790877536139284,-0.005648644479089608,0.059553453817648316
2019-08-27,0.0002668387054197562,-0.0012337352886937958,0.0015005739941135522,0.059836221414580004
2019-08-28,-0.0024311982419912516,-0.0018769842725463838,-0.0005542139694448678,0.05726267911965466
2019-08-29,-0.0007657019945371399,0.005058605452514355,-0.005824307447051496,0.05645344083472548
2019-08-30,0.006887927539312699,0.009004801497705946,-0.0021168739583932463,0.06375533417099954
2019-09-03,0.0007504108782569077,0.005808570242923141,-0.0050581593646662325,0.06455388732958056
2019-09-04,0.0026814636327430878,0.0033251939581586246,-0.000643730325415537,0.06741228048949077
2019-09-05,0.0013811899142882312,0.0020051330236098,-0.0006239431093215692,0.06888759817810941
2019-09-06,0.0012868410851881022,-0.0011600510123754347,0.0024468920975635367,0.07026397205218293
2019-09-09,0.0009884260712578262,0.0011013165962195873,-0.00011289052496176117,0.07132237185409607
2019-09-10,-0.009992978912160192,0.0005856497341312306,-0.010578628646291423,0.060669983176889986
2019-09-11,-0.0045120815216279295,0.006053682231307935,-0.010565763752935865,0.05589493455080485
2019-09-12,0.003997849876402788,0.0011259213199363298,0.002871928556466458,0.06012469332106596
2019-09-13,0.0026635141521864467,0.000708006114295941,0.0019555080378905057,0.06295211421103697
2019-09-16,0.0015155109853271717,0.0045445752563339865,-0.003029064271006815,0.0645642511140343
2019-09-17,0.002325595013682952,0.0024698271368436627,-0.00014423212316071058,0.06704287745158077
2019-09-18,-0.0024826430938532543,0.0007401870194237864,-0.003222830113277041,0.06439707646975101
2019-09-19,-0.002822475398831111,-0.000793432028320776,-0.0020290433705103354,0.06139707760990731
2019-09-20,0.0028573679021337353,0.004004877043128114,-0.0011475091409943793,0.06443421659620929
2019-09-23,-0.00026927562769202935,0.0001774140753165904,-0.0004466897030086198,0.06414762899165871
2019-09-24,-0.00011830096605970532,0.002445655690297857,-0.0025639566563575625,0.06402174674526129
2019-09-25,0.0024180404700298854,0.002223560848932841,0.00019447962109704403,0.06659770752346916
2019-09-26,-0.0034215486256647908,-0.002653031633980396,-0.0007685169916843953,0.06295452781563937
2019-09-27,0.0010245181326886796,-0.0012828599703419133,0.002307378103030593,0.0640441020525866
2019-09-30,0.00036766075266176203,-0.0002922521809104753,0.0006599129335722374,0.06443538123260395
2019-10-01,-0.0024816333901647196,-0.004225920648473048,0.0017442872583083285,0.06179711780415187
2019-10-02,-0.0036050266824382863,-0.009486758365694258,0.005881731683255971,0.05797620225250921
2019-10-03,0.0036255957534643665,0.004268839273909975,-0.0006432435204456091,0.06181895820910088
2019-10-04,0.003952042003615518,0.010240970510399615,-0.006288928506784098,0.06602361434843385
2019-10-07,0.0006866098240279619,-0.000735516728717963,0.001422126552745925,0.06675580797159375
2019-10-08,0.00815352697983139,-0.0035294927451276345,0.011683019724959024,0.07548918576565544
2019-10-09,-0.0014630763403507229,0.0002022880690389676,-0.0016653644093896905,0.07391681351446211
2019-10-10,-0.0019729820112310333,-0.001401910261225134,-0.0005710717500058997,0.07180008378132463
2019-10-11,0.0009351714705241802,0.004447496052977877,-0.0035123245824536966,0.072802869456978
2019-10-14,-0.001147435169096829,-0.0028977511402768297,0.00175031597118,0.07157260367514917
2019-10-15,-0.0006105561981680316,0.00017185963120799398,-0.0007824158293760256,0.07091854806935838
2019-10-16,0.0011067891469890173,0.0004373456885797336,0.0006694434584092837,0.07210448526581725
2019-10-17,0.0047698696265445345,0.003533750217471752,0.0012361194090727834,0.0772304993773043
2019-10-18,0.0027961444412155922,0.004032107332102371,-0.0012359628908867781,0.08024680650001281
2019-10-21,0.00033368562182710696,0.0032525759762071288,-0.002918890354380022,0.08060732947468785
2019-10-22,-0.0021710804708140186,0.0013954452344011228,-0.0035665257052151416,0.07826378893313879
2019-10-23,-0.0026807818576843378,0.000569663345951995,-0.003250445203636333,0.07537706999065907
2019-10-24,0.0014235798460305435,0.004053090115246678,-0.0026295102692161345,0.07690904530024634
2019-10-25,0.0013854155650504835,-0.002640321671738063,0.004025737236788547,0.07840204582803145
2019-10-28,-0.0009921738342655714,-0.006075486194792707,0.005083312360527136,0.0773326141541344
2019-10-29,-0.0008062742351454484,0.0006661197183255479,-0.0014723939534709964,0.07646433870575864
2019-10-30,0.0030505718286433434,0.006514052150003747,-0.0034634803213604037,0.07975318437142564
2019-10-31,-0.003025444932187292,-0.0031015729232280794,7.61279910407867e-05,0.07649138725355775
2019-11-01,0.0018618039359548158,0.0017402485314072574,0.00012155540454755839,0.07849747004230778
2019-11-04,0.0037086619659293073,0.0003537557621855502,0.0033549062037437575,0.08250467868796552
2019-11-05,-0.012683390010200715,-0.013774367485698573,0.0010909774754978572,0.06886155309685238
2019-11-06,-0.002751805083138051,-0.0029741570082367852,0.00022235192509873413,0.06592429767258645
2019-11-07,0.001779803490625344,0.0012964036936769958,0.00048339979694834816,0.06782312272481228
2019-11-08,-0.009027705184787255,-0.008641914141669245,-0.00038579104311800897,0.058226513240406064
2019-11-11,0.0073033309132196815,0.0004466898028824505,0.006856641110337231,0.06598338266148351
2019-11-12,-0.0007325876396410203,0.0016910624340709564,-0.002423650073711977,0.06520274238990309
2019-11-13,-0.0016632562911466837,0.0008446171985947216,-0.0025078734897414053,0.06343250981061432
2019-11-14,0.009274955383269874,0.00432531883989223,0.0049496365433776435,0.07334168141839537
2019-11-15,0.0029492613681104704,0.0006784972906617362,0.0022707640774487343,0.07651191920617162
2019-11-18,0.005866735048723027,0.004120168636943106,0.0017465664117799207,0.08284609170107848
2019-11-19,-0.0019302889657703826,-0.0022732482899818197,0.0003429593242114369,0.08075790189189958
2019-11-20,0.0049563501140074025,0.004068833728065144,0.0008875163859422591,0.08612781302916162
2019-11-21,-0.0015286381764374399,-0.00414095799460648,0.00261231981816904,0.08446878493957044
2019-11-22,-0.0007308218037931956,0.002145508550358221,-0.002876330354151417,0.08367652104313072
2019-11-25,-0.004125596024988055,-0.0035929352032510096,-0.0005326608217370455,0.07921491920718071
2019-11-26,0.00013669623683453745,-0.0006730550874453794,0.0008097513242799168,0.07936245390886154
2019-11-27,0.0008196628499800782,0.0027676578252234818,-0.0019479949752434036,0.08024752989639428
2019-11-29,0.0038225794443015257,0.0026691569411185717,0.001153422503182954,0.08438476431474529
2019-12-02,0.0013359366659893173,-0.0020929094552516866,0.003428846121241004,0.08583440177775237
2019-12-03,0.0018490964993865193,0.0030727506441983353,-0.001223654144811816,0.08784407183331067
2019-12-04,-0.014354437836252251,-0.010028701929375626,-0.004325735906876624,0.07234022246260263
2019-12-05,-0.008257147688566256,-0.007674563093503073,-0.0005825845950631834,0.06352220680347487
2019-12-06,-0.0038471677385418586,-0.00307433315962275,-0.0007728345789191084,0.05943851883332951
2019-12-09,-0.0011253995894381463,-0.0035008148113643434,0.0023754152219261975,0.05824689780987291
2019-12-10,0.0011378426311105779,0.0005579250201474277,0.0005799176109631502,0.05945170155298518
2019-12-11,0.0027479459427467417,0.003127876841324818,-0.0003799308985780758,0.06236702129381566
2019-12-12,0.003430284092835605,0.0009525112827371471,0.0024777728100984575,0.06601749949681701
2019-12-13,-0.009794098974538394,0.0003208292430029035,-0.010114928217541296,0.05562778061780582
2019-12-16,0.0012446116010646135,0.00859461785110456,-0.007350006250039946,0.05694244515362756
2019-12-17,-0.003455070417436947,-0.003951941578184451,0.0004968711607475044,0.053296935950470914
2019-12-18,-0.0016357867490201477,0.0012408205697671281,-0.002876607318787276,0.05157537521685662
2019-12-19,0.006107537332600408,0.005105344562690175,0.001002192769910232,0.058017564007770916
2019-12-20,-0.0006211655876193739,0.0013981187791511321,-0.002019284366770506,0.057360563979941714
2019-12-23,-0.003781664211008004,-0.006780513237173495,0.0029988490261654913,0.053369532503761974
2019-12-24,-0.0021282323088609623,-0.001763393397056797,-0.0003648389118041653,0.05113010129171536
2019-12-26,-0.006496528887675565,-0.00600581065314408,-0.0004907182345314852,0.04432353768169839
2019-12-27,-0.0015605781721117046,-0.0009773102751204805,-0.0005832678969912241,0.04269506017789304
2019-12-30,-0.0009426277543473596,-0.00028335587474975424,-0.0006592718795976053,0.04171264997115509
2019-12-31,0.0007786414295336721,0.004280331347894482,-0.00350168991836081,0.042524086466131594
2020-01-02,0.002008593964197726,0.0002332472419030748,0.0017753467222946513,0.04462019846797438
2020-01-03,0.00053209644053042,0.0,0.00053209644053042,0.04517618506341159
2020-01-06,-0.0007716202109495357,0.0,-0.0007716202109495357,0.0443700170627741
2020-01-07,-0.0003165298536749545,0.0,-0.0003165298536749545,0.04403949508688676
2020-01-08,0.0007743647168585283,0.0,0.0007743647168585283,0.04484827553999726
2020-01-09,0.0006209370311727549,-0.0020598975475541923,0.002680834578726947,0.045497261995246285
2020-01-10,0.0009106577174255137,8.399103977378502e-05,0.0008266666776517288,0.046449785791175424
2020-01-13,-0.0011737170331172445,-0.0011812578887745173,7.540855657272655e-06,0.04522227037208815
2020-01-14,0.0001741160987608905,0.0016477930703945552,-0.0014736769716336647,0.04540427624075938
2020-01-15,-0.0024773295011065117,0.0032592826082358376,-0.005736612109342349,0.04281767064668607
2020-01-16,0.00242950784864185,0.004631578901891035,-0.0022020710532491845,0.04535428447612988
2020-01-17,-0.0027099570395647007,0.0002489267897957965,-0.002958883829360497,0.042525254280556535
2020-01-21,-0.0009156440289283378,-0.00036563683412523494,-0.0005500071948031029,0.04157110915177564
2020-01-22,0.003104849207483069,0.0013236553529544493,0.0017811938545286197,0.04481005600336796
2020-01-23,-0.0030704206653198443,0.0032135451802396842,-0.0062839658455595285,0.04160696954393006
2020-01-24,-0.001325503264426972,-0.0038828154601568783,0.0025573121957299058,0.04022723073171153
2020-01-27,-0.000494113795905735,-0.004576789431517196,0.004082675635611461,0.039713367070147276
2020-01-28,-0.005045860718864701,-0.0001789987730637327,-0.004866861945800969,0.03448033191868638
2020-01-29,0.002475900979120681,0.005511887509222707,-0.0030359865301020266,0.03704477613031054
2020-01-30,0.0027637304671409846,0.00417377680558313,-0.0014100463384421461,0.039914852605937856
2020-01-31,0.004697691459554923,0.001008100770196092,0.0036895906893588317,0.04481154429591805
2020-02-03,-0.001289171317472633,0.0003696411389566888,-0.0016588124564293218,0.04346547106677345
2020-02-04,-0.0060658795106312965,-0.00811321865057783,0.0020473391399465322,0.03715509358962721
2020-02-05,-0.0004150516369466682,0.001815551514967954,-0.002230603151914622,0.03672470999215194
2020-02-06,-0.0037793679215479526,-0.004831464574866239,0.0010520966533182868,0.03281394065282117
2020-02-07,0.003203795709124436,0.0024574314052331634,0.0007463643038912724,0.03612817174903449
2020-02-10,-0.002365079562391883,0.001768354497830062,-0.0041334340602219456,0.03368054174678181
2020-02-11,0.005225638735778698,0.009196414178701103,-0.003970775442922404,0.039096320954774555
2020-02-12,0.0007502944648198251,0.001762536932111565,-0.0010122424672917394,0.039876241721331196
2020-02-13,0.002173848766823607,0.004523550073882977,-0.0023497013070593706,0.04213923421760013
2020-02-14,0.005758851764910648,0.005485705166415192,0.00027314659849545626,0.04815807375395553
2020-02-18,-0.0016975319958415416,0.002486948691401818,-0.00418448068724336,0.04638030122683623
2020-02-19,-0.002880181179455542,-0.008831059659650121,0.00595087848019458,0.04337087230733583
2020-02-20,-0.0005032378601312862,-0.0009445399578201065,0.00044130209768882033,0.04284594067604619
2020-02-21,0.007946558952019775,0.006231502349814258,0.0017150566022055174,0.05116599152608914
2020-02-24,-0.008851990370353443,-0.013661187253841514,0.004809196883488072,0.041902142533599473
2020-02-25,-0.010493896993564223,-0.023238195043699082,0.012744298050134857,0.031025696734447106
2020-02-26,-0.006027900869163369,-0.015247492184285486,0.009219591315122115,0.02482946992341284
2020-02-27,-0.008697610649562783,-0.02934619575333171,0.02064858510376893,0.015954553443587427
2020-02-28,-0.007233967905328884,-0.027517416476437385,0.020283448571108503,0.008631689426281453
2020-03-02,0.003526686555289548,0.030386304457109676,-0.026859617901820128,0.01219509706219224
2020-03-03,0.007129336892119156,-0.004821601883823809,0.011950938775942966,0.01943716179472532
2020-03-04,0.007660826122858568,0.032140986644990974,-0.0244801605221324,0.027276883665871665
2020-03-05,-0.0021522086640290393,-0.015127881979610912,0.012975673315581873,0.02506834692493909
2020-03-06,0.009020764284003948,-0.0006164392509167423,0.009637203534920692,0.034357079603030805
2020-03-09,-0.009218172408544417,-0.055478426584577564,0.04626025417603315,0.024866010077172707
2020-03-10,0.010581202410336707,0.026468133123804267,-0.015886930713467556,0.03576790061235302
2020-03-11,-0.02414714647392949,-0.04927360479024473,0.025126458316315242,0.011056615631578781
2020-03-12,-0.02215276662359285,-0.08232307581283893,0.060170309189246075,-0.011094821919537146
2020-03-13,0.0034290295039929256,0.03002905435226605,-0.02660002484827312,-0.00769801634234768
2020-03-16,0.017322371070002125,-0.06852732411289228,0.08584969518289443,0.009640747522670523
2020-03-17,-0.06131145964612303,0.010498224727877419,-0.07180968437400044,-0.050402328324273826
2020-03-18,0.003284492772930154,-0.040556175185837845,0.043840667958767995,-0.04727825394311447
2020-03-19,0.04718463966913704,0.02344334352008387,0.023741296149053175,-0.00124697702486809
2020-03-20,-0.009131409913242915,-0.032398298591238106,0.023266888677995187,-0.010325487397506272
2020-03-23,-0.0027634734501847703,-0.03046431645408544,0.027700843003900667,-0.013056651150039622
2020-03-24,0.011203689572162223,0.06723227180494194,-0.05602858223277971,-0.0019370703917565013
2020-03-25,-0.01008236261150455,0.0075973265571870376,-0.017679689168691587,-0.011949344253819105
2020-03-26,0.0176182893870676,0.05452414316077099,-0.036905853773703395,0.005612670180002333
2020-03-27,0.015569165218113586,0.018772094114253134,-0.003202928896139548,0.021391734684213626
2020-03-30,-0.024681562363703412,-0.008981744344080956,-0.015699818019622457,-0.0035092474568206855
2020-03-31,0.003591942868043481,-0.014268174334989264,0.017860117203032745,7.652648710032572e-05
2020-04-01,0.01359885474547155,0.0,0.01359885474547155,0.013769314004102196
2020-04-02,-0.005124487185355299,0.0,-0.005124487185355299,0.00858755441545811
2020-04-03,0.00787390943049898,0.0,0.00787390943049898,0.016560429126227127
2020-04-06,-0.016697032404602914,0.0,-0.016697032404602914,-0.00027219480316043043
2020-04-07,0.0023781781772603027,0.0,0.0023781781772603027,0.002108165384795857
2020-04-08,0.009534356505991295,0.03361493944925825,-0.02408058294326696,0.011708314790426666
2020-04-09,-0.0011647529585114037,0.013965417176772594,-0.015130170135283998,0.010530610538024288
2020-04-13,0.0026987691781491935,-0.008391455063349922,0.011090224241499115,0.013261482742695785
2020-04-14,-0.004186785678672547,0.008144173627462212,-0.012330959306134759,0.009028042515513146
2020-04-15,0.006677883785616468,-0.009708911390029776,0.016386795175646243,0.015788763048854237
2020-04-16,0.0014042857930563566,0.0015819685912389467,-0.00017768279818259052,0.017216222823709604
2020-04-17,0.0017396932981965409,0.016822381110131363,-0.015082687811934824,0.018987407281525925
2020-04-20,0.00430411926214567,-0.010522623705856495,0.014826742968002165,0.023382702761662433
2020-04-21,0.002802669896219084,-0.00990265903347401,0.012705328929693093,0.026254929726927445
2020-04-22,-0.004386898872456383,0.007828360265994556,-0.012215259138450939,0.02176271378572392
2020-04-23,0.006299511821163867,-0.0016492862916611213,0.007948798112824987,0.02821963645704173
2020-04-24,0.008839187732205397,0.010431952021798434,-0.0015927642895930368,0.0373485495040351
2020-04-27,0.00041493258549766404,0.007495630142834995,-0.00708069755733733,0.037779068531752724
2020-04-28,-0.0007022795661987056,-0.00026874728558715457,-0.00043353228061155096,0.03705051335234533
2020-04-29,0.004987177647084323,0.005879561810114758,-0.0008923841630304339,0.042235386687148546
2020-04-30,0.0017862634843236478,-0.009123864230900555,0.010910127715224203,0.04409875744056446
2020-05-01,0.003940641965107638,-0.0028071055618670545,0.006747747526974692,0.048221294205753606
2020-05-04,0.0003356079010476663,-4.1611544127398946e-05,0.00037721944517506525,0.048573144592718
2020-05-05,-0.006048486018398014,-0.001993988945572949,-0.004054497072825065,0.04225000657156275
2020-05-06,-0.0002799058996648153,-0.014212603298924646,0.013932697399259831,0.041958315470732144
2020-05-07,-0.017966709399029272,-0.004948648953446861,-0.01301806044558241,0.02340492399491123
2020-05-08,-0.004490284673356968,0.014584921691532877,-0.019075206364889845,0.0188198464058138
2020-05-11,-0.0015946666927511167,-0.008019901250180903,0.0064252345574297865,0.01719646305253497
2020-05-12,0.0001221924428079571,-0.006907227292294516,0.007029419735102473,0.017320764367356967
2020-05-13,0.006262432387202251,-0.004655351601846262,0.010917783989048514,0.023711657251072493
2020-05-14,0.004024331251782108,0.013572915661043248,-0.00954858440926114,0.027839712826455365
2020-05-15,0.008907703951068453,-0.0008045042163860749,0.00971220816745453,0.037036304143645005
2020-05-18,0.007959389061714804,0.029093594653465577,-0.021134205591750773,0.045323415982817306
2020-05-19,-0.00024512313015913594,-0.009959197865933776,0.009714074735774639,0.04506721443680828
2020-05-20,0.004271427270671009,0.005898509762136373,-0.0016270824914653638,0.04954069029805308
2020-05-21,-0.003448531284218767,-0.005041974738738644,0.0015934434545198768,0.045927549987928584
2020-05-22,0.004365247982386785,0.006757535960576384,-0.0023922879781895995,0.050503262910039703
2020-05-26,-0.0061979007578936585,0.001728830506314245,-0.007926731264207905,0.044012483322581675
2020-05-27,0.0032794664616636778,0.007556071470432119,-0.004276605008768441,0.047441907514413906
2020-05-28,0.005592979379647716,0.015110172428640996,-0.00951719304899328,0.053316641824288524
2020-05-29,-0.004072923509666893,-0.004489775901298882,0.0004168523916319893,0.049035288441609426
2020-06-01,-0.00013317457407252542,0.005943675464210339,-0.006076850038282864,0.04889559291603662
2020-06-02,-0.007452328000143127,-0.0036753761602373045,-0.003776951839905822,0.04110793305955429
2020-06-03,-0.002783541868351111,0.005607843897161911,-0.008391385765513022,0.03821399510568435
2020-06-04,-0.006083727358345864,-0.013700276811260757,0.007616549452914893,0.03191695836918873
2020-06-05,0.006855942756134761,0.012870648684213408,-0.006014705928078649,0.03901602957073114
2020-06-08,0.005553336099827724,0.019812686155007753,-0.014259350055180031,0.044802085883809184
2020-06-09,-0.0028824776999300753,-0.018114897058119448,0.015232419358189371,0.041794803464875185
2020-06-10,0.0029281504379611687,-0.0016221820348226734,0.004550332472783842,0.04484980594551691
2020-06-11,-0.009011895230937345,-0.03070112657141296,0.02168923134047562,0.03547603014525191
2020-06-12,0.0029578362751089306,0.0033915369718288567,-0.0004337006967199262,0.03854333276242872
2020-06-15,-0.008164016480146027,-0.0035502080459177614,-0.004613808434228265,0.030099163946187613
2020-06-16,0.003074286866882322,0.007030943459466602,-0.0039566565925842805,0.033270857126803666
2020-06-17,0.0015611594421824876,-0.0012359030064096293,0.002797062448592117,0.03488521749082274
2020-06-18,-0.000688385654413325,-0.0006950045617510726,6.618907337747643e-06,0.03417306249989993
2020-06-19,0.009569022966772554,-0.005859164011592145,0.015428186978364698,0.04411658732115509
2020-06-22,-0.005865801277295606,0.0007140323410629932,-0.006579833618358599,0.03800993462480218
2020-06-23,-0.006313464100449194,-0.011602429143191102,0.00528896504274191,0.031477140147999405
2020-06-24,-6.064272317979954e-05,-0.005169739032426003,0.005109096309246204,0.031414590461933845
2020-06-25,0.005739020002515525,-0.00031830963595449926,0.006057329638470024,0.03735091748383801
2020-06-26,-0.004693925792174639,-0.014926614818354196,0.010232689026179558,0.03249307934196666
2020-06-29,0.00030617335163718104,0.015916903556701424,-0.015610730205064243,0.032809249607596014
2020-06-30,-0.007029146223588272,-0.002858015424275247,-0.004171130799313025,0.0255749376758172
2020-07-01,-0.00023666682098126362,0.0043574984360434275,-0.004594165257024691,0.025332246835207073
2020-07-02,-0.0010645125018355467,0.00032861826285770753,-0.0013931307646932543,0.02424134858034699
2020-07-06,0.014717514790024875,0.003775412498310078,0.010942102291714797,0.039427110002157706
2020-07-07,-0.003993475903944721,-0.003703821675798258,-0.0002896542281464633,0.03528446017611486
2020-07-08,0.006413982459562625,0.006927979702866557,-0.0005139972433039322,0.04194609751903955
2020-07-09,-0.005449112964372269,-0.009702451834727014,0.004253338870354744,0.036283856636628364
2020-07-10,-0.0047416344741198916,0.004831986716370364,-0.009573621190490256,0.03138180842186289
2020-07-13,0.008447430203651015,0.007437730320829091,0.0010096998828219243,0.04013123732762103
2020-07-14,-0.00029601531492018775,0.0027924147220483066,-0.0030884300369684943,0.039823388118133574
2020-07-15,0.0016920699658440805,0.004659569177251371,-0.0029674992114072907,0.04158433144245932
2020-07-16,-0.002117257402625624,0.0015914330374394606,-0.003708690440065085,0.03938136225561517
2020-07-17,-0.0030983534326183004,0.007986413593019888,-0.011084767025638187,0.03616597521905596
2020-07-20,-0.0007635789036513109,-0.012949125977063512,0.012185547073412201,0.03537508273253387
2020-07-21,0.015588813677782113,2.0315490162079895e-05,0.015568498187620034,0.05164181207530749
2020-07-22,0.019868662369396516,0.0049861670503426395,0.014882495319053876,0.07274548480457366
2020-07-23,-0.007350646237186167,-0.005781384801564492,-0.0015692614356216752,0.0648890226552028
2020-07-24,-0.0008715217595495497,0.0008959070744110056,-0.0017674288339605548,0.06396135300131545
2020-07-27,-0.0024574964675595935,-0.009216907244077041,0.006759410776517447,0.06134988188949664
2020-07-28,-0.0033729050695495903,0.0035244772088082778,-0.0068973822783578685,0.05777607992779199
2020-07-29,0.00233880396338346,0.003918546302342846,-0.0015797423389593862,0.060252906092303826
2020-07-30,0.0005757311032146188,-0.00021735837073591393,0.0007930894739505325,0.06086350242039762
2020-07-31,0.010936084721479066,0.010968266527228201,-3.2181805749135e-05,0.07252886600043618
2020-08-03,-0.0038898946366593915,-0.005232068978462376,0.001342174341802984,0.06836494557324002
2020-08-04,0.0011426369161097235,0.005889970392354627,-0.004747333476244903,0.06958639650449627
2020-08-05,-0.0054631405601643125,-0.011445086847392257,0.005981946287227945,0.0637590280392466
2020-08-06,0.006161632891814397,0.008406130636726456,-0.002244497744912059,0.07033375538232867
2020-08-07,0.0029679893212951067,0.008922870041146388,-0.005954880719851281,0.07351521346989576
2020-08-10,-0.011935736112055714,0.003817865430013713,-0.01575360154206943,0.06077818329646689
2020-08-11,-0.006825936088138524,-0.010985771922895012,0.004159835834756488,0.05356203571341367
2020-08-12,0.00810186330195915,0.010558490032695309,-0.0024566267307361573,0.062132522883992625
2020-08-13,-0.003697291302713475,-0.0030357280843858253,-0.0006615632183276494,0.058212760262179586
2020-08-14,-0.0023273122580499297,-0.004479693978014438,0.0021523817199645087,0.05575283235410944
2020-08-17,0.0026920246087859733,-0.0005445293244034817,0.003236553933189455,0.05859877391324786
2020-08-18,0.01498245265802072,0.010433660723647877,0.004548791934372844,0.07457858942209006
2020-08-19,-0.00829630540362249,-0.008472509654988839,0.00017620425136634897,0.06570043612222376
2020-08-20,-0.004875615580358218,-0.011076470953431155,0.006200855373072939,0.06051713662770952
2020-08-21,-0.0052543950445416475,-0.0056432850459751435,0.00038889000143349636,0.05495937476541579
2020-08-24,0.000845765416188359,0.008027785908321441,-0.007182020492133083,0.055852000342788255
2020-08-25,0.0003670475395066604,-0.005088391064421813,0.005455438603928473,0.0562396193545478
2020-08-26,-0.01033925957071853,-0.012415609046707184,0.0020763494759886533,0.04537514585142843
2020-08-27,0.0011703042163518388,0.0009402320431612049,0.00023007217319063382,0.04659926895078548
2020-08-28,0.0016630831451463193,0.004023130685672863,-0.0023600475405265433,0.048341298723361126
2020-08-31,0.0029111333940353354,0.002855219917240121,5.591347679521447e-05,0.05139760658792447
2020-09-01,0.001932018872082277,-0.0017488620420506118,0.003680880914132889,0.05343089014454705
2020-09-02,-0.00025174851425829176,0.009649386799093171,-0.009901135313351463,0.05316572386208862
2020-09-03,-0.007419585920124661,-0.008111685075056076,0.0006920991549314171,0.04538058724522509
2020-09-04,-0.005320620139278205,-0.006523094580989406,0.0012024744417112004,0.039833284870426366
2020-09-08,-0.008440912842784615,-0.011492896320451328,0.0030519834776667116,0.031093082280125195
2020-09-09,0.007332388082155858,0.0057119506926053085,0.0016204373895505491,0.03868124257889605
2020-09-10,-0.003178513080204892,-0.008734215092030463,0.005555702011825572,0.03538502197846993
2020-09-11,-0.0018266783829431281,0.0025490263191968914,-0.004375704702140019,0.033495432901982536
2020-09-14,-0.0027102745565450886,0.0028871257011664105,-0.005597400257711499,0.030698168914884416
2020-09-15,-0.007548271398376015,-0.01033269782452256,0.002784426426146542,0.02294746840215467
2020-09-16,0.0054462234389979405,0.008969734827030717,-0.0035235113880327756,0.02853386746184139
2020-09-17,-0.0020019077709373763,-0.006776524182132608,0.004774616411195233,0.02647689713929946
2020-09-18,-0.0005730531476269268,-0.009147105006146605,0.008574051858519678,0.025888839832565402
2020-09-21,-0.00017072360029959628,-0.003442873397693805,0.003272149797394208,0.025713711346030177
2020-09-22,-0.0007764713848086018,-0.0006678809094588232,-0.00010859047534977863,0.024917583125554366
2020-09-23,0.0027337320547855936,-0.0037052366626054182,0.006438968717391012,0.027723266421932458
2020-09-24,0.0027890568467552924,0.00604207494483736,-0.0032530180980820675,0.03059364599993919
2020-09-25,-0.0007333637821524391,0.003912425915751631,-0.0046457896979040705,0.029838123016304285
2020-09-28,0.00016054579816104637,0.00026311102368382336,-0.00010256522552277701,0.030003472472465598
2020-09-29,-0.0017527960767738258,0.001497766087230109,-0.003250562164003935,0.028199667739600143
2020-09-30,0.005609238421641682,0.010335651986333292,-0.004726413564691608,0.033983290516114595
2020-10-01,0.008636746284552875,0.003120393855730634,0.005516352428822241,0.04295221727940346
2020-10-02,0.006810351066116573,0.011569618495972716,-0.004759267429856142,0.05007932954578043
2020-10-05,0.004136769251500551,0.006643481563367385,-0.002506712311866835,0.05443226276042701
2020-10-06,0.000495385753797384,0.0044815706822272094,-0.0039861849284298255,0.054954742885663155
2020-10-07,0.0030814713628081075,0.0043213844787573195,-0.0012399131159492114,0.05821056950687287
2020-10-08,0.001867250454294504,0.019228380564186118,-0.017361130109891616,0.060188359613610576
2020-10-09,0.0014058966460986403,-0.0016184156250010767,0.003024312271099717,0.06167992311901038
2020-10-12,0.0030651363468269495,0.00617123628947387,-0.0031060999426469203,0.06493910921325097
2020-10-13,-0.005740925955990608,-0.005790736883812767,4.981092782215858e-05,0.05884288835926488
2020-10-14,-0.001125917344679124,0.002743163567363082,-0.003869080912042206,0.05765138967635841
2020-10-15,0.0032183395586573424,0.004265873405362044,-0.0010475338467047014,0.06106075428675384
2020-10-16,-0.00020045241126397974,0.004331602636529717,-0.004532055047793697,0.060848083415965926
2020-10-19,0.0027919035211875134,-0.002278698433809437,0.0050706019549969505,0.06381400727558706
2020-10-20,-0.0004746212608012579,0.0031600664661887816,-0.0036346877269900395,0.06330921833145431
2020-10-21,-0.002597882133839335,-0.003368415608896436,0.0007705334750571008,0.06055045133772108
2020-10-22,0.008404114510008859,0.014450046330463689,-0.00604593182045483,0.06950099679817745
2020-10-23,0.0005226001253163407,0.0032046517130962884,-0.002682051587779948,0.07006006422475974
2020-10-26,0.003571363268597893,0.0030296047637926975,0.0005417585048051955,0.0738884696774722
2020-10-27,0.0009552949964396625,-0.004035936713675855,0.004991231710115517,0.07491484012451122
2020-10-28,-0.005540482536346546,-0.02828660522997572,0.022746122693629172,0.06897576109917747
2020-10-29,0.002320394787679824,0.0063874618190031636,-0.0040670670313233395,0.07145908691729685
2020-10-30,0.008858357824330976,-0.0018598672445242978,0.010718225068855272,0.08099261827773252
2020-11-02,0.009475426395040284,0.011583146167056451,-0.0021077197720161685,0.09128416566469344
2020-11-03,0.005394233865963993,0.008992749329934874,-0.003598515463970881,0.09718671321689443
2020-11-04,-0.00836400805051535,-0.008636270856605507,0.0002722628060901563,0.08804810568357335
2020-11-05,0.006384640043558247,0.0071991915465788,-0.0008145515030205538,0.095017124854343
2020-11-06,-0.004349725609067699,-0.005601435971548618,0.0012517103624809188,0.09026444474462347
2020-11-09,0.003400023416694875,0.016758670796242044,-0.01335864737954717,0.09397767835062076
2020-11-10,0.007739861264892215,0.012761360566632577,-0.005021499301740364,0.10247776612457393
2020-11-11,-0.004283006664768376,-0.0034130640852869016,-0.0008699425794814744,0.09776594408995254
2020-11-12,-0.008246556939077183,-0.015592687752228423,0.007346130813151238,0.08875037950201592
2020-11-13,0.010745364361080686,0.016314531474507076,-0.005569167113426391,0.10051247988155487
2020-11-16,0.011872850530414515,0.00978817072246002,0.0020846798079544957,0.113656574594031
2020-11-17,-0.010195178325808829,-0.01238382712406539,0.002188648798256561,0.10236032868875444
2020-11-18,-0.012974051515891604,-0.018242334132298425,0.0052682826164068206,0.088150627017336
2020-11-19,-0.008110272001241313,-0.0077161545164702965,-0.00039411748477101514,0.07936112027765052
2020-11-20,0.004090816215722348,-0.002492939812147924,0.006583756027870272,0.08378563201301281
2020-11-23,0.011451876811661883,0.01170423127201525,-0.00025235446035336674,0.0962683504170816
2020-11-24,0.011217824085862634,0.014371774344306623,-0.0031539502584439893,0.10863533154463911
2020-11-25,-0.0015038517127407506,-0.0026122481036544645,0.001108396390913715,0.10696936140249225
2020-11-27,-0.004228927043651987,-0.004157275573273519,-7.1651470378468e-05,0.10229795321765023
2020-11-30,0.007868788677520564,-0.0028311132165193386,0.010699901894039902,0.1110059185090444
2020-12-01,-0.00014936714459732247,0.0020166110838007005,-0.0021659782283980225,0.11083998312032195
2020-12-02,0.0011959971693606551,0.003476817395426101,-0.0022808202260654457,0.11216933939045437
2020-12-03,-0.003723492522047957,-0.005116061886082234,0.0013925693640342773,0.10803588539016573
2020-12-04,0.003061710806567611,0.00520047488192462,-0.0021387640753570093,0.11143356954349648
2020-12-07,-0.0024914772350109323,-0.0008296998020603662,-0.0016617774329505666,0.10866790483273081
2020-12-08,0.0036475460573769953,0.0010924829467437145,0.0025550631106332805,0.11271920624044052
2020-12-09,0.001197596364415091,0.000656345738453263,0.0005412506259618282,0.11405259298664272
2020-12-10,-0.0016456389556750817,-0.006200404291583109,0.004554765335908027,0.11222077231208427
2020-12-11,-0.0012408920574522953,-0.003299564572321958,0.002058672514869663,0.11084148234156088
2020-12-14,-0.004402535706057472,-0.006770872024717238,0.0023683363186597656,0.10596171261378351
2020-12-15,-0.005479442688612798,0.010878778416894684,-0.016358221105507484,0.09991823136920552
2020-12-16,9.330188405641668e-06,-0.007538540872488144,0.007547871060893786,0.09992849386141045
2020-12-17,0.0035929115624155072,0.0030397144224953857,0.0005531971399201217,0.10388754767098418
2020-12-18,0.0013680826429569757,-0.0023546154400736806,0.003722698083030656,0.10539879058161694
2020-12-21,0.005473459614626221,-0.004293165034231347,0.009766624648857568,0.11146573466011844
2020-12-22,-0.0007471049836247656,0.000295680463464878,-0.0010427854470896432,0.11063566318450357
2020-12-23,0.0014228130130488066,0.005126496308390823,-0.003703683295342017,0.11221701477587609
2020-12-24,-0.0036601852727786628,0.0009593375395855713,-0.004619522812364234,0.10815353551824725
2020-12-28,0.0009815440943259086,0.002640825462203536,-0.0016592813678776277,0.10924177106485877
2020-12-29,0.004056407192336267,0.0016073732865514129,0.0024490339057848544,0.1137504456908287
2020-12-30,0.00024750385363460435,0.006192101955479364,-0.005944598101844759,0.11402613733408917
2020-12-31,0.0022210704970086815,0.010715079572480905,-0.008494009075472224,0.1165032177874572
2021-01-04,0.005063191041973029,-0.004697859419812657,0.009761050461785685,0.12217062234667586
2021-01-05,1.4367980909225583e-05,0.0019678711933264936,-0.001953503212417268,0.12218674578858502
2021-01-06,-0.0014286321787006012,0.00590192094018814,-0.007330553118888741,0.12058469833379326
2021-01-07,-0.003686775792681454,-0.010537608050076207,0.006850832257394754,0.11646096011437646
2021-01-08,-0.006447561127560463,-0.0009424920187779116,-0.005505069108782551,0.10928566625740088
2021-01-11,0.012927917522950878,0.009766369052150678,0.0031615484708002,0.12371951865867503
2021-01-12,0.0037355853262312578,0.004906587388027728,-0.0011710020617964696,0.12792511910240822
2021-01-13,-0.003312931889163793,0.0041475761240826955,-0.007460508013246488,0.12419456295801723
2021-01-14,-0.00019167908633446501,-0.003786125720552868,0.003594446634218403,0.12397909902195225
2021-01-15,-0.0009581001276698776,0.009304711518783858,-0.010262811646453736,0.1229027302205623
2021-01-19,0.006336546691078983,0.0009149170535604485,0.0054216296375185335,0.13004064678759875
2021-01-20,-0.007811035638293346,-0.005156689354914013,-0.002654346283379334,0.12124824261765133
2021-01-21,0.004380181816975597,0.0014290466103437298,0.0029511352066318676,0.12617028563442223
2021-01-22,-0.0011862357530712307,0.0010975931803233908,-0.002283828933394621,0.12483517421256685
2021-01-25,0.0010372367029377666,0.005104430931694066,-0.004067194228756299,0.1260024998318472
2021-01-26,0.0018883981392312128,-0.00044556507511558626,0.0023339632143467987,0.1281308498108864
2021-01-27,0.0002582077820857216,-0.01644101953305568,0.016699227315141403,0.12842217958570745
2021-01-28,0.01020564723648912,0.013465116219126305,-0.0032594689826371875,0.13999742424788497
2021-01-29,-0.001614272763963839,-0.004490172288205229,0.0028758995242413902,0.1381586420022849
2021-02-01,0.0012993239639633634,0.004946101432855964,-0.0036467774688926004,0.13963843996091718
2021-02-02,-0.004930150672684075,0.0013825194899042884,-0.006312670162588362,0.1340336782520022
2021-02-03,-0.004370057344247226,-0.0014341077966427609,-0.002935949547604466,0.1290886988392188
2021-02-04,-0.0038125694922197697,-0.0013556124842921246,-0.002456957007927645,0.12479216533271953
2021-02-05,-0.000604843923484383,-0.0006168220720154139,1.1978148531030817e-05,0.12411204732969017
2021-02-08,0.0007283107096373024,0.00043882417867160153,0.00028948653096570097,0.12493104838000857
2021-02-09,0.0031686166806218184,0.004885654451254781,-0.0017170377706329618,0.12850117686173812
2021-02-10,0.005802971235347882,0.0035741863346084057,0.0022287849007394753,0.13506887437970905
2021-02-11,0.0012311386906972835,-0.0031288591567085935,0.004359997847405877,0.1364671621540383
2021-02-12,0.004235604568282858,0.002054277801063241,0.0021813267672196168,0.14129099637311993
2021-02-16,-0.01231078601024059,-0.008525380681060823,-0.0037854053291797663,0.12732693777032544
2021-02-17,-0.00323210907183706,-0.0018796157103966855,-0.0013524933614403748,0.12368917613585295
2021-02-18,-0.02349461131794229,-0.007740668773948141,-0.015753942543994145,0.0975962574478988
2021-02-19,0.010416152987319627,0.003834679327468695,0.006581473659850932,0.10908873779313488
2021-02-22,-0.014211926510995128,-0.01891205920061691,0.004700132689621781,0.09343792766596826
2021-02-23,0.004424641634265675,0.007003928547444582,-0.0025792869131789076,0.09828671781400877
2021-02-24,-0.00033922661618226296,0.0009095531577430282,-0.001248779773925291,0.0979142129124877
2021-02-25,-0.0044689780300909586,-0.015501336074804842,0.011032358044713884,0.09301860574431986
2021-02-26,0.01619144039968342,-0.0142720529965036,0.030463493396187022,0.1108602021455738
2021-03-01,0.003559890322104836,0.00955646009008014,-0.005996569767975303,0.11482178985356795
2021-03-02,0.0017110123638188264,-0.0029782165932683317,0.004689228957087158,0.11673089650625279
2021-03-03,0.001196452201592633,-0.0003612615992319287,0.0015577138008245617,0.11806781126378407
2021-03-04,-0.003921307350543284,0.0027598384466306614,-0.006681145797173944,0.11369210858158518
2021-03-05,-0.0006381203818429276,0.0066833682116087,-0.007321488593451627,0.11298166564616774
2021-03-08,0.01694898906497725,0.03035398035911096,-0.01340499129413371,0.13200634887061646
2021-03-09,0.0034857969578664418,0.0057371428707216066,-0.002251345912855165,0.13595917853611028
2021-03-10,-0.008593370837309417,-0.002131388279477937,-0.0064619825578314805,0.1262392832060002
2021-03-11,0.011788342498843826,0.005928478568112866,0.005859863930730961,0.13959433994677628
2021-03-12,0.003558744187953233,0.005491044265201505,-0.0019323000772482725,0.14365708953615286
2021-03-15,0.013022879758459376,0.018711181376951824,-0.005688301618492446,0.15864820014553316
2021-03-16,-0.00046343168470214615,-0.0010781317351935187,0.0006147000504913725,0.15811137025975963
2021-03-17,-0.026321718435367687,-0.03509965120653356,0.008777932771165866,0.12802558071093695
2021-03-18,0.007981923788638951,0.005449977755515083,0.002531946033123869,0.13706542460549942
2021-03-19,0.001153830283105022,0.005859205896956577,-0.004705375613851555,0.13837816231890465
2021-03-22,-0.009550835393306851,-0.01334390268001702,0.003793067286710167,0.12755745552387054
2021-03-23,-0.0053615557538426945,-0.0032167811702988602,-0.0021447745835438342,0.12152817097633184
2021-03-24,-0.0030554328354156545,-0.0016504995759943218,-0.0014049332594213322,0.11810664675746119
2021-03-25,0.005954053583221085,0.009432987069383718,-0.0034789334861626327,0.12478377189869883
2021-03-26,0.0031806532879938318,0.0035474641895030024,-0.00036681090150917094,0.12836701460658184
2021-03-29,0.0023344064740168182,0.009390165177839254,-0.007055758703822436,0.13100415875615146
2021-03-30,-0.0023338817717381485,-0.004673131896957104,0.0023392501252189547,0.1283676066634809
2021-03-31,-0.0033563759703253157,-0.0013574067838827719,-0.0019989691864425443,0.12458672931510129
2021-04-01,-0.0006201768358572001,-0.0014591444203618795,0.0008389675845046793,0.12388950289985079
2021-04-05,-0.0009071777895255238,0.004107158067538187,-0.005014335857063712,0.12287039762966367
2021-04-06,0.000972942744081328,0.0040403020679810045,-0.003067359323899677,0.1239634178724156
2021-04-07,-0.0012794068476230467,0.00017564091081657008,-0.0014550477584396168,0.12252633088460674
2021-04-08,-0.0007952534263999031,-0.0019705514836346302,0.0011752980572347273,0.1216339928382193
2021-04-09,-0.0023072722168525715,-0.0019291453341890004,-0.00037812688266357104,0.11904906110639124
2021-04-12,-0.0027779740154151543,-0.0029383098364471017,0.00016033582103194743,0.11594468582600226
2021-04-13,0.0028674842401058675,0.008257978443418985,-0.005390494203313117,0.11914923192238014
2021-04-14,0.0004339348629259572,0.0011098439346717592,-0.0006759090717458019,0.11963497517377153
2021-04-15,0.00351267504164773,0.0067899985697073145,-0.003277323528059585,0.12357480462602166
2021-04-16,-0.005355917574768486,-0.0002548184334715411,-0.005101099141296946,0.11757311720188812
2021-04-19,0.002136345095235108,-0.0008771924741275412,0.003013537569362649,0.11996319115175003
2021-04-20,0.0015105710725123694,0.004877075904144196,-0.0033665048316318265,0.12165625357420295
2021-04-21,0.0020427245891724627,0.00227023925240418,-0.000227514663231717,0.12394983015908312
2021-04-22,0.0025464470168226976,-0.006052504926126123,0.00859895194294882,0.12681555601213423
2021-04-23,0.001759146775631461,0.0019895328436721213,-0.0002303860680406604,0.1287995345072761
2021-04-26,-0.0028792288781997618,-0.00526169392344376,0.002382465045243998,0.12555413665345294
2021-04-27,0.0027328238786669453,-0.002505196887945373,0.005238020766612318,0.12863428470894744
2021-04-28,0.0031519936666236786,0.0028797643065477385,0.0002722293600759401,0.1321973452484757
2021-04-29,0.0016107868950001648,0.007911456154483467,-0.006300669259483302,0.13402254350282683
2021-04-30,-0.002157767671859279,-0.0011212931464053917,-0.0010364745254538871,0.1315782244040502
2021-05-03,0.0006791103631552543,0.001271811308517542,-0.0005927009453622877,0.13234695189882384
2021-05-04,0.0015208590302107682,-0.0013684607522286144,0.0028893197824393824,0.1340704022162431
2021-05-05,0.004806467701553949,-0.0015145441003697226,0.006321011801923671,0.1395343957107562
2021-05-06,-0.0026868921869523353,0.00037351084209357664,-0.003060403029045912,0.1364766993359654
2021-05-07,0.0010024098110060892,0.001195113806679101,-0.00019270399567301188,0.13761648590053643
2021-05-10,-0.013175315010287687,-0.007842829267687307,-0.005332485742600383,0.1227263369359366
2021-05-11,0.0028031478981079237,-0.002420219564474761,0.005223367462582684,0.12587792002055243
2021-05-12,0.0032649436487906507,-0.00901319255439404,0.012278136203184692,0.12955985536981252
2021-05-13,0.0020950249466874394,0.01099465448279523,-0.008899629536107793,0.13192879206986685
2021-05-14,0.0034737073315636506,0.007569949584949399,-0.004096242253385749,0.1358676186183172
2021-05-17,-0.0013936733474207126,-0.004238324428125542,0.0028446510807048292,0.13428569279203262
2021-05-18,-0.001680960221107153,1.7736210001042293e-06,-0.0016827338421072572,0.13238060529981333
2021-05-19,0.002088890309149598,0.002269268946759757,-0.0001803786376101589,0.13474849644390807
2021-05-20,0.002082879614876157,0.0022735571198764905,-0.00019067750500033375,0.13711450415438864
2021-05-21,0.0016484477751604783,0.003486984045069934,-0.0018385362699094555,0.13899052386430166
2021-05-24,0.003043395008630658,0.00154948277655565,0.0014939122320750083,0.1424622021039912
2021-05-25,0.002018185168270765,-0.006796568824504325,0.00881475399277509,0.1447702306066363
2021-05-26,0.0007687984362724173,0.001469139016941536,-0.0007003405806691189,0.14565066656534698
2021-05-27,0.003315794133422173,-0.0006730334203474179,0.00398882755376959,0.14945571321396112
2021-05-28,0.0006109938760603202,0.002769226219996795,-0.002158232343936475,0.1501582382129183
2021-06-01,0.00424198740793648,0.00334424083123696,0.0008977465766995196,0.1550475578610233
2021-06-02,0.0018615213973369282,0.003537261426960618,-0.00167574002962369,0.15719970611845935
2021-06-03,0.002160067947040552,0.007493655591736675,-0.005333587644696124,0.1597020377421694
2021-06-04,0.002014905648128054,-0.000320084699538987,0.002334990347667041,0.16204108361518532
2021-06-07,0.00019695933325293233,0.0030397583026746454,-0.0028427989694217127,0.1622699809932242
2021-06-08,0.0042418425097264555,0.004783212453004502,-0.0005413699432780475,0.1672106185013178
2021-06-09,-0.003495662361815129,0.004162024261476187,-0.007657686623291316,0.16313756742718644
2021-06-10,-0.0020259249984457325,0.000759306324295981,-0.0027852313227417136,0.16078352331626622
2021-06-11,0.0022199988168358125,0.00600628293338171,-0.0037862841165458975,0.1633633238822101
2021-06-14,-0.004435471359111582,-0.0031190911080294934,-0.001316380251082089,0.15821468593789434
2021-06-15,-5.167166614509057e-05,0.0019965414115662317,-0.0020482130777113223,0.15815484060148566
2021-06-16,0.0019755255222505567,-0.0085976789230989,0.010573204445349458,0.16044506650283297
2021-06-17,-0.006538065073309251,-0.0030424200083255895,-0.0034956450649836607,0.15288274954263215
2021-06-18,0.005373984641548233,-0.013728181285573654,0.019102165927121884,0.15909500105362318
2021-06-21,0.000418110904814132,0.009259863221014212,-0.00884175231620008,0.15957973264199898
2021-06-22,0.0011780161394306075,-0.002661814288775514,0.0038398304282061214,0.16094654118520713
2021-06-23,0.0011657449799929178,-0.00428490511886429,0.005450650098857208,0.16230069793499657
2021-06-24,0.0011080486852003638,0.004377081897320613,-0.0032690332121202495,0.163589297478824
2021-06-25,-0.0033320711429078633,0.0051683225759224785,-0.008500393718830343,0.15971858748031909
2021-06-28,-0.002663069447045959,0.004581761752879963,-0.007244831199925922,0.1566342850214575
2021-06-29,0.0028339210445306275,-0.007006412674335922,0.00984033371886655,0.15991674418083512
2021-06-30,-0.0026372684861458396,0.00017615003151231308,-0.0028134185176581523,0.1568617624790014
2021-07-01,-0.00024596025784975157,0.0014213424060016502,-0.0016673026638514016,0.15657725545175083
2021-07-02,0.0010738757275615964,0.0012087280382588354,-0.00013485231069723894,0.15781994281990785
2021-07-06,-0.0017114927932959478,-0.00013389357299825223,-0.0015775992202976955,0.15584003711230854
2021-07-07,0.0004705358705842284,0.0008015796530974641,-0.0003310437825132357,0.1563840292843055
2021-07-08,0.0012487605872151706,0.0016577628170433324,-0.0004090022298281618,0.15782897809355112
2021-07-09,0.007505906211501199,0.009585547447722925,-0.0020796412362217237,0.16655223081584025
2021-07-12,-0.0017955822732347053,-0.0020185961834960405,0.00022301391026133526,0.1644594697340105
2021-07-13,-0.006721308669135565,-0.009883201631118037,0.003161892961982473,0.1566590221791735
2021-07-14,-0.0020206986478357547,0.0005644535581277864,-0.002585152205963541,0.15432412271563622
2021-07-15,0.0026533628712157465,0.005493605843086599,-0.0028402429718708522,0.15739103049447567
2021-07-16,0.00029532274877452436,0.003319093013900559,-0.003023770265126035,0.15773288487121095
2021-07-19,-0.010221647104220527,-0.015955871453251076,0.005734224349030547,0.14595922349814328
2021-07-20,0.006932812110406968,0.007323082592315836,-0.00039027048190886797,0.15393154685910648
2021-07-21,0.0032202804423502674,0.0003692447048200708,0.0028510357375301962,0.157653519733026
2021-07-22,0.010970750525075826,0.010645595130967656,0.0003251553941081697,0.170423769220585
2021-07-23,-0.0027562972221547646,0.00044834374505115134,-0.003204640967205916,0.16720217531149362
2021-07-26,0.00033259177418480364,0.002373139402103631,-0.0020405476279188274,0.16759044171734017
2021-07-27,-0.0013483761776561713,0.004169694304188766,-0.005518070481844937,0.16601715151235474
2021-07-28,0.0007669732378990054,-0.0016336683957606398,0.002400641633659645,0.1669117985037898
2021-07-29,-5.886998861108928e-05,-0.0001945867904265858,0.00013571680181549654,0.16684310444153083
2021-07-30,-0.0003123090044151416,-0.0030868665100042456,0.002774557505589104,0.16647874573248833
2021-08-02,-0.0009282685965049228,-0.0005235149161116747,-0.0004047536803932481,0.16539644255607655
2021-08-03,-0.0023133711851232508,0.0021571799523251033,-0.0044705511374483545,0.1627035640213792
2021-08-04,-0.0014046667434848964,-0.0036273872514840967,0.0022227205079992005,0.16107149951418576
2021-08-05,-0.007544781551120249,-0.0008622162200928279,-0.0066825653310274204,0.15234443199220005
2021-08-06,-0.0015481973763650108,0.003526462036389417,-0.0050746594127544275,0.15056175568938523
2021-08-09,0.004323195312264028,0.0034467480981680513,0.0008764472140959769,0.15554662639895267
2021-08-10,-0.00035347344089531926,-0.0031095280755651356,0.0027560546346698162,0.15513824353730432
2021-08-11,-0.0032471391234839267,0.0012780842424871249,-0.004525223365971051,0.15139343220578705
2021-08-12,0.00011037434145589296,0.0006433151161247424,-0.0005329407746688494,0.15152052351130396
2021-08-13,-0.003334479013709404,0.0024521245090712088,-0.0057866035227806135,0.14768719711682343
2021-08-16,-0.004462581825263199,-0.0037139640896072853,-0.0007486177356559128,0.14257695999623787
2021-08-17,0.0009078394102526206,0.001167004771613662,-0.00025916536136104146,0.1436147073724785
2021-08-18,-0.0007783209983483381,-0.00497608712758117,0.004197766129232831,0.14272495433336396
2021-08-19,-0.004774271864159941,-0.001902445776463705,-0.002871826087696235,0.1372822774831044
2021-08-20,-0.0014281144570424758,0.006381302050016753,-0.007809416507059228,0.13565926741880663
2021-08-23,0.0018867706970364896,-0.0031353790940721457,0.005022149791108635,0.13780401873710124
2021-08-24,0.002998757654337658,0.0008843625249575341,0.002114395129380124,0.14122113824334592
2021-08-25,0.0014918654306391315,0.005708746513075784,-0.004216881082436653,0.14292495722651566
2021-08-26,-0.006356391577403388,-0.008795965379391224,0.002439573801987836,0.13568311901757535
2021-08-27,0.002212546725488011,0.003467976869547423,-0.001255430144059412,0.1381986528255903
2021-08-30,0.0001698820681896845,0.0002865941720712538,-0.00011671210388156932,0.13839202879183254
2021-08-31,0.00012683392594092313,0.0011392155145912596,-0.0010123815886503365,0.13853642467905902
2021-09-01,7.327695621708007e-05,0.005907250312062806,-0.005833973355845726,0.1386198562195693
2021-09-02,0.002062839595157316,0.004876047648704383,-0.002813208053547067,0.1409710705981082
2021-09-03,0.0012527159065048217,-0.0017637096042443783,0.0030164255107492,0.14240127884238163
2021-09-07,-0.005231606208546851,-0.008056503813744058,0.002824897605197207,0.1364402915841776
2021-09-08,0.003854997973331986,0.009451530790057627,-0.0055965328167256415,0.1408297217913781
2021-09-09,-0.0017820724696906236,-0.004516797972966294,0.0027347255032756706,0.13879849098937713
2021-09-10,-0.0015320748919065343,-0.009234075604856007,0.0077020007129494725,0.13705510225645812
2021-09-13,-0.0022826026032322605,-9.571194519127817e-05,-0.0021868906580409823,0.13446261725216857
2021-09-14,-0.007081809539182587,-0.00859222274649632,0.0015104132073137297,0.12645694983176115
2021-09-15,0.0019775630166111832,0.0032925871271680214,-0.0013150241105568377,0.12868679353707746
2021-09-16,-0.0034946642844651743,-0.010278614670138422,0.006783950385673247,0.1247492962342347
2021-09-17,0.002593926049280191,-0.004997545318332517,0.007591471367612709,0.12767059991751983
2021-09-20,0.00018873744729843258,-0.003230222205713729,0.0034189596530121618,0.1278834536740472
2021-09-21,0.0038414893737163044,0.0023864452108099095,0.0014550441629063945,0.13222453875376572
2021-09-22,-0.001431723618031672,-0.0010900343926605151,-0.0003416892253711568,0.13060466602244647
2021-09-23,0.0018112232987811039,0.0028349712977518695,-0.0010237479989707657,0.13265429914656757
2021-09-24,0.004963656547754578,0.003938352189346315,0.0010253043584082645,0.13829038229361723
2021-09-27,-0.0022790289992830775,-0.0047597503097302155,0.0024807213104471385,0.13569913938320388
2021-09-28,-0.0021893149775042316,-0.007777074176722647,0.0055877591992184155,0.13321545602204976
2021-09-29,-0.002307475547951134,0.002248917157584818,-0.004556392705535952,0.13060360361838486
2021-09-30,0.000970008045381064,-0.005103209825259558,0.006073217870640623,0.13170083028334467
2021-10-01,0.02484812183085043,-0.001381943497249613,0.02623006532810004,0.16017375475226792
2021-10-04,-0.003397980142704519,0.0024152759991983926,-0.0058132561419029114,0.15623819763075675
2021-10-05,0.005196765116644155,0.004265796955528301,0.0009309681611158546,0.1622625359403731
2021-10-06,-0.002129026556200083,0.004202147991215935,-0.006331174547416017,0.15979068039282418
2021-10-07,0.00460648117677861,0.002331519411067169,0.0022749617657114407,0.1651455584344501
2021-10-08,-0.018103024642581157,0.004821519554732568,-0.02292454419731373,0.1442426732544817
2021-10-11,0.0003719173393337543,-0.005185007572753345,0.005556924912087099,0.14466831609214026
2021-10-12,0.0029459763062300876,0.005493287046717466,-0.0025473107404873786,0.1480454538713285
2021-10-13,0.009159948507982964,0.016231784257133054,-0.0070718357491500895,0.1586098016882307
2021-10-14,0.0031935079555087836,0.006290305336375021,-0.003096797380866238,0.1623157456384099
2021-10-15,0.004956898753175866,0.002515252287404348,0.0024416464657715164,0.16809153027226564
2021-10-18,-0.004496245624542502,-0.00857768354295945,0.004081437918416948,0.16285129336449544
2021-10-19,-0.005060737717233279,0.0019657843992249187,-0.007026522116458198,0.1569812738074352
2021-10-20,-0.0020240802319796145,0.005899662395993741,-0.007923742627973357,0.15464181930286847
2021-10-21,-0.002270520166005168,-0.0030222020198626682,0.0007516818538575003,0.15202315575681435
2021-10-22,0.0007013968885813938,0.0025874901880133514,-0.0018860932994319577,0.1528314646533706
2021-10-25,0.0044175910401786575,0.003119043704655296,0.0012985473355233616,0.15793546800175995
2021-10-26,0.0012268996414851537,0.0009039844289037192,0.00032291521258143445,0.15935701047897344
2021-10-27,0.0008337998162389398,-0.0014525579404864556,0.0022863577567253956,0.1603240852586254
2021-10-28,-0.00046435174951465715,0.0028450871991295102,-0.003309438948644167,0.15978541181628847
2021-10-29,0.0012026831312268306,-0.0010422976841625523,0.002244980815389383,0.16118110528718677
2021-11-01,0.0020128997780243397,0.0027563087095474146,-0.0007434089315230747,0.16352080047223327
2021-11-02,0.0017855647205266383,0.0014989157265785733,0.00028664899394806494,0.1656001980621753
2021-11-03,0.0018289145340352185,0.00042299227657548134,0.0014059222574597371,0.16773393181885976
2021-11-04,0.0023374938605703294,0.0015403440570032271,0.0007971498035671024,0.17046669537999892
2021-11-05,-0.0018440408727518325,0.0017497381502594536,-0.003593779023011286,0.1683102958090641
2021-11-08,0.0169311971093488,-0.0020749113393653228,0.019006108448714122,0.18825959389912494
2021-11-09,-0.004200424006430707,-0.0043232974171681605,0.0001228734107374535,0.18327886767917523
2021-11-10,-0.0006373758254225523,0.004083826485495034,-0.004721202310917587,0.1825249146354293
2021-11-11,0.005604992420360424,0.002852511532053728,0.002752480888306696,0.18917156763780252
2021-11-12,-0.0008371636141541502,-0.0007653648667743848,-7.179874737976526e-05,0.18817645306536357
2021-11-15,0.002180279197248216,0.010823155125040028,-0.008642875927791813,0.19076983559029803
2021-11-16,0.0029267169653168167,-0.0006693826905994886,0.0035960996559163054,0.19425998672087985
2021-11-17,-0.001379978703097254,-0.0035246129493229864,0.0021446342462257324,0.19261306998960892
2021-11-18,-0.0014462634452355682,-0.0041866951126203426,0.002740431667384774,0.19088948398232364
2021-11-19,-0.0020128800208288142,-0.000356794313397992,-0.001656085707430822,0.1884947772701986
2021-11-22,-9.411687496705583e-07,0.003202722680538257,-0.003203663849287928,0.18849365869658152
2021-11-23,-0.0010841403183219616,0.0036096659359211095,-0.004693806254243071,0.1872058630048694
2021-11-24,-0.0003060091732165617,0.0008706808845287892,-0.001176690057745351,0.18684262270056062
2021-11-26,-0.0003933266148434308,-0.011495885040968329,0.011102558426124898,0.18637589770312069
2021-11-29,0.0004101678549718389,0.006630146336597746,-0.006219978481625908,0.1868626107704756
2021-11-30,-0.00022160211164989636,-0.014987609205484417,0.014766007093834521,0.18659962864946356
2021-12-01,0.001980629423275827,0.00017610172319168003,0.0018045277000841467,0.18895217177661894
2021-12-02,-0.004751074535267197,0.00582299595211103,-0.010574070487378226,0.1833167690992401
2021-12-03,-0.0012299437483261851,0.0016839225467477218,-0.0029138662950739073,0.18186225070805961
2021-12-06,-0.009182730065561095,0.0024316460027215187,-0.011614376068282613,0.1710592053215374
2021-12-07,-0.0019280362502057382,0.0032531020319848235,-0.005181138282190563,0.16880353592747488
2021-12-08,0.010470739843184371,0.009937796202848154,0.0005329436403362171,0.1811060695944391
2021-12-09,0.0016930015697294689,-0.000987686898786404,0.002680688468515873,0.183107377655102
2021-12-10,-0.0007099642726942955,0.003070040863623746,-0.0037800051363180414,0.1822677117878586
2021-12-13,0.0020855185044750145,0.006665481587110189,-0.004579963082635174,0.1847359258364698
2021-12-14,-0.0029240670767017355,-0.0035609821878859462,0.0006369151111842107,0.18127673843386294
2021-12-15,-0.004222155208667364,0.004056772785291414,-0.008278927993958777,0.17629971896774488
2021-12-16,-0.0010045510482690795,0.001035363018149717,-0.0020399140664187966,0.17511865916872638
2021-12-17,-0.00848298548685366,-0.010926012616446249,0.002443027129592589,0.16519230671538465
2021-12-20,-5.176802755928536e-05,0.000953102252625924,-0.0010048702801852096,0.16513198856922795
2021-12-21,-0.0031679681485229563,0.0022471750971810637,-0.00541514324570402,0.16144672801675264
2021-12-22,-0.0012943577753728934,0.003000913858857197,-0.00429527163423009,0.15994437291591468
2021-12-23,0.0008910943335203382,0.00023193296391477904,0.0006591613696055591,0.16097845343703931
2021-12-27,-0.0015780520359154103,0.0012678674472954303,-0.002845919483210841,0.1591478138271165
2021-12-28,0.0008988880078161744,0.005160764976855706,-0.004261876969039531,0.16019022633211288
2021-12-29,-0.00030594157274047257,0.002356294374077147,-0.0026622359468176197,0.15983533020109908
2021-12-30,-0.0034562813902819954,0.000891778190211582,-0.004348059580493577,0.15583353258659405
2021-12-31,-0.00249520843952601,0.0015936217078845183,-0.004088830147410528,0.1529530821579954
2022-01-03,-0.003188961905274937,-0.0035954304599876024,0.0004064685547126652,0.14928221493918414
2022-01-04,0.00016131320425059176,-0.0022095645675808116,0.0023708777718314034,0.14946762428995042
2022-01-05,0.005411127106115572,0.0008475055375540526,0.004563621568561519,0.1557043984804105
2022-01-06,0.0033408219104992774,0.0018296599403657041,0.001511161970133573,0.15957185770608584
2022-01-07,0.0021966399350943004,0.004369561245475292,-0.0021729213103809913,0.16212181920461965
2022-01-10,-0.0005731304616881901,-0.00016864163845701092,-0.000404488823231179,0.16145596261941364
2022-01-11,-0.001444070249788296,-0.003866085382996667,0.0024220151332083714,0.15977994904927795
2022-01-12,-0.00349485116459697,0.000722615242215837,-0.004217466406812807,0.15573376526705318
2022-01-13,0.003211727888252326,0.0024123016311608752,0.0007994262570914508,0.15945163482915614
2022-01-14,-0.0004094923497534606,-0.0009341070986571444,0.0005246147489036837,0.15897694545225183
2022-01-18,0.0005113788639437401,-0.003059140969737454,0.0035705198336811943,0.15956977333285915
2022-01-19,0.0008369457930073355,0.0005847801933789697,0.000252165599628366,0.16054067661638305
2022-01-20,0.006050840117321855,-0.0006886694118642055,0.006739509529186061,0.16758421085982045
2022-01-21,-0.00031571261682014,0.0008545924008120937,-0.0011703050176322335,0.16721564797628963
2022-01-24,-0.003154530211890013,-0.0029350039067834598,-0.0002195263051065525,0.16353943236608148
2022-01-25,0.0027106021021301393,-0.0002901674226424594,0.0030007695247725986,0.16669760313584248
2022-01-26,-0.0004774145581907052,-0.0016395596470656663,0.0011621450888749613,0.16614073765352022
2022-01-27,0.0038080839531646794,0.0024371559970120683,0.00137092795615261,0.17058996562382234
2022-01-28,-0.0005382522844968119,0.007567778017024773,-0.008106030301521584,0.1699600624392381
2022-01-31,0.0033241055963226206,0.006299065914304255,-0.0029749603179816345,0.17385560423937618
2022-02-01,0.0019432712660718268,-0.003557491282023812,0.0055007625480956385,0.17613894195935487
2022-02-02,0.0002653311251907772,0.008689753841659414,-0.008424422716468637,0.17645104963231462
2022-02-03,-0.0023572411419471883,-0.0010517886459540733,-0.001305452495993115,0.173681136775512
2022-02-04,-0.005892132511862217,-0.007775007651042711,0.0018828751391804929,0.16678598551179058
2022-02-07,-0.0005456089585190124,0.0018075574191383707,-0.0023531663776573835,0.16614955026359568
2022-02-08,0.005911166638162836,0.004206189589678518,0.0017049770484843171,0.1730632685190503
2022-02-09,0.00016781529724930176,0.001769145887393212,-0.0016013305901439105,0.17326014299896153
2022-02-10,-0.007281408131609895,-0.01521107190954675,0.007929663777936856,0.16474818418416115
2022-02-11,0.002319829300343825,0.0012409194875460656,0.00107890981279776,0.16745333768335557
2022-02-14,-0.004844263732189375,-0.010034809598198925,0.00519054586600955,0.16181156197821656
2022-02-15,-0.001848908080569899,-0.003464987820068581,0.0016160797394986818,0.15966546377369428
2022-02-16,0.004729523134877019,0.005603299214579497,-0.0008737760797024775,0.1651631188088647
2022-02-17,0.003378155349033648,0.0005659740441951805,0.0028121813048384674,0.16910587670596522
2022-02-18,0.005345752821684454,-0.0019240825115924766,0.00726983533327693,0.1753723623637633
2022-02-22,0.003975594595032344,0.003995593700830247,-1.9999105797902702e-05,0.1800544672833746
2022-02-23,-0.009369520364720389,-0.016469313341976037,0.007099792977255653,0.16904955878586714
2022-02-24,-0.009833299155570756,-0.003001696860808139,-0.006831602294762618,0.157610279848035
2022-02-25,0.015623088528421298,0.02339013661918954,-0.0077670480907682405,0.1758377416094612
2022-02-28,0.0017915158428164293,0.0015251267131571192,0.0002663891296593101,0.1779461616221445
2022-03-01,0.003500135090469032,-0.0026278804286827594,0.0061280155191517915,0.182076356220078
2022-03-02,-0.0035964582884608935,0.0032245272512812506,-0.006820985539742144,0.17783270354520497
2022-03-03,0.00556321357118021,0.005528088176741109,3.512539443910074e-05,0.18440349884814
2022-03-04,-0.001335492765346636,0.005836498518306737,-0.007171991283653373,0.18282279229020104
2022-03-07,0.009387216572579151,0.0077473495704044,0.0016398670021747501,0.19397848453829392
2022-03-08,-0.013335094481098812,-0.0045933111285115956,-0.008741783352587216,0.1781623577850635
2022-03-09,-0.005230485475150628,-0.002015673747049823,-0.003214811728100804,0.17201608469382546
2022-03-10,0.0014913651018669547,0.002282158874473423,-0.0007907937726064684,0.17376529261097495
2022-03-11,0.0011186159567403168,-0.00012599044858691878,0.0012446064053272358,0.17507901983788798
2022-03-14,0.0001969082351274637,-0.0008575320898265354,0.0010544403249539988,0.17531042535589791
2022-03-15,-0.005850905390492977,-0.0008421614994345885,-0.005008743891058389,0.1684538733313521
2022-03-16,-0.002178725386098016,-0.0017089427049883225,-0.0004697826811096935,0.16591090443640732
2022-03-17,0.0059157057448362485,0.004580530194881294,0.0013351755499549554,0.17282853142074583
2022-03-18,-0.0028683909423458734,-0.006366041897444926,0.0034976509550990525,0.16946922089550887
2022-03-21,0.00179326802807959,0.00291224895158249,-0.0011189809235029,0.17156827417922238
2022-03-22,-0.0034568004416152304,-0.000537834096143385,-0.002918966345471846,0.16752538820253315
2022-03-23,0.004320455014802674,-0.00021442626661758363,0.004534881281420256,0.1725805415387649
2022-03-24,-0.0030203306797609818,0.0028876291755422015,-0.005907959855303183,0.16904430354696043
2022-03-25,-0.0035847312019869674,0.006841203185795045,-0.010425934387782013,0.16486109627197276
2022-03-28,-0.004164383344607692,0.0014616625846219588,-0.00562604592922965,0.1600202546797831
2022-03-29,-0.0058987887764386186,0.0026430732135496373,-0.008541861989988256,0.15319768246026233
2022-03-30,0.0007648225259144426,0.0022987588837938746,-0.0015339363578794319,0.15408001139415206
2022-03-31,-0.0036848452944311183,-0.0014415074361406861,-0.0022433378582904324,0.14983523057807568
2022-04-01,0.0057026441381794815,0.00802990906063428,-0.002327264922454799,0.15641106371316438
2022-04-04,-0.002800861715294057,-0.005904583196173465,0.0031037214808794077,0.1531766479277923
2022-04-05,0.0010778875296693123,0.0037992032044620746,-0.0027213156747927627,0.15442031280111657
2022-04-06,0.004266323552148027,0.015381390345658868,-0.01111506679351084,0.15935596442772826
2022-04-07,-0.0009042897219108611,-0.0017500740884942854,0.0008457843665834243,0.15830804462802273
2022-04-08,0.00048063781595736815,0.004922286005808654,-0.004441648189851288,0.1588649050901767
2022-04-11,0.004890325598460938,-0.0058876789582904205,0.010778004556751358,0.16454601170915817
2022-04-12,-6.415096536726531e-05,0.0012183011535967445,-0.0012824521189640095,0.16447130735449633
2022-04-13,-0.0011529564403534667,-0.0008093818955040701,-0.0003435745448493964,0.16312949633454377
2022-04-14,0.001122475683237461,0.004545570466395699,-0.0034230947831582377,0.16443581392834417
2022-04-18,-0.007982883305376724,-0.0029453377183012697,-0.005037545587075453,0.15517726284340871
2022-04-19,-0.0010583629978853204,0.0019269844889140853,-0.0029853474867994056,0.15395531271987695
2022-04-20,-0.0024474219670700694,0.01007242972629279,-0.01251985169336286,0.1511345503444108
2022-04-21,0.00216508089437172,-0.004664972663353819,0.006830053557725539,0.15362954972933784
2022-04-22,-0.002811956831086576,-0.014710052604448015,0.011898095773361438,0.150390149897198
2022-04-25,-0.003881957769562481,-0.00596727312276373,0.002085315353201249,0.14593304066891055
2022-04-26,-0.004228332057412019,-0.009287724187015924,0.005059392129603905,0.14109788478361218
2022-04-27,0.001261927660872263,-0.0029634267395713017,0.004225354400443564,0.14253877672767
2022-04-28,-0.004235504818684859,0.0032085886272533756,-0.007444093445938235,0.13770978206752593
2022-04-29,-0.0055121482624187566,-0.017891846013872927,0.012379697751454168,0.13145580931661716
2022-05-02,-0.006031311480285193,-0.07472965170209385,0.06869834022180865,0.12465218491787056
2022-05-03,0.0010584937642452955,0.001144205774488705,-8.571201024340962e-05,0.12584325250014827
2022-05-04,0.0019643168804725727,0.004564591832911488,-0.0026002749524389147,0.1280569388847672
2022-05-05,0.00018610933366272793,-0.0019653931309801605,0.0021515024646428884,0.12826690034728472
2022-05-06,0.002397672036055868,0.0027382485854750213,-0.0003405765494191534,0.13097536004495414
2022-05-09,-0.050019198910136065,0.0197630595314758,-0.06978225844161186,0.07579638654362997
2022-05-10,-0.004920415829876656,-0.003567890530203511,-0.0013525252996731455,0.0705160224205128
2022-05-11,0.0007775121082702506,0.0029279227988911615,-0.002150410690620911,0.07134868525081117
2022-05-12,0.008100942709345858,-0.0008870922676146502,0.008988034976960508,0.08006286846541588
2022-05-13,-0.004024551416697395,0.006075142595826026,-0.010099694012523421,0.07572483509245354
2022-05-16,-0.00898465167396161,-0.0031698379122492293,-0.005814813761712381,0.06610311079798725
2022-05-17,0.0011600465113615734,0.0071173219430384176,-0.005957275431676844,0.06734055760157376
2022-05-18,-0.007601575721018979,-0.00783488987418458,0.0002333141531656017,0.05925784712159943
2022-05-19,-0.005866018308188982,-0.0019528573101137974,-0.003913160998075185,0.05306241023588387
2022-05-20,0.005753334239230499,0.0016147543977009838,0.004138579841529514,0.05913849236212565
2022-05-23,-0.0013199673930659162,0.0037708730914791863,-0.005090840484545103,0.05774138635750181
2022-05-24,0.006274301503220935,0.008363403300435154,-0.0020891017972142186,0.0643988383181322
2022-05-25,-0.0033518795683540143,0.0019394698728169503,-0.005291349441170964,0.06083707423625029
2022-05-26,0.0017218005209365317,0.0011517662428742145,0.0005700342780623173,0.06266519744340693
2022-05-27,0.0005881926626842727,0.0038391625325044586,-0.0032509698698201866,0.06329043317694238
2022-05-31,-0.0027156567624566216,-0.0060203276873440435,0.0033046709248874223,0.06040681854758545
2022-06-01,0.006707282302684001,-0.0014235706577521259,0.008130852960436127,0.06754317245144348
2022-06-02,-0.003030985271787841,-0.0015427955038146116,-0.001488189767973229,0.06431236355924819
2022-06-03,-0.0005811437398019104,-0.002707509303817717,0.002126365564015806,0.06369402478122943
2022-06-06,-0.005473265423835549,-0.0008159072759690641,-0.004657358147866485,0.05788804837276995
2022-06-07,-0.0036162281200354633,0.001906805367125233,-0.005523033487160696,0.054069392591017174
2022-06-08,-0.0016490014876688807,-0.005019145023472187,0.003370143535803306,0.052332662922975226
2022-06-09,0.003118341832513115,-0.007742513309200393,0.010860855141713508,0.05561931768069717
2022-06-10,0.007674602678375925,-0.003075371114029387,0.010749973792405311,0.06375194394388539
2022-06-13,0.015372121807040603,-0.015790306719566417,0.03116242852660702,0.08023039831266532
2022-06-14,0.0080956865220881,-0.00751068557128431,0.01560637209337241,0.08901109993561107
2022-06-15,-0.009817495409435231,-0.005266083195644443,-0.0045514122137907875,0.07837204833333256
2022-06-16,0.0080184081705914,-0.008276134186831747,0.01629454235742315,0.08705363531554644
2022-06-17,0.0003307724686765117,-0.0031962025990628904,0.0035269750677394025,0.08741326220414147
2022-06-21,-0.0060131175841191785,0.0030658669486094284,-0.009078984532728606,0.08089413816863167
2022-06-22,0.0013840625825316758,0.001514567844469124,-0.00013050526193744802,0.0823911990749564
2022-06-23,-0.006540484869941609,0.005515728928006187,-0.012056213797947798,0.07533493665718716
2022-06-24,-0.0009053533669448419,0.005613317821536573,-0.006518671188481415,0.0743618191257771
2022-06-27,0.0008364656519508672,0.006094202692178986,-0.005257737040228119,0.07526086184199943
2022-06-28,0.002971541123222095,-0.0016181762389614394,0.004589717362183535,0.07846079572408238
2022-06-29,0.005078689468469392,0.0036674571216074123,0.0014112323468619798,0.08395189520133073
2022-06-30,-0.004657911874851017,0.0006960549151652803,-0.005353966790016297,0.07891468334869334
2022-07-01,-0.009882111739683095,0.004031775733745465,-0.01391388747342856,0.06830523610151151
2022-07-05,0.01783411558737154,-0.011119525654000033,0.028953641241371574,0.0875284199048294
2022-07-06,-0.0034236180211958196,0.0004105841202083232,-0.0038342021414041424,0.08381150428807116
2022-07-07,-0.00551345760418763,-0.001375406848115921,-0.004138050756071708,0.07785239824302503
2022-07-08,-0.0005413531159605333,-0.0013695524109713663,0.000828199295010833,0.07726905739962864
2022-07-11,0.0009214547876754539,0.0021343626859897154,-0.0012129078983142616,0.07826216961391719
2022-07-12,-0.0018997085080409034,-0.0011553955110222393,-0.0007443129970186638,0.0762157302310047
2022-07-13,0.0021944836672219423,-0.0022284844774690246,0.004422968144690967,0.07858006136759821
2022-07-14,0.0004998764129895779,0.0010376612636216174,-0.0005377848506320393,0.07911935287812
2022-07-15,-0.0006868262981526846,0.0013527352080873597,-0.0020395615062400443,0.07837843979613845
2022-07-18,0.0015951624717208202,-0.0028794405707140104,0.0044746030424348306,0.08010000133374384
2022-07-19,-0.003650874519172193,0.001765917714853081,-0.005416792234025275,0.07616388127294038
2022-07-20,-0.0010792736813458222,-0.0052897688986311055,0.004210495217285283,0.07500303246853157
2022-07-21,0.0010061050862247762,0.000991282738470898,1.4822347753878158e-05,0.07608514275425615
2022-07-22,0.0028820753455077097,0.0052112104105617625,-0.002329135065054052,0.07919097468482672
2022-07-25,-0.004127922035224692,0.003971622941439068,-0.00809954497666376,0.0747453404087568
2022-07-26,-0.0026746118267612657,0.0033887068454569675,-0.006063318672218233,0.07187465450707364
2022-07-27,0.0006161755065660664,0.0009149584843556358,-0.0002987829777895695,0.07253532093762316
2022-07-28,-0.009976080037027298,0.0078002296724886434,-0.017776309709515943,0.061888816221784326
2022-07-29,0.00745161876447192,0.012063120442086728,-0.004611501677614807,0.06983116176513349
2022-08-01,0.014231680403744947,-0.004656912524036919,0.018888592927781868,0.08516551493370894
2022-08-02,-0.005577583457213537,-0.006269266175579922,0.000691682718366385,0.07912976181504816
2022-08-03,0.0054598885586023055,0.0028179167532024147,0.00264197180539989,0.08503780400406225
2022-08-04,-0.0020914950092824564,-0.0023578541970792903,0.00026635918779683383,0.08277082436678418
2022-08-05,-0.006279452064256347,-0.009032571282513937,0.0027531192182575896,0.07599291991356005
2022-08-08,-0.020887486642961355,-0.00016301942629636467,-0.02072446721666499,0.05375122734029447
2022-08-09,0.00297758566288348,0.006850248183480061,-0.0038726625205965813,0.0568935378147295
2022-08-10,0.0007469240795967664,0.0059201605729360665,-0.005173236493339299,0.05768325193922652
2022-08-11,-0.0013331870940980733,0.002860521166300247,-0.004193708260398321,0.056274101817192834
2022-08-12,-0.0009198607274541939,0.011096413970480348,-0.01201627469793454,0.05530292349638222
2022-08-15,0.0038520516636903128,0.008725674974862289,-0.004873623311171977,0.059375844393124044
2022-08-16,-0.002343472309534655,-0.00020024798632542365,-0.0021432243232092315,0.05689613313858177
2022-08-17,-0.00035964656147418337,-0.0020964091909648373,0.0017367626294906542,0.056516092422727926
2022-08-18,0.0019012522706415554,0.0046872753796107286,-0.0027860231089691734,0.05852670677931404
2022-08-19,-0.002278997169773274,-0.0035605951905519906,0.001281598020778716,0.05611707422625356
2022-08-22,-0.0036631916698541944,-0.012675425694393937,0.009012234024539743,0.052255392316375326
2022-08-23,-0.0018376728705634515,-0.004021364036947133,0.0021836911663836818,0.050323466796252214
2022-08-24,0.0036123137015796193,0.00573280340478349,-0.0021204897032038703,0.05412442564114328
2022-08-25,0.0014543052257022394,0.005727798095274455,-0.004273492869572217,0.05565855958100485
2022-08-26,-0.0025348769137211497,-0.012966941943185172,0.010432065029464022,0.052985983825917016
2022-08-29,-0.003477640041331451,-0.0009328348850909062,-0.0025448051562405446,0.04933043762669542
2022-08-30,-0.0034271722886791128,-0.011282737989936929,0.007855565701257814,0.04574035685580302
2022-08-31,0.002083886120215372,-0.00018248563005322837,0.0022663717502686004,0.04792183285514584
2022-09-01,0.002168297239727836,0.006737634687978847,-0.004569337448251011,0.05019650406322751
2022-09-02,0.0003632577408049745,-0.00215830770551161,0.0025215654463165847,0.050578065371048364
2022-09-06,-0.003624075799313317,-0.005661066004021017,0.0020369902047077003,0.04677758160926615
2022-09-07,0.0011134412300284925,0.011757419240001135,-0.010643978009972643,0.04794375604016521
2022-09-08,-0.0021920128932081417,1.8981099266219756e-05,-0.0022109939924743614,0.0456491656202378
2022-09-09,-0.003822776611785507,0.005048304855863291,-0.008871081467648798,0.04165951307958715
2022-09-12,0.001330806736839061,0.006598914956700227,-0.005268108219861165,0.04304668340016127
2022-09-13,0.002872319988528654,-0.011696575401713451,0.014568895390242104,0.04604695404378911
2022-09-14,-0.0018188790233026988,0.004091592797697106,-0.005910471820999805,0.044146050462580355
2022-09-15,0.00147349939637047,-0.007189634618289605,0.008663134014660075,0.04568573311981261
2022-09-16,0.00501395439863751,0.002584907890174619,0.002429046508462892,0.050941919829625926
2022-09-19,0.00113864091091106,0.005418445446609009,-0.0042798045356979494,0.05213924682792581
2022-09-20,0.0007914177781930026,-0.007782752765505295,0.008574170543698299,0.052972258119493576
2022-09-21,-0.0009689697036111835,-0.007019009357609737,0.006050039653998553,0.05195245406204174
2022-09-22,-0.002068225671645858,-0.005735790133762587,0.0036675644621167285,0.049779027334422965
2022-09-23,-0.004000397173819382,-0.008143221376904732,0.00414282420308535,0.04558788299063421
2022-09-26,-0.00245225295282526,-0.016104473736205247,0.013652220783379989,0.04302697829352753
2022-09-27,-0.0023363736771155465,-0.009822459718920262,0.007486086041804716,0.04059292205660148
2022-09-28,0.0024412825023786746,0.005958603250512987,-0.0035173207481343123,0.0431364067684441
2022-09-29,7.862334158543084e-05,-0.022253173307181063,0.022331796648766496,0.04321842486269967
2022-09-30,-0.0038476665075038467,-0.012293731131259256,0.008446064623755408,0.03921218055790909
2022-10-03,0.01036228024722748,0.015157902719521764,-0.004795622472294283,0.05003677529221351
2022-10-04,0.010926341164796032,0.02102894930096153,-0.0101026081361655,0.061572743528778506
2022-10-05,-0.010549772472577554,-0.014947402215106322,0.004397629742528767,0.050432260726509526
2022-10-06,-0.014310810359620913,-0.02212904849495266,0.007818238135331747,0.03550677646156131
2022-10-07,-0.011625388014648795,-0.015785104851959785,0.004159716837310989,0.0235383122080135
2022-10-10,-0.0010075696587801843,0.0005854350390615474,-0.0015930046978417315,0.02250754543190059
2022-10-11,0.002098395974830946,0.0007823979018308372,0.0013159980730001082,0.024655423911106755
2022-10-12,-0.0004969279467068686,-0.017769209566494117,0.01727228161978725,0.024146370487132307
2022-10-13,-0.0005297099468300739,0.015711695912382688,-0.01624140585921276,0.023604013626269182
2022-10-14,-0.0029080069431926614,-0.009304242640867296,0.006396235697674635,0.02063168991118669
2022-10-17,0.0034079295818944975,0.012961621308286236,-0.009553691726391738,0.02411586437797597
2022-10-18,0.005112172011455574,0.0133478254283022,-0.008235653416846626,0.02936472594666517
2022-10-19,0.0005717425040089521,-0.006328033405452067,0.006899775909461019,0.02995342578894089
2022-10-20,-0.0025996243714094184,-0.014787937923579452,0.012188313552170035,0.027279410984796693
2022-10-21,-0.0042516689042075995,0.008711837619643234,-0.012963506523850834,0.022921030817316668
2022-10-24,-0.0005166941156158058,0.0025791793307662113,-0.003095873446382017,0.022392630062489927
2022-10-25,0.002908839045937913,0.011922640258696687,-0.009013801212758774,0.02537093527029577
2022-10-26,-0.0024835885691035335,-0.005896671688096327,0.0034130831189927934,0.022827495472744097
2022-10-27,0.00563860851817642,0.007504771090348035,-0.0018661625721716152,0.028611109746062846
2022-10-28,0.007663971284999732,0.020872490054546056,-0.013208518769546323,0.03652464156051982
2022-10-31,0.002879026094458912,-0.001521585065051487,0.004400611159510398,0.03951312294482512
2022-11-01,-0.002982763077171513,-0.0030784976965995987,9.573461942808574e-05,0.03641712119871232
2022-11-02,0.00204303943046153,-0.003050483266884241,0.005093522697345771,0.038536726725289405
2022-11-03,0.0030039259758191644,0.002467195602376706,0.0005367303734424587,0.04166110452593852
2022-11-04,-0.008907500679236657,-0.005109461145311929,-0.003798039533924728,0.03242370965761321
2022-11-07,-0.006860452131022899,-0.00711199378583936,0.00025154165481646134,0.025365056679084397
2022-11-08,0.0007700206852075272,0.004082319452231496,-0.0033122987670239695,0.026154913046459338
2022-11-09,-0.005869259621689133,-0.011847974537632137,0.005978714915943003,0.02014978352066188
2022-11-10,0.010150905362512574,0.027423299627216655,-0.01727239426470408,0.030557964285549577
2022-11-11,-0.009135391499251317,-0.011331752488533176,0.00219636098928186,0.021186285970657748
2022-11-14,-0.01382172044476959,-0.02176418174759301,0.007942461302823419,0.007168830436935947
2022-11-15,0.0033650449179614484,0.005002027776894208,-0.0016369828589327601,0.010563707544808398
2022-11-16,0.004932750107018045,0.005365301523130941,-0.0004325514161128951,0.015560880551583667
2022-11-17,-0.002452768624575069,-0.009409459001295232,0.006956690376720162,0.013072997036009282
2022-11-18,0.0028957290485213958,0.01189946832859305,-0.009003739280071655,0.016010833478088404
2022-11-21,0.0024877175534926384,0.0026978542729820957,-0.00021013671948945769,0.018541527984493156
2022-11-22,0.003391006462961468,0.010562253813253332,-0.007171247350291864,0.022001271579852322
2022-11-23,0.0062814952584127875,0.010359596324777119,-0.004078101066364331,0.028441172650377045
2022-11-25,0.004017508220566775,0.004624088840819115,-0.0006065806202523401,0.03258125435347048
2022-11-28,-0.004380420708720516,-0.006436551026563397,0.00205613031784288,0.028068006222964792
2022-11-29,0.00019224715086752961,-0.00010487488467291915,0.00029712203554044855,0.028265668367442487
2022-11-30,0.004566965353576188,0.013169243258284535,-0.008602277904708347,0.032972461749435356
2022-12-01,0.003586635819785013,0.00036622839558511736,0.0032204074241998955,0.036684009788404026
2022-12-02,0.004081124760421188,0.0008387165313512176,0.0032424082290699705,0.04092349161235531
2022-12-05,-0.0017785721334500721,-0.004105093581658259,0.002326521448208187,0.039073779507924344
2022-12-06,0.00853638721031875,-0.0019281648997078729,0.01046455211002662,0.0479816821900525
2022-12-07,0.007526343075920006,-0.00019646956983792945,0.007722812645757936,0.055898908374606426
2022-12-08,-0.0071050536116675925,-0.008205523246038673,0.0011004696343710804,0.04842327884496633
2022-12-09,0.004002758916824757,0.0015347948735316987,0.002467964043293058,0.052628274650801776
2022-12-12,0.004432525672524279,0.013351183918079207,-0.008918658245554927,0.057304432440394626
2022-12-13,-0.002909441590583977,-5.732748088495309e-05,-0.0028521141096990235,0.05423273757592595
2022-12-14,0.0009955775906504408,-0.0009637669438897304,0.0019593445345401713,0.055282830702643615
2022-12-15,0.0031305497877116076,-0.004426519865700473,0.007557069653412081,0.05859162261090467
2022-12-16,-0.0028348003953055463,-0.010124241783562494,0.007289441388256946,0.055594976114773376
2022-12-19,0.001109167298328011,0.0018217106976070273,-0.0007125433992790164,0.05676645710666106
2022-12-20,0.0009244251694794969,0.0015629841510463164,-0.0006385589815668196,0.05774381029321396
2022-12-21,0.0002540179501402239,0.008714387346357152,-0.008460369396216926,0.05801253033609055
2022-12-22,-0.00141497409468736,-0.005602924172834912,0.004187950078147552,0.05651652866521717
2022-12-23,0.0021935034055902756,0.007548632221000944,-0.0053551288154106685,0.05883654482035383
2022-12-27,0.00010013604490070687,0.0037038543268583766,-0.00360371828195767,0.058942577832923115
2022-12-28,0.0003365319704683173,-0.003997976759196055,0.004334508729664372,0.05929900583659942
2022-12-29,-0.000579435077245152,0.003843846733854777,-0.00442328181109993,0.058685388628162416
2022-12-30,-0.005842260249995559,-0.010931678581336566,0.0050894183313410085,0.052518305458591596
2023-01-03,0.0008012565655570016,0.002375649629081297,-0.0015743930635242955,0.05336198061620134
2023-01-04,0.001053495945993006,0.002365501160826018,-0.0013120052148330123,0.0544722779366178
2023-01-05,-0.008910791278983003,-0.01110714515010435,0.0021963538711213468,0.04511783519869872
2023-01-06,0.0074952685470708585,0.009554327017132342,-0.002059058470061483,0.05298070438421809
2023-01-09,0.000915244634366403,0.00200840477658826,-0.0010931601422218568,0.053944880485193414
2023-01-10,-0.00348325412449495,0.001884966120728812,-0.005368220245223761,0.050280109003848494
2023-01-11,0.004374806887903101,0.005716317849614852,-0.0013415109617117508,0.05488494695302948
2023-01-12,0.00285350585143044,0.0018734461190423653,0.0009800597323880748,0.057899366107686534
2023-01-13,0.002564070633185491,-8.932631772073192e-05,0.0026533969509062233,0.060615375336916744
2023-01-17,-0.0015502446773303417,-0.0012806542377570948,-0.00026959043957324727,0.058972435804772516
2023-01-18,-0.002324974382081621,-0.009052924264157096,0.006727949882075476,0.05651321194421266
2023-01-19,0.003330205384841101,-0.0009387302963006596,0.004268935681141761,0.06003748294783007
2023-01-20,-0.003675735204616405,0.0013490837751852607,-0.0050248189798016655,0.05614821818624449
2023-01-23,-0.00280189428807973,-0.0033878182151403542,0.0005859239270606245,0.05319314436183875
2023-01-24,-0.0013916091406763786,-8.776400650102034e-05,-0.0013038451341753584,0.0517285304766435
2023-01-25,-0.0025614810611239076,-0.0019876284999937512,-0.0005738525611301564,0.04903799511316431
2023-01-26,-1.2670510599118107e-05,0.002049678938645645,-0.002062349449244763,0.049024703350335264
2023-01-27,-0.00326364765459691,-0.0024428030334133076,-0.0008208446211836024,0.04560663705358903
2023-01-30,0.002541318564554386,0.0014814376067429059,0.0010598809578114801,0.048267235894255966
2023-01-31,0.00024757098445246715,0.004063329079187144,-0.0038157580947346765,0.048526788573346025
2023-02-01,-0.0005731729494672005,-0.00011070143475326168,-0.0004624715147139388,0.04792597358324269
2023-02-02,-0.0009050654731990969,-0.0012076450423448243,0.0003025795691457276,0.04697796103750873
2023-02-03,0.004935512199476674,-0.006166687209369774,0.011102199408846448,0.052158106356621214
2023-02-06,-0.0012281573750250884,0.0013946865923588259,-0.0026228439673839144,0.05086668381599435
2023-02-07,0.003918826497712684,0.003531243553957387,0.0003875829437552964,0.054992927758516386
2023-02-08,-0.007150688294076165,-0.01700239568968856,0.009851707395612395,0.047475910134824106
2023-02-09,-0.003626381399461447,-0.00872671174438058,0.005100330344919133,0.04368424215029143
2023-02-10,0.00072056978272642,0.01149234753367986,-0.010771777750953442,0.0444365604942738
2023-02-13,-0.008138767724716783,-0.001558943675810817,-0.006579824048905966,0.03597063177048776
2023-02-14,-0.0013362086861180818,-0.0030241118359805464,0.0016879031498624646,0.03458728324073901
2023-02-15,-0.0031191079471228726,0.0038594137145523235,-0.006978521661675196,0.03136532125936209
2023-02-16,0.0015728070458215196,-0.0053558788068327505,0.00692868585265427,0.032988736228048765
2023-02-17,-0.0030667361696037018,0.003647131295349941,-0.006713867464953643,0.02982568490881543
2023-02-21,0.0043783732692887515,-0.006288244545580104,0.010666617814868856,0.03434453153938222
2023-02-22,0.0035519197102298577,-0.0025801559720064846,0.006132075682236342,0.03802497271449101
2023-02-23,-0.0010078472111358584,-0.0009707560838379251,-3.7091127297933426e-05,0.036979329153634444
2023-02-24,-0.003934905863945501,-0.0031645309996125495,-0.0007703748643329519,0.03290693061757266
2023-02-27,-0.0018750005670084375,-0.0033769687798638924,0.0015019682128554546,0.030972044060555204
2023-02-28,0.0038988184595560357,-0.01067952240888716,0.014578340868443196,0.03499946288298972
2023-03-01,0.0046569122305653785,-0.004115807327133994,0.008772719557699375,0.039830604911507805
2023-03-02,-0.0005353230844783066,0.006600023580013638,-0.007135346664491944,0.03927410855071556
2023-03-03,-0.004975552983794765,0.005337020739230683,-0.010312573723025447,0.034115988051109714
2023-03-06,-0.0022827394062883985,0.0007334490965295783,-0.003016188502817977,0.031758063022611305
2023-03-07,0.0019190236414366388,-0.008148984627359482,0.01006800826879612,0.03373993215644444
2023-03-08,0.022243345240799624,0.027701165732710968,-0.005457820491911343,0.05699140293994742
2023-03-09,0.002817333849537446,-0.00691304351029899,0.009730377359836435,0.05997349940627883
2023-03-10,0.000766293240469583,-0.016531456760504878,0.017297750000974457,0.060786061224503474
2023-03-13,-0.002147829946708757,0.009499217541872721,-0.011647047488581478,0.05851011819939078
2023-03-14,0.0025983488571819516,0.013081098605279937,-0.010482749748097986,0.06126407307365511
2023-03-15,-0.005976895470416073,0.0009375435654462513,-0.006914439035862323,0.05493992684943927
2023-03-16,0.0016587142353721427,0.007893667574743987,-0.006234953339371843,0.056691222771771965
2023-03-17,-0.0005199048160730796,-0.008257648358808295,0.007737743542735214,0.05614198670356085
2023-03-20,-0.008784457440743514,0.005072917132273275,-0.013857374573016789,0.04690498280281452
2023-03-21,0.00602300375314854,-0.01215677199455694,0.018179775747705483,0.05322952268778258
2023-03-22,0.005079930789046525,-0.015528515116680056,0.02060844590572658,0.058593468469656296
2023-03-23,0.0016172974976846272,-0.009476329491290077,0.011093626988974703,0.06030691423957424
2023-03-24,-0.012111288752069006,0.014230177913263847,-0.026341466665332852,0.04754268270690032
2023-03-27,-0.005658716202879234,-0.001371644722145379,-0.004287071480733855,0.04163167608259366
2023-03-28,0.000579120288275806,0.004681435315695353,-0.004102315027419547,0.04223508082422356
2023-03-29,-0.002142785318226633,0.010061434653532406,-0.01220421997175904,0.040004185813032445
2023-03-30,-0.0025734027335789183,0.0022770708469928127,-0.004850473580571731,0.03733127690895732
2023-03-31,-0.00021835091525985485,0.008418811272147022,-0.008637162187406879,0.03710479940190181
2023-04-03,-0.0008181784106314144,-0.004256491162371694,0.003438312751740279,0.036256609678045004
2023-04-04,-0.0038619300408145804,-0.0024806795297884596,-0.001381250511026121,0.03226237683537159
2023-04-05,-0.009950383289903617,0.008754490726842775,-0.018704874016746392,0.022041903670201535
2023-04-06,0.0010234500107297873,0.003579018089470905,-0.002555568078741118,0.02308844791899034
2023-04-10,0.002259653167151116,0.0020249860322342013,0.00023466713491691448,0.025402886900493638
2023-04-11,0.012807384704012962,0.02170740712194813,-0.00890002241793517,0.03862007428494718
2023-04-12,0.0018245919665508105,-0.00017297771880202565,0.001997569685352836,0.04051686203440896
2023-04-13,0.0025442853624714837,0.0010818657163350345,0.001462419646136449,0.043167604548636884
2023-04-14,0.00622603619149536,-0.004625750954176026,0.010851787145671386,0.049682664261589515
2023-04-17,-0.0034669378634484653,0.0011033368502029201,-0.004570274713651385,0.0460497808176723
2023-04-18,-0.0008097922089911548,-0.0062093073166245,0.0053995151076333455,0.04520304074297865
2023-04-19,-0.003941543843149936,0.002439598951343428,-0.0063811427944933646,0.04109143549215499
2023-04-20,-0.0010173045422055865,-0.003057162360517078,0.0020398578183114914,0.04003286698054853
2023-04-21,-2.1687119202424133e-05,0.0013796953857600513,-0.0014013825049624755,0.0400103119083659
2023-04-24,-0.0013097367946723999,0.004019014474051957,-0.005328751268724357,0.03864906376899979
2023-04-25,0.0007674145375720994,-0.0006861002166434409,0.0014535147542155402,0.039446444081460585
2023-04-26,0.00030295657268445027,-0.014755309890840063,0.015058266463524515,0.03976139892005892
2023-04-27,0.00032986920966129266,0.009116880356323638,-0.008787011146662346,0.040104440767317895
2023-04-28,0.005869992389346046,0.0017824499612106868,0.00408754242813536,0.046227800373279004
2023-05-01,-0.001204551012378871,-0.0002795812455841102,-0.0009249697667947612,0.044968324321023045
2023-05-02,-0.0026570821463204647,-0.011391707908239328,0.008734625761918864,0.042195443160909285
2023-05-03,-0.0018900054795363975,-0.004002528946547602,0.002112523467011204,0.04022754831440545
2023-05-04,0.006483243580273787,0.006357386072636274,0.00012585750763751367,0.04699350586533724
2023-05-05,9.796584076930703e-05,0.0060413866342840725,-0.005943420793514765,0.04709608048874192
2023-05-08,0.006509172629031593,0.0014171679807873164,0.0050920046482442775,0.053934040222698654
2023-05-09,0.010198388717588349,0.00802334102123137,0.0021750476963569763,0.06473746437112649
2023-05-10,-0.0020829830012499663,0.00717302427088441,-0.009256007272134376,0.06252194258022437
2023-05-11,-0.001717052357135741,-0.012324428171149458,0.010607375814013716,0.0606991021782648
2023-05-12,-0.0038893211894517306,0.0017495526830923753,-0.005638873872544106,0.05658171479577301
2023-05-15,-0.00010824951554647827,-0.010393648256323888,0.010285398740777408,0.056467346527277584
2023-05-16,-0.005707083053140162,-0.022603782273908045,0.016896699220767884,0.050455171945982924
2023-05-17,0.0004792847214522746,-0.0026696237493099885,0.003148908470762263,0.05095875973179287
2023-05-18,-0.004749081007801386,-0.007562263107264891,0.002813182099463505,0.04597950424820496
2023-05-19,-0.002581932636334178,-0.0019296639883821956,-0.0006522686479519823,0.043282339077000076
2023-05-22,-0.00346274670394356,-0.0019488275454358352,-0.0015139191585077255,0.03967596418102448
2023-05-23,0.004756539517773457,0.0011589287466683288,0.003597610771105128,0.04463300382185742
2023-05-24,-0.002210873079472921,-0.008033561877562538,0.0058226887980896164,0.04232600401737008
2023-05-25,0.0038010476646943877,-0.01091266884321656,0.014713716507910946,0.046295474134120385
2023-05-26,0.0003154960069933076,-0.00010694997213197692,0.00042244597912528435,0.046625628256759866
2023-05-30,-0.002753465839024174,-0.0033636384099898597,0.0006101725709656855,0.043747744239014175
2023-05-31,0.0026598247623098197,0.011303873571236142,-0.008644048808926323,0.046527625694617436
2023-06-01,0.008396742834975074,-0.0021201856534918597,0.010516928488466935,0.055352045381366066
2023-06-02,-0.0052823746191301155,0.005229018689177658,-0.010511393308307772,0.04979197862910523
2023-06-05,0.0008859951425851174,0.004921165545688869,-0.004035170403103752,0.05072250138134393
2023-06-06,0.0031850888094763843,-0.001050864027746231,0.004235952837222615,0.05407448120531155
2023-06-07,-0.00036892664972849247,0.014706806551806676,-0.015075733201535168,0.053685676762966095
2023-06-08,-0.0002502736894500991,0.009922271833994044,-0.010172545523444144,0.053421999958181754
2023-06-09,-0.002362039418017447,-0.005782244354878861,0.0034202049368614144,0.050936712000034134
2023-06-12,-0.0011050988657344684,-0.0016797171907183888,0.0005746183249839205,0.04977596452013566
2023-06-13,0.004918130137407563,0.003899731301653416,0.001018398835754148,0.054951616160538785
2023-06-14,0.00010669326079311805,0.0033796076572763316,-0.0032729143964832135,0.05506417839315492
2023-06-15,0.0012654471860953443,0.010262073088184612,-0.008996625902089269,0.05640015151228406
2023-06-16,0.004770284261633858,0.004204413467375207,0.0005658707942586526,0.061451519179963165
2023-06-20,0.00015018461799166222,-0.010212248965027796,0.010362433583019456,0.06161094484222929
2023-06-21,0.004289119360385171,0.010511371075430416,-0.006222251715045245,0.06617409986169642
2023-06-22,0.0006452846422517339,-0.0041813439306020725,0.0048266285728538055,0.06686230765538337
2023-06-23,-0.005758148793456128,-0.020317345868132185,0.014559197074676055,0.060736808438622614
2023-06-26,-0.0009603285499825104,0.011990409866639493,-0.012950738416622002,0.05971864156306994
2023-06-27,0.0013838865292933043,0.004501333537853652,-0.003117447008560348,0.06118618714003454
2023-06-28,0.004502753532312764,-0.01123738061728169,0.015740134149594454,0.06597522082039631
2023-06-29,0.0007899827583945195,0.004937545036185133,-0.004147562277790613,0.06681765557637465
2023-06-30,-0.00022265069748041762,0.009052706894320153,-0.00927535759180057,0.06658015432216735
2023-07-03,-0.0027178699048793905,0.004471223962585702,-0.0071890938674650925,0.06368526396927932
2023-07-05,0.004507230343982837,0.008504550736595708,-0.003997320392612871,0.06849035916825907
2023-07-06,-0.004561142118517477,-0.007056161641761394,0.002495019523243918,0.06362792035491438
2023-07-07,0.0028784143775700127,-0.003369665216472453,0.006248079594042465,0.06669389270582982
2023-07-10,-0.0005844033584193266,-0.003342898649340982,0.0027584952909216554,0.06607069532958354
2023-07-11,-0.004802396936558671,0.008114565121841773,-0.012916962058400448,0.060963274435446246
2023-07-12,0.0021445216420273626,0.012372661506389961,-0.0102281398643626,0.06324097455454569
2023-07-13,-0.0006966476105824272,0.0018835104592634935,-0.002580158069845921,0.06250052821518137
2023-07-14,-0.003072614012391242,-0.00514482721626364,0.002072213203872397,0.05924088458187837
2023-07-17,0.0023778330205752114,-0.008962825926118018,0.01134065894669323,0.061762579430462594
2023-07-18,-0.003260811994392117,-0.007155512403635565,0.0038947004092434482,0.058306009950646276
2023-07-19,-0.0027391693540520174,0.01109252461856086,-0.013831693972612878,0.05541109719918191
2023-07-20,-0.005774330072127335,0.009855472022823313,-0.01562980209495065,0.049334366571007315
2023-07-21,-0.0012624665662307848,0.007720316752405331,-0.008982783318636115,0.04801045289063355
2023-07-24,0.0020918164617579073,-0.00024086104808069392,0.002332677509838601,0.050204992895318545
2023-07-25,-0.001881595122947418,0.0017307928908855917,-0.0036123880138330096,0.048230790210119334
2023-07-26,-0.0018723921732696047,0.000406181868030641,-0.0022785740413002456,0.0462699274077063
2023-07-27,0.00885344786232028,-0.011388669903922084,0.02024211776624236,0.055574150110477394
2023-07-28,0.006875159537073074,0.004840003024531382,0.0020351565125416925,0.06285639541017751
2023-07-31,0.0030341257855684522,0.001835415033000836,0.0011987107525676156,0.06608613264263208
2023-08-01,0.0021408517808736032,-0.008513991760519105,0.010654843541392709,0.06837090985030025
2023-08-02,0.0013503141168359786,0.0012164779591037319,0.00013383615773224667,0.06981452061653615
2023-08-03,0.007619403885646866,-0.014610403941782734,0.0222298078274296,0.0779970027636323
2023-08-04,0.0027589747984695418,-0.009090344599108712,0.011849319397578256,0.08097527592818166
2023-08-07,0.0008696945128224779,0.0016863313409943483,-0.0008166368281718703,0.08191580312054025
2023-08-08,0.0011822964214859909,-0.0003865292435457639,0.0015688256650317547,0.08319570476539617
2023-08-09,0.013109107491241745,0.011926492537485824,0.0011826149537559226,0.09748891461684539
2023-08-10,-0.001040519375516153,-0.0023535996562137813,0.0013130802806976284,0.0963475500457256
2023-08-11,-0.006969807187800126,-0.001732109189786682,-0.005237697998013444,0.08873278655369132
2023-08-14,0.0035430787615099825,-0.004465502679956258,0.008008581441466241,0.09259709429751872
2023-08-15,0.0033353040295708287,-0.01346288184966339,0.01679818587923422,0.09624732171409511
2023-08-16,-0.0038846891175146523,0.0026254420306060225,-0.006510131148120676,0.0919970026025887
2023-08-17,-0.0005129032721988345,-0.005519872427203667,0.005006969155004831,0.09143705737786689
2023-08-18,-0.003386381203319199,0.003905702002022062,-0.007292083205341261,0.08774728645366814
2023-08-21,0.007583954580824868,0.0008259372387330272,0.00675801734209184,0.09602807333532337
2023-08-22,-0.0033725902198844977,-0.0011780175974951197,-0.0021945726223893784,0.09233784608447348
2023-08-23,0.0021197535110447857,0.00586334894301198,-0.0037435954319671953,0.09465578893476079
2023-08-24,-0.001610904406325469,-0.006004620380136435,0.004393715973810965,0.09289382266159985
2023-08-25,0.0015502299480423577,0.006714092071606219,-0.005163862123563861,0.0945893733026475
2023-08-28,0.0021246224886107353,0.0021103456798655584,1.4276808745177188e-05,0.09691743475107151
2023-08-29,-0.0026353692887716267,0.0032446981441708765,-0.005880067432942504,0.09403045802698728
2023-08-30,0.008019157865489608,0.0037703509494327538,0.0042488069160568544,0.10283893204767347
2023-08-31,0.0064390221170940645,-0.005028698609029544,0.011467720726123606,0.1099630478780187
2023-09-01,0.0022960819584957413,-0.002788936517251806,0.0050850184757475474,0.11251454210582557
2023-09-05,0.000879384778583864,-0.013120799106898649,0.014000183885482511,0.11349330074975894
2023-09-06,-0.006509744189677022,-0.0011506812250684155,-0.005359062964608606,0.1062682862175246
2023-09-07,-0.003544578100876347,0.00977395488459067,-0.013318532985467018,0.10235397326877882
2023-09-08,0.008397325014856016,0.014310635891395987,-0.005913310876539969,0.11164977316580682
2023-09-11,0.009795795584711277,0.010555435389170382,-0.0007596398044591043,0.12259277731616125
2023-09-12,0.0012502927718959006,0.0026999621140381506,-0.0014496693421422503,0.12399722475370556
2023-09-13,-0.0072253656616552645,0.0047746011808817565,-0.01199996684253702,0.11590520291478756
2023-09-14,-0.0038627372978656317,0.008428574265065608,-0.012291311562931239,0.11160306862315128
2023-09-15,0.0032505530575515163,0.001259610338756186,0.0019909427187953304,0.11522227239685723
2023-09-18,0.006295937232534038,0.006158770140833589,0.00013716709170044877,0.12226579133436899
2023-09-19,-0.00773925041222748,-0.010103285355254212,0.0023640349430267323,0.11361381842344986
2023-09-20,-0.0069026493888041905,-0.006487711577964685,-0.0004149378108395051,0.10595340168183842
2023-09-21,0.0022083992999025652,-0.006217877423265937,0.008426276723168502,0.10839848726875756
2023-09-22,0.005532913251788774,0.0009742801533357505,0.004558633098453023,0.11454815705357468
2023-09-25,0.0076278776130675454,0.0031688872757957742,0.004458990337271772,0.12308230131387599
2023-09-26,-0.0026864053531291156,-0.029951797914876104,0.027265392561746992,0.12006929589657744
2023-09-27,0.003403997449170609,-0.0041049903309970225,0.007508987780167632,0.12388850552479225
2023-09-28,0.0004113442942832741,-0.01417340522296226,0.014584749517245532,0.12435090574527652
2023-09-29,0.0014573655905919974,0.0030201966091060522,-0.0015628310185140546,0.12599069065988577
2023-10-02,0.017615628883133786,-0.014179731183062753,0.03179536006619654,0.14600145846231194
2023-10-03,-0.013173962275240404,0.0017320882180424657,-0.01490605049328287,0.131003089372834
2023-10-04,-0.009850927822620256,-0.005362536272338748,-0.004488391550281507,0.11991635653006072
2023-10-05,0.003299927583988452,0.0026339066113494217,0.0006660209726390303,0.1236181037965034
2023-10-06,-0.010008214066580659,0.0013662781842241427,-0.0113744922508048,0.11242877925969608
2023-10-09,-0.007625506267950951,0.00035899368504460887,-0.00798449995299556,0.10397820752353093
2023-10-10,-0.002443216295006915,0.006004770200143148,-0.008447986495150063,0.10128424228754995
2023-10-11,-0.0009481884024078345,0.01318819848306499,-0.014136386885472824,0.10024051224581698
2023-10-12,-0.004807832404111698,-0.014622571796565386,0.009814739392453689,0.09496343607271207
2023-10-13,-0.006005444619443464,0.0024436789776787348,-0.0084491235971222,0.0884073994582768
2023-10-16,1.6598545794086622e-05,0.009109557322159536,-0.00909295877636545,0.08842546558827458
2023-10-17,0.004969239030285497,0.0032350315722998154,0.0017342074579856804,0.09384757260886079
2023-10-18,-0.00679841737519266,-0.011580153063314088,0.004781735688121428,0.08643636106464614
2023-10-19,0.001214321582449432,-0.006876378102318948,0.00809069968476838,0.08775644552715778
2023-10-20,0.0012669641348821733,-0.006611753587425681,0.007878717722307853,0.08913546733224464
2023-10-23,0.004958341747715334,-0.005088365434678631,0.010046707182393963,0.09454918362517262
2023-10-24,0.0022761170031027882,0.019546550910786695,-0.01727043390768391,0.09704334305530526
2023-10-25,-0.0032150115255146538,0.001497534729785248,-0.0047125462552999025,0.09352199967630548
2023-10-26,0.0006786343379101703,0.005379090180828758,-0.004700455842918587,0.09426435311932391
2023-10-27,-0.002845814960075344,-0.018371694019275485,0.015525879059200142,0.09115470609162091
2023-10-30,-0.002176982106207289,0.005109629356430253,-0.007286611462637541,0.08878186557415302
2023-10-31,-0.0038990652441938185,0.004111618570578285,-0.008010683814772102,0.0845448995149145
2023-11-01,-0.004741467410834372,0.0013210523264946062,-0.006062519737328978,0.07941473707842817
2023-11-02,-0.013780613128734954,-0.0008882064620661909,-0.012892406666668764,0.0646417642808148
2023-11-03,-0.0011496960809676828,0.001096500830688997,-0.0022461969116566796,0.06341845316952965
2023-11-06,0.00498105820160358,-0.0004429455842297077,0.0054240037858332875,0.06872861651459283
2023-11-07,-0.0004190934316246663,-0.0009419452584532406,0.0005228518268285739,0.06828081321348756
2023-11-08,0.02525473015051294,0.02436678471596044,0.0008879454345525027,0.09560351846064075
2023-11-09,0.005915896955751828,-0.002798687764824721,0.008714584720576547,0.10210420571903933
2023-11-10,0.0002396191307323982,0.005169777893670839,-0.004930158762938441,0.10236832261325679
2023-11-13,0.0039426190799415695,-0.006272829121807544,0.010215448201749112,0.10672312000776163
2023-11-14,0.004806115136275506,0.029929363425014684,-0.025123248288739172,0.11205496120460556
2023-11-15,-0.0013549032908519148,-0.0026505731342456964,0.0012956698433937816,0.11054925455185405
2023-11-16,0.0020224982250094236,0.005667326331294603,-0.0036448281062851796,0.11279761133035904
2023-11-17,0.004328189031864244,0.0034768199983189413,0.0008513690335453033,0.11762444794186377
2023-11-20,-0.005903319458040529,-0.006626068908882343,0.0007227494508418133,0.11104618967545687
2023-11-21,-0.010586404790556997,-0.008817679523291579,-0.001768725267265418,0.09934624441825846
2023-11-22,0.005948443397095498,0.008777487653781958,-0.0028290442566864596,0.10590513157153048
2023-11-24,-0.000999970541071559,0.002295045578416581,-0.0032950161194881403,0.1047998117544715
2023-11-27,0.006260209176048356,0.006115853278316189,0.00014435589773216826,0.1117377835928246
2023-11-28,-0.0027501324101054624,0.0011630920222250344,-0.003913224432330497,0.10868455779459207
2023-11-29,0.0034213798791082614,-0.0059147862667579066,0.009336166145866168,0.11248428528191123
2023-11-30,0.008962054714921232,0.011053035511754874,-0.0020909807968336443,0.12249924057271011
2023-12-01,0.007830717025844267,0.01495581603427229,-0.007125099008428023,0.13132372039641904
2023-12-04,0.0048057672421031525,0.0013174218475900446,0.003488345394513108,0.13677368401133383
2023-12-05,0.0037897275163102477,-0.003585464190687165,0.007375191706997413,0.14108992003483523
2023-12-06,-0.010301083752939526,-0.0007073962874410923,-0.009593687465498433,0.12939579170401205
2023-12-07,0.003497014491206578,0.003843208004892985,-0.00034619351368640717,0.13335221896367422
2023-12-08,0.0031536672863624587,0.0036758957633161236,-0.000522228476953665,0.13693207665359886
2023-12-11,0.0019138692517809309,0.005740315667401904,-0.003826446415620973,0.13911009955717968
2023-12-12,0.006552255949754944,0.003356806528576664,0.003195449421178279,0.14659834614810108
2023-12-13,-0.005299670831969151,0.029321683646394946,-0.0346213544783641,0.14053782590311936
2023-12-14,0.015648548400051136,-0.010888516611728712,0.02653706501177985,0.15852596432919697
2023-12-15,0.015383612239552555,-0.007285583734444774,0.022669195973997327,0.17648606998939687
2023-12-18,0.006917198114548571,1.891320423730292e-05,0.006898284910311268,0.18465226825908054
2023-12-19,-0.0024353865191922845,0.0056788447811281575,-0.008114231300320442,0.18177069239478327
2023-12-20,0.00025733644009498426,-0.014680056256215237,0.014937392696310222,0.18207484419076447
2023-12-21,0.0006876303848866584,0.0024998720902812657,-0.001812241705394607,0.18288795429840943
2023-12-22,-0.002292579777297595,0.002647581279154869,-0.0049401610564524644,0.18017919550481043
2023-12-26,0.006465552921050796,0.010993293719444512,-0.0045277407983937154,0.18783442753572022
2023-12-27,-0.000433514497593397,-0.0006049277011191542,0.00017141320352575705,0.18731959569223977
2023-12-28,0.0022325261073706773,0.009170589771937167,-0.00693806366456649,0.18997327879361658
2023-12-29,6.278971556374947e-05,-0.0006370935970466858,0.0006998833126104351,0.1900479992231332
2024-01-02,0.0037939708033559944,0.010069695652815154,-0.00627572484945916,0.19457158233178107
2024-01-03,-0.001877007676046156,-0.0007543794514797337,-0.0011226282245664224,0.19233146531826284
2024-01-04,-0.0005150676192822442,-0.0017569216330410378,0.0012418540137587935,0.19171749212145617
2024-01-05,0.0016900302209207835,0.0039748724601493726,-0.0022848422392285892,0.19373323355012695
2024-01-08,0.00043858568562890664,0.0021695376530121617,-0.0017309519673832552,0.1942569026873211
2024-01-09,-0.009854816921997453,-0.000849134348696472,-0.00900568257330098,0.18254552109569078
2024-01-10,-0.0026140881647361645,-0.002861339073938829,0.00024725090920266494,0.1794582797632911
2024-01-11,0.005717683385610797,-0.015059558766816201,0.020777242152426996,0.1862213649385518
2024-01-12,0.0012114918957795689,0.0037848958070391217,-0.0025734039112595523,0.1876593333764529
2024-01-16,-0.0002718947153789971,-0.006980682461376425,0.006708787745997429,0.18733645897594808
2024-01-17,0.00038386557655818807,-0.009977076872153181,0.010360942448711368,0.1877923240602004
2024-01-18,0.0021804372511389928,-0.007235137551058479,0.009415574802197473,0.19038505630796565
2024-01-19,-0.003763453656807299,-0.001867607687798052,-0.0018958459690092471,0.18591351680838586
2024-01-22,-0.00023419143715886696,-0.005293159705363607,0.00505896826820474,0.18563581853608646
2024-01-23,-0.0008381230671905841,-0.0014919642020241783,0.0006538411348335942,0.18464252611607357
2024-01-24,-0.001383998247478042,-0.012647615899904797,0.011263617652426755,0.1830041169752552
2024-01-25,-0.003235907991170849,0.01321565556384438,-0.01645156355501523,0.17918221150174096
2024-01-26,0.00015732309077641005,0.002463766931506001,-0.002306443840729591,0.1793677386853152
2024-01-29,-0.0033171690128664744,0.002461405203948005,-0.0057785742168144786,0.1754620580505435
2024-01-30,0.0019670879334204197,0.0016800616936908206,0.00028702623972959936,0.17777657096001498
2024-01-31,0.004790489837800458,0.0015338603104780978,0.0032566295273223603,0.18343223353556382
2024-02-01,-0.006628440450159221,0.005814103543501469,-0.01244254399366069,0.1756138638734175
2024-02-02,0.005824134252841021,-0.006292853073026959,0.012116987325867981,0.1824807743395811
2024-02-05,0.014885896517340742,-0.004373562446661372,0.019259458964002114,0.20021472619536507
2024-02-06,-0.0010257273413843949,0.0009480722216298052,-0.0019737995630142004,0.19898426430225968
2024-02-07,-0.00023514869518980353,0.001365869327189626,-0.0016010180223794295,0.19870235786322055
2024-02-08,0.006701827292377806,-0.0024240109269227242,0.00912583821930053,0.20676283383017435
2024-02-09,-0.008819784801678596,0.0008940996560488268,-0.009713884457727421,0.19616624384186543
2024-02-12,-0.005179979741845656,0.004441882870581258,-0.009621862612426915,0.18998614713753859
2024-02-13,-0.0005033777737256453,-0.00503559049627589,0.004532212722550244,0.18938728529954285
2024-02-14,0.00042411535846211977,0.0021817526546065525,-0.0017576372961444322,0.1898918296993497
2024-02-15,-0.010557380719440092,0.006955871683520566,-0.017513252402960658,0.1773957675466742
2024-02-16,-0.001036151792741366,0.00010619790759142008,-0.001142349700332786,0.1761764386253788
2024-02-20,-0.0008496883382340119,-0.0007864651653254006,-6.322317290861131e-05,0.1751774796837562
2024-02-21,-0.012072396849960785,0.005250170031207902,-0.017322566881168684,0.16107556401164635
2024-02-22,-0.002465620612771768,-0.005733851420811725,0.0032682308080399566,0.15821631852385343
2024-02-23,-0.00582414964867641,0.002451307792122059,-0.008275457440798469,0.1514902990438345
2024-02-26,0.009691907324745702,-0.007192939121731537,0.01688484644647724,0.1627046929573699
2024-02-27,-0.017790568707729673,0.0039028979845989616,-0.021693466692328633,0.14220242944609685
2024-02-28,-0.003324179876131792,0.00016350298633061684,-0.0034876828624624094,0.1384118468953286
2024-02-29,-0.00767644395998542,0.00012125942290381906,-0.007797703382889239,0.12970634853401797
2024-03-01,-0.0006462663422829636,0.0,-0.0006462663422829636,0.1289764932101649
2024-03-04,0.000687415902388596,0.009223397147986062,-0.008535981245597467,0.12975283640977997
2024-03-05,-0.005794833375105159,-0.0030221664744902194,-0.002772666900614939,0.12322503898392134
2024-03-06,0.0007224926061185661,0.006384057968212495,-0.005661565362093929,0.12403685399945408
2024-03-07,0.002127490184873809,0.004844827038602721,-0.0027173368537289112,0.12643077699466154
2024-03-08,0.008272875339917588,0.005738180232792399,0.002534695107125188,0.1357882516332758
2024-03-11,0.0026275635842184447,0.00014783648560886902,0.002479727098609576,0.13877653171132742
2024-03-12,-0.005521665127604337,-0.004451971645365983,-0.0010696934822383552,0.1325059170970091
2024-03-13,0.0019202336803298232,0.0035059840247797483,-0.0015857503444499249,0.13468268238233394
2024-03-14,-0.005584826133772094,-0.005155164211567427,-0.00042966192220466725,0.12836333952496126
2024-03-15,0.004146158133687658,0.001533697831935368,0.00261246030175229,0.13305142441761753
2024-03-18,0.0005676856947649323,0.0031231842120070827,-0.0025554985172421504,0.13369482410981415
2024-03-19,-0.0017309704667721338,0.0027255566318823313,-0.004456527098654465,0.13173412929292128
2024-03-20,-0.005037353914912314,-0.0016806667361074354,-0.0033566871788048794,0.12604751870591513
2024-03-21,-0.0018849892123190613,0.0021178098905464716,-0.004002799102865533,0.12392693055139659
2024-03-22,-0.002845205772474288,-0.0030303815250685238,0.00018517575259423573,0.12073367205367869
2024-03-25,-0.0061287933276543485,-0.002417278666675217,-0.003711514660979132,0.1138859326267867
2024-03-26,-0.0026684617131771866,-0.010187780894024523,0.007519319180847337,0.11091753295458329
2024-03-27,0.010394202790620097,0.017558360887878766,-0.0071641580972586685,0.12252485500150345
2024-03-28,0.002035312145684714,0.006623605722981445,-0.004588293577296731,0.12481187007800654
2024-04-01,0.0031029319116232705,-0.0011964740785342443,0.004299405990157515,0.1283075052785334
2024-04-02,-0.010524757299023791,-0.005840166627196612,-0.004684590671827178,0.11649461556853158
2024-04-03,0.013432570996428186,0.005521505161371381,0.007911065835056805,0.13159318805882214
2024-04-04,-0.0003063926214326839,-0.00340695886424679,0.0031005662428141055,0.1312465293650824
2024-04-05,0.0078085905334277705,0.006537188501217268,0.0012714020322105012,0.14011454861092054
2024-04-08,-0.00445710941448717,0.003761399000037746,-0.008218508414524917,0.13504424117403557
2024-04-09,-0.005296584046619493,0.0010936491767466533,-0.006390233223366148,0.12904827703548571
2024-04-10,0.010951575349446371,-0.011753960862509646,0.022705536211956017,0.14148108949321392
2024-04-11,0.011069042399640005,0.005010678203914445,0.00605836419572556,0.15418638004644958
2024-04-12,0.0019175276730753884,-0.003091623294872767,0.005009150967948156,0.1564016876480998
2024-04-15,-0.0003697517013228666,-0.007828248652774369,0.0074584969514515,0.15597418519642914
2024-04-16,0.013707119807663547,-0.003925795224441468,0.01763291503210502,0.171928354910172
2024-04-17,-0.013780118933616296,0.008588858600303666,-0.022368977533919962,0.15588980317123036
2024-04-18,-0.012302766334515537,-0.0041386916395491705,-0.008164074694966366,0.14175627999900486
2024-04-19,-0.009177011913352125,0.010766301527791006,-0.019943313441143126,0.1313263002384093
2024-04-22,-0.001772909249257038,0.006803463242565281,-0.00857637249182232,0.129322338323002
2024-04-23,0.0042074058037011915,0.0028737229648420756,0.0013336828388591164,0.13408386549789797
2024-04-24,-0.0003835874842571973,0.006312937455492154,-0.006696524939749352,0.13364892854451393
2024-04-25,-0.001656468204335727,0.0019936092858954466,-0.003650077490231174,0.13177262958331548
2024-04-26,0.006032823880990652,-0.006966406151899994,0.012999230032890646,0.13862105142166437
2024-04-29,-0.004810919218429152,0.009781171746749404,-0.014592090965178557,0.13315639307772664
2024-04-30,0.0011767489751869182,-0.003010397391010368,0.004187146366197285,0.13449061857228628
2024-05-01,-0.0005934335524673149,0.006549056192891745,-0.007142489745359061,0.13381757349778267
2024-05-02,-0.009651098736637812,0.0009869133119026633,-0.010638012048540474,0.12292762266936252
2024-05-03,-0.004705698428520537,0.00036322459194970983,-0.005068923020470247,0.11765587726999294
2024-05-06,-0.003674739566232356,0.0013608566640034468,-0.0050355962302358025,0.11355632001225491
2024-05-07,0.009783887298920019,0.00782839652262381,0.001955490776296206,0.12450470107596368
2024-05-08,-0.015742834008610155,0.005704551219423077,-0.02144738522803323,0.10694042869195797
2024-05-09,-0.010325374234165258,0.009295538799690717,-0.019620913033855977,0.09556965925846028
2024-05-10,-0.0018527072859153202,3.56165382230148e-05,-0.0018883238241383347,0.09354176849258833
2024-05-13,0.006228196485861957,0.000491079533655118,0.005737116952206838,0.10037381507168264
2024-05-14,-0.0011638396232452207,0.000908394598748602,-0.002072234221993823,0.09909390137692964
2024-05-15,-0.00914766469500405,0.007886810940973859,-0.01703447563597791,0.08908560495960383
2024-05-16,0.006746508877645562,0.0022398832397826996,0.004506625637862863,0.09645797156737856
2024-05-17,0.0009643092106104421,0.0016923175624837191,-0.0007280083518732769,0.09751580604620114
2024-05-20,0.005168899048600737,-0.0009255510281292651,0.006094450076730002,0.10320344119456593
2024-05-21,-0.0030321147421726704,0.006618771714838417,-0.009650886457011088,0.09986346792689371
2024-05-22,0.003618183738030259,-0.010901583924637375,0.014519767662667634,0.10385018402702295
2024-05-23,-0.0047419915367200695,-0.01871799463281726,0.01397600309609719,0.09862812705700907
2024-05-24,-0.014609190973238649,0.0004801256588509717,-0.015089316632089622,0.08269472935093636
2024-05-28,0.0005218502659374738,-0.0025476672568530818,0.0030695175227905555,0.08325988133290774
2024-05-29,0.004949332714153889,-0.008131887493562296,0.013081220207716184,0.08863458452718453
2024-05-30,-0.00041741522554444854,0.012515175847019014,-0.012932591072563462,0.0881802667027336
2024-05-31,-0.009816031164931462,0.008743867073217351,-0.018559898238148815,0.07755090969026446
2024-06-03,-0.013895753561018055,-0.01575743087010885,0.001861677309090793,0.06268108080818324
2024-06-04,-0.008079230079264303,-0.005792525739189175,-0.002286704340075128,0.054130025341108334
2024-06-05,0.008418145829457171,-0.0015188292595285377,0.009936975088985712,0.06304130120263585
2024-06-06,-0.010256010656725946,-0.015587884277713,0.005331873620987051,0.05219445604635187
2024-06-07,0.00017766113325450982,-0.007194690967685296,0.0073723521009398055,0.05238140671225899
2024-06-10,0.0006328277175992412,-0.0024630067413660087,0.0030958344589652495,0.05304759360444544
2024-06-11,0.0018229109255496463,0.005411683250211609,-0.003588772324661962,0.05496895627239229
2024-06-12,-0.004485712968445628,-0.011820779417206934,0.007335066448761305,0.05024726633416354
2024-06-13,-0.0005826734412585559,-0.0018797411896212006,0.0012970677483626451,0.04963549339454665
2024-06-14,-0.00013761653875248665,-0.0024506194738116924,0.002313002935059206,0.04949105612970017
2024-06-17,-0.010701937931783824,-0.016795069311940882,0.006093131380157059,0.0383193540439517
2024-06-18,0.0036242593701611005,0.005257536881948152,-0.0016332775117870522,0.042089320233086314
2024-06-20,-0.0032933486342950425,0.0040123363245266955,-0.007305684958821738,0.03866300192071237
2024-06-21,0.000555720690752342,-0.006629210436433761,0.007184931127186102,0.03924036885411519
2024-06-24,-0.0014166930434864888,0.01312660676495003,-0.01454329980843652,0.03776912664841592
2024-06-25,0.008960581901281829,-0.0063513528964427544,0.015311934797724584,0.04710992891499144
2024-06-26,-0.004467730627696226,-0.006962308992486906,0.00249457836479068,0.04244215874917456
2024-06-27,0.0005999475166527635,0.004259568077107856,-0.003659620560455092,0.043067756977857474
2024-06-28,-0.0029430305968128905,-0.0050400508406242585,0.002097020243811368,0.04000248945504237
2024-07-01,-0.003353880453755869,-0.005550474733288867,0.002196594279532998,0.03652028814139441
2024-07-02,0.002594102716183849,0.0029964710715447446,-0.00040236835536089583,0.03921261881759475
2024-07-03,0.0004814958109899504,0.003152899469183869,-0.002671403658193919,0.03971311582421988
2024-07-05,0.0015475235011257016,-0.0013108053187137541,0.0028583288198394557,0.04132334191539422
2024-07-08,-0.002104623312259693,-0.0006953631465109149,-0.0014092601657487774,0.039134053156588466
2024-07-09,0.017161832638018487,0.012074803670155714,0.005087028967862774,0.057121404340508386
2024-07-10,0.00411939868537373,0.0073371523756381625,-0.003217753690264434,0.06148509057472129
2024-07-11,0.0002250731799720634,0.016204273687911774,-0.015979200507939714,0.061724029287889115
2024-07-12,-0.003550154034132418,0.0024990341939404286,-0.006049188228072847,0.05796142830057138
2024-07-15,0.00040277980432703187,-0.01982286170583372,0.020225641510160753,0.05838763962654303
2024-07-16,-0.00373712507159927,0.005539001660230538,-0.009276126731829808,0.054439694220686174
2024-07-17,-0.011982220713013188,-0.0067817886182971,-0.00520043209471609,0.04188055850702965
2024-07-18,-0.002281958275235414,-0.0020604566245250914,-0.00022150165071032284,0.03950574119228811
2024-07-19,-0.0022152995513110385,-0.0019087730223030102,-0.0003065265290080281,0.037205473422042834
2024-07-22,0.0016142477868902774,0.008985208778688011,-0.007370960991797734,0.03888113216240274
2024-07-23,-0.000496030195904718,-0.0045924852726089895,0.004096455076704272,0.03836594353601552
2024-07-24,-0.012442286720874855,-0.004717620440882107,-0.007724666279992749,0.025526339405038012
2024-07-25,-0.0046005324752036465,-0.0043460341652593135,-0.0002544983099443337,0.02081920813372795
2024-07-26,0.006814400588637386,0.011990714674099501,-0.005176314085462115,0.027799234483975033
2024-07-29,-0.0033518766543182655,0.0019853432671791253,-0.005337219921497391,0.02435994548089626
2024-07-30,-0.001959242796719997,0.00245909553035479,-0.0044183383270747865,0.022354940423695346
2024-07-31,0.03195040058074984,0.028629012627397556,0.0033213879533522863,0.05554701680521368
2024-08-01,-0.01832005081212198,-0.006776213394282123,-0.011543837417839858,0.03638539865417423
2024-08-02,-0.012786662154059249,-0.014031166800850686,0.0012445046467914407,0.023217852587590793
2024-08-05,0.011214797615242675,-0.013338182035894881,0.024552979651137556,0.034757620855735416
2024-08-06,0.012761551974358762,0.015446401928086568,-0.0026848499537278038,0.048047352455188985
2024-08-07,-0.0028947794668407506,0.002163634116415766,-0.005058413583256517,0.045017873451354884
2024-08-08,0.02651766815130629,0.02701353910435221,-0.0004958709530459175,0.07310000134359518
2024-08-09,0.0019915129032523067,0.004989408243683692,-0.0029978953404313858,0.07523922327976051
2024-08-12,-0.0051569056624694645,-0.0024734030247495894,-0.002683502637719875,0.0697085887775637
2024-08-13,0.010283084285167958,0.012725601761233626,-0.002442517476065669,0.08076524318204759
2024-08-14,-0.0011965347187793231,0.00041730804186757204,-0.0016138427606468947,0.07947284340052829
2024-08-15,0.005835770081620935,0.005488886656361943,0.00034688342525899206,0.08579081591093618
2024-08-16,-0.003723641024042456,-0.0009383848807698197,-0.0027852561432726367,0.08175523886833824
2024-08-19,-0.0019430407942713232,0.003953023870324559,-0.005896064664595882,0.07965538502129399
2024-08-20,-0.0025263163221020705,-0.0027311082701831605,0.00020479194808108994,0.07693127642870357
2024-08-21,0.0038914079004253384,0.008899403612174495,-0.005007995711749156,0.08113021990819336
2024-08-22,-0.004521317938315467,0.00025122759421326857,-0.004772545532528736,0.07625312021868891
2024-08-23,0.0082524567741033,0.007888655934312315,0.0003638008397909836,0.08517160164794402
2024-08-26,-0.005989954065736582,0.0006784143486066332,-0.006668368414343215,0.07869090252270361
2024-08-27,0.0005748269687947867,-0.004185048852401688,0.004759875821196475,0.07931114139240347
2024-08-28,-0.012088264266973632,-0.009367702000701198,-0.002720562266272432,0.06634268407736799
2024-08-29,0.006188163461750586,0.010414836161829833,-0.004226672700079248,0.07296184601822908
2024-08-30,0.004875745536519738,0.009037917068887125,-0.004162171532367384,0.07820610940744199
2024-09-03,-0.008176315690642245,-0.002842691373342407,-0.005333624317299838,0.06942629804442757
2024-09-04,-0.0019391819664735903,0.003859717680484298,-0.005798899646957888,0.06735449530328252
2024-09-05,-0.0016036422461008595,-0.004182053419115191,0.0025784111730143317,0.06564421225064998
2024-09-06,-0.0017256178323214878,-0.008423282128164577,0.006697664295843089,0.06380690329754812
2024-09-09,-1.5662709560019465e-05,0.005385212725051892,-0.005400875434611912,0.06379024132947997
2024-09-10,-0.026707894220184176,-0.020295158822546247,-0.0064127353976379245,0.035754695771052614
2024-09-11,0.014685055655254624,0.012733714745167952,0.0019513409100866703,0.05107704051086692
2024-09-12,0.006779952274535712,0.005060921436944841,0.0017190308375908717,0.05822750519616604
2024-09-13,0.014301578326370825,0.023401694853257236,-0.009100116526886413,0.07347056887243442
2024-09-16,0.005008407306667628,0.012083166398409685,-0.007074759091742057,0.07886043276324206
2024-09-17,0.008517319047881448,0.0033120950151728033,0.005205224032708645,0.08808867543246235
2024-09-18,0.0003476932592948747,-0.006381031762694759,0.006728725021989633,0.08846706230789647
2024-09-19,0.005596653784911549,-0.0014935671778246282,0.007090220962736177,0.0945759142311473
2024-09-20,0.03401471181207315,0.0458617372573715,-0.011847025445298346,0.1324480519992739
2024-09-23,0.0038519469517032455,0.010067935730566692,-0.006215988778863447,0.13681859396504592
2024-09-24,0.003392044335927078,-0.0034533326824245157,0.006845377018351593,0.14068128053607332
2024-09-25,0.009745958388049836,0.011461578161918132,-0.0017156197738682959,0.1518526623163936
2024-09-26,-0.002929276914810274,-0.0038304086114586172,0.0009011316966483434,0.14848350391151044
2024-09-27,0.004236728188860359,0.01132648760689691,-0.007089759418036553,0.15335963848153833
2024-09-30,0.000507362121808069,0.005849419748464395,-0.0053420576266563265,0.15394495794683305
2024-10-01,0.0031480897701201735,0.006943543233659128,-0.003795453463538953,0.1575834043372657
2024-10-02,0.0026917239135292575,0.00310439703604492,-0.00041267312251566256,0.1607034965982468
2024-10-03,0.008405374230516488,0.006490667242477693,0.0019147069880387938,0.17050076101316125
2024-10-04,0.0014718162144092516,0.0016538332301472172,-0.000182017015737965,0.17222479142893632
2024-10-07,-0.006048275758102939,-0.018834307562706196,0.012786031804603255,0.1651562504306936
2024-10-08,0.0003384357359363832,-0.0021531813571347954,0.002491617093071179,0.165550647679086
2024-10-09,-0.013310199826884452,-0.017756563100319134,0.004446363273434682,0.15013972440203838
2024-10-10,-0.005269699226999389,-0.010952145610106573,0.005682446383107182,0.14409477550555594
2024-10-11,0.01003753422262898,0.014764286850584646,-0.0047267526279556665,0.15563649426293402
2024-10-14,0.006046197444324171,0.01687826614716271,-0.010832068702838541,0.1626448663316411
2024-10-15,-0.0035648105482212903,0.0020980569838193433,-0.005662867532040632,0.15850763625030617
2024-10-16,0.019379531194437853,0.028973878287074546,-0.009594347092636695,0.18117793146062144
2024-10-17,-0.0230580724847416,-0.026556996122207653,0.0034989236374660514,0.1542538467421375
2024-10-18,0.005207623465082879,0.00887920469764341,-0.003671581232560529,0.16028044466570002
2024-10-21,-0.003618359473140394,-0.005081604204468496,0.0014632447313281025,0.15608971927496662
2024-10-22,-0.005828106599156826,-0.007299726509189858,0.0014716199100330324,0.14937150141413502
2024-10-23,0.005177236212509329,0.013832302643426254,-0.008655066430916927,0.1553374995377137
2024-10-24,0.0026066821583818674,-0.0008478640643452975,0.003454546222727165,0.15835302573634902
2024-10-25,-0.006315829069195342,-0.019246444014213007,0.012930614945017661,0.1510601206376554
2024-10-28,0.007877087015016479,0.013237641142781297,-0.005360554127764818,0.16016292609486404
2024-10-29,-2.4148506284770062e-05,-0.01798909111074313,0.01796494260445836,0.1601349102314238
2024-10-30,-0.003285057046181139,-0.0020293676029954637,-0.0012556894431856756,0.15633005387684262
2024-10-31,0.02844143737223811,0.030270203861724798,-0.0018287664894866876,0.1896898948561343
2024-11-01,-0.018123534115291648,-0.027341060112992546,0.0092175259977009,0.1683227186896452
2024-11-04,-0.003785704326272587,-0.003214767016973602,-0.0005709373092989854,0.16390815570640704
2024-11-05,0.010746288597460373,0.020318875673426613,-0.009572587075966242,0.1764832956728024
2024-11-06,-0.007355295457499843,-0.011507325583946891,0.004152030126447048,0.1678616596419238
2024-11-07,0.01345286392329328,0.005386233356727827,0.00806663056656545,0.18367889866340614
2024-11-08,0.0191673023958595,0.034603028895476465,-0.015435726499616968,0.2065856591597155
2024-11-11,-0.007203388972349294,0.0027468526215092665,-0.009950241593858558,0.1979253824468057
2024-11-12,-0.015989466845772807,-0.017054462017412387,0.0010649951716395786,0.17892351397137318
2024-11-13,-0.0011571260315986855,-0.0027422550846543277,0.001585129053055642,0.1775601398340687
2024-11-14,-0.00021861376370881146,-0.007089487858940935,0.006870874095232123,0.17730273711681965
2024-11-15,0.01221240435021579,0.023800959944636317,-0.011588555594420527,0.19176858579241185
2024-11-18,0.003517377549488064,0.009056661234986453,-0.005539283685498389,0.19596786675912292
2024-11-19,0.013856094113768296,0.015207234592919481,-0.0013511404791511858,0.212654649921316
2024-11-20,-0.0022553938790561686,0.00018894926505841992,-0.0024443431441145886,0.20992271799581208
2024-11-21,0.015063509317458116,0.025659647943745104,-0.010596138626286992,0.2282863633644363
2024-11-22,-0.012602280738581842,-0.012969641038671712,0.0003673603000898711,0.21290428201776046
2024-11-25,-0.009505199021996504,-0.007104059566957678,-0.002401139455038827,0.20143000445894366
2024-11-26,0.028467384759636515,0.034250518524613686,-0.0057831337649771695,0.23612304179717425
2024-11-27,-0.011803117597376742,-0.008015267816421682,-0.0037878497809550596,0.22161870276687012
2024-11-29,0.011009711332280356,0.007915901107932818,0.0030938102243475364,0.23514268299421803
2024-12-02,0.00019341723366191532,-0.02096157296079862,0.021154990194460536,0.23538160398011376
2024-12-03,-0.0027448068771725644,-0.0065260803568948055,0.003781273479722241,0.23199536946345178
2024-12-04,0.01162238134193334,0.009238202760677883,0.0023841785812554546,0.246397621571258
2024-12-05,0.007358125160731748,0.005163384440901383,0.0021947407198303647,0.25560259541436237
2024-12-06,-0.003927182362871038,-0.011114634621942322,0.007187452259071284,0.250681284813987
2024-12-09,-0.02171163092303175,-0.030813297459746068,0.009101666536714317,0.223819614883779
2024-12-10,-0.012973421995773815,-0.016366419489748204,0.0033929974939743883,0.20804503297773658
2024-12-11,0.009147143628238638,0.0004836292918097779,0.00866351433642886,0.21914588755856834
2024-12-12,-0.006126532441469192,-0.003878486408362829,-0.002248046033106363,0.2116995840286593
2024-12-13,-0.00030748738921860196,0.0006847210860013492,-0.0009922084752199513,0.21132705896336423
2024-12-16,0.0014102863633580313,-0.004491693082758631,0.005901979446116663,0.21303658217148058
2024-12-17,-0.011105603626864866,-0.012203028869025367,0.0010974252421604995,0.1996396071442983
2024-12-18,-0.008009543920765538,-0.026513422962557646,0.018503879041792112,0.1900694186073011
2024-12-19,0.0020289257468199882,0.01011348350061619,-0.008084557753796202,0.1924864322326596
2024-12-20,0.0011749659302963495,0.01542535180960955,-0.0142503858793132,0.19388838662590913
2024-12-23,0.004337946559042804,0.0056059414660939435,-0.00126799490705114,0.1990786600698513
2024-12-24,0.00033721299628912535,0.006717259589086729,-0.006380046592797604,0.19948307316044245
2024-12-26,-0.0005225397746938328,-0.0013727117482407237,0.0008501719735468909,0.19885645927524132
2024-12-27,-0.0037830501539561265,-0.006169623896140959,0.002386573742184833,0.19432969305295744
2024-12-30,0.0038296969120927673,-0.00039958023779142557,0.004229277149884193,0.198912383346866
2024-12-31,-0.005579762558333111,-0.005425242054880461,-0.00015452050345265137,0.19224136557494775
2025-01-02,0.02218662162443257,0.030713539427433725,-0.008526917803001157,0.2189887939905122
2025-01-03,0.0009999282708345338,0.0038135573605951835,-0.0028136290897606497,0.2202083049575887
2025-01-06,0.005440504720499663,-0.00640600963113808,0.011846514351637744,0.22686494532316837
2025-01-07,0.00028465409250441674,0.0026882702218182777,-0.002403616129313861,0.2272142271606985
2025-01-08,0.0018783873285114438,0.003147401964959058,-0.0012690146364476144,0.22952157718446364
2025-01-10,0.028527686957914945,-0.0032047492576297108,0.031732436215544654,0.265102085645462
2025-01-13,0.0023448759496851167,0.0002446900628697772,0.00210018588681534,0.2680720738661042
2025-01-14,8.84878912643162e-05,0.006084109068555691,-0.005995621177291375,0.2681842878546081
2025-01-15,0.0007336453930298047,0.011009933809015913,-0.01027628841598611,0.26911502678932475
2025-01-16,-0.006935555433277717,0.015163210806860785,-0.022098766240138505,0.2603434621668963
2025-01-17,-0.0007655242295694087,0.00043184575403013795,-0.0011973699835995462,0.25937900791267765
2025-01-21,0.0054045058976240675,0.016991584424189507,-0.01158707852656544,0.26620375476878766
2025-01-22,0.012666074596028469,-0.01354328851227914,0.02620936310830761,0.282343584348423
2025-01-23,0.003719784327582872,-0.00026643025190085305,0.003986214579483725,0.2871225086895768
2025-01-24,0.0020179046689196164,0.006046766747947454,-0.0040288620790278375,0.28972242151522387
2025-01-27,-0.03370523732641273,-0.01712722241609919,-0.01657801491031354,0.24697644947437292
2025-01-28,0.015245834762399933,-0.002400449614107245,0.017646284376507178,0.2661333064540401
2025-01-29,0.004343745500219091,-0.0009698951596419604,0.005313640659861051,0.27164502940118207
2025-01-30,0.0037159136847374546,0.013315570152094076,-0.009599656467356622,0.2763791428992375
2025-01-31,-0.0027621072495885857,-0.0037591752103598073,0.0009970679607712207,0.27285851123484406
2025-02-03,-0.0008293580921906987,0.004755072376157268,-0.005584430468347965,0.27180329336556164
2025-02-04,-0.0031418736638567563,-0.007440981746779974,0.004299108082923217,0.26781371874412674
2025-02-05,0.002481015973139898,0.011765956719487398,-0.0092849407463475,0.2709630900360569
2025-02-06,-0.006049404795131292,-0.003257025293046105,-0.002792379502085188,0.2632977286380911
2025-02-07,-0.009483840971897124,-0.007412193825659879,-0.002071647146237245,0.25137344724930055
2025-02-10,0.005327028551496813,0.007568935132138384,-0.002241906580641571,0.25805733615906257
2025-02-11,-0.004778298422654806,0.002687055113051288,-0.007465353535706096,0.2520603019939507
2025-02-12,0.002050057416524576,0.004195572398908667,-0.002145514982384091,0.2546297303399223
2025-02-13,-0.008708759790257856,-0.000311800116696688,-0.008396959673561168,0.24375090070609629
2025-02-14,0.007159036782617938,-0.00082473140802401,0.007983768190641949,0.25268690758813483
2025-02-18,0.016030281647159736,0.02246730749103993,-0.006437025843880194,0.27292964645575246
2025-02-19,0.00026433788607229704,0.005703965420632405,-0.005439627534560108,0.27326617446420687
2025-02-20,-0.011392296320332515,-0.010631428113114185,-0.0007608682072183326,0.25884306109169586
2025-02-21,-0.030877373441800485,-0.020476781027981387,-0.010400592413819095,0.22056726285051864
2025-02-24,-0.013588191910045911,-0.010666009370516882,-0.0029221825395290284,0.2040941341253566
2025-02-25,-0.0098487752720652,-0.005178605340112452,-0.0046701699319527485,0.19229348793494516
2025-02-26,0.032125229166186486,0.030453657260385025,0.0016715719058014574,0.23121807251295268
2025-02-27,-0.03355995341112301,-0.04286683336023381,0.009306879949110804,0.19058410210259535
2025-02-28,0.010788380349972933,0.02896044470276867,-0.018172064352795742,0.2034981116039074
2025-03-03,-0.01690401831731293,-0.03478490457555379,0.017880886258240865,0.18332513998101518
2025-03-04,0.026341671243371338,0.005139925629721796,0.021201745613649545,0.21491007545088459
2025-03-05,0.011018422226447284,2.0548577830354698e-05,0.01099787364861693,0.22837048770158597
2025-03-06,-0.008689589874676617,-0.059015475546590396,0.05032588567191378,0.21774269440620242
2025-03-07,0.008648523801161543,0.003861265529295877,0.004787258271865668,0.22832004438459585
2025-03-10,-0.016305128924791717,-0.024245687920750363,0.007940558995958647,0.20845452275971965
2025-03-11,0.008548105406198204,0.022985153714946017,-0.014437048308747816,0.2188287964205533
2025-03-12,0.017458346961500917,0.028436030296063227,-0.010977683334562309,0.2402943638857038
2025-03-13,-0.013626626679807474,-0.012830026728330711,-0.0007965999514767631,0.22350796634987535
2025-03-14,-0.003596978371911143,0.036474248700036835,-0.040071227071947976,0.2191149402035779
2025-03-17,0.004858404714043228,0.01430545575241898,-0.00944705103837575,0.2250523053586122
2025-03-18,-0.00504080185401154,-0.011717602647734478,0.006676800793722937,0.21889259740315392
2025-03-19,0.003685392780125056,0.02273226222361054,-0.019046869443485485,0.2233929831321777
2025-03-20,0.0006924480715011611,0.010429821302689548,-0.009737373231188387,0.224240412610629
2025-03-21,-0.008187518444919523,-0.010402489508095678,0.002214971063176155,0.21425784365055245
2025-03-24,0.008754482365935495,0.01639804571123983,-0.007643563345304338,0.22493470955729
2025-03-25,-0.0023102211461468246,-0.020476713724024386,0.01816649257787756,0.22210810578568463
2025-03-26,-0.013471579818399335,-0.024327838223196008,0.010856258404796664,0.20575477878764148
2025-03-27,-0.015451352496768768,-0.018923212253160626,0.0034718597563918614,0.187267431744796
2025-03-28,-0.0019421085755721218,0.005094803855464819,-0.00703691243103694,0.18496386709448376
2025-03-31,-0.012305832288741944,0.0009786025509582654,-0.01328443483970021,0.17047125519200934
2025-04-01,-0.017209129945047977,-0.0015289138150694874,-0.01568021612997849,0.15050079326052535
2025-04-02,-0.019575974762804055,0.004168470847439716,-0.02374444561024377,0.1281976340525517
2025-04-03,0.04213355218957851,-0.005258770139959614,0.04739232232953813,0.17674823030193587
2025-04-04,0.07396593523843743,-0.030181024494293787,0.1041469597327312,0.26708733898149895
2025-04-07,-0.004004711082982506,-0.004991492372276608,0.0009867812892941016,0.2620231673123192
2025-04-08,-0.06017291785093549,-0.07353654357180973,0.013363625720874255,0.18832315948264622
2025-04-09,-0.0039869848330876,0.08783103609610855,-0.09181802092919614,0.18359476535039065
2025-04-10,-0.01684170457068502,-0.03963402018208322,0.022792315611398203,0.1638279327829364
2025-04-11,-0.004590702584496931,0.0184372160612651,-0.023027918645762036,0.15849738971448368
2025-04-14,-0.0150897386112852,0.012484312335347011,-0.02757405094663221,0.14114720104664924
2025-04-15,0.010972805021518475,0.014384257167102905,-0.0034114521455844283,0.15373773720642125
2025-04-16,-0.002531756977208613,-0.004805817408318513,0.002274060431109901,0.15082044813213225
2025-04-17,-0.004293265993939418,0.006028958262164049,-0.010322224256103466,0.14589026071285205
2025-04-21,-0.008907836742585365,-0.05380095284734516,0.04489311610475979,0.13572818559481847
2025-04-22,-0.013588162749868734,0.043509777017069776,-0.05709793976693851,0.12040010225988396
2025-04-23,0.018603376737044482,0.032868231780251056,-0.014264855043206565,0.14143841251299105
2025-04-24,-0.0019741945336672635,0.01833548057873948,-0.020309675112406743,0.1391872139216268
2025-04-25,0.007240611527126891,0.008273010316916986,-0.0010323987897900954,0.14746555997122268
2025-04-28,0.0017620864178013226,0.014188769850363811,-0.01242668343256249,0.14948927590689687
2025-04-29,-0.008623442905415838,-0.0008951625547611937,-0.007728280350654644,0.13961933835095874
2025-04-30,-0.010635649077981979,-0.015321026484225873,0.004685377406243888,0.12756297426270402
2025-05-01,0.00926288073869705,0.029142307791907025,-0.019879427053209973,0.1380559783155253
2025-05-02,-0.004633330856340505,0.010547510149391943,-0.015180841005732446,0.1327951853436038
2025-05-05,0.005544205824205006,0.002420131594963664,0.0031240742292413435,0.13909307728023834
2025-05-06,0.009957691732627012,0.01592465084075812,-0.005966959108131108,0.15049247665831156
2025-05-07,-0.029612579966989766,-0.01801011811800202,-0.011602461848987744,0.11692291985765269
2025-05-08,0.014832957618363113,0.00622748494596671,0.008605472672396402,0.13361367077223618
2025-05-09,-0.013148347173236194,-0.018587167637563747,0.005438820464327557,0.1188060856298565
2025-05-12,-0.06901122627830748,0.02846681863944846,-0.09747804491775593,0.044199847008311366
2025-05-13,0.018275934982868405,0.025319656023020807,-0.007043721040152404,0.0634590292425421
2025-05-14,0.00925614038214415,-0.00272827020100908,0.01198441058315323,0.07334825272250067
2025-05-15,-0.026091731768389408,0.0026157940329583655,-0.028707525801347777,0.0457049372348759
2025-05-16,-0.0038248150006740577,0.02272418611082851,-0.026549001111502567,0.04171294848053164
2025-05-19,-0.009711681642797208,0.0013610545825923793,-0.011072736225389587,0.03164513081193121
2025-05-20,0.005923902687573798,0.0025149700082378844,0.003408932679335914,0.03777463353879207
2025-05-21,0.002171438617157337,-0.02481603556561031,0.026987474182767642,0.04003054585511201
2025-05-22,0.014960364413373239,0.002052857223665971,0.012907507189707268,0.05570675031132932
2025-05-23,0.0010633966457482605,0.017122658539984053,-0.01605926189423579,0.056829982443298066
2025-05-27,0.01771792316511693,0.01901880333512683,-0.001300880170009898,0.07572168149512959
2025-05-28,0.004309485034869863,-0.014478896597017009,0.018788381631886873,0.0803674913171375
2025-05-29,-0.007045233468299132,-0.003348835153606104,-0.0036963983146930278,0.0727827994441177
2025-05-30,-0.0032868587352910513,0.003312878020412309,-0.006599736755703361,0.06926250245742138
2025-06-02,-0.060060963799447024,-0.060458423114418056,0.0003974593149710245,0.006932113627295733
2025-06-03,0.008814304631179435,0.008925662691645138,-0.00011135806046570101,0.015846750465879467
2025-06-04,0.0034547707665824644,-0.009720035490114421,0.013174806256696885,0.019362337399526863
2025-06-05,-0.0008419260241031264,-0.004329918037455612,0.0034879920133524854,0.01850447090041918
2025-06-06,0.00039054773353164936,0.0027399708797331266,-0.002349423146201477,0.018902323198220827
2025-06-09,-0.00047641499319376474,-0.01874824994508291,0.01827183495188914,0.018417018467253632
2025-06-10,-0.0050957258851999955,-0.0009445131240009143,-0.004151212761199081,0.013240644396980583
2025-06-11,0.001418287718811724,-0.00031679513752895126,0.0017350828563406757,0.01467873072815662
2025-06-12,0.0021407333723815676,0.012396923525905405,-0.010256190153523838,0.016853214013316187
2025-06-13,0.0030746509483891207,-0.009432553223769331,0.012507204172158452,0.019984494041919376
2025-06-16,0.01156262229160287,0.0022453964043091645,0.009317225887293704,0.03184663606567417
2025-06-17,0.00925609800458587,0.002377997780803586,0.006878100223782286,0.04144184826102859
2025-06-18,0.00424549048474995,0.008261266519905233,-0.004015776035155282,0.045872678587060456
2025-06-20,0.00011230563226406753,0.00180721272560675,-0.0016949070933426824,0.04599014257530709
2025-06-23,-0.009985335636901238,0.005599154456251311,-0.015584490093152548,0.0355975530271444
2025-06-24,0.0006806239299537585,0.0032598654070640273,-0.0025792414771102683,0.03630264542769712
2025-06-25,0.01131360434582949,-0.006570185937896694,0.017883790283726185,0.04809353651198789
2025-06-26,-0.0018441596546054048,0.0055234703426687804,-0.007367629997274186,0.046162465846291134
2025-06-27,0.002255613083737282,0.004239196863173167,-0.0019835837794358853,0.04852486692173952
2025-06-30,-0.0041554320427807535,0.0038955404167714063,-0.00805097245955216,0.04417683332781941
2025-07-01,-0.009169367731065945,-0.006566305237139025,-0.0026030624939269204,0.034646153895059095
2025-07-02,0.007100861183902282,-0.002082332504235304,0.009183193688137588,0.042019179042025456
2025-07-03,0.0035179597719194513,0.006829745584392876,-0.0033117858124734256,0.04569141619944794
2025-07-07,0.002840889202101679,0.0004972870873158853,0.002343602114785793,0.048666333356681024
2025-07-08,0.002540995899040055,-0.00517580662386131,0.007716802522901365,0.05133437851955547
2025-07-09,0.002739081922624128,0.007122050216683883,-0.004382968294059754,0.054218016968473615
2025-07-10,-0.007698320307598176,0.003644153632809009,-0.011342473940407185,0.04613346765184656
2025-07-11,0.005128187754453809,0.0002322206379218887,0.00489596711653192,0.05151201580534992
2025-07-14,-0.00025116424270578983,0.0013949153291575932,-0.0016460795718633828,0.051247946749944484
2025-07-15,0.009491596680009477,-0.0014818367997848185,0.010973433479794294,0.061273472126011086
2025-07-16,-0.010298312034075597,-0.005422183592547768,-0.004876128441527828,0.05040023086905299
2025-07-17,-0.0064998632545388525,0.0009186663182053872,-0.007418529572744239,0.04359491378047009
2025-07-18,-0.0032898891731569656,0.013927298494129714,-0.01721718766728668,0.040167243591562096
2025-07-21,-0.006388742668837025,-0.0021367043527614126,-0.004252038316075613,0.03354306535581353
2025-07-22,-0.009960164057813288,0.0062251346094237495,-0.016185298667237037,0.023299903331989835
2025-07-23,0.011379996977786567,0.006334065874883267,0.005045931102903303,0.035011566090359825
2025-07-24,-0.006879071301664728,-0.0026524949626831576,-0.00422657633898157,0.027916080884303085
2025-07-25,-0.008299125728781557,-0.003412646539270624,-0.004886479189510932,0.019420577476801038
2025-07-28,0.011111730385857572,-0.00379567386772581,0.01490740425358338,0.03081127204596079
2025-07-29,-0.006147815122445496,0.006589060827030825,-0.012736875949476322,0.024493475141710963
2025-07-30,-0.0003714523687315596,0.006743993964196466,-0.0071154463329280255,0.024112995283066763
2025-07-31,-0.011826789968732362,0.0005131259193226687,-0.01233991588805503,0.012072367318813448
2025-08-01,-0.002731822873000965,0.0013177444696059989,-0.004049567342606964,0.009311337915375306
2025-08-04,0.0019517419065382931,0.021230172381969576,-0.019278430475431284,0.01128317678466284
2025-08-05,0.011247983938785176,-0.002267374215187159,0.013515358153972335,0.022722286572917083
2025-08-06,0.021983966286265918,-0.0004831016240485872,0.0224670679103145,0.045454738032183695
2025-08-07,-0.012659254445198468,0.0013628199110590393,-0.014022074356257509,0.03230347869263128
2025-08-08,-0.001658226362125957,-0.0057557964946125875,0.004097570132486631,0.030593104336392285
2025-08-11,0.012020719250807142,0.005372623305480252,0.006648095945326889,0.043056333117216905
2025-08-12,-0.0009736334881057475,0.008505558089057324,-0.009479191577163069,0.04204127276987313
2025-08-13,-0.002898362920436789,0.0018709997070203862,-0.004769362627457174,0.039025431595644866
2025-08-14,0.009162583130175695,-0.002127940852052511,0.011290523982228205,0.048589336614672796
2025-08-15,0.004480076308742259,-0.008576729820704695,0.013056806129446954,0.05329763575390101
2025-08-18,0.008232874908398975,-0.0011584475716802886,0.009391322480079263,0.06200509797121789
2025-08-19,0.0029329714374091986,0.01296590253571988,-0.010032931098310681,0.06512450091364119
2025-08-20,-0.0067652354224474525,-0.0019033553470281588,-0.004861880075419293,0.057943002564710966
2025-08-21,-0.0076055343580685416,-0.016663617336335947,0.009058082978267405,0.04992730119433264
2025-08-22,0.008930306435916144,0.012811669515349632,-0.003881363079433488,0.05934546468067614
2025-08-25,0.0012734627835758222,-0.010208615660380536,0.011482078443956358,0.060695361043858975
2025-08-26,-0.00037616393058899963,0.0030646577811878914,-0.0034408217117768906,0.06029644074210938
2025-08-27,-0.00031640178132614897,0.0022934668965864974,-0.002609868677912646,0.0599610141271123
2025-08-28,0.003760554192301001,-0.0052129032573747305,0.008973457449675731,0.0639545592275339
2025-08-29,-0.0014968093299436692,-0.0017559094789868124,0.0002591001490431428,0.06236321338440809
2025-09-02,0.0019914165711236733,-0.0011230730845354672,0.00311448965565914,0.06448092901923896
2025-09-03,-0.0019904581903669,-0.0012050113090868169,-0.0007854468812800827,0.06236423153335635
2025-09-04,0.001855515035753356,0.0025089884187444273,-0.000653473382991071,0.06433729429613044
2025-09-05,-0.00012444910196675535,-0.0027028530355562496,0.0025784039335894943,0.06420484671732751
2025-09-08,0.006143713130088829,-0.0031952092811075574,0.009338922411196385,0.07076314151948027
2025-09-09,-0.006504753788678213,0.0028077688252758685,-0.009312522613954082,0.06382069484998909
2025-09-10,-0.010172487639317414,0.0033156444125192986,-0.013488132051836712,0.053053847636781004
2025-09-11,-0.0005114379054485143,0.004232595402273778,-0.004744033307722292,0.052515413682124645
2025-09-12,0.0002889462456451659,0.0017384215402537055,-0.0014494752946085398,0.05281957800084447
2025-09-15,-0.0006913321946592416,5.648954690954647e-05,-0.0007478217415687882,0.05209198146583849
2025-09-16,0.0032968833606856355,-0.00871642130491642,0.012013304665602059,0.05556633012757195
2025-09-17,-0.0006152563120925293,0.0018146636407114336,-0.002429919952803963,0.054917086026374795
2025-09-18,0.0007569334723990459,-0.00027224754181238325,0.001029181014211429,0.05571589036212421
2025-09-19,-0.0004809030172206641,0.0016131057703326892,-0.0020940087875533533,0.055208315462053736
2025-09-22,-0.0005528646068667675,-0.000150824585903597,-0.00040204002096317065,0.054625089368951274
2025-09-23,0.008988340790037946,0.009487066485110478,-0.0004987256950725306,0.06414714872780114
2025-09-24,0.0009711558736492374,0.0004978189743853008,0.00047333689926393684,0.06518110346605988
2025-09-25,0.0012754717956093564,-0.005404235146038649,0.006679706941648005,0.06654057872261743
2025-09-26,-0.006040317897059834,0.00656351380410549,-0.012603831701165321,0.060117752062723406
2025-09-29,0.00538231987157318,0.0055983389606838255,-0.00021601908911064466,0.06583902796253605
2025-09-30,0.0023264271252072767,0.0023723082757471548,-4.588115053987771e-05,0.06832151132695685
2025-10-01,-0.0077677656335599435,-0.004100142502551523,-0.0036676231310084203,0.06005518720443548
2025-10-02,0.0030072344054410984,-0.0026153216728703995,0.005622556078311498,0.0632478197262083
2025-10-03,-0.00522695074106877,0.004425500663602883,-0.009652451404671653,0.057704774978005746
2025-10-06,-0.0020108647692056456,0.005848862947689751,-0.007859727716895398,0.0555800107325346
2025-10-07,-0.0005565412410825047,0.0019428743879726016,-0.002499415629055106,0.05499270036967796
2025-10-08,-0.003959410141929317,-0.0013196441884327464,-0.0026397659534965713,0.05082381019148041
2025-10-09,0.0005869609632528474,-0.006187592094137888,0.006774553057390735,0.0514407837993176
2025-10-10,0.004440092229047742,0.0029786726468981044,0.001461419582149638,0.056119657481336294
2025-10-13,0.0010685709614945181,0.003664180728684705,-0.002595609767190187,0.05724879945590522
2025-10-14,-0.0062392107669157005,0.0070831280714360925,-0.013322338838351794,0.05067293679154794
2025-10-15,-0.00040119599801343364,0.0075656250063317115,-0.007966821004345146,0.050251495560006854
2025-10-16,-0.0007079059776825222,-0.00830455615608846,0.0075966501784059375,0.04950827934286872
2025-10-17,0.0009989122191321224,0.001768302252449385,-0.0007693900333172626,0.050557169774701594
2025-10-20,-0.004310253961994318,0.004233520844028707,-0.008543774806023027,0.0460387463430072
2025-10-21,-0.005201175159709431,-0.007410833284396792,0.0022096581246873626,0.04061223993784324
2025-10-22,0.00223987382006578,0.002940624551224312,-0.0007007507311585325,0.042945692394870116
2025-10-23,0.0012188154713784899,-0.00768122907035839,0.00890004454173688,0.044217625709113584
2025-10-24,-0.002571306642333435,0.0013925672375020373,-0.003963873879835472,0.04153607101923007
2025-10-27,0.0026742795062128667,0.001892441417087855,0.0007818380891250113,0.04432515732487041
2025-10-28,-0.0036111743718520535,-0.0143728708956898,0.010761696523837745,0.040560718194785794
2025-10-29,0.010816335768130176,0.002407302446688579,0.008409033321441597,0.051876861587480505
2025-10-30,0.0012482398560301252,0.0044202248096424646,-0.00317198495361234,0.05319067601692895
2025-10-31,-0.001444263410874607,-0.007496384419479319,0.006052121008604713,0.05167068915380035
2025-11-03,-0.0030073834868905368,-0.0036635283324572753,0.000656144845566739,0.04851266316738578
2025-11-04,0.006647045391691806,0.0027479500604372592,0.003899095331254547,0.05550538917005965
2025-11-05,-0.007376107563811102,-0.0001962168634455266,-0.007179890700365576,0.04774851083880827
2025-11-06,0.01057945988533702,0.003717739914467823,0.006861719970869195,0.05889196611245939
2025-11-07,-0.0029804825682657526,0.01020074642369464,-0.013181228991960392,0.05574065561162178
2025-11-10,-0.0014923667997064273,0.001605971964203975,-0.0030983387639104023,0.05416627837444521
2025-11-11,0.006645096272720158,0.0025749072644370655,0.004070189008283093,0.06119464099203853
2025-11-12,-0.005373281128531798,0.001322438877491688,-0.006695720006023486,0.05550783593755493
2025-11-13,0.00736077798991126,-0.006004241452661001,0.01336501944257226,0.06330585933527044
2025-11-14,-0.0016966678074809092,0.0002539715217119685,-0.0019506393291928777,0.0615033121085693
2025-11-17,0.003957455267581827,0.006595259363512121,-0.002637804095930294,0.0657124873004149
2025-11-18,-0.001343697432312678,-0.0025736994056122305,0.0012300019732995526,0.06428145382096528
2025-11-19,-0.004543581973935552,-0.01331208008365067,0.008768498109715119,0.05945677275925343
2025-11-20,0.0058523239429538925,0.00136193178843727,0.004490392154516623,0.06567523547776388
2025-11-21,0.007175184729821417,0.006074414360946758,0.00110077036887466,0.07334915010869114
2025-11-24,-0.011976731302250129,0.004065959190568763,-0.016042690492818895,0.06057061105667172
2025-11-25,0.007972964577656746,-0.000905276777082681,0.008878241354739427,0.06906030200052427
2025-11-26,-0.009115840336130929,0.007347881756102298,-0.016463722092233228,0.05935920299145869
2025-11-28,-0.0007217956877757362,0.004573207187006084,-0.00529500287478182,0.05859483797780474
2025-12-01,0.0037965709465262766,-0.024777356161367448,0.028573927107893728,0.06262150731503913
2025-12-02,0.004544308826938768,-0.012196533114463792,0.01674084194140256,0.06746137621099413
2025-12-03,-0.005496004612806851,-0.005373912254129896,-0.00012209235867695453,0.06161069597329494
2025-12-04,-0.007127775046030939,-0.005324738494226009,-0.00180303655180493,0.054070677446525384
2025-12-05,0.0031236142948810382,-0.009449699473248278,0.012573313768129316,0.057368335306767326
2025-12-08,0.00650035669198147,-0.004878618738725406,0.011378975430706874,0.06426399448208664
2025-12-09,-0.0020311820236737187,0.001035412085993888,-0.003066594109667607,0.062104474519576236
2025-12-10,-0.004617680141606172,-0.006209662091356276,0.0015919819497501038,0.05721132198063961
2025-12-11,-0.0037297501759355877,0.0008249615652639093,-0.004554711741199497,0.053275532185397045
2025-12-12,0.010252371784728933,0.006580871418092783,0.0036715003666361514,0.0641296496832342
2025-12-15,0.004804023919753217,0.012137393258548993,-0.0073333693387957755,0.0692540529967236
2025-12-16,-0.005498410778804143,-0.009283676977658596,0.0037852661988544522,0.06339098852614833
2025-12-17,0.013279212421434528,0.005686582738435736,0.007592629682998791,0.07760615758629119
2025-12-18,-0.0063014693727714444,0.005215282210860479,-0.011516751583631924,0.07083700558974448
2025-12-19,0.0013011331917224468,-0.0101065310980135,0.011407664289735947,0.07223121398936105
2025-12-22,-0.006910047600453944,-0.0012111101306244302,-0.005698937469829515,0.06484758525491308
2025-12-23,0.002725975495437797,0.003588458956525122,-0.0008624834610873247,0.06775429368670793
2025-12-24,0.0019471049520022462,0.0058985307940713026,-0.0039514258420690574,0.06983534871826791
2025-12-26,0.0011189675119448847,0.00029711522609069557,0.0008218522858541894,0.07103312973065634
2025-12-29,-0.0013739856954296822,0.0029591658103444783,-0.004333151505774161,0.06956255603603556
2025-12-30,-0.001664301606293493,0.0018925425973855547,-0.0035568442036790476,0.06778396182513835
2025-12-31,-0.0014850284810643088,-0.008128531284072845,0.006643502803008537,0.06619944904470332
