date,lmp_zscore,congestion_frac_z,reserve_tightness_z,event_flag,gsi
2018-01-01,,,,0.8705505632961241,
2018-01-02,,,,1.0,
2018-01-03,,,,1.0,
2018-01-04,,,,1.0,
2018-01-05,,,,1.0,
2018-01-06,,,,1.0,
2018-01-07,,,,1.0,
2018-01-08,,,,1.0,
2018-01-09,,,,0.8705505632961241,
2018-01-10,,,,0.7578582832551991,
2018-01-11,,,,0.6597539553864472,
2018-01-12,,,,0.5743491774985175,
2018-01-13,,,,0.5,
2018-01-14,,,,0.4352752816480621,
2018-01-15,,,,0.37892914162759955,
2018-01-16,,,,0.3298769776932236,
2018-01-17,,,,0.2871745887492588,
2018-01-18,,,,0.25,
2018-01-19,,,,0.21763764082403103,
2018-01-20,-1.3246125268114382,-0.4732897476926765,-1.432206867519271,0.1894645708137998,0.2976515487634702
2018-01-21,-1.3130257968390724,-0.5079085857253881,-2.221183044331459,0.16493848884661183,0.26700342765478047
2018-01-22,-1.27437655797132,-0.4812765013700407,-1.7311223012631822,0.14358729437462942,0.2838223926922486
2018-01-23,-1.180830957512703,-0.49103682580808916,-1.3501584053795892,0.12500000000000003,0.29956278824449645
2018-01-24,-1.008371589297379,-0.46635227296532566,-0.6922943396070472,0.10881882041201553,0.3315902277481869
2018-01-25,-0.8155382595570504,-0.41549309836623843,-0.5439874244447648,0.09473228540689989,0.3493954989271463
2018-01-26,-0.7338699569332388,-0.36373310463531344,-0.3398485986557623,0.0824692444233059,0.36196189021961656
2018-01-27,-0.9835206381020687,-0.4349687061097433,-1.3124574364076433,0.0717936471873147,0.30832872723646526
2018-01-28,-0.9583555231171235,-0.4390362706883248,-1.772421291176551,0.0625,0.2931107441409599
2018-01-29,-0.8515031836559367,-0.42360674697846723,-0.6325479090941784,0.054409410206007765,0.33765932119326336
2018-01-30,-0.6365328214492488,-0.35674458617262145,0.12665574772496532,0.047366142703449944,0.37902690047587384
2018-01-31,-0.7059285680899188,-0.16729370124227264,0.1461213766374028,0.04123462221165295,0.3820234304619054
2018-02-01,-0.7590233146392734,-0.3348397833927933,-0.7663599143116533,0.03589682359365736,0.34028598111134223
2018-02-02,-0.13043911203609307,-0.30675413834363446,0.244252305211803,0.03125,0.41635188027366915
2018-02-03,-0.18581286917460677,-0.0866414698236723,0.23891236326440143,0.027204705103003893,0.4210468653533039
2018-02-04,-0.8483006048023053,-0.3384604265826957,-0.7407346442072851,0.02368307135172497,0.3332054144680832
2018-02-05,-0.7047611996779525,-0.3735850279713545,-0.059033224501505735,0.020617311105826482,0.3635746997051539
2018-02-06,-0.7202259591450267,-0.37769764843520265,-0.026816253961301183,0.017948411796828663,0.3630459206763458
2018-02-07,-0.44942960284287303,-0.35897692559667793,-0.30423071053497247,0.015625000000000007,0.3722833808927812
2018-02-08,-0.6391183815572712,-0.34391832105534026,-0.06582332866609228,0.013602352551501933,0.36790841977939837
2018-02-09,-0.7549137939097164,-0.3514152622200823,-0.021997368639969237,0.01184153567586249,0.3610730958768959
2018-02-10,-0.9198699837482501,-0.38493178190382105,-1.0104699510363269,0.01030865555291324,0.3155004768025169
2018-02-11,-0.9076207368720349,-0.3763552452050276,-1.6364311022113793,0.008974205898414338,0.2956089098027044
2018-02-12,-0.8479802080015912,-0.3672894146877121,-0.8430626884548902,0.007812500000000002,0.32623404590607624
2018-02-13,-0.6813833903673716,-0.35504144726099657,-0.370556631489265,0.0068011762757509715,0.35344933573135423
2018-02-14,-0.8246850993945961,-0.3541894405029873,-0.6892689133632361,0.005920767837931244,0.333175584749651
2018-02-15,-0.8715399090814518,-0.3483909714204814,-1.3798324517193061,0.00515432777645662,0.3071597830278748
2018-02-16,-0.7655947950274066,-0.34390449331322454,-1.4936677432593948,0.004487102949207169,0.3105151337771898
2018-02-17,-0.7566923782487404,-0.33051734637337843,-1.0959468435694564,0.003906250000000001,0.324836661398878
2018-02-18,-0.786837227921381,-0.27548874053676936,-1.1070539530279437,0.0034005881378754853,0.3246737770692924
2018-02-19,-0.7598249954244239,-0.27136500214700887,-1.2801011382267256,0.0029603839189656215,0.3208121448625337
2018-02-20,-0.7202925344274592,-0.279720695012956,-1.2922181073127426,0.0025771638882283094,0.3226381064187724
2018-02-21,-0.6550198507127446,-0.30852327540778474,-1.4009312671031247,0.002243551474603584,0.32211569729491246
2018-02-22,-0.6987235619414885,-0.2750127391284961,-1.1795984507378623,0.001953125,0.32793258546561804
2018-02-23,-0.7093118073263226,-0.338428104621162,-1.1495360779184494,0.0017002940689377426,0.32554854999875577
2018-02-24,-0.7446945755054893,-0.3153181628780808,-1.440684714386398,0.0014801919594828095,0.3144146431607565
2018-02-25,-0.709563651675282,-0.281428430340793,-1.791719219747869,0.0012885819441141558,0.30643888525746965
2018-02-26,-0.5999414425520532,-0.2956408619767553,-1.2582289868184924,0.001121775737301792,0.33091283471414384
2018-02-27,-0.5693051762897076,-0.24062162789065603,-0.7576156453509936,0.0009765625,0.35191304994854233
2018-02-28,-0.6726321852157505,-0.24515196019388824,-1.248604641656818,0.000850147034468872,0.3284505566441477
2018-03-01,-0.6209263717432505,-0.26215378792752875,-1.1015908721426055,0.0007400959797414059,0.336073152712344
2018-03-02,-0.5795000024467662,-0.2748465230688845,-0.8788789645521473,0.0006442909720570772,0.34571540620308244
2018-03-03,-0.5813065711314049,-0.1940387172197144,-0.9100444758312881,0.0005608878686508959,0.34791059935967295
2018-03-04,-0.565932365461538,-0.15888082742872386,-1.3570152912381193,0.0004882812500000004,0.33549054030593
2018-03-05,-0.3495159790521687,0.06631609228501929,-0.4439510336581743,0.0004882812500000004,0.3897369796406254
2018-03-06,-0.4534864130863057,-0.21889356766016577,-0.5238717818210776,0.0005608878686508959,0.3682687475946678
2018-03-07,-0.46557025619321857,-0.2501795278758761,-0.5297054375492807,0.0006442909720570772,0.36597763165312314
2018-03-08,-0.28125038486548937,-0.2237149022902447,-0.2650051855395444,0.0007400959797414059,0.38820602829251694
2018-03-09,-0.18197905140735907,-0.2529574340832139,-0.13159719481253343,0.000850147034468872,0.3980691190474614
2018-03-10,-0.5045028402139359,-0.19092705299139837,-0.5485542671154486,0.0009765625,0.3652725255822477
2018-03-11,-0.37953278051594136,-0.18864687157272506,-1.2448000572155067,0.001121775737301792,0.35051245943681875
2018-03-12,0.08470923944740787,-0.1006219521680919,-0.2949981191968077,0.0012885819441141558,0.41681471794121355
2018-03-13,0.728636669875301,0.07145024758441232,-0.04635414878698148,0.0014801919594828095,0.47522976214206025
2018-03-14,0.7211812063291646,-0.02341111299971231,0.11416859999606209,0.0017002940689377426,0.47616394815716573
2018-03-15,0.07024266245036004,-0.16003493030988955,-0.03324822326413325,0.001953125,0.4221994167083075
2018-03-16,-0.0992051720345328,-0.0604603986319607,-0.22046336741517533,0.002243551474603584,0.40885489239538414
2018-03-17,-0.5275965367685126,-0.03455840984413992,-0.8407971202863549,0.0025771638882283094,0.3607469677122825
2018-03-18,-0.5711976359195138,-0.14693330573425833,-1.4276978996771725,0.0029603839189656215,0.3336520641317108
2018-03-19,-0.2430236810315945,-0.13061633398903152,-0.592787024416986,0.0034005881378754853,0.38410659475513254
2018-03-20,-0.12120599292249937,-0.014061030891042811,-0.2470949304701391,0.003906250000000001,0.4086831640023686
2018-03-21,-0.10699787053972222,-0.06122411763768942,-0.05926759278322314,0.004487102949207169,0.4140132827453884
2018-03-22,0.19488984793727873,-0.08559502165824481,-0.11110402677535416,0.00515432777645662,0.43149587890068175
2018-03-23,-0.12535477111377455,-0.14505852816092815,-0.1817866520222676,0.005920767837931244,0.4054274700273238
2018-03-24,-0.4606425282305598,-0.061813743364923464,-1.0635468933889063,0.0068011762757509715,0.3572835388061567
2018-03-25,-0.5653871328865234,-0.1880970999618255,-1.327611679667921,0.007812500000000002,0.3363882976535584
2018-03-26,-0.08675874792576893,-0.14314107805989099,-0.295055259855239,0.008974205898414338,0.4047628274420408
2018-03-27,-0.1771102591815643,5.0,-0.6054144345277753,0.01030865555291324,0.5195584665699068
2018-03-28,-0.48802555139970893,-0.1879806344522696,-0.8957216107694805,0.01184153567586249,0.3565512801302382
2018-03-29,-0.5977677732286175,-0.18093932234539303,-1.334090631474916,0.013602352551501933,0.335180341853929
2018-03-30,-0.6084580627306335,-0.20621357343546082,-1.5221970733904835,0.015625000000000007,0.32744774447846414
2018-03-31,-0.6493918387404861,-0.21737027044232163,-1.7883966910724065,0.017948411796828663,0.31572915488264836
2018-04-01,-0.64295515811872,-0.2198309038235379,-2.1924142209237196,0.020617311105826482,0.30298882443452124
2018-04-02,-0.4174868533016712,-0.20199662194008258,-0.9395832624572965,0.02368307135172497,0.3609840358199007
2018-04-03,-0.3310006301833959,-0.17408287212701107,-0.8589907523633304,0.027204705103003893,0.37112751900248775
2018-04-04,-0.32836923290985154,-0.19409936765714428,-1.0020877687288563,0.03125,0.3663058185293337
2018-04-05,0.08000693796521899,-0.1708987643505686,-0.33519465782401825,0.03589682359365736,0.41742438229465556
2018-04-06,-0.29163840855084733,-0.11917892945460544,-0.7394265027379736,0.04123462221165295,0.3821292939431504
2018-04-07,-0.2836526661181916,-0.12447428818755767,-1.3283252479024634,0.047366142703449944,0.36373080672640773
2018-04-08,-0.12714227191579006,-0.09185373685258086,-1.238719377110922,0.054409410206007765,0.37956737513062694
2018-04-09,0.24534251824694694,-0.10279506206185843,-0.22077719694679415,0.0625,0.4390888003989926
2018-04-10,0.03649054696579739,-0.14744690118889325,-0.29346684898733405,0.0717936471873147,0.422275901026702
2018-04-11,0.03850880558533203,-0.11662444421739743,-0.4448568848426105,0.0824692444233059,0.4202497256987061
2018-04-12,-0.14665054933543686,0.15310122161294057,-1.1911102765424493,0.09473228540689989,0.39610868120446346
2018-04-13,-0.4590712661761014,-0.08392928555395977,-1.5458412270465203,0.10881882041201553,0.35569297751709655
2018-04-14,-0.35230192366149227,-0.12405004577134275,-1.5259748021422224,0.12500000000000003,0.3642286264440205
2018-04-15,-0.16902988105452407,-0.1551725308257595,-1.6351879952168633,0.14358729437462942,0.3742976467942573
2018-04-16,0.09685678449497798,-0.1363517003802069,-0.6206044455205291,0.16493848884661183,0.4298297565934641
2018-04-17,0.6599388036902993,-0.13059628078758206,-0.3210585554391768,0.1894645708137998,0.48127214232063487
2018-04-18,1.1611096812903983,-0.13961980043363043,-0.3781971408035021,0.21763764082403103,0.5166288951647798
2018-04-19,0.07909075435095489,-0.14023929023898077,-0.9840918232209854,0.25,0.42912635242273994
2018-04-20,0.8895185592627193,-0.15025156775365822,-0.41718190004045813,0.2871745887492588,0.5072108802721524
2018-04-21,0.0892411038074593,-0.14385166197048166,-1.716804656665165,0.3298769776932236,0.4172103124368719
2018-04-22,-0.38785156183080577,-0.13504223057134374,-2.2728946109857064,0.37892914162759955,0.3745926871487567
2018-04-23,-0.2228598515635929,-0.10114237326270138,-1.606279861228633,0.4352752816480621,0.41767704121606947
2018-04-24,-0.057543640546081416,-0.13434928642264868,-1.4185128220049548,0.5,0.44328210962915243
2018-04-25,-0.23151808677230135,-0.11542672685994397,-1.2854060410543744,0.5743491774985175,0.44806152251898074
2018-04-26,-0.28898473028397814,-0.103035101934972,-1.391294078608235,0.6597539553864472,0.4540278460881369
2018-04-27,-0.40256571397902075,-0.11266944986863243,-1.463880254731846,0.7578582832551991,0.4583504593207573
2018-04-28,-0.5173627040105369,-0.029876480587186397,-1.755424718634496,0.8705505632961241,0.4613327269147669
2018-04-29,-0.4158064096120041,-0.05632178885571419,-2.065096480267312,1.0,0.47609628214796795
2018-04-30,-0.27114237949362546,3.14449085450187,-1.8279563113312374,1.0,0.6209919643227171
2018-05-01,-0.38470256906479866,2.58731717178215,-1.014321288535503,1.0,0.6233473346020862
2018-05-02,0.6079020660333672,-0.08174223807782287,0.24558590855463966,1.0,0.6203070747674699
2018-05-03,1.6201420823857284,-0.12015647131395733,1.0854385715673647,1.0,0.7141842382398792
2018-05-04,1.7081167847731287,-0.09998104592414853,0.83309527916721,1.0,0.7124784180436095
2018-05-05,0.23219148065238784,1.4128963041211429,0.025688727956868967,1.0,0.6502064023137691
2018-05-06,-0.6467669499807661,0.751274413074724,-1.8142410709145242,1.0,0.5027106015155783
2018-05-07,-0.7189710387133298,0.6119159434194019,-0.8027742104287041,1.0,0.525805954713963
2018-05-08,-0.5979484839995912,0.2596408329736886,-0.32144589654071054,1.0,0.5352402725559072
2018-05-09,-0.19605929584970228,0.40746942292793237,0.10644230215210451,1.0,0.5824553496370872
2018-05-10,-0.030873327398317135,-0.1069594142687008,0.03406542905902057,1.0,0.569620650214217
2018-05-11,0.1567397014016731,0.32254664836247854,-0.09870056918324321,1.0,0.5955987381357734
2018-05-12,1.610167967177973,0.6962984465086279,-0.5019792465753404,1.0,0.6946243248638797
2018-05-13,0.25352321356167223,-0.055775848780367766,-0.9259971978737291,1.0,0.5587109806091385
2018-05-14,2.4042433055899752,-0.1288890641847133,0.9239378148635509,1.0,0.760710436527087
2018-05-15,3.787112247393081,0.26483731926794657,2.2542207027473506,1.0,0.8611755783944096
2018-05-16,0.23562989377335686,-0.14264210499260443,0.9349322636276904,1.0,0.6159296473311217
2018-05-17,-0.3436639097670239,-0.1812810024318327,0.22010885233858188,1.0,0.5518726593254915
2018-05-18,-0.3232130400531425,0.3550353568445136,-0.21620457301041038,1.0,0.5610387847646315
2018-05-19,-0.6177838809044144,0.04882615543208044,-1.1337410566944566,1.0,0.4980574625262272
2018-05-20,0.8229458611780509,0.8556860560173511,0.15312120419442796,1.0,0.6706206832190741
2018-05-21,0.9664196191799371,0.0417799587900241,1.144188315342355,1.0,0.6793084167396587
2018-05-22,0.664316112425626,-0.20628364392895843,0.6113377031515572,1.0,0.631070512436387
2018-05-23,1.207356456128579,-0.2342698474759137,1.3004396915703564,1.0,0.6890771764827541
2018-05-24,0.9235220580447184,-0.2337024244678582,1.9106366767762182,1.0,0.6905184254093611
2018-05-25,1.5989696367197503,-0.22847790564994724,2.6299837317748027,1.0,0.7597441874383957
2018-05-26,0.46392265901486207,-0.2716898015541618,1.9380836022817587,1.0,0.6592105556122927
2018-05-27,-0.02527084089683207,-0.2598405263868606,1.1440036357909895,1.0,0.6006220432004583
2018-05-28,-0.1588201159145421,-0.25130107541278485,1.0508837772239288,1.0,0.5889705733709621
2018-05-29,1.5686841223052859,-0.26801202937199875,3.142503167684045,1.0,0.7684117735965191
2018-05-30,0.12802593155397116,-0.25192392023240906,2.211603579193526,1.0,0.6467583514003652
2018-05-31,-0.9024350931358244,-0.27666762532420147,1.179226904791318,1.0,0.5426174062288139
2018-06-01,1.7634388929937195,-0.22127075331839927,2.2597107910733008,1.0,0.7586666711804247
2018-06-02,-0.43319147752932713,-0.28346356885890706,1.1504956179928656,1.0,0.5726594400620193
2018-06-03,-1.1827478753873975,-0.30432626855130557,0.04353873033486902,1.0,0.4849211714623647
2018-06-04,-0.8064323993962947,-0.26728557041783874,0.18733845218971987,1.0,0.5163455563458278
2018-06-05,-0.6765440765665903,-0.2822419971724176,0.0008915468292382593,1.0,0.5181666965743512
2018-06-06,-0.8944730129107705,-0.30076688841154675,-0.2924090338286739,1.0,0.493089544327845
2018-06-07,0.027750979986375508,-0.2840220633588362,0.8825487137976905,1.0,0.5944341031523965
2018-06-08,0.29616641826270435,-0.2959871665380875,1.3957422936616501,1.0,0.6289363724004816
2018-06-09,-0.2554663184005449,-0.28081072016698044,0.8773290701660581,1.0,0.5755127677718748
2018-06-10,-1.030689533478459,-0.2924770618779516,0.051309414661461855,1.0,0.49581113401190346
2018-06-11,-0.4943402241608648,-0.27293835403619054,-0.36123083749473306,1.0,0.5186305257212767
2018-06-12,-0.3664259666440114,-0.294359929345386,0.5141425508837519,1.0,0.5554446901971332
2018-06-13,-0.27535628603542256,-0.2999962599404908,1.877154812847937,1.0,0.6067148971950493
2018-06-14,-0.3490929546864619,-0.3098143436537293,1.9046487916064407,1.0,0.6023064984222118
2018-06-15,-0.1234696178961032,-0.2917174065800555,1.7204331702217968,1.0,0.6119615725401507
2018-06-16,0.08091648650329436,-0.26709075688043654,1.7831749858485535,1.0,0.6287048170918199
2018-06-17,0.7785535715601729,-0.2910372494514171,2.720895811340658,1.0,0.7054735464215578
2018-06-18,4.1076944473376,-0.2788702217683441,4.053771594503442,1.0,0.863380407426319
2018-06-19,-0.07201453484054873,-0.2513714269586998,2.9647910269307713,1.0,0.6585515891183767
2018-06-20,-0.3025247574326694,-0.29243901660764693,1.8254405686922477,1.0,0.6034947427689117
2018-06-21,-0.6461571257399465,-0.2882265191777243,1.1794794827877382,1.0,0.559229402744523
2018-06-22,-1.096341009350708,-0.29636609574113226,0.5636452607961229,1.0,0.5083501874139431
2018-06-23,-0.8769656023877578,-0.30673274429211195,-0.06985580460004046,1.0,0.5014265686753102
2018-06-24,-0.4217198370201113,-0.307911370859449,1.0506378366387437,1.0,0.5690769649674737
2018-06-25,-0.5229010246439088,-0.4412396454539633,1.1138259532473616,1.0,0.5588824782380697
2018-06-26,-0.3786578470739973,-0.3927721883222912,0.8519262003292775,1.0,0.561788175692614
2018-06-27,-0.8141950305706436,-0.4158120548546174,0.7682739228536745,1.0,0.5290039597714705
2018-06-28,-0.12122680219414503,-0.4461501037507904,2.231504141864153,1.0,0.622712096926246
2018-06-29,0.8382758266180558,-0.4460899597947381,2.7312444707075616,1.0,0.7033394558066751
2018-06-30,-0.3875764142899204,-0.45809946557655873,1.913541068620864,1.0,0.5938587969356774
2018-07-01,1.917430742439411,-0.3446025093526089,2.5681755931054298,1.0,0.7740761313764497
2018-07-02,3.2886233746171207,-0.31352415596268784,2.7185070441083363,1.0,0.8525533949718326
2018-07-03,1.589166706012991,-0.3287210127517983,2.611740497530533,1.0,0.7543057547872256
2018-07-04,-0.14504578994841386,-0.3718711729027528,1.918436498427295,1.0,0.6137835317467343
2018-07-05,0.18722185351562487,-0.4245040310015866,2.1924363536480014,1.0,0.642875000730909
2018-07-06,-0.5212366827031109,-0.4351321433451936,1.3798405759569343,1.0,0.5681150677123074
2018-07-07,-1.247773400679035,-0.41810865436297406,0.08314838250487355,1.0,0.47716552543976953
2018-07-08,-0.7520580912091542,-0.4045616219414701,0.35055344181266085,1.0,0.5196911743989171
2018-07-09,-0.05580005704765097,-0.40312512582121174,1.6362471417592965,1.0,0.6090246873462494
2018-07-10,0.12643634114031427,-0.4434991986562046,1.9598752613784713,1.0,0.6302791315112949
2018-07-11,-0.05247584781770804,-0.4262731187597905,1.579897804974382,1.0,0.6064034903629744
2018-07-12,-0.13800628136947246,-0.40258932837190836,1.2441700349299847,1.0,0.5904973603908719
2018-07-13,0.33697927042423825,-0.38817138142406826,1.4700483626144127,1.0,0.6302930892227602
2018-07-14,0.17533280922530764,-0.40826643523761014,1.0543553324135861,1.0,0.6048229302272397
2018-07-15,0.554984585179737,-0.4371864647200675,0.9528413735751641,1.0,0.6255442487678184
2018-07-16,0.8480928664142608,-0.40590478464564833,1.8978419691712656,1.0,0.6778882240397576
2018-07-17,-0.49345228431154214,-0.4326140530211613,1.3922089367334185,1.0,0.5704845600611295
2018-07-18,-0.43435905210679665,-0.4409879517733486,0.7960989398726321,1.0,0.5542048631980785
2018-07-19,-0.014470986695990949,-0.40788308612486296,0.8876652459973781,1.0,0.5866289804983106
2018-07-20,-0.5187189859411825,-0.40684031455482195,0.4027282040092783,1.0,0.5368913279644463
2018-07-21,-1.1645686936632778,-0.3829937399551571,-0.33238391332178263,1.0,0.4703245508135906
2018-07-22,-1.0474773936123,-0.42630582040308823,-0.35997058630725304,1.0,0.4754064116988096
2018-07-23,-0.5890432827399874,-0.40872568904392864,0.6176149025399427,1.0,0.5392873741918353
2018-07-24,0.011115672945737655,-0.3993903288582329,0.7155464972067175,1.0,0.5829513310675134
2018-07-25,-0.24890452832647048,-0.4054742749890875,0.7962562976856454,1.0,0.5680534799098782
2018-07-26,0.018281147766286247,-0.39931118666518933,1.1730810618902754,1.0,0.5986834791363788
2018-07-27,-0.06289274089102476,-0.3944627679821396,0.6637999864806539,0.8705505632961241,0.557080452651783
2018-07-28,-0.4084080478083029,-0.41779731825061195,-0.0475679409805055,0.7578582832551991,0.49245771967460067
2018-07-29,-0.8374192465138289,-0.45539473449563783,-0.21337422354671456,0.6597539553864472,0.44204788881816975
2018-07-30,-0.6625011982113886,-0.530850949667653,-0.1930186856933289,0.5743491774985175,0.43843288431808863
2018-07-31,-1.0361914930051825,-0.5372025071694655,-0.5725819425638313,0.5,0.3894510645821324
2018-08-01,-0.20092497539042475,-0.5074306727023116,0.7409644818587148,0.4352752816480621,0.4804521652538752
2018-08-02,-0.06300392268368146,-0.48770131554824164,0.7211055962049473,0.37892914162759955,0.4813550747908827
2018-08-03,-0.18397784231628683,-0.5022915355062744,0.6544788444884723,0.3298769776932236,0.46310350466975203
2018-08-04,0.021123026703913625,-0.4935626091578413,0.95465257217219,0.2871745887492588,0.4807410337834793
2018-08-05,0.7210303294576293,-0.4526899354784232,1.1889460634284825,0.25,0.5313381434331904
2018-08-06,0.9566071287548022,-0.38398774240989975,1.5481284444110894,0.21763764082403103,0.5570242469205486
2018-08-07,0.4001626450419924,-0.4005389799786443,1.3934328825726945,0.1894645708137998,0.5098558338781825
2018-08-08,0.028070916143759537,-0.3719965273771577,1.3247825313670922,0.16493848884661183,0.48027173014143054
2018-08-09,-0.3249934737170298,-0.28322162849368177,1.4312433565037406,0.14358729437462942,0.46077907327128037
2018-08-10,-0.05354640121876866,-0.3502518760128507,0.9654977423690173,0.12500000000000003,0.45776966983051387
2018-08-11,-0.8167378156429232,-0.4227860431237557,-0.031534115344190934,0.10881882041201553,0.36820641304397794
2018-08-12,-0.6149243464212203,-0.42382035387370354,-0.09140666416330265,0.09473228540689989,0.37750881616610593
2018-08-13,-0.2508644896630622,-0.3415661106702673,0.4251977086014573,0.0824692444233059,0.4205874230280792
2018-08-14,0.03947424197313638,-0.2951040467600371,0.5425023314684121,0.0717936471873147,0.4441880723102518
2018-08-15,1.6923223681492578,-0.32307013185348615,0.9934613794550863,0.0625,0.5668506150312248
2018-08-16,1.6600427111243081,-0.29070113854528973,0.9139808558910697,0.054409410206007765,0.5621844066961703
2018-08-17,1.7560435923260767,-0.32200141421238854,0.9664255577393325,0.047366142703449944,0.5679719538930508
2018-08-18,0.3616170648279301,-0.7554501849240963,-0.0015412573150612094,0.04123462221165295,0.42376453137127057
2018-08-19,-0.8641775411538171,-0.78639605803951,-0.8021241545646642,0.03589682359365736,0.31326871322499245
2018-08-20,-0.482998493933179,-0.44918072359476663,-0.295372134599356,0.03125,0.3689259991013609
2018-08-21,-0.8490234742282429,-1.0525971778279506,-0.3002573454916307,0.027204705103003893,0.3186123468910155
2018-08-22,-0.493168090728891,-0.9646652369155296,-0.41538836041259036,0.02368307135172497,0.34163392443559926
2018-08-23,-1.050506068869932,-0.8068915476403856,-0.8342761256925382,0.020617311105826482,0.29662917339977785
2018-08-24,-0.9627041334251812,-1.0530453229248664,-0.8136218863891876,0.017948411796828663,0.2925143682063366
2018-08-25,-0.6843126838351595,0.08986556237681532,-1.1675172131981095,0.015625000000000007,0.3465500624034197
2018-08-26,-0.2116692614077042,-0.08783451757479507,0.3174782998064913,0.013602352551501933,0.4198519072168116
2018-08-27,1.4038758240381874,-0.25415041584048625,1.7764947095275296,0.01184153567586249,0.5689948416114893
2018-08-28,3.784617177112331,0.15227529273246837,2.0489116691780063,0.01030865555291324,0.7011881578360567
2018-08-29,2.044237027432687,0.797624581236866,1.4972149055767083,0.008974205898414338,0.6457701204510343
2018-08-30,0.5962381903502163,1.2008844076604748,0.7708392317354822,0.007812500000000002,0.5416525790670503
2018-08-31,-0.46938821911437195,0.002212037905014262,-0.07161454155407775,0.0068011762757509715,0.3924326453613109
2018-09-01,-0.5776760743731181,-0.22642672984089054,-0.7560635419907236,0.005920767837931244,0.3527398117410873
2018-09-02,-0.3921449521611961,-0.49382147474474564,0.17775798546088445,0.00515432777645662,0.38497952375672045
2018-09-03,-0.05138889431443548,-0.7715894553364839,0.9012491786579013,0.004487102949207169,0.42013921780432856
2018-09-04,1.679995571957437,-0.7710441651559609,1.83489111697275,0.003906250000000001,0.5666218393147558
2018-09-05,1.074268843477407,-0.49267817914019124,1.7381832790115614,0.0034005881378754853,0.5345391962887193
2018-09-06,-0.042129880444873535,0.35509409819170634,1.0008972411383181,0.0029603839189656215,0.4707942276874517
2018-09-07,-0.733420705267823,0.04475297189060737,0.0008988428994514867,0.0025771638882283094,0.3783865294908031
2018-09-08,-1.3160677792727702,-0.4707343319734954,-1.2634493378610372,0.002243551474603584,0.27586977234207566
2018-09-09,-1.4142020415962422,0.8948711247013974,-2.8935717145118076,0.001953125,0.2718467390224152
2018-09-10,0.40666144083855493,1.2609406333797402,-2.2165883035654477,0.0017002940689377426,0.43101872310488526
2018-09-11,-0.04916391625073966,1.0231718987458902,-1.7541621498637023,0.0014801919594828095,0.4061045251628284
2018-09-12,-0.3176747788452784,1.3825901684453872,-0.9203911876140763,0.0012885819441141558,0.4309431861333538
2018-09-13,-0.30495742514494484,2.233310692919945,-0.6597954029333106,0.001121775737301792,0.47589920345815295
2018-09-14,0.3652293679462726,3.5761133315661056,-0.6372720900511409,0.0009765625,0.5532527059030468
2018-09-15,0.015877355040885936,1.393187402214022,-0.9727682954898027,0.000850147034468872,0.4518098776338202
2018-09-16,-0.1313892548038785,1.0439436780809892,-0.7382227827556812,0.0007400959797414059,0.43524195790488784
2018-09-17,0.11781313676570189,0.5210015774118103,-0.5706955532611728,0.0006442909720570772,0.43563606671364175
2018-09-18,2.0190418549197218,1.4019341842361348,-0.2473196714648337,0.0005608878686508959,0.6098568588026237
2018-09-19,1.4611569620746099,1.2340245877214249,-0.030311144261653104,0.0004882812500000004,0.5728910260054784
2018-09-20,2.9017560814593186,3.874145308946848,-0.07914185153236263,0.00042507351723443593,0.740876104740461
2018-09-21,1.3422113156402895,2.969446192443438,-0.5806990149768295,0.00037004798987070263,0.6189065524270823
2018-09-22,0.1864452167597987,2.252317000290411,-1.5693819958707682,0.0003221454860285383,0.479011811423299
2018-09-23,-1.281107855941037,2.330402229041992,-2.8294947347283177,0.0002804439343254482,0.3424184779132188
2018-09-24,-0.6298766207781966,2.066396686975667,-2.1416294959532287,0.00024414062500000016,0.3977570584674154
2018-09-25,-0.1301624800424751,1.3825947671799224,-1.4287091582540885,0.00021253675861721797,0.4263388585349881
2018-09-26,0.16840593089710404,2.7226159506365324,-1.005430800723799,0.00018502399493535113,0.5161827869114428
2018-09-27,-0.20224789386414044,3.651667992864047,-1.4211578917242498,0.00016107274301426942,0.4891690382630345
2018-09-28,-0.9711798266424565,1.9154696359547845,-2.1951987140460365,0.0001402219671627241,0.3669136558821588
2018-09-29,-0.7962371257245675,1.5557030982201208,-2.3285349075684882,0.00012207031250000008,0.35913896767212594
2018-09-30,-1.0267613760859584,1.8524795609900406,-2.5121453852404625,0.00010626837930860897,0.3500136507177354
2018-10-01,0.9533136047806896,3.261822061421895,-1.0298950592434888,9.251199746767573e-05,0.5792382818102165
2018-10-02,0.5409105692745574,2.593518775869513,-0.9596956637012612,8.053637150713471e-05,0.5371462119452176
2018-10-03,2.9943690218022563,5.0,-0.4977537179577788,7.011098358136205e-05,0.7330433275024284
2018-10-04,0.6229570157231334,5.0,-0.7023361627594887,6.103515625000003e-05,0.5681284175629967
2018-10-05,-0.33240147197501285,3.048375736733465,-1.0760636100938266,5.313418965430448e-05,0.4919790849936531
2018-10-06,-0.3542148488065355,1.6598484733291947,-1.6869604218901033,4.6255998733837856e-05,0.41432095413842074
2018-10-07,1.0278464800116232,2.2373670714859757,-0.9624018278349264,4.026818575356735e-05,0.554672705946056
2018-10-08,4.348734506124268,1.5862681861898977,-0.22112408008131182,3.5055491790681016e-05,0.6837289634123039
2018-10-09,1.2353823484896203,-0.01496333903694693,-0.10669776607325462,3.0517578125000014e-05,0.5031833362070456
2018-10-10,0.8601019768416149,0.11808416268561461,-0.485578319998344,2.656709482715224e-05,0.4710783462989542
2018-10-11,-0.21488110638126415,-0.023626909033230423,-0.7856915393565351,2.3127999366918925e-05,0.3835038895862183
2018-10-12,-0.3880993876639893,-0.29134669103633704,-1.4134547891951248,2.0134092876783674e-05,0.33987512250331403
2018-10-13,-1.0069411789978773,-0.5221741837588558,-2.1896715259266646,1.7527745895340508e-05,0.2631269087078513
2018-10-14,-0.9199677393047135,-0.591579953528589,-2.1773434609216737,1.5258789062500007e-05,0.2664438261036315
2018-10-15,-0.6497748582365335,-0.5625056376676174,-1.5401070206544758,1.3283547413576118e-05,0.3069090330583766
2018-10-16,-0.8245954325773154,-0.29863528768653064,-1.5949353064439047,1.1563999683459462e-05,0.30442105855972923
2018-10-17,-0.32047759855492597,-0.5746378592662282,-1.5822693788529982,1.0067046438391835e-05,0.32695078005544453
2018-10-18,-0.08581218820473384,-0.340126558182875,-1.5207267026792877,8.763872947670252e-06,0.3544176720203639
2018-10-19,-0.4589078229295484,0.12632603847540574,-1.4376618085052315,7.629394531250002e-06,0.35174881420017734
2018-10-20,-1.1018484662782073,0.3056532020697004,-1.8077655970286717,6.641773706788058e-06,0.30402112869945735
2018-10-21,-0.5954654889313905,-0.3118552708965883,-1.6212719977037688,5.78199984172973e-06,0.31826679849373346
2018-10-22,-0.038941530677236866,0.2800898576664322,-1.0771414268428792,5.033523219195918e-06,0.39817034949133917
2018-10-23,-0.07768215938756641,-0.14723758097311104,-1.3293711669085142,4.381936473835126e-06,0.36937457522713657
2018-10-24,0.26394907204381785,-0.12013798271721306,-1.2221561969538026,3.814697265625001e-06,0.39685288782916706
2018-10-25,0.5399565870469817,-0.013834388077854429,-0.9945369788461399,3.320886853394029e-06,0.42726993847137823
2018-10-26,0.07978447458274579,-0.45680189727939374,-1.1267165309608669,2.890999920864865e-06,0.37372876853683423
2018-10-27,-0.274271755884563,-0.5945617972887884,-1.3129357020787173,2.5167616095979584e-06,0.33817766216561385
2018-10-28,-0.24224769046962816,0.2301662935356441,-1.4649531501821216,2.5167616095979584e-06,0.36960902204084733
2018-10-29,0.07294041723441229,-0.39643760341739775,-1.0921826545849946,2.890999920864865e-06,0.376938806170391
2018-10-30,-0.010909539426678876,-0.3089917194094648,-0.9483816252687098,3.320886853394029e-06,0.3797858196868981
2018-10-31,-0.49737925086394164,-0.5831650858397063,-1.1884461326910072,3.814697265625001e-06,0.3279285391473058
2018-11-01,-0.30902902699708956,-0.23415533088898038,-1.1048044550935014,4.381936473835126e-06,0.3578154348671742
2018-11-02,-0.3950764504578772,-0.5338209033585107,-1.153378137607939,5.033523219195918e-06,0.33797384943775516
2018-11-03,-0.730991079922064,-0.3911269825129007,-1.2379055706742104,5.78199984172973e-06,0.3187076520113275
2018-11-04,-0.6263868916029256,0.20993104422288728,-1.300002345176755,6.641773706788058e-06,0.3486555854959228
2018-11-05,0.19438501923695908,-0.3956627368853938,-0.8698404065012274,7.629394531250002e-06,0.3924795181047114
2018-11-06,-0.2215768433612054,0.12871871997281875,-0.861871772795752,8.763872947670252e-06,0.3868637459292042
2018-11-07,0.09828546295477887,-0.2973445814131544,-0.8157404798438386,1.0067046438391835e-05,0.3919731673669416
2018-11-08,-0.1926081341875553,-0.059257303894813824,-0.7142544079906433,1.1563999683459462e-05,0.38588365772547684
2018-11-09,-0.12170626801434907,-0.2610754967989423,-0.5813485926785502,1.3283547413576118e-05,0.38663180920858115
2018-11-10,-0.5544426448714148,-0.5229994137767212,-0.6509784519062094,1.5258789062500007e-05,0.344548521856028
2018-11-11,-0.3788736287911149,-0.3293477557672129,-0.6665066455773092,1.7527745895340508e-05,0.3638046758995992
2018-11-12,-0.2930977491059706,-0.265730683801469,-0.24358650059619802,2.0134092876783674e-05,0.38627150832859897
2018-11-13,-0.36806264461641636,-0.32193790766803926,-0.18953787572697625,2.3127999366918925e-05,0.3807339508817431
2018-11-14,-0.001033026361972271,-0.2494837756774889,-0.06464705525953647,2.656709482715224e-05,0.41238505747821264
2018-11-15,0.6539494398080803,-0.3236075893927836,0.2642147761129241,3.0517578125000014e-05,0.46392471660298895
2018-11-16,-0.12406723097140039,-0.16786224079788506,0.11383149958365195,3.5055491790681016e-05,0.41353423287855173
2018-11-17,-0.42094930326675745,-0.2524537590849599,-0.3389740820652836,4.026818575356735e-05,0.3751247106460298
2018-11-18,-0.28214700058168213,-0.4775946582028011,-0.6899576526735829,4.6255998733837856e-05,0.3632987725134618
2018-11-19,-0.04781898746774056,-0.45955984386165827,-0.33744200438305644,5.313418965430448e-05,0.39142364399026114
2018-11-20,0.07321967695618797,-0.5191313572312429,-0.15462938577715246,6.103515625000003e-05,0.4031056809933098
2018-11-21,-0.16220259841118181,-0.42505182087846805,-0.18001870448173976,7.011098358136205e-05,0.39048589406746426
2018-11-22,-0.5031506174068989,-0.5320587294843774,-0.2855558624187277,8.053637150713471e-05,0.35978106348612626
2018-11-23,-0.5580764460310801,2.354540815765168,-0.4032631079979809,9.251199746767573e-05,0.4724725441211642
2018-11-24,-0.7415601083472304,-0.38674825698163223,-0.4556459532987281,0.00010626837930860897,0.3442758905495553
2018-11-25,-0.7046814167541123,-0.24332941530305488,-0.7949194108594687,0.00012207031250000008,0.34140351009699127
2018-11-26,-0.26550935993825076,-0.2591921775654831,0.07939291945497191,0.0001402219671627241,0.3991671658824617
2018-11-27,0.1445174819640644,-0.3979807671835196,0.695348790131449,0.00016107274301426942,0.44125442074745813
2018-11-28,1.8808286537073886,-0.33768628087932867,0.846229467375938,0.00018502399493535113,0.5645537177222921
2018-11-29,0.18211713735091306,-0.2887038528073746,0.7990493502716918,0.00021253675861721797,0.451778674145936
2018-11-30,-0.6362036123338248,-0.6559419082520297,0.3710511864006712,0.00024414062500000016,0.36766050697434954
2018-12-01,-0.7993793405590655,-0.12059731342544293,-0.41918127951193374,0.0002804439343254482,0.35275251317641987
2018-12-02,-1.029697823355089,-0.5994527901986271,-0.574403699571645,0.0003221454860285383,0.31227781068856736
2018-12-03,-0.3762666470924915,-0.5718255016250411,0.11809635541747614,0.00037004798987070263,0.38008154667185373
2018-12-04,0.28432084862833173,-0.45329520682861474,0.7865683582102702,0.00042507351723443593,0.451350129258624
2018-12-05,0.49222433257856196,-0.45870016200193575,1.2733339109336541,0.0004882812500000004,0.48122015464044526
2018-12-06,0.8055219274137235,0.7068705470670009,1.251072851583215,0.0005608878686508959,0.5499409628551115
2018-12-07,0.3597267867593672,-0.36303868876799683,0.9292509043818941,0.0006442909720570772,0.4649268475438297
2018-12-08,0.2984065657939471,-0.34875253098253806,0.7837107537517193,0.0007400959797414059,0.4565971217840093
2018-12-09,0.8884194286628493,-0.2760645275624574,0.8390465210820396,0.000850147034468872,0.5008210126869925
2018-12-10,0.8157274369992709,-0.21195665129461586,1.445108718716983,0.0009765625,0.5188670769949085
2018-12-11,1.1074062993504827,0.047837663610385786,1.57358290261926,0.001121775737301792,0.553441352388369
2018-12-12,-0.05880839696486253,-0.2605736479419397,1.1281452855224654,0.0012885819441141558,0.4480203350137943
2018-12-13,0.8845418485866426,-0.40948871134878567,0.7870723453674157,0.0014801919594828095,0.49336520057241307
2018-12-14,-0.6935074763996223,-0.5747731436435887,0.4366468877571443,0.0017002940689377426,0.3696272276237878
2018-12-15,-1.1617598867467849,-0.61839814351728,-0.11132333317709618,0.001953125,0.3183649425477578
2018-12-16,-1.0541393909840107,-0.7351775410637001,-0.16814672270003087,0.002243551474603584,0.31882328502126794
2018-12-17,-0.7695796533339543,-0.5640029540212725,0.5663281150732145,0.0025771638882283094,0.3694587451125248
2018-12-18,-0.47304870857814163,-0.4707720687063694,0.8834802251883794,0.0029603839189656215,0.40374131499281607
2018-12-19,-0.6380584694098741,-0.5121496144926425,1.2866089035814259,0.0034005881378754853,0.4045202531088772
2018-12-20,-1.0077925240551793,-0.23832620413456712,0.633461808851804,0.003906250000000001,0.36958490435244123
2018-12-21,-1.341043291095118,-0.6270723601616025,0.42647595892551327,0.004487102949207169,0.32435802966015687
2018-12-22,-1.3684111157154506,-0.733572247210126,-0.31771057377829504,0.00515432777645662,0.2933898786924067
2018-12-23,-1.2819705094834901,-0.7453393883859989,-0.3682722899940401,0.005920767837931244,0.29709186369423907
2018-12-24,-1.3607565867524374,-0.6944387765407748,-0.567625262206107,0.0068011762757509715,0.2874472795617976
2018-12-25,-1.376011074759699,-0.7371436554169415,-0.7847710545957584,0.007812500000000002,0.27756444922045553
2018-12-26,-1.032604054621163,-0.7459060627611297,0.29733078854060013,0.008974205898414338,0.33633746757965755
2018-12-27,-1.3006348323016912,-0.5358765748520901,0.4274394649057441,0.01030865555291324,0.331757101057512
2018-12-28,-1.4992904316980347,-0.5303921604631342,0.04210472560732375,0.01184153567586249,0.3061273524057906
2018-12-29,-1.5377252303753206,-0.6468734982428551,-0.6892618415575722,0.013602352551501933,0.2745968803789992
2018-12-30,-1.5367983163387933,-0.6730732616145335,-0.5968689837894197,0.015625000000000007,0.27695017688382756
2018-12-31,-1.5556808173302346,-0.6321427632706292,-0.6182225873242296,0.017948411796828663,0.2770335059004248
2019-01-01,-1.5056524466921084,-0.7212869344613921,-0.9892094979916363,0.020617311105826482,0.26468849468412087
2019-01-02,-0.9232527084733394,-0.8517066736997122,0.5108016812343007,0.02368307135172497,0.34854122477485816
2019-01-03,-1.2418064751988185,-0.5762699886611572,0.5465546328953924,0.027204705103003893,0.34050084565449423
2019-01-04,-1.385518084978344,-0.5194437355275737,0.4830467090804085,0.03125,0.33177769565714177
2019-01-05,-1.4683072441823193,-1.0657506640211611,-0.17507063623615898,0.03589682359365736,0.282255408384807
2019-01-06,-1.6435879762810766,-0.9185715991119159,-0.571924237223391,0.04123462221165295,0.26427470370923334
2019-01-07,-1.0193127294441533,1.2829415337892636,0.7764848907719972,0.047366142703449944,0.4434894663761932
2019-01-08,-1.3923939748881489,0.034142142726469434,0.6160599168918717,0.054409410206007765,0.36229306638168984
2019-01-09,-0.6351740082318403,0.15236483524111136,1.4616355629386377,0.0625,0.44709978635087827
2019-01-10,-0.31141498883423857,-0.2951044438334315,1.9469772338615075,0.0717936471873147,0.46761127045813866
2019-01-11,0.015311667854130967,0.18496992093216114,1.8315266020808756,0.0824692444233059,0.5071491312953073
2019-01-12,-0.8100869805341145,0.10356269253709381,1.110918738622347,0.09473228540689989,0.4265497809185512
2019-01-13,-1.050320694194729,-0.45555873888154547,0.9145711317648524,0.10881882041201553,0.38280553372091775
2019-01-14,-0.5637865652766071,-0.5105441357200088,1.6530645990554544,0.12500000000000003,0.43999370996174103
2019-01-15,-0.2769806276562392,0.7456014470498008,1.7306184114606256,0.14358729437462942,0.516826726321541
2019-01-16,-0.4475168075722712,-0.007158437357811258,1.4436508123671772,0.16493848884661183,0.4677297450111708
2019-01-17,-0.20159353086243428,-0.747685843860096,1.1551060995105151,0.1894645708137998,0.4473300767207542
2019-01-18,-0.7975478140423183,-0.4816037043485882,1.0163088728832579,0.21763764082403103,0.4182859332690342
2019-01-19,-0.7608955718036773,0.49230336750836756,0.23146182188192335,0.25,0.44000166292200094
2019-01-20,1.1839441115545946,0.47771335547220617,1.6364155048218567,0.2871745887492588,0.6214577023880989
2019-01-21,5.0,5.0,3.2756953493031076,0.3298769776932236,0.8994815466539836
2019-01-22,3.3648852381321808,5.0,3.0414977411578517,0.37892914162759955,0.90683937124414
2019-01-23,0.22550217039805118,0.5842417536894461,1.5328389693407856,0.4352752816480621,0.5807628089888325
2019-01-24,-0.9837348973526505,-0.23424410902943205,0.6817519827595481,0.5,0.4473825683922486
2019-01-25,-0.467231342516715,-0.16780999059426122,1.1544350352849504,0.5743491774985175,0.5114927053584007
2019-01-26,-0.680010016176814,-0.6262742728139168,0.9672701044701607,0.6597539553864472,0.4847766676779383
2019-01-27,-1.0225775119473886,-0.565023333615664,0.19816502033137218,0.7578582832551991,0.4535697701355137
2019-01-28,-0.5975218089893132,0.4094296681487498,1.0694045428219388,0.8705505632961241,0.568454184828727
2019-01-29,-0.6677037059308054,0.24500282975746543,1.656638528966833,1.0,0.5959161551434019
2019-01-30,2.7835155388939645,0.09680129834810045,3.1201447014911317,1.0,0.8646010900241018
2019-01-31,2.6320139357332164,1.5262212993358089,3.0069916417008415,1.0,0.9140601498545399
2019-02-01,2.334484909026182,0.9317334378412748,2.0877850480772016,1.0,0.8390473887810387
2019-02-02,-0.2520113632072773,-0.07397220329607146,1.4819403613487823,0.8705505632961241,0.5850976638548899
2019-02-03,-1.0686286544471975,1.3683093728477085,-0.32026194867229674,0.7578582832551991,0.5137743244380446
2019-02-04,-0.9922353172631706,-0.07980584343686312,-0.276471261795628,0.6597539553864472,0.44527311995403224
2019-02-05,-1.0453684784589894,-0.6056793323972222,-0.9419869619411967,0.5743491774985175,0.38482494047958754
2019-02-06,-1.1120842081927516,-0.701798757092307,-0.9007412698825722,0.5,0.36659472891221806
2019-02-07,-1.1670774859111148,-0.7330290478838272,-0.9742946467871627,0.4352752816480621,0.3494667612984034
2019-02-08,-0.7411566167611857,-0.12804547713434214,-0.2378248916748555,0.37892914162759955,0.4191662055236348
2019-02-09,-0.681030386975689,-0.14700519764637823,-0.13764390276628471,0.3298769776932236,0.4183661741947957
2019-02-10,-0.6929024904927901,-0.03653628820751842,-0.17604718322566376,0.2871745887492588,0.41449210416336746
2019-02-11,-0.6703691393165552,-0.40481543532226,0.42276711110549525,0.25,0.41503365127731867
2019-02-12,-0.8116916565274384,-0.4163661490437661,0.3091306322862109,0.21763764082403103,0.3964886338878255
2019-02-13,-0.7368251095033237,-0.26958336667523153,0.1404018454218621,0.1894645708137998,0.3977454328911092
2019-02-14,-0.6877456915377349,-0.47309093388489626,0.16294862281049718,0.16493848884661183,0.38961055907295533
2019-02-15,-0.6737396343107722,-0.3354123993423066,-0.6905262747820716,0.14358729437462942,0.3646290594034778
2019-02-16,-0.7389067269471162,-0.33335978683066025,-1.0021917012281352,0.12500000000000003,0.34719317037797687
2019-02-17,-0.8716494383983203,-0.5551130113031857,-0.6846151426053295,0.10881882041201553,0.33726264694410396
2019-02-18,-0.7626465356157608,-0.3976950743539409,0.10380879572964019,0.09473228540689989,0.37525640552955813
2019-02-19,0.09302659052789408,-0.003313401894349012,0.540795167059804,0.0824692444233059,0.4614606065217511
2019-02-20,-0.4276120428485384,0.12238244513040968,0.376509345940559,0.0717936471873147,0.4249111576333138
2019-02-21,-0.7347949442255002,-0.13316734107651032,0.19314461548673412,0.0625,0.38627818502300326
2019-02-22,-0.6780022217288189,-0.23988492228485503,-0.8230974732165636,0.054409410206007765,0.3505294758798922
2019-02-23,-0.8274272098006146,-0.2268230764485049,-0.9382234382201377,0.047366142703449944,0.3362180312927842
2019-02-24,-0.8419742951946142,-0.13311974646422475,-1.3379607316938236,0.04123462221165295,0.3249082264929702
2019-02-25,-0.1708183261540505,0.369141679883359,-0.05141054940432344,0.03589682359365736,0.4326638534771078
2019-02-26,-0.08044360739765229,0.21448490018441652,0.2191163466862264,0.03125,0.4405653419040481
2019-02-27,-0.1597280089128866,-0.2569780446648965,0.0994564691584405,0.027204705103003893,0.4110399689488355
2019-02-28,-0.3721999268307713,-0.5000516236038627,-0.32089381483037765,0.02368307135172497,0.3722071874362004
2019-03-01,-0.30109049474123867,-0.10886663366936723,-0.1550080785554849,0.020617311105826482,0.39831685132838496
2019-03-02,-0.32564151102782124,-0.4672024124583865,-0.41764999898956634,0.017948411796828663,0.37259439388225124
2019-03-03,-0.42406354482914066,-0.1120118741486161,-0.5292332277808404,0.015625000000000007,0.3767645779958369
2019-03-04,0.16669893871226046,-0.15938151801923664,0.46981563415931754,0.013602352551501933,0.4471732400180517
2019-03-05,0.7218025256725896,0.16837385823177456,1.1881739179827573,0.01184153567586249,0.5215177734219679
2019-03-06,1.000080756194759,0.2782997485165774,1.3761422047092793,0.01030865555291324,0.550685578424421
2019-03-07,0.8515347798354215,-0.208673337254044,1.044164344435931,0.008974205898414338,0.5092258719694028
2019-03-08,-0.027376071606609296,-0.38379233437432647,0.32783639833470896,0.007812500000000002,0.41928333623845276
2019-03-09,-0.3589747450153596,0.13111777720853152,-0.13976982199079607,0.0068011762757509715,0.4028927734243343
2019-03-10,-0.33974278451104734,0.3870537267742771,-1.3486691132507953,0.005920767837931244,0.3744101977155216
2019-03-11,-0.26091795520296057,0.14519938817149114,-1.0169923629498787,0.00515432777645662,0.38052884789508734
2019-03-12,0.7742322492285864,0.3767855461747344,-0.3834795856076344,0.004487102949207169,0.4802052936279796
2019-03-13,0.35591447352170874,-0.1256907141897533,-0.1937188745851438,0.003906250000000001,0.43761916015736946
2019-03-14,-0.6482768010754236,-0.02049323870863982,-1.3963300977738884,0.0034005881378754853,0.33489341327699684
2019-03-15,-0.693759226227819,0.13567449343272775,-1.8763818394382483,0.0029603839189656215,0.3223004850844122
2019-03-16,-0.39996064614365995,-0.27156802950009623,-1.84955301972175,0.0025771638882283094,0.32575542962042797
2019-03-17,-0.29093344149950967,-0.5134623277598734,-1.8621743954022083,0.002243551474603584,0.3224742264511549
2019-03-18,0.5482808589303877,-0.4363239109950611,-0.45577357759844966,0.001953125,0.42847241046728335
2019-03-19,0.7561527689329405,-0.3563243904389675,0.08280290305929484,0.0017002940689377426,0.4635784758728896
2019-03-20,0.393168082983242,-0.1701275172718302,-0.23182520785006436,0.0014801919594828095,0.43661708084481016
2019-03-21,-0.1827120673783619,-0.18741794986891425,-0.9922377028177798,0.0012885819441141558,0.37212881146126225
2019-03-22,-0.2207173607051671,-0.374442487528838,-0.8471589611769276,0.001121775737301792,0.36661337329398497
2019-03-23,-0.24007747023328668,-0.45463765488953917,-1.1872089536070982,0.0009765625,0.3506244522854801
2019-03-24,-0.5277376111163535,-0.42145064483580513,-2.050639780098428,0.001121775737301792,0.3040706560813989
2019-03-25,-0.3778777727553466,-0.32743645578628855,-1.386008380972898,0.0012885819441141558,0.34015797075106874
2019-03-26,0.2207260556772223,-0.48300215339697294,-0.6005663803815581,0.0014801919594828095,0.3997931301014781
2019-03-27,0.21904393417879572,-0.2704926599707786,-0.14818322327585376,0.0017002940689377426,0.42364800478094944
2019-03-28,-0.353409831107039,-0.4285947637036601,-0.6549097252010929,0.001953125,0.3620438740151752
2019-03-29,-0.6015589768673403,-0.7475190607921836,-1.7423900904136045,0.002243551474603584,0.29600630371657344
2019-03-30,-0.7496930833762593,-0.7740625172085223,-2.104400619775281,0.0025771638882283094,0.27300774348195256
2019-03-31,-0.8762055241807261,-0.7868030166172908,-2.3756435422078463,0.0029603839189656215,0.2550587788764811
2019-04-01,0.5517260956535589,-0.4128529860154031,-0.29416379292518313,0.0034005881378754853,0.435284160416104
2019-04-02,0.2461196795587395,-0.46189640167034696,-0.48023176081678143,0.003906250000000001,0.40674050737375883
2019-04-03,-0.3376315815144254,-0.5038999649859701,-0.7424500774127807,0.004487102949207169,0.3574201255532446
2019-04-04,-0.48012747751978835,-0.6354583225496391,-1.362454361824382,0.00515432777645662,0.32187207516476823
2019-04-05,-0.40214019384430805,-0.6832583838227736,-1.3352392887739089,0.005920767837931244,0.32610169330099
2019-04-06,-0.43641536089910443,-0.42661151918152895,-1.6079779231330797,0.0068011762757509715,0.3255510749777559
2019-04-07,-0.6893926083920937,-0.41531946894402344,-2.3683766701451106,0.007812500000000002,0.28396150089635575
2019-04-08,-0.24381568396124226,-0.1761810667232219,-1.585173825400342,0.008974205898414338,0.34991174666053365
2019-04-09,-0.3509813241229581,-0.08408691574774944,-1.4549855038897712,0.01030865555291324,0.3511444051055912
2019-04-10,-0.286584993800779,-0.2534296012481995,-1.4886389492654566,0.01184153567586249,0.3474896990704706
2019-04-11,-0.5141589704510999,-0.21983800792161917,-1.41932799248391,0.013602352551501933,0.33629223810645414
2019-04-12,-0.7132038205210229,-0.5822603178145048,-1.3616062917789484,0.015625000000000007,0.3101491056636958
2019-04-13,-0.7505619606008717,-0.5200215379463583,-1.7064410680515953,0.017948411796828663,0.2991058647133148
2019-04-14,-0.6774292732013242,-0.5293416746027958,-1.7132108861547164,0.020617311105826482,0.30376771247217865
2019-04-15,-0.16820990443038686,-0.2961988547422904,-1.2626190333359664,0.02368307135172497,0.362909547015272
2019-04-16,-0.3314531981774062,-0.4320574710491145,-1.1068762256170366,0.027204705103003893,0.35208555707267586
2019-04-17,-0.4687884410582201,-0.4333215862063677,-1.3421986359081082,0.03125,0.33563991664058307
2019-04-18,-0.5666710986544813,-0.43280148253768497,-1.2622941837478772,0.03589682359365736,0.3324965823980838
2019-04-19,-0.6662994207141232,-0.49064332710255815,-1.1645921874921716,0.04123462221165295,0.32750202040512744
2019-04-20,-0.7767026020099993,-0.5764301679360905,-1.4965743287714757,0.047366142703449944,0.3064210133151313
2019-04-21,-0.8830595882307885,-0.6403456207640501,-1.8501053610743243,0.054409410206007765,0.2859395260812024
2019-04-22,-0.7382330005498917,0.5058145855803122,-1.3296542859864653,0.0625,0.36191326482963815
2019-04-23,-0.3762533684547826,0.6147935969325581,-1.013344970965769,0.0717936471873147,0.4025237233544427
2019-04-24,-0.179512290943455,0.6904357515687228,-0.9411601315300574,0.0824692444233059,0.4227990525316271
2019-04-25,-0.18131966257097915,0.4901187755728633,-1.060306125224054,0.09473228540689989,0.41219994344770394
2019-04-26,-0.40543720705562225,-0.33685137666854253,-1.039830645362397,0.10881882041201553,0.36559718038482497
2019-04-27,-0.8986642570341656,0.9688356071082775,-1.4458941725596213,0.12500000000000003,0.3760107274085798
2019-04-28,-0.7365351492773765,-0.10117269414651442,-1.6459787317263206,0.14358729437462942,0.33835426422405385
2019-04-29,-0.4705422810232749,0.7011264663555236,-1.0756798229388398,0.16493848884661183,0.4117288965922922
2019-04-30,-0.17739811889667653,-0.3417354833393879,-1.0243279858014174,0.1894645708137998,0.39320989969643644
2019-05-01,0.202613580383331,2.336627005605835,-0.7180050789581178,0.21763764082403103,0.5445791740841326
2019-05-02,0.8096020641485105,0.4333394055731764,-0.20800068375942207,0.25,0.5275959233834691
2019-05-03,-0.1580851949894423,0.8169027694554716,-0.4128790012281058,0.2871745887492588,0.47781215733280047
2019-05-04,-0.6041190517465082,-0.05042010072371629,-0.9418579378949904,0.3298769776932236,0.4007108410775618
2019-05-05,-0.9274312404519705,0.057402702965786596,-1.4572373078905088,0.37892914162759955,0.37382782424123273
2019-05-06,-0.7202095483334873,0.718170780057592,-0.8070985415643487,0.4352752816480621,0.4452978201418982
2019-05-07,-0.8003421298836616,0.6794088920821519,-0.4432962686378409,0.5,0.4601760195565842
2019-05-08,-0.9889326807199115,2.208880362663105,-0.4915185129642777,0.5743491774985175,0.5208762625889369
2019-05-09,-1.114655439619926,2.04147316683317,-0.4927248802283536,0.6597539553864472,0.5182899499437423
2019-05-10,-0.8603621086266664,2.3829243079319715,-0.5622385858509942,0.7578582832551991,0.561868495215301
2019-05-11,-0.9610166664165458,0.5713970060857897,-0.8794697201803775,0.8705505632961241,0.4860073579808776
2019-05-12,-1.3470716340831659,-0.7861897162578149,-1.6594805743853498,1.0,0.3971213004042017
2019-05-13,-1.0343154424842353,-0.4077294578220743,-0.774239934542114,1.0,0.4632489119403941
2019-05-14,-0.8825313321694813,-0.6003898621117656,-0.8241776897120722,1.0,0.46367574394364197
2019-05-15,-0.8912211478202249,-0.12421147776295315,-0.963768542514463,1.0,0.47828416048804656
2019-05-16,-0.5532399255184074,0.9918281405237784,-0.5272920060353251,1.0,0.5618671106194195
2019-05-17,0.5476847217721361,0.8366000491294466,-0.11869029616169327,1.0,0.6424143069598129
2019-05-18,0.02635905975124368,1.928696095611989,-0.07392281552840194,1.0,0.6546555141163025
2019-05-19,-0.3206482919988832,3.5916023717584773,0.5818457981829451,1.0,0.6980183071395061
2019-05-20,0.7689557429580138,2.385126863582961,1.270888630362343,1.0,0.7680069565252358
2019-05-21,-0.6131855539001192,0.7982814843260402,0.587501607800465,1.0,0.5869660785135926
2019-05-22,-0.1233877650036833,3.1122442245894755,0.09165210815117569,1.0,0.6948292192714604
2019-05-23,0.7966293122395902,4.770672810731368,0.7789347536245435,1.0,0.7790731126034576
2019-05-24,0.08147358875819893,4.886435751342347,0.8643443875177812,1.0,0.7342430521678059
2019-05-25,0.4337145215974632,2.6458612907133063,0.3116636438392677,1.0,0.7245473100141943
2019-05-26,-0.059906410945837194,0.4454826351258234,0.7690498687100392,1.0,0.6152030113575214
2019-05-27,-0.8213686631359811,0.6748009845220512,0.6395153412448658,1.0,0.5696759748541822
2019-05-28,1.8780463608812301,1.2980560208520795,2.2148478058637564,1.0,0.8281170184563773
2019-05-29,1.312366300883782,5.0,2.086794286166836,1.0,0.85705089626448
2019-05-30,0.4530893774978709,0.46213576367731385,1.4563907251655226,0.8705505632961241,0.6535905573196822
2019-05-31,-0.03171284273039083,-0.1260890271968668,0.7323017737615808,0.7578582832551991,0.5557209026317704
2019-06-01,-0.21867915608545233,-0.2787273023383751,0.8386335594529704,0.6597539553864472,0.5257252972866036
2019-06-02,-0.18665176656243795,-0.3330367277974338,0.30436342968354296,0.5743491774985175,0.4949778428518402
2019-06-03,-1.3022352729310593,0.10605466540942467,-0.07886682431587436,0.5,0.41497436538612625
2019-06-04,-1.0385530570974777,0.348858102535542,0.3046020888168234,0.4352752816480621,0.4457435790069192
2019-06-05,1.1065272327176288,-0.29055658640676346,1.8337439102082764,0.37892914162759955,0.6046261259986426
2019-06-06,1.440025222343061,-0.3879703924131855,2.7421872841328176,0.4352752816480621,0.6615337835239579
2019-06-07,-0.6827131881175561,-0.5622195080318215,1.6968313816161091,0.5,0.48762102067804075
2019-06-08,-1.4408928487949988,-0.21492403815507113,0.4197407499144447,0.5743491774985175,0.42012904344579793
2019-06-09,-1.5864096597675077,-0.4660596364460789,-0.003782581906439225,0.6597539553864472,0.398657211741332
2019-06-10,-0.7197926718635886,-0.19210328623001074,0.8341860208957694,0.7578582832551991,0.5104944614676492
2019-06-11,-0.863954975531064,-0.2085165567845388,0.9581745061431058,0.8705505632961241,0.5212365464644287
2019-06-12,-1.2076199097734845,-0.16249596143152614,0.38312573344331113,1.0,0.5004921987368979
2019-06-13,-1.5268073474097206,-0.3012388046491532,-0.1618390601471242,1.0,0.45526659130739977
2019-06-14,-1.3906193270761649,-0.12077770220572466,-0.29772439478200863,1.0,0.4673354941102835
2019-06-15,-1.1293358121155899,-0.17364713154895756,-0.5045441828926369,1.0,0.4756575092813329
2019-06-16,0.10801271950954201,-0.14660441836521546,0.6816683685553583,1.0,0.5988146094872642
2019-06-17,2.0608488863325065,-0.1001751254342268,2.240738353816553,1.0,0.7829072406562928
2019-06-18,-0.3498972113282307,-0.23902382030596903,2.234653917860929,1.0,0.6162026573274002
2019-06-19,-0.27751697108323464,-0.27167814570602655,2.375198225836527,1.0,0.6243522200512509
2019-06-20,2.260139198967587,-0.22703323519918525,2.019875957553553,1.0,0.7835454270496582
2019-06-21,-0.5654730520770149,-0.20611722491564582,1.1160158412190506,1.0,0.5659141068640154
2019-06-22,-1.0302761769270778,-0.171496730740195,0.37850982019737506,1.0,0.5117862184305992
2019-06-23,-0.27364764269693015,-0.14852450789005822,1.197420372763269,1.0,0.5904823150835612
2019-06-24,0.927064651370454,0.02665722775589043,2.6684427988941,1.0,0.7268631212109957
2019-06-25,2.0282173773590317,-0.010076942569514408,2.9929583056058435,1.0,0.8095598960704006
2019-06-26,2.6267311554875636,-0.2025095307059523,3.509601841627277,1.0,0.8416775132530897
2019-06-27,2.030582368972753,-0.3050264866215329,3.3644451453577804,1.0,0.7976627209889531
2019-06-28,2.7259064785525955,-0.36519145883679577,3.0920896181130626,1.0,0.8415107877853066
2019-06-29,1.6834081378171784,-0.3505348183958532,2.496858751067492,1.0,0.7558502167902345
2019-06-30,-0.3377631120503204,-0.3939869560547145,1.3600840775645693,1.0,0.5814024719465178
2019-07-01,0.9874430989062611,0.003433939010463578,2.502103301443006,1.0,0.7243760641006203
2019-07-02,2.8001084624024184,-0.14600181653852964,2.8828471884230957,1.0,0.8516853947518257
2019-07-03,3.188109166307116,-0.3226506836615896,2.417100295696873,1.0,0.842126231370663
2019-07-04,2.246938145052727,-0.4124181908412126,1.7556043076646766,1.0,0.7661319286406205
2019-07-05,4.352737918892112,-0.19878241234625274,2.1994678451659584,1.0,0.8400329943244381
2019-07-06,5.0,-0.26361450495836314,1.720174206426656,0.8705505632961241,0.8019377870020421
2019-07-07,3.071550403456958,-0.13685861090896237,1.2145410611757022,0.7578582832551991,0.7734610024062631
2019-07-08,2.803349800118663,-0.284604775465081,1.282464738102843,0.6597539553864472,0.7417433722749277
2019-07-09,3.3909163968410962,-0.25242642013346067,2.07683147168183,0.5743491774985175,0.7698623248419444
2019-07-10,1.7551100186134174,-0.25062289950131905,2.449845229096315,0.5,0.6882262213982167
2019-07-11,0.5455901940533157,-0.18463149515221697,1.8280655872802687,0.4352752816480621,0.5799065124620969
2019-07-12,1.2153025805100528,-0.46902821330695765,1.7435124139547162,0.37892914162759955,0.6014337815221775
2019-07-13,0.5590642991117971,-0.3512543145420388,1.6104825161428706,0.3298769776932236,0.5507996540269474
2019-07-14,0.6061494243954982,-0.36328814543581794,1.6638180188152534,0.2871745887492588,0.5488097445061048
2019-07-15,0.4362952879368957,-0.14262348270636677,1.9845699921473172,0.25,0.5517960404879384
2019-07-16,0.7597485104621284,-0.3571240472550958,1.9706810846010738,0.21763764082403103,0.5591047476721535
2019-07-17,2.0190171853800334,-0.40729895824584633,2.0746482107198063,0.1894645708137998,0.6402049817444888
2019-07-18,1.5427714245926223,-0.17225025902952956,1.7329775222245662,0.16493848884661183,0.6031810249144217
2019-07-19,3.097679648964735,-0.11067914051490572,2.3558729448282008,0.14358729437462942,0.7204555614623468
2019-07-20,3.6353914585956444,-0.3339072807832029,2.188444388794575,0.12500000000000003,0.7027853429271858
2019-07-21,3.72763055035445,0.029278457655197675,1.656050142094585,0.10881882041201553,0.6977444302005885
2019-07-22,2.15634835361227,-0.3523254633965839,1.1195945734143713,0.09473228540689989,0.6056059911908077
2019-07-23,-0.0370872245445918,-0.2198410092396084,0.23352627720037608,0.0824692444233059,0.43352207221555195
2019-07-24,-0.4754419461916643,-0.356656037717702,0.45767165781071595,0.0717936471873147,0.4044679710207726
2019-07-25,-0.16724317956301393,-0.2566133188712413,0.7348579456481079,0.0824692444233059,0.44002388459459685
2019-07-26,0.5717466881909449,0.14561131913476813,0.8899098444103692,0.09473228540689989,0.513057088468059
2019-07-27,0.13791881639149023,0.14511113048256832,0.8295962280076198,0.10881882041201553,0.4842169155249294
2019-07-28,0.22229379111623135,-0.3882458672247789,1.147395136313195,0.12500000000000003,0.4806391794838228
2019-07-29,1.0635335305323552,-0.19309288721938742,1.5111629798969364,0.14358729437462942,0.5597668918874416
2019-07-30,1.235404309838333,-0.18231979197682446,1.368199162736502,0.16493848884661183,0.5701110414083963
2019-07-31,0.4536698619019575,-0.3386600540571519,0.627670577000968,0.1894645708137998,0.4904758600631848
2019-08-01,-0.0012051149764695896,-0.5263688889453843,0.9368330532928654,0.21763764082403103,0.46686103652887784
2019-08-02,-0.14408535961044197,-0.1436335103968388,0.735984750505567,0.25,0.47144240477628785
2019-08-03,-0.49194212681170807,-0.26957890573096993,0.5653299026847244,0.2871745887492588,0.44289192220897533
2019-08-04,0.1903457313895115,-0.1519873460776304,0.6614231400169521,0.3298769776932236,0.5028858939939481
2019-08-05,0.37280453268928443,0.21002939720959476,1.0328287277716073,0.37892914162759955,0.5498718558995456
2019-08-06,0.3331548151469382,-0.25758415479613783,0.88832040726414,0.4352752816480621,0.5313796203826375
2019-08-07,0.5692728680942855,-0.4538952105320854,0.7778345683047967,0.5,0.5449670430442753
2019-08-08,0.24395832353447286,-0.4843298346466123,0.9666327643027816,0.5743491774985175,0.539456947226893
2019-08-09,-0.6059618242222417,-0.28481848467086024,0.5414803068284673,0.6597539553864472,0.48974754505948076
2019-08-10,-0.8711879097377095,-0.0824715870331715,-0.29298558318395423,0.7578582832551991,0.46739704627325196
2019-08-11,-0.6706157876099565,0.041707609110164204,-0.27280019269425904,0.8705505632961241,0.5035193426102031
2019-08-12,0.47343094799090474,-0.1269267930192546,0.6807235713685544,1.0,0.6239642325358765
2019-08-13,0.7571908318900512,-0.28841012853272624,0.33728143106067504,1.0,0.6247050144724957
2019-08-14,-0.03609080693654238,-0.321655410445853,0.6507868864759058,1.0,0.5808845336515168
2019-08-15,-0.4987025351653549,-0.03785059100013707,0.4265613765139615,1.0,0.5543947689144361
2019-08-16,-0.31847148385906265,-0.08245656304642583,0.5738723292624797,1.0,0.5694619552578774
2019-08-17,0.475363155751346,-0.19856464131716167,0.27627216252029024,0.8705505632961241,0.5882090069069696
2019-08-18,0.06344108246008116,0.1524621059278039,0.6872202010427634,0.8705505632961241,0.589071917773508
2019-08-19,1.413244947314815,-0.14847845339555477,1.3699853151876276,1.0,0.7086959047690938
2019-08-20,0.656126906978006,-0.2019733096620132,1.0757241009534269,1.0,0.6461837092610642
2019-08-21,0.4976107689958253,-0.21438179899635548,1.0272601442984317,1.0,0.6334834811181546
2019-08-22,0.7053919473249279,-0.07504426687719183,0.7303861790274758,0.8705505632961241,0.6238280758304467
2019-08-23,-0.645010665346328,0.15051768191301002,-0.13605087431684532,0.7578582832551991,0.49741457240100523
2019-08-24,-1.3276050577435854,0.7808996710018351,-1.7100052953558436,0.6597539553864472,0.41099339923827644
2019-08-25,-1.3136276773098678,1.0507832257904868,-1.7067866282339788,0.5743491774985175,0.4104669449375908
2019-08-26,-1.1080916776826975,0.6220971227948299,-1.357761595486702,0.5,0.406789215088048
2019-08-27,-1.07404835463308,1.5153080914154513,-0.9148403480708962,0.4352752816480621,0.4513312274782846
2019-08-28,-0.9089324616590684,1.3706248445680087,-0.6515155357865309,0.37892914162759955,0.4566360577976514
2019-08-29,-0.6592437375741805,2.3970708754391605,-0.380221316676547,0.3298769776932236,0.5177358734031183
2019-08-30,-0.5225770627148296,1.3649993367865876,-0.20573501297478974,0.2871745887492588,0.48325485606501495
2019-08-31,-1.1451374546774011,-0.6901061724358213,-1.0119896067051284,0.25,0.3236700922798431
2019-09-01,-0.9853601277246974,3.26652956721858,-1.5398030908241909,0.21763764082403103,0.46562820124781845
2019-09-02,-0.772015353968413,2.233248868634776,-0.7001551203677849,0.1894645708137998,0.4716655275383653
2019-09-03,1.4014905472814456,2.126519348054542,0.04461005713369056,0.16493848884661183,0.6332654512191505
2019-09-04,0.5688470082003626,2.74960836757024,0.32636130412653336,0.16493848884661183,0.6131096326599937
2019-09-05,-0.6631465878746036,5.0,-0.36814962499997456,0.1894645708137998,0.5219382589304306
2019-09-06,-0.8181012749162468,3.7707103735847665,-1.4297790409257232,0.21763764082403103,0.48044625976499744
2019-09-07,-1.0131331045868703,0.7703623704560963,-1.8134954717622918,0.25,0.3666063760711362
2019-09-08,-1.0574984821796027,2.339066359060519,-1.7952522687677914,0.2871745887492588,0.43519564550234385
2019-09-09,-0.3610085969269292,5.0,-0.762552532099068,0.3298769776932236,0.5499958891222193
2019-09-10,0.7626847309731943,5.0,0.2802033188770945,0.37892914162759955,0.6670251306049227
2019-09-11,0.925651245369692,0.4021765477660882,1.12803574729165,0.4352752816480621,0.6063599230051642
2019-09-12,0.9104775543408251,0.4748504506706297,0.652102109272731,0.5,0.6022206760430889
2019-09-13,-0.3863821594609492,1.5492198026229347,-0.2695518782406187,0.5743491774985175,0.540959328495316
2019-09-14,-0.6812262752286385,0.5120047799997008,-1.748675741631947,0.6597539553864472,0.4415923494049805
2019-09-15,-0.7305642299421274,0.4525497237678926,-1.2560400241940528,0.7578582832551991,0.46696269817599845
2019-09-16,0.7295935850475732,0.09052205175011813,-0.23955334451313395,0.8705505632961241,0.6000087975034073
2019-09-17,-0.46268083085335093,0.33229601361437033,-0.8729352602909094,1.0,0.5289024365006784
2019-09-18,-0.48223341555030774,0.21668451360605495,-1.2928199417434925,1.0,0.5087856289721153
2019-09-19,-0.5681728118679064,0.23424786098566497,-1.576958652478278,1.0,0.49431685166726635
2019-09-20,-0.5057910963834233,0.11916648047987574,-1.2443300634343404,1.0,0.5047681948132886
2019-09-21,-0.6106437794670241,0.4487479405738781,-1.2892616326604862,1.0,0.5100128578040939
2019-09-22,-0.48693863246016267,0.6318796266211937,-0.6539050248325314,1.0,0.5470689081174546
2019-09-23,0.6672000715870265,1.1862163380723634,-0.33268720066256385,1.0,0.6578161121700649
2019-09-24,-0.5177753819500239,0.3962450611711357,-1.0294932091207352,1.0,0.522675411781438
2019-09-25,-0.5428595875772289,0.7458413618829273,-1.333146800163411,1.0,0.5254478575678597
2019-09-26,-0.4137294586848609,0.27769814778344026,-1.2565227813475175,1.0,0.5171046995337354
2019-09-27,-0.2670638777256207,1.6712177046152243,-1.5053363683862966,1.0,0.5766519335643832
2019-09-28,0.53599351706235,2.303808316728885,-1.308159317950933,1.0,0.6631196037361625
2019-09-29,0.3019044478995056,4.3080097770770625,-1.4350804392406324,1.0,0.672290948551946
2019-09-30,-0.8554679407736214,2.422685554779879,-1.7026662718554928,1.0,0.5621584930024037
2019-10-01,1.552864471353878,2.0675875046579004,0.26899905684753617,1.0,0.7736404126792558
2019-10-02,4.2168464879019485,0.7494686577467614,0.34665851004390846,1.0,0.8177831444075787
2019-10-03,0.983023029485887,5.0,-0.40552123093542847,1.0,0.7520174942678781
2019-10-04,-1.132039181116998,-0.01042496668247738,-1.3545088728017127,1.0,0.45394605188703985
2019-10-05,-1.3719626996136507,0.08799267781411692,-2.5000204397923245,1.0,0.40386816694160066
2019-10-06,-1.333462619238415,0.09080509997322138,-2.3929338759497494,1.0,0.41012157535133154
2019-10-07,-1.0980081822361527,-0.11354196704849419,-1.7216639834684364,1.0,0.43967973977495467
2019-10-08,-1.0772106244476463,-0.1338342743251544,-1.8263655105264764,1.0,0.4367306799223929
2019-10-09,-0.9478052160669611,-0.10882755227498543,-1.9602143637367888,1.0,0.44193802545951855
2019-10-10,-0.9081235682209596,-0.0734264678162006,-1.7662013218566408,1.0,0.4525256152310396
2019-10-11,-1.0075667164584465,-0.06316197259405226,-1.8311739067020756,1.0,0.4441580064879489
2019-10-12,-1.123461519686316,-0.11010502591984976,-2.0518125243870573,1.0,0.4271211051280166
2019-10-13,-1.0507926847769007,-0.09236859543381913,-2.2163637085742423,1.0,0.42721967258598936
2019-10-14,-0.6896416763188752,-0.2048899223899916,-1.6656067165491695,1.0,0.464966584260853
2019-10-15,-0.8264322990342464,-0.1460121776051173,-1.630778849663239,1.0,0.45946137767539574
2019-10-16,-0.6498401297368375,-0.1169339042164434,-1.5353168483180082,1.0,0.47562785039792543
2019-10-17,-0.614916767141223,-0.21841814470918325,-1.5364411851321722,1.0,0.47369008665663015
2019-10-18,-0.5703638991997974,-0.11720443659524145,-1.588693524949739,1.0,0.47913577103022054
2019-10-19,-0.5495589398836026,-0.014335887396950305,-1.821920219560256,1.0,0.47703473471421176
2019-10-20,-0.12399623549169977,0.030371394981058068,-1.8236770702867375,1.0,0.5072098234152062
2019-10-21,-0.0027715470114932123,4.881814755441043,-1.4185207168030165,1.0,0.6525312063058
2019-10-22,-0.314304206341601,2.3238905128176017,-1.345578971319161,1.0,0.6060225252339879
2019-10-23,-0.4465748432858857,0.021121833074030545,-1.401410644219106,1.0,0.4993947320183888
2019-10-24,0.2718523820539001,-0.04566558160796774,-1.3197232836987678,1.0,0.5472299834466358
2019-10-25,-0.29329595569360756,-0.033322724020262255,-1.3861790234965055,1.0,0.5078525220030318
2019-10-26,-0.8096098085057525,-0.112375527832822,-1.5713065250117446,1.0,0.4639668149395241
2019-10-27,-0.7426101015856528,-0.21797517520842682,-1.5028259565681226,1.0,0.4663161623750013
2019-10-28,-0.5235544950478721,-0.2465101249762583,-1.1829339671910892,1.0,0.4903939795497615
2019-10-29,-0.5147937585907766,-0.27127445021714736,-1.1045458408477282,1.0,0.49255911930664287
2019-10-30,-0.5650784379544187,-0.2420221747773083,-1.0123976811561093,1.0,0.49349725748211404
2019-10-31,-0.6894126510457412,-0.23378790064668306,-1.1031450850067228,1.0,0.482526491236448
2019-11-01,-0.026137204898852098,-0.17980311363512597,-0.926096129771889,1.0,0.53489585227955
2019-11-02,-0.35175489911131397,-0.24249605052455583,-1.02247769144642,1.0,0.5073630815725086
2019-11-03,-0.1756505662313773,-0.17203999681900461,-1.1271286736239747,1.0,0.5185506732629839
2019-11-04,0.39563812151414157,-0.10841715592595075,-0.636422266830513,1.0,0.5756444177096778
2019-11-05,0.030403176957971692,-0.17491740453744622,-0.7351726203929331,1.0,0.5452328992617067
2019-11-06,-0.08500038347392172,-0.17661375117927935,-0.6781385280434491,1.0,0.5393697838678203
2019-11-07,0.3309818225766471,-0.2203531040225994,-0.49304456679300124,1.0,0.5714492566110682
2019-11-08,0.3391699196246265,-0.21858395595682692,-0.21587727585606634,1.0,0.5813077539482384
2019-11-09,-0.1725206033075857,-0.19337926462053778,-0.2611964727242383,1.0,0.5467346079961639
2019-11-10,-0.7285474650777211,-0.2649420272511228,-0.707233607816533,1.0,0.49181646426547077
2019-11-11,-0.5082213068858515,-0.21883468449446225,-0.5091923261646228,1.0,0.5150273901481865
2019-11-12,0.5166592770437093,-0.3052416957303126,0.49324066945388784,1.0,0.6131669034626139
2019-11-13,2.5551361046195558,-0.06252789042209247,0.6997532172987028,1.0,0.76606218545034
2019-11-14,1.9230373836771761,-0.1856009802795541,0.5324820779364012,1.0,0.7132185206647104
2019-11-15,0.14321875420640412,-0.32873312528244497,0.11048098572269198,1.0,0.5745334029177481
2019-11-16,-0.4507848433035369,-0.25480851092089396,-0.3190471753341364,1.0,0.5236957499802558
2019-11-17,-0.516705470734994,-0.17800061518893426,-0.4771135423306923,1.0,0.5172324915737717
2019-11-18,-0.16367983122042618,-0.3456650854134968,-0.07713145517201862,1.0,0.5471142508540087
2019-11-19,0.908098259287924,-0.25599324653095357,-0.1393044056027102,1.0,0.6202300184936482
2019-11-20,0.24172565705478857,-0.2898605109032963,-0.15421069160732542,1.0,0.5738971661291045
2019-11-21,-0.0727578051833606,3.8794776702418314,-0.09255042093503911,1.0,0.6920644656232747
2019-11-22,-0.6399788307950924,-0.3496148144092302,-0.34130597036983595,1.0,0.5063905950009481
2019-11-23,-0.6847272089385056,-0.3634550398256219,-0.4272991931944075,1.0,0.4999642529715518
2019-11-24,-0.8332027437360142,-0.38091567826914785,-0.49876725906085695,1.0,0.4869560885210227
2019-11-25,-0.26032873782958127,-0.30540036265301257,-0.043108583144918576,1.0,0.5434827829293218
2019-11-26,-0.33446160293343036,-0.37447761213379194,-0.1422547713471055,1.0,0.5323575002539598
2019-11-27,-1.0468210236788449,-0.046810773865065644,-0.470315804844258,1.0,0.48758428934889075
2019-11-28,-1.0614925275445428,-0.39927110508034913,-0.5954249248318706,1.0,0.46775003795762027
2019-11-29,-1.0133607245081169,-0.41981544724040637,-0.6861476903636224,1.0,0.4670787183856545
2019-11-30,-1.0677345095593824,-0.41873826705984146,-0.7559557278304286,1.0,0.4611717473075335
2019-12-01,-0.895542554804207,-0.3576729350019289,-0.31969399773615564,1.0,0.489737657463434
2019-12-02,-0.26115295193329724,-0.3694002835440914,0.637462762002863,1.0,0.5634468834568719
2019-12-03,-0.06968257441883641,-0.38956436808192557,0.6502795574114089,1.0,0.575798631615711
2019-12-04,-0.5456479251733916,-0.3625654400387641,0.6078808554827574,1.0,0.5437792735029173
2019-12-05,-0.08692871213836147,-0.37387859038247073,0.40347716431691955,1.0,0.5670757167354036
2019-12-06,-0.4038966337565199,-0.31020290073410384,0.3760140734474096,1.0,0.5476822393338914
2019-12-07,0.15239268507251774,-0.33584770604145336,-0.09472875552351967,1.0,0.5680082327356566
2019-12-08,-0.7886883822720206,-0.1052155356810308,-0.061203189379340536,1.0,0.5159966875491776
2019-12-09,-0.6571120295822244,-0.34914742137969595,0.20256847948215795,1.0,0.5233970047864364
2019-12-10,0.03267989171609299,-0.31035892426125594,0.5324871677127636,1.0,0.5819966098606126
2019-12-11,0.17510513233233882,-0.30804501821459845,1.3672633227478208,1.0,0.6194139104881417
2019-12-12,1.1307433680258467,-0.30311241042075826,1.6013608984385161,1.0,0.6911319040488088
2019-12-13,-0.33514623083318634,-0.2985574695778517,1.1577726112235385,1.0,0.5788094437528284
2019-12-14,-0.7092400605408525,-0.2992428240497422,0.2797832152746532,1.0,0.5245749854710257
2019-12-15,-0.7651432144579089,-0.3111919207324296,0.19599640433591295,1.0,0.5175573358168186
2019-12-16,-0.4468336656579801,-0.2983333000336517,1.197794755429651,1.0,0.5727070266357209
2019-12-17,-0.496026001260642,-0.36649351840092703,1.1944765592874889,1.0,0.5664769219588349
2019-12-18,0.751161810099537,-0.36191581899322023,1.8539774345268458,1.0,0.6717968760328132
2019-12-19,2.583906101663826,-0.22062017253353175,2.2110643541605364,1.0,0.8117700447273759
2019-12-20,2.219864385540073,-0.22677359438920577,1.8240779907734626,1.0,0.7743446589622367
2019-12-21,-0.28769195768760164,-0.36906588855702427,0.9446411737264998,1.0,0.5719308299218339
2019-12-22,-0.6137149404659752,-0.2961214821265962,0.3073677714382272,1.0,0.5319928679282677
2019-12-23,0.05057744870769928,-0.24256043192925,0.3469745406078841,1.0,0.5798309632703907
2019-12-24,-0.7827150575955069,-0.3696280470773956,-0.1474374251907199,1.0,0.5025032466923841
2019-12-25,-1.1568949518043499,-0.3795047171741779,-0.8092694892858352,1.0,0.45508532368792476
2019-12-26,-0.8872336088573394,-0.3676686981503213,-0.35885905779230676,1.0,0.4885695950601705
2019-12-27,-0.8956686522209854,-0.3720583847686159,-0.5285484911997199,1.0,0.48216804077991804
2019-12-28,-0.9675009794073701,-0.34885950915317915,-0.6504001518585033,1.0,0.47428411676284277
2019-12-29,-0.9968934921579609,-0.3440819779089852,-0.8216687747865479,1.0,0.4668147256170434
2019-12-30,-0.8617889183010937,-0.32581518481288957,-0.06089326036014112,1.0,0.5019419974007187
2019-12-31,-1.1284151211029696,-0.3128243350615421,-0.1715636646568872,1.0,0.4810191891436749
2020-01-01,-1.0580468638715623,-0.36166820120315435,-0.23342165760109976,1.0,0.4816133121050611
2020-01-02,-0.20376564901633243,-0.3412971781082365,0.6220122947658073,1.0,0.5679286508032616
2020-01-03,-0.6988456112004011,-0.3418843249293516,0.10518212068867329,0.8705505632961241,0.4982537675652914
2020-01-04,-0.9848055067155018,-0.35261084903587786,-0.41637591941019264,1.0,0.48077498352879855
2020-01-05,-0.8129292568254852,-0.27612115190145,0.2818029272425405,1.0,0.5186930991238252
2020-01-06,0.06353292950030212,-0.2501157988796878,0.6988209939473456,1.0,0.5921080701449447
2020-01-07,0.09891655984274948,-0.302981976954763,1.1004721734259917,1.0,0.6056525940639347
2020-01-08,-0.5309326359534005,-0.3505675480261455,1.337028357105107,1.0,0.5695651216721875
2020-01-09,1.749161900781504,-0.17007530656722172,1.7524632669090106,1.0,0.7429397645087664
2020-01-10,-0.8810626272302959,-0.33877221043799294,0.9098560372621896,1.0,0.5324755173251369
2020-01-11,-1.2865682007181773,-0.34117536754074473,-0.5209833089730521,1.0,0.4576470360054887
2020-01-12,-0.8240943413354467,-0.25718291657351056,-0.9640969864033808,1.0,0.47720785617362793
2020-01-13,-0.582375317902432,-0.3214577160823405,0.12493153226025522,1.0,0.5269452917117489
2020-01-14,-0.6936889418934085,-0.3246050800282314,0.08943391172878336,1.0,0.5182099892635559
2020-01-15,-0.6824128931970245,-0.3243754805527104,-0.047355811824470975,1.0,0.514411635036353
2020-01-16,-0.27256745418902323,-0.26186186803555744,0.6963841426714877,1.0,0.5691307299749665
2020-01-17,0.839414325939484,-0.24682843544493274,1.3652310749051633,1.0,0.6661841394159322
2020-01-18,-0.3748883294995283,-0.06735661886899959,1.0977333246896577,1.0,0.5837920297368118
2020-01-19,-0.29445538447011566,-0.31904289376806527,0.9317118418779053,1.0,0.5731332485242532
2020-01-20,0.5401973417044438,-0.19585098296377157,1.9250502634189897,1.0,0.6670210406041055
2020-01-21,1.016241946182425,-0.17595712670119928,2.3108775374751094,1.0,0.7124471673821154
2020-01-22,0.42614162373151887,-0.135910406738368,2.2697162819170105,1.0,0.6734037173652363
2020-01-23,-0.09245096455474532,-0.21137468687447544,1.491923021246924,1.0,0.6097600911181447
2020-01-24,-0.6301955059550685,-0.27086738345411077,0.5078733804859085,1.0,0.538629937975271
2020-01-25,-1.1474074328195742,-0.31422005648255247,-0.5665184284068653,1.0,0.4665297211783599
2020-01-26,-0.9942267536815005,-0.30511026706872224,-0.39954822060655387,1.0,0.4826870146064848
2020-01-27,-0.3110116111391567,-0.16194068191787353,0.389685776680226,1.0,0.560507890066819
2020-01-28,-0.6250809190997413,-0.1959218930392663,0.5771799987145501,1.0,0.5444038598071995
2020-01-29,-0.03748632901731305,-0.14369993949788276,0.5501157942176034,1.0,0.5848506070603542
2020-01-30,0.3948452625825096,-0.2029198606497416,0.985590957237703,1.0,0.6257210552196849
2020-01-31,-0.5808269309311723,-0.22336983513528594,0.540444357800378,1.0,0.5449859400672976
2020-02-01,-0.9428100645560403,-0.2505064035508598,-0.9351436634552202,1.0,0.4705367734331375
2020-02-02,-1.0604377365596138,-0.19363095384590184,-1.012772924127203,1.0,0.46247709701487305
2020-02-03,-0.77875109174719,-0.15949254810840127,-0.6386538044608678,1.0,0.4951492775636417
2020-02-04,-0.8876183571573114,-0.18744018552475486,-0.7994347750056161,1.0,0.4813676092924606
2020-02-05,-0.7093290760683667,-0.20379764118064764,0.16869744023482125,1.0,0.524843074554076
2020-02-06,-0.5507946107740053,-0.1299955389458046,0.0821108937772194,1.0,0.5356009082848985
2020-02-07,-0.45567332763035395,-0.02967296429189196,0.29535401756277546,1.0,0.5532305385645735
2020-02-08,-0.6406594153246534,-0.10526115228015404,0.18372629326669904,1.0,0.53402770074224
2020-02-09,-0.8380865979476687,-0.13906353006045466,-0.5933426756284846,1.0,0.49355515719668697
2020-02-10,-0.5281045266018646,-0.10054279944652578,-0.15170671166847163,1.0,0.5305468578606547
2020-02-11,-0.7175923087641295,-0.09182764561116076,-0.2665334495153305,1.0,0.5144499125314153
2020-02-12,-0.5978332732647614,-0.0992823296269057,0.2196110038782307,1.0,0.5383280515105026
2020-02-13,-0.5434369919590025,-0.11151378405566896,0.17865348127365432,1.0,0.5400795755762021
2020-02-14,0.07150203793316517,0.005358892656832754,1.0484768227516312,1.0,0.6149393171479668
2020-02-15,1.1997862241181478,0.12302387686880786,1.1177611828591203,1.0,0.6973704492393809
2020-02-16,-0.7935236673924126,-0.23600150566770683,-0.07522687260777404,1.0,0.5097574636840922
2020-02-17,-0.9693535500130985,-0.23325477352012808,-0.2902299022837381,1.0,0.49098315102633017
2020-02-18,-0.8228107459444887,-0.1549251617802334,-0.5119527096680976,1.0,0.49662564487392113
2020-02-19,-0.45010127360277696,-0.31564608439414366,-0.22751556173588153,1.0,0.5242574761855295
2020-02-20,-0.5011974456325349,-0.5562244814133156,0.9180054798418007,1.0,0.5490109995603363
2020-02-21,1.1623571175091296,0.2032346385840039,1.7294872299573498,1.0,0.7186081587735206
2020-02-22,-0.3256765533771717,1.0464680548757397,0.35854977620043743,1.0,0.608842724601359
2020-02-23,-0.7934283019609941,0.553164688934876,-1.3077999980370978,1.0,0.5015599753069836
2020-02-24,-0.6041611352461231,-0.6111192545672869,-0.3438333837340795,1.0,0.4977981759188189
2020-02-25,-0.8332958552741474,-0.23288690626857286,-0.7351397751110645,1.0,0.4852386627168309
2020-02-26,-0.7751350616226661,-0.0767206622672371,-0.43200931257625136,1.0,0.5057273245448123
2020-02-27,-0.45779995891363706,0.35180477112282904,0.5728591571785361,1.0,0.5782338401084933
2020-02-28,-0.4049946619098987,-0.939667327352005,0.7027696455665448,1.0,0.532273205418558
2020-02-29,-0.7951250978243263,-1.2264260218005636,-0.04195958413326694,1.0,0.4694919230989125
2020-03-01,-0.8283077303768136,4.837718482273516,-0.982526847391966,1.0,0.6120285897284803
2020-03-02,-0.4661962159128941,0.909392031131016,-0.6417321442652285,1.0,0.5604205154274251
2020-03-03,-0.5095104314791301,0.779071015001088,-1.194717683911237,1.0,0.5336700073960621
2020-03-04,-0.62470237133581,0.021143272450995478,-1.0716920515680288,1.0,0.4985110765441365
2020-03-05,0.08961033732855686,0.1938710565764571,-0.7565891594943135,1.0,0.5638323445294458
2020-03-06,-0.06741951404530014,0.7516986477580319,-0.5000085587373534,1.0,0.5851591907623196
2020-03-07,-0.3132599343060745,0.5910493933603832,-0.48361746300005265,1.0,0.5626224803362759
2020-03-08,-0.709294878305628,1.1686918971787903,-1.3974321679254749,1.0,0.5298280982312252
2020-03-09,-0.10176361755017635,3.7752298880371575,-0.9967665884395186,1.0,0.6599902058820043
2020-03-10,-0.09043974325112421,0.0036253981507129223,-1.6653297168125163,1.0,0.5136107514791209
2020-03-11,-0.05843080431754783,0.7304217398547069,-1.4790530302465934,1.0,0.5522370845312232
2020-03-12,0.5201051557571432,0.9154900706918989,-1.1608388192453531,1.0,0.6091244693544603
2020-03-13,-0.5851818906174723,1.6736686604109465,-1.63094650053639,1.0,0.5513591847914115
2020-03-14,-0.41136488391149995,-0.39254542475158577,-1.8494760739594334,1.0,0.4695704125759361
2020-03-15,-0.2576249095193186,-0.6476976110805432,-1.7818528655307886,1.0,0.47144251005266324
2020-03-16,1.1081504280273031,-0.40275097184421343,-0.553016535662606,1.0,0.6136615201862244
2020-03-17,-0.15812312325868214,-0.31585713770747287,-0.9411440673367636,1.0,0.5199262754670511
2020-03-18,-0.21887038645712756,-0.6445639317471684,-1.193615583075816,1.0,0.49376462431086565
2020-03-19,-1.031278248868268,-0.18191125566904698,-1.4414733185774102,1.0,0.45061937046999145
2020-03-20,-1.0232057537989565,1.0270766956447412,-1.6806862618142853,1.0,0.493558270004791
2020-03-21,-1.0314038274292634,-0.22589401994013256,-1.8225229337256201,1.0,0.43607672954968957
2020-03-22,-1.0390063872774045,-0.8996623223275351,-1.7355914493354692,1.0,0.4103939291066768
2020-03-23,-0.6265539100920838,-0.3867988551300752,-0.7194312016512112,1.0,0.49313208030840083
2020-03-24,-0.8361947108878848,-0.16479406816597394,-1.1565722940448235,1.0,0.473834856632398
2020-03-25,-0.4081671329665571,-0.08985180892237632,-1.2436376970195095,1.0,0.5025904425298136
2020-03-26,-0.5336016378766386,0.0036894488470096995,-1.5689504863684312,1.0,0.4872819349645684
2020-03-27,-0.415632894113581,-0.25037985291872605,-1.9671993332062676,1.0,0.4712853354139388
2020-03-28,-1.2196032536341088,-0.8155619168855046,-2.190370326299815,1.0,0.3866990256775029
2020-03-29,-1.314182623276809,1.1743880904482846,-2.155518978469668,1.0,0.46447002960123573
2020-03-30,-1.0233813343044182,-0.35247759948732665,-1.880069835919319,1.0,0.42941901653708947
2020-03-31,-0.8894235614005825,-0.797875136111993,-1.7490391654699633,1.0,0.4241589930529627
2020-04-01,-0.5327138571225812,-0.12349107806986134,-1.3198554167657783,1.0,0.4903451007133911
2020-04-02,-0.09408170228673472,0.46845950623416815,-1.4646378975664054,1.0,0.5394257693550946
2020-04-03,-0.9208107455637518,-0.4360834977577946,-1.7138849442767554,1.0,0.43831297307995
2020-04-04,-1.2806029975470894,-1.0393999359825554,-2.0001903007990167,1.0,0.37964512613762036
2020-04-05,-1.2191170323931493,-1.127315751172399,-2.203279261762769,1.0,0.37331139948284775
2020-04-06,-0.8685994066266935,0.33587287950678113,-1.9621914345776217,1.0,0.46568169505174895
2020-04-07,-0.9055978176228621,-0.07682912954089427,-1.7604405797904268,1.0,0.4527442457679244
2020-04-08,-0.751779273522733,0.3306830722293947,-1.6316454428940845,1.0,0.48427166167823976
2020-04-09,-0.8050433854928747,1.208275414057002,-1.6059830361558032,1.0,0.5181424820143233
2020-04-10,-0.9809901765203247,-0.42634705399047573,-1.516433821479117,0.8705505632961241,0.42187098476082324
2020-04-11,-0.9355577179289722,-1.2306946115997421,-1.3926977672244163,0.7578582832551991,0.3786060269022119
2020-04-12,-0.7282566270253419,-0.6795958190531535,-1.9488087085617511,0.6597539553864472,0.3821358687603379
2020-04-13,-0.6452490267745313,0.9539316805447824,-1.3123570894409102,0.5743491774985175,0.46413769188114457
2020-04-14,-0.5074601612287669,0.9620289052923766,-1.323774828938365,0.5,0.4621280326739858
2020-04-15,-0.1510945589941803,0.5240436505671697,-0.8283165469743677,0.4352752816480621,0.47444292218875045
2020-04-16,0.13891428882991724,-0.26230304566456175,-0.9263550606283175,0.37892914162759955,0.44929252824250043
2020-04-17,-0.1488035224456512,-0.415507427316081,-0.91936101403885,0.3298769776932236,0.41660313521814174
2020-04-18,-1.0235121484988876,2.78017081192589,-1.1904691028207042,0.3298769776932236,0.4824055504902796
2020-04-19,-0.7477630618930888,0.9383986410178978,-1.54592682264677,0.37892914162759955,0.41955754973878745
2020-04-20,-0.4118875363654063,0.009076495746174166,-1.318654831554328,0.4352752816480621,0.41925514942712855
2020-04-21,-0.26338306468899825,1.215088916051833,-1.3054030159989887,0.5,0.48955639998959355
2020-04-22,0.026693948804554956,-0.6203682703104721,-0.9225376324553992,0.5743491774985175,0.456332040866965
2020-04-23,-0.3277681176308898,-0.8777920832261027,-1.1890450147492984,0.6597539553864472,0.4259023815065102
2020-04-24,-0.7047920121808997,-1.1158327379033628,-1.2157507055573071,0.7578582832551991,0.4046745540783362
2020-04-25,-0.8924791121605495,-0.5322142256743709,-1.511114177152428,0.8705505632961241,0.4235379117088689
2020-04-26,-0.592048151680543,1.2754290251362757,-1.551310816165956,1.0,0.5369626387297768
2020-04-27,-0.2419286605877329,-0.09924441096695563,-0.9477099826150375,1.0,0.5231459060833601
2020-04-28,-0.24769172436998052,1.751126729548868,-1.1404974455063446,1.0,0.5934342505896594
2020-04-29,-0.38548943424070553,5.0,-1.2468383944167618,1.0,0.6327394245700609
2020-04-30,-0.6824982153729077,2.568283985064902,-1.1664311225586006,1.0,0.597630914267557
2020-05-01,-0.8158395871601792,1.251156489228726,-1.2884356879761008,1.0,0.5297943583079816
2020-05-02,-0.9771129822819508,4.4492257372551185,-1.4819790669782134,1.0,0.5854598322819295
2020-05-03,-0.5287463152710581,-0.14204179814754003,-1.4173818004891403,1.0,0.48658577737614395
2020-05-04,-0.10500666756761379,4.786289406192167,-1.1702963622992628,1.0,0.6539896767521837
2020-05-05,0.24276605542366972,1.7992069795163543,-1.0466025216240213,1.0,0.6312646104539587
2020-05-06,0.6214395149406817,0.12472017212219624,-0.8196275444364762,0.8705505632961241,0.5748876411810064
2020-05-07,1.0922443148069485,-0.11771620033733184,-0.950035372404918,0.7578582832551991,0.5749223427145237
2020-05-08,0.14122755357609734,4.165928603332261,-0.8233394210513857,0.6597539553864472,0.630933616177994
2020-05-09,-0.5214223057802333,0.9174856044214589,-0.8854906272986829,0.5743491774985175,0.4851031021803668
2020-05-10,-0.5149995771880402,5.0,-1.006326790414518,0.5,0.55712246850698
2020-05-11,-0.019531068200436836,0.025595552087024798,-0.6096120410535011,0.4352752816480621,0.46973530100235616
2020-05-12,-0.09119944205325366,-0.2072742969277594,-0.6188568934762303,0.37892914162759955,0.4464944162860588
2020-05-13,-0.4113897658262478,-0.15987654219907027,-0.8458657674117734,0.3298769776932236,0.4121985140935466
2020-05-14,-0.8333196635994168,-0.15501965727930672,-0.8540375179081638,0.2871745887492588,0.37759447442218447
2020-05-15,0.4144083726133984,-0.17373009702783482,-0.02652006033485716,0.25,0.48200446878690484
2020-05-16,-0.3898410774726771,-0.281212463913782,-0.2507415016338138,0.21763764082403103,0.41158100490789146
2020-05-17,-0.9821276301055665,-0.11369427061203093,-0.768022993089566,0.1894645708137998,0.3576064825698787
2020-05-18,-1.0656476679806668,-0.17365342681772838,-0.448794952729452,0.16493848884661183,0.3565022042532269
2020-05-19,-1.3454374276663408,-0.21053273410025805,-0.6513728909074741,0.14358729437462942,0.3263576386940118
2020-05-20,-1.3138506149083862,-0.23802041120231396,-0.797802099943077,0.12500000000000003,0.319649038541242
2020-05-21,-1.0378200482367839,-0.2983593204785776,-0.8526740615286477,0.10881882041201553,0.3312807127751211
2020-05-22,-0.8520333863571803,-0.2780292904984152,-0.49961373777176254,0.09473228540689989,0.35416927202406356
2020-05-23,-0.316591213685416,-0.1671518457628371,-0.1639615501432711,0.0824692444233059,0.40383426050624094
2020-05-24,0.8266636501465644,0.10232877606779672,-0.039177779235192924,0.0717936471873147,0.49383773011618665
2020-05-25,2.037386245975526,0.3248536035667915,0.9343338650949652,0.0625,0.614880778716817
2020-05-26,4.341484809963766,0.26571041238237564,3.18183675218096,0.054409410206007765,0.7442326787135003
2020-05-27,2.7563457975875902,0.003404014756441231,2.837775537697104,0.047366142703449944,0.7105956597827787
2020-05-28,3.7307724492239647,-0.03035091419552516,2.7702818702929637,0.04123462221165295,0.7222633009166999
2020-05-29,2.2823496060831734,0.1946636670476859,2.5771426255231495,0.03589682359365736,0.6765569042556854
2020-05-30,-0.3578286941553932,-0.17435489334203705,1.0760477596931892,0.03125,0.43443572515682854
2020-05-31,-1.0620632941858108,-0.38749960756693513,-0.19555398739597724,0.027204705103003893,0.33561220292457505
2020-06-01,-0.7635834920146577,-0.11660234416203887,0.016113230971383175,0.02368307135172497,0.37332557126074273
2020-06-02,2.2389980589711858,0.3385237862016551,2.3616707790528575,0.020617311105826482,0.670186650990784
2020-06-03,5.0,-0.04818784927006956,3.8118390666345676,0.017948411796828663,0.7256844347166048
2020-06-04,3.1927930150119175,-0.22766279898135974,3.9597369659921227,0.015625000000000007,0.7178578000424433
2020-06-05,1.884283338132359,-0.21075846264363574,3.478426183862977,0.013602352551501933,0.6438776394813979
2020-06-06,0.2572026483709483,-0.3047550173884858,2.8725251266170804,0.01184153567586249,0.5269757854054918
2020-06-07,-0.5073716444581705,-0.2719035884068228,1.6332217486899472,0.01030865555291324,0.4358329308084396
2020-06-08,1.3121825072929127,-0.13992330840621434,2.572503027369473,0.008974205898414338,0.5937449277663465
2020-06-09,2.8745419562461727,0.0529648406310099,3.727523561602693,0.007812500000000002,0.720014873776037
2020-06-10,1.8094824474096645,0.0009472229008437448,3.6957267333413157,0.0068011762757509715,0.6466918072228754
2020-06-11,0.2806122071590176,-0.18660633186478484,2.277609923394923,0.005920767837931244,0.5127406626050889
2020-06-12,0.2001106685855061,-0.3341146616409661,1.7418110593225802,0.00515432777645662,0.483252784814548
2020-06-13,-0.7111656633358102,-0.3571960686172182,0.7616681119734131,0.004487102949207169,0.38876778876005674
2020-06-14,-0.8327718579835071,-0.19609744505971322,-0.3620890184954937,0.003906250000000001,0.34982745280709504
2020-06-15,-0.08780644586735183,-0.20890674598074602,0.46025003181473817,0.0034005881378754853,0.4262935451408181
2020-06-16,0.17085524304506697,-0.1561172894044049,0.9629723356316305,0.0029603839189656215,0.4624285979200534
2020-06-17,0.07682922891586941,-0.14931815227177972,1.077624244838342,0.0034005881378754853,0.46033125529835983
2020-06-18,0.6127157299357122,-0.14980208380991658,1.6570121865453613,0.003906250000000001,0.5154256388884797
2020-06-19,1.1184828439100245,-0.1989738732579889,1.9838540370607791,0.004487102949207169,0.5580764782193258
2020-06-20,0.37512120266301974,-0.30777991677527544,1.548033069330308,0.00515432777645662,0.48955816845604366
2020-06-21,-0.214963483446615,-0.3642645574141248,1.7295498358159453,0.005920767837931244,0.4540311875808583
2020-06-22,1.183100967177959,-0.361421697329511,2.5097097892828444,0.0068011762757509715,0.5734913298405918
2020-06-23,2.484186822201171,-0.16194575347934173,2.1757474565489563,0.007812500000000002,0.6575615053034041
2020-06-24,0.1933511689025348,-0.3683918793414806,1.5996989812792204,0.008974205898414338,0.4772098465483435
2020-06-25,-0.06877248028755509,-0.41550652432106117,1.5454390456417273,0.01030865555291324,0.4561633293217801
2020-06-26,0.7914764822644489,-0.30407424412651635,1.6775075610815382,0.01184153567586249,0.5227884876997891
2020-06-27,2.429070834255419,-0.2991864154298838,1.4815607776585533,0.013602352551501933,0.6258976671121266
2020-06-28,0.8567777025547649,-0.33866734973617374,1.8102336978630142,0.015625000000000007,0.5306922471934109
2020-06-29,2.211735858397444,-0.23868113573032732,2.419223205471678,0.017948411796828663,0.6458370451896462
2020-06-30,-0.29728244931043263,-0.23098689911649617,1.5944340254715947,0.020617311105826482,0.4517971134310443
2020-07-01,1.016195432092622,-0.1644780024714706,1.9876664625950886,0.02368307135172497,0.5557011214924585
2020-07-02,2.079458729710865,-0.20562600908770878,2.298310757210214,0.027204705103003893,0.6357538959411941
2020-07-03,1.7580346483205433,-0.3439515473334736,2.2866811657762947,0.03125,0.6087812009416846
2020-07-04,0.2987321772349893,-0.2809505972090462,1.740641810294228,0.03589682359365736,0.49661512081414527
2020-07-05,2.374175623325957,-0.25817937581594463,1.9833148802164364,0.04123462221165295,0.6448165902350286
2020-07-06,2.970685370669678,-0.28235056324810115,2.446779369943842,0.047366142703449944,0.6999453183129531
2020-07-07,2.2971591761424275,-0.2326994614883545,2.0708447846887488,0.054409410206007765,0.64563770520134
2020-07-08,3.980189632522625,-0.14544395252081463,2.1429959815800927,0.0625,0.6997480346976359
2020-07-09,3.0790575998254672,-0.06104665228433233,2.280369374375803,0.0717936471873147,0.7092377490454436
2020-07-10,1.5101488970600756,0.0012101562459066013,1.6377892670219878,0.0824692444233059,0.5926903785451466
2020-07-11,2.973724779493306,-0.2732069440581173,1.1834839812329527,0.09473228540689989,0.6655240048159323
2020-07-12,2.8000994504369867,-0.2902227295952112,0.883936465003985,0.10881882041201553,0.6453680548579338
2020-07-13,0.43493650751816126,-0.3413119722426264,1.3924282760071425,0.12500000000000003,0.5049387108580061
2020-07-14,0.5896615749566604,-0.3029529471334738,1.4723286644889815,0.14358729437462942,0.5223034485057099
2020-07-15,1.670581748929201,-0.19592410912880545,1.5393260677875698,0.16493848884661183,0.6042602543014906
2020-07-16,0.5299024637176885,-0.14741296578178278,1.290055597226665,0.1894645708137998,0.5256061628698971
2020-07-17,1.576716794899089,-0.19622741164924884,1.680363847408205,0.21763764082403103,0.6105960852117653
2020-07-18,1.4747149016045062,-0.21276250527110138,1.6677203830508036,0.25,0.6075399018223647
2020-07-19,2.0939813352434427,-0.2266472716280046,1.5163642468568812,0.2871745887492588,0.6487767825726809
2020-07-20,3.2179654548943746,-0.03160970273053372,1.8586895945320996,0.3298769776932236,0.7351207955246146
2020-07-21,1.3209323250718876,-0.2607044695163601,1.6535449130492361,0.37892914162759955,0.614157003787392
2020-07-22,3.802141757670239,-0.21952256455174954,1.4346770276116017,0.4352752816480621,0.7289670863112732
2020-07-23,2.3971120684622793,-0.27234321812400053,1.2720302325021842,0.5,0.6908608448923913
2020-07-24,0.6117977294261393,-0.3399091626898517,0.981489288275781,0.5743491774985175,0.5704923197503025
2020-07-25,2.1190806694775177,-0.2828343236299089,1.1678277038711384,0.6597539553864472,0.6923779645842599
2020-07-26,2.3105549593599455,-0.2870429789848951,1.4346910168414235,0.7578582832551991,0.7285786495492865
2020-07-27,3.3962538894699805,-0.2094005845600226,1.5853352823905003,0.8705505632961241,0.7997020695507677
2020-07-28,2.1812134407756774,-0.29816067398761376,1.3965580980952652,1.0,0.75454280457207
2020-07-29,1.2869373864012184,-0.3285051742745014,1.4037150134355665,1.0,0.6938986106131626
2020-07-30,1.7310913551305485,-0.2563270530168376,1.0796125290438097,1.0,0.7157128807677954
2020-07-31,0.24842586345643689,-0.31773202738203477,0.3845370505957579,1.0,0.5911407914427029
2020-08-01,-0.27173771739800434,-0.3031285104783008,0.29628253789422326,1.0,0.554129882166678
2020-08-02,1.4458802894006493,-0.224900202455882,0.45269254003384995,1.0,0.6771109288588432
2020-08-03,0.3813691045612536,-0.25295646588858084,0.5070899415677066,1.0,0.6067877522776497
2020-08-04,-0.6875490506233386,-0.21421628768349116,-0.15012994298499027,1.0,0.515233386538799
2020-08-05,0.47747334205898484,-0.12152702681755002,0.20719789612824588,1.0,0.6086745265574759
2020-08-06,-0.3155295999267624,-0.14611042865093787,0.12364564613570267,1.0,0.5519982803489502
2020-08-07,-0.29274996461752584,-0.08325798631803469,0.22698839755920597,1.0,0.5595805328475537
2020-08-08,-0.4482542375663342,0.04495902303805419,0.24184584356406827,1.0,0.5550512049076323
2020-08-09,0.33915719560618385,-0.5200584821337308,0.7793810377812876,1.0,0.601920744210883
2020-08-10,1.2805141530236688,-0.4007327278988008,1.3110573667135021,1.0,0.6873723254295779
2020-08-11,0.7389819905267218,0.03713095905052232,1.1619826078265256,1.0,0.6645453429231041
2020-08-12,0.3716809467207057,0.185483726281883,0.9175257509566741,1.0,0.6380914100750147
2020-08-13,-0.178932757504549,-0.31915668890119875,0.6503188439801904,1.0,0.5714502489281531
2020-08-14,-0.20736018923768523,-0.8199284323064036,0.6553164297425668,0.8705505632961241,0.5294387681905584
2020-08-15,-0.6401905274025388,-0.06554047979535099,-0.16804687186147854,0.7578582832551991,0.48766695827458834
2020-08-16,-0.7091537659408405,1.063130495326582,-0.8726759907875127,0.6597539553864472,0.4918940798576016
2020-08-17,-0.20960806402611,0.7853208098733643,0.01434374700442358,0.5743491774985175,0.5303783310012413
2020-08-18,-0.4164688024943287,-0.1494222120822274,-0.1412333348642927,0.5,0.46130170983480884
2020-08-19,-0.779271073060482,-0.22451678813101142,-0.34432188642395917,0.4352752816480621,0.41750762499025307
2020-08-20,-0.35550901491681214,0.8620357780941936,-0.12431791115033196,0.37892914162759955,0.4899129972985995
2020-08-21,-0.16119249026217713,0.7631476321882115,0.15855883582930688,0.3298769776932236,0.5008184931719908
2020-08-22,-0.26381108206149634,0.03370025753372941,0.04232262064506991,0.2871745887492588,0.4533037142603634
2020-08-23,-0.1259588498143033,0.1616331481992354,0.30109108317933164,0.25,0.4708738272933256
2020-08-24,1.112526696436056,0.061065301369243256,1.3384710558840076,0.21763764082403103,0.5789741819725271
2020-08-25,1.2406850412813222,-0.08721970091496284,1.2052752836363152,0.1894645708137998,0.5726737102905786
2020-08-26,1.0350725068161912,1.8240982885382666,0.5892123633942429,0.16493848884661183,0.6143901145836405
2020-08-27,1.8891358048116704,-0.3056353264230967,1.3027373484603137,0.14358729437462942,0.6031702541580206
2020-08-28,0.5774044119220271,-0.6355703937241244,0.7611203043783797,0.12500000000000003,0.481132204535576
2020-08-29,-0.7654589130890527,-0.09858243203979125,-0.498535141375533,0.10881882041201553,0.3695667894750231
2020-08-30,-1.1307932384955617,1.8780992142168194,-1.3514446066244405,0.09473228540689989,0.39702960728288367
2020-08-31,-1.3425729228139507,1.1336026936981678,-2.0419663932374106,0.0824692444233059,0.3270334242720758
2020-09-01,-0.13308585866091008,2.7957875682950695,-0.8181726853217843,0.0824692444233059,0.5177167219210037
2020-09-02,0.12191005958036902,0.4964111579140989,0.11027112037669332,0.09473228540689989,0.4716966823753701
2020-09-03,0.9944591684157918,5.0,0.28132437017313405,0.10881882041201553,0.6419975799619596
2020-09-04,2.3248057004647134,0.9293020130274519,-0.44816936088904363,0.12500000000000003,0.6225189852108233
2020-09-05,-1.2042377288366515,-0.15775801813091678,-1.550690341026292,0.14358729437462942,0.30799265011075305
2020-09-06,-1.0968182830316069,-0.09799087701536376,-1.849520852856174,0.16493848884661183,0.3108859061540387
2020-09-07,-0.7388819630354595,-0.36038140726992207,-1.3889563800250073,0.1894645708137998,0.342846450115959
2020-09-08,1.0498338559143146,0.2697857760082938,-0.18613203224630334,0.21763764082403103,0.5326712427766944
2020-09-09,0.3547615753453868,0.10880746704897543,-0.508621394015287,0.25,0.47373036968289023
2020-09-10,-0.20583935390332384,-0.016410940464177837,-0.4857224468989284,0.2871745887492588,0.4374790273028622
2020-09-11,-0.5513496372749319,0.5644741869357854,-1.0208145142215863,0.3298769776932236,0.4272175114839262
2020-09-12,-0.9629980112094726,1.4398202004449767,-2.1376657212994745,0.37892914162759955,0.4063764881387333
2020-09-13,-0.4906483198012257,1.3781841398030683,-1.9585410261568883,0.4352752816480621,0.4497210425470258
2020-09-14,-0.3052281493356898,0.48466550095493244,-1.8850491073296292,0.5,0.43701088233975527
2020-09-15,-0.9654263106358076,1.4404879946153069,-2.437494662380431,0.5743491774985175,0.4255611336120139
2020-09-16,-0.8138878123315232,0.8328715205451543,-2.302469848096305,0.6597539553864472,0.4276578909053702
2020-09-17,-1.3315212741053033,-0.10517330143314028,-2.305811620627167,0.7578582832551991,0.3686680493006399
2020-09-18,-1.512787198963871,-0.061933104745044446,-2.376869578317993,0.8705505632961241,0.3729205725885173
2020-09-19,-1.5798814385717388,1.2955568088964389,-2.7753568702052953,1.0,0.43114420879239257
2020-09-20,-1.547359596408473,1.09154563793924,-2.926524643079475,1.0,0.4197729403842543
2020-09-21,-1.3911821217098994,0.23376767507422097,-2.3558061566099986,1.0,0.41346797312709926
2020-09-22,-1.3677941852752156,0.6185613542505306,-2.1788332786703206,1.0,0.4369593347864137
2020-09-23,-0.9801088914355299,1.6757927910500892,-1.8074880604082102,1.0,0.5192345048511114
2020-09-24,-1.183991291853585,0.08494291428195114,-1.822340623175641,1.0,0.4388618478656543
2020-09-25,-1.2008345032368812,-0.4350625838027093,-1.6854617604196516,1.0,0.4206347001117733
2020-09-26,-1.1557013503949183,0.1913813188243813,-1.8492854017118316,1.0,0.4442846182009602
2020-09-27,-1.0147274018136925,1.5248558938256718,-1.6420337191781675,1.0,0.5161527114825513
2020-09-28,-0.8308568297881704,0.5915245732452424,-1.1178580171384118,1.0,0.5069944679947267
2020-09-29,-1.1368479449931834,0.4302608844025011,-1.3617232660351026,0.8705505632961241,0.45232948281047386
2020-09-30,-1.2665105922876558,-0.16004177330834604,-1.6167510078456737,1.0,0.4300058530314528
2020-10-01,-0.9996194103911963,0.374827203500252,-1.7489456159849586,1.0,0.46567831892026545
2020-10-02,-1.234979065946448,0.847722287221904,-1.7798664067319618,1.0,0.4686609440134174
2020-10-03,-1.1766682027057611,0.25655010122560706,-1.9202470295086735,1.0,0.4432368063870604
2020-10-04,-1.0523475336079875,-0.23218298795399392,-1.945533132032018,1.0,0.4303181021936505
2020-10-05,-0.9085892626009299,1.716404525502995,-1.5697822599120537,1.0,0.533618162392161
2020-10-06,-0.8615299112195185,0.3060567217823098,-1.489007181254723,1.0,0.48068346328447087
2020-10-07,-0.5259177696912517,0.3202460788361087,-1.2909489701686077,1.0,0.5102507696331342
2020-10-08,-0.6076598026987874,0.5697270794980284,-1.355817138986619,1.0,0.5130340701662781
2020-10-09,-1.003599042189446,0.5635454945699526,-1.4970837908080847,1.0,0.48167166643418213
2020-10-10,-0.8199592943431133,0.7408229020952377,-1.5552938846621425,1.0,0.4993605384756893
2020-10-11,-0.7144522987003972,0.9030511391556862,-1.5492057098101315,1.0,0.5133567872244561
2020-10-12,-0.5018278611206265,3.1300523632039834,-1.1660919563987417,1.0,0.6276750773786669
2020-10-13,-0.48832715454774417,-0.09156855616988835,-1.244453777985181,1.0,0.49714770725689894
2020-10-14,-0.7142883985860132,0.2590042154117009,-1.1988122557381249,1.0,0.4982122072118158
2020-10-15,-0.3804196109325661,0.6351780709402786,-1.1481753305439348,1.0,0.5378319345422095
2020-10-16,-0.4973205434567552,0.13063697403663807,-1.2185813823348162,1.0,0.506669124943249
2020-10-17,-0.7008255460700697,0.19751826073149478,-1.3514733397282117,1.0,0.49145911313486723
2020-10-18,-0.7055533179966772,-0.06484282448211016,-1.4008517149496535,1.0,0.47856627061514523
2020-10-19,-0.3796252519979131,0.14308858159874763,-1.0249149709416612,0.8705505632961241,0.5020724262297835
2020-10-20,-0.46986112871798014,0.28007825251405577,-0.9460619048257712,1.0,0.5238104551126946
2020-10-21,-0.15431647203499294,0.24748341035174823,-0.8513622993474506,1.0,0.5466453006507417
2020-10-22,-0.17625863638912148,0.5195378829490401,-0.7324323282907363,1.0,0.560482425087244
2020-10-23,-0.533494681786359,1.6858629972046582,-0.8349977543761835,1.0,0.5818447209518973
2020-10-24,-0.5960816169555979,0.31281403243059813,-1.0551761565078597,1.0,0.5131226050039731
2020-10-25,-0.563880134982431,-0.45714784948298703,-1.1508889256555814,1.0,0.47999719975086075
2020-10-26,-0.16717256722312399,-0.17078169083971606,-0.7931055351063472,1.0,0.5303024072299254
2020-10-27,-0.10491686653870004,0.19717120294280113,-0.8128898597895834,1.0,0.549124680360384
2020-10-28,0.09621296775948183,-0.3924685107544287,-0.7974855747385426,1.0,0.5384784907445795
2020-10-29,-0.002357563621100362,-0.8603563173156722,-0.6743307295761546,1.0,0.5165169582179018
2020-10-30,0.13318774590283788,-0.8599841429760212,-0.7543524708481554,0.8705505632961241,0.5034840125690017
2020-10-31,-0.11097806842692459,-1.243141046762659,-0.8198516299749065,0.7578582832551991,0.4521542733122106
2020-11-01,-0.26812696245362705,0.14308734795842043,-0.8168901718521,0.6597539553864472,0.4848202629142562
2020-11-02,0.8928352103244629,-0.7873288364613586,-0.2208049245410932,0.5743491774985175,0.5305091916424821
2020-11-03,0.1261682381160007,-0.9016833459726034,-0.2900869545257727,0.5743491774985175,0.4723238879327935
2020-11-04,0.0046405015350429275,0.01585480850095509,-0.6213467936096495,0.6597539553864472,0.5042215173108548
2020-11-05,0.008021554659253511,-0.44653608756622665,-0.7349612388926748,0.7578582832551991,0.49610913452054817
2020-11-06,-0.6105527401386627,-0.879549275803029,-0.8195513345836729,0.8705505632961241,0.4509128041739258
2020-11-07,-0.7538208882823186,0.3324368426596979,-0.9490161645950538,1.0,0.5069629370721643
2020-11-08,-0.8213448438090446,0.7682879928455765,-0.997427768694857,1.0,0.5190080844914675
2020-11-09,-0.48354384296257,-0.3109683572947117,-0.4973467514318672,1.0,0.5132285038674868
2020-11-10,-0.6233514829490199,0.41424562965483236,-0.4316650461480505,1.0,0.536314634167415
2020-11-11,0.40656582058540164,-0.4081137744953502,-0.4226293490970464,1.0,0.5710120024651523
2020-11-12,0.007972462896041982,-0.7613870723199003,-0.45645700462597916,1.0,0.5285918026922076
2020-11-13,-0.21712919621135116,-0.7903875087664615,-0.5260679906375594,1.0,0.5100563076993887
2020-11-14,-0.564897530261413,-0.4976110528474874,-0.6080575301455171,1.0,0.4963377864424099
2020-11-15,-0.6679073188252327,3.863862623040345,-0.7171165671519097,1.0,0.6315689598399209
2020-11-16,0.23541713000598585,-0.24936603485933181,-0.18593495995026285,1.0,0.5741063918829181
2020-11-17,0.12936882801720376,-0.8835038131323535,0.23417618365815246,1.0,0.5546178024425706
2020-11-18,2.3936323903884653,-0.1459725242613522,0.3370299839588619,1.0,0.7397276369803034
2020-11-19,1.2483965998999393,2.413234440283798,0.3395896511207701,1.0,0.7700975300425131
2020-11-20,-0.23645467254081654,0.30449992863438535,-0.11678777450247788,1.0,0.5680309263736291
2020-11-21,-0.5772746001063855,-0.32811071538921244,-0.6347912406245583,1.0,0.5016840388308719
2020-11-22,-0.45131331983700806,-0.6674452949572052,-0.5463431312009494,1.0,0.49889078701428424
2020-11-23,0.32048846632828154,-0.2086463249025821,0.1492691004030435,1.0,0.5926479375643793
2020-11-24,0.5147844415247669,-0.398985403774338,0.22521540544211138,1.0,0.6002017511257907
2020-11-25,-0.12524944560105694,-0.7493780280860638,0.15946024544836296,1.0,0.540741293971289
2020-11-26,-1.009230584817075,-0.9890225376553484,-0.33977135833238503,1.0,0.455182976665476
2020-11-27,-0.8608904995492933,-0.8036233196441829,-0.8770202172165564,1.0,0.45488898780432097
2020-11-28,-1.0850477100306855,-0.5298012229961603,-0.6642388869275602,1.0,0.45844713880886223
2020-11-29,-0.4017705668645789,-0.44644265018554546,-0.39867955889889567,1.0,0.5163241998213338
2020-11-30,-1.0771257478921155,-0.8600911382674915,-0.4479332356271604,1.0,0.4524233781918082
2020-12-01,3.943610672752347,0.09125266885430039,1.6309582852781994,1.0,0.8331674707115359
2020-12-02,3.7876403320955645,-0.4700946512670606,1.604788982956643,1.0,0.8089056889624273
2020-12-03,3.6463262228323035,-0.23731876013420655,1.5979628695773263,1.0,0.8183771473136523
2020-12-04,3.2789168321830293,-0.9637730554584042,1.081255628251904,1.0,0.7708846436309634
2020-12-05,0.5296597520186914,-0.9133701746185513,0.6716838941972783,1.0,0.5946430226653824
2020-12-06,0.9512872446012831,-0.8946784879815183,0.9895665362843451,1.0,0.6341264305170005
2020-12-07,2.079400489269666,-0.7089611599114198,2.4937667567834914,1.0,0.7672122095144517
2020-12-08,1.4051826814845416,-0.8185346304214756,2.494651956402906,1.0,0.7177283010448382
2020-12-09,1.6146203026355501,-0.18280667654191327,2.450123121151257,1.0,0.7566951793581655
2020-12-10,1.0601117585018645,-0.571729323723196,1.8420098075400009,1.0,0.6832523889963246
2020-12-11,0.38659781555567524,-0.7112865712062129,1.1983374760607117,1.0,0.6110808297721432
2020-12-12,-0.3340002229480275,-0.8709892717120062,0.3489665902612264,1.0,0.5280743184908389
2020-12-13,0.44832053770583763,-0.8477965754989711,0.20433902901962478,1.0,0.5763744795019196
2020-12-14,3.0737646450395966,-0.7268095581595454,2.4625604202666076,1.0,0.8268016157522392
2020-12-15,2.8392626041483395,-0.7282749652614605,2.5570372235081136,1.0,0.8191739575075989
2020-12-16,1.0053383978049655,-0.6106353920494907,3.012657833925068,1.0,0.716579418518269
2020-12-17,1.1064449378911565,-0.6335174008975284,2.4727632822324948,1.0,0.7047918802297634
2020-12-18,1.7356549214173331,0.22203277749340622,2.2186090831491487,1.0,0.7739153299283524
2020-12-19,1.9690708924278302,2.8549890025744324,1.9828505743395828,1.0,0.8913242870804429
2020-12-20,0.2742510883197772,-0.9233268404978796,1.2889269291372751,1.0,0.597775685171816
2020-12-21,-0.19152376340905283,-0.05290154446605998,1.4193379128268853,1.0,0.6073387818475402
2020-12-22,-0.5037468648239974,-1.10948365913941,1.284756674201832,1.0,0.5380136123543192
2020-12-23,-0.371003979400264,-0.19478928982179813,1.234989096386043,1.0,0.5833164841769423
2020-12-24,-0.8749714320178374,-1.2060202074010908,0.624241551199529,1.0,0.48722578093041635
2020-12-25,-0.4246164207583396,-0.647452437177274,1.2201846197269972,1.0,0.5603878743912909
2020-12-26,0.20862871045738848,0.7344703962560534,1.4738490024456568,1.0,0.6686398139560167
2020-12-27,-0.30927098192950947,-0.6892058850142346,1.3793638047998331,1.0,0.5716438161557674
2020-12-28,0.1360454967160625,-0.8443549390338383,0.9785489291024531,0.8705505632961241,0.5620891261191614
2020-12-29,-0.2565036100715666,-1.0565700330264558,1.5707956784051627,0.7578582832551991,0.5299146063875786
2020-12-30,-0.724459868934966,-0.5797855803497,1.446611848134775,0.6597539553864472,0.4997284311355577
2020-12-31,-0.9848484215368194,-1.142589975846139,0.6497464967877148,0.5743491774985175,0.41954611608832443
2021-01-01,-1.011140887151022,-1.007800897587899,0.49116167402988337,0.5,0.4069709592580989
2021-01-02,-0.9489238847666925,-1.0491336247068164,0.19788094454542507,0.4352752816480621,0.3899118303848267
2021-01-03,-0.84791642895779,-1.0972925054841836,0.4218709083341581,0.37892914162759955,0.39365345186291834
2021-01-04,-0.23271175349175763,-0.36697305720181467,1.1209321921643158,0.3298769776932236,0.4810412921099346
2021-01-05,-0.053243319231799556,-0.3769185149815323,1.2433487816291466,0.2871745887492588,0.49026665496034316
2021-01-06,0.4170195402543925,-0.3632463003557221,1.3065130067288515,0.25,0.5187164737264328
2021-01-07,0.13844024566293772,-0.5782401186925648,1.1873113276482858,0.21763764082403103,0.4823587018105532
2021-01-08,0.16971104995275277,-0.5021061696752279,1.2664215679280149,0.25,0.4951070318579829
2021-01-09,-0.6311176153781596,-0.5609103100876698,1.0688009449362523,0.2871745887492588,0.4382571158647336
2021-01-10,-0.6922337598402076,-0.7537816499740878,0.4261621082799041,0.3298769776932236,0.41113046419171284
2021-01-11,0.736195940247912,-0.8144297364219041,1.5222034089610104,0.37892914162759955,0.5477246418751217
2021-01-12,0.13121230497375136,-0.7484686955331605,1.4962149153747444,0.4352752816480621,0.5177264141107358
2021-01-13,0.6083944552856877,-0.27939845096891774,1.3454929445381656,0.5,0.5737677930466131
2021-01-14,0.10279774406525476,-0.5268138441216761,0.8477612829835389,0.5743491774985175,0.5243136921568426
2021-01-15,-0.29562046610690357,-0.5552179824579379,0.5747775849049499,0.6597539553864472,0.5002802324619244
2021-01-16,-0.8042124970066697,-0.3151750099861146,0.1742197084428161,0.7578582832551991,0.4777396075531743
2021-01-17,-0.7969384492857979,-0.8593593130846295,0.050743204970550675,0.8705505632961241,0.4683381566625242
2021-01-18,-0.5362172227339161,-0.8715179914042059,1.051422522830304,1.0,0.5379863529369072
2021-01-19,-0.3556950208314961,-0.8536020173118012,1.016664557763809,1.0,0.5496090664820356
2021-01-20,-0.5103439516357124,-0.5333017129695051,1.2254544446531987,1.0,0.5596046466723298
2021-01-21,-0.32124084947683407,-0.2992697346449741,1.1456561073652256,1.0,0.5793029080035114
2021-01-22,-0.7189052803959276,-0.7762415020434322,0.6209085223105849,1.0,0.515426536132148
2021-01-23,-0.551471740176738,-0.5474910669314638,0.796442777325305,1.0,0.54197118211025
2021-01-24,-0.5013317628800358,-0.29764011464672696,0.7630615683472999,1.0,0.5546115966426274
2021-01-25,-0.5260415818736811,-0.586284828542547,1.2168765836863054,1.0,0.5560645794753587
2021-01-26,-0.6322174142501042,-0.7185452239883654,0.9722079765000761,1.0,0.5353197206004804
2021-01-27,-0.6675928088027869,-0.43131697025992227,1.0491853670496072,1.0,0.5474951178873043
2021-01-28,0.3585279851141378,-0.6016443552978311,1.9636238016627465,1.0,0.6392874775922912
2021-01-29,1.5330931289186382,0.10206910433323822,2.041415475241292,1.0,0.7495062704498373
2021-01-30,0.7123333944599542,3.2229950932415874,1.5250435112291088,1.0,0.798323676671634
2021-01-31,-0.40010143327263026,2.379527904348874,0.49960810201107764,1.0,0.6641271705300636
2021-02-01,-0.17182248394132857,-0.1417009846319133,1.5417049060427452,0.8705505632961241,0.5896137080734252
2021-02-02,0.25724817650831727,-0.8270564531839153,1.4146265319967104,0.7578582832551991,0.5685221531060616
2021-02-03,1.967339535391238,-0.5926933058446223,1.2557763154219983,0.6597539553864472,0.6722827184379236
2021-02-04,2.527177606348544,-0.16586432643506868,1.3550525390804045,0.5743491774985175,0.7178882880825661
2021-02-05,0.7880705811624535,0.31149684447228887,0.5188951298945239,0.5,0.5828135782603263
2021-02-06,-0.1802946294850578,-0.8088576131908688,0.12816283964463684,0.5743491774985175,0.46970242876430884
2021-02-07,-0.2516293651168896,-0.8774420852314839,0.6266355792383852,0.6597539553864472,0.4915155680568088
2021-02-08,1.8890700015674977,-0.8192761584412092,1.7829075769714744,0.7578582832551991,0.6899104885567786
2021-02-09,0.4713587255165313,-0.6177283417808084,1.151883535240422,0.8705505632961241,0.5996639364626677
2021-02-10,0.38611523167372724,-0.6328213301755893,1.1308918266502346,1.0,0.6120698542426067
2021-02-11,0.44917632366134397,-0.7820790393951597,1.4448083883583112,1.0,0.6205187412145684
2021-02-12,2.231199826415858,-0.5179333436204686,1.3796979976584591,1.0,0.7481560323654864
2021-02-13,1.2043683418036109,-0.6716366997838461,1.042207721623794,1.0,0.6620466176833736
2021-02-14,2.0394682532840926,-0.41003019025738546,0.6173256497632333,1.0,0.7144574806169895
2021-02-15,2.750895352899604,0.07490493467390662,1.2647270424955759,1.0,0.8036716305545722
2021-02-16,4.3272052014455635,0.9358218526294412,1.0321873970239406,1.0,0.8483988237603581
2021-02-17,5.0,1.0151844453825278,1.5029806662879555,1.0,0.8673987074338706
2021-02-18,3.741735722772957,-0.4542468432731842,1.334782546455026,1.0,0.8005657997454515
2021-02-19,2.923339910739997,-0.4415723973342807,1.1556601541932578,1.0,0.7900124826335134
2021-02-20,0.5998332110555913,-0.6407005778593137,0.7751777796564625,1.0,0.6141322826481168
2021-02-21,-0.0701269481315274,-0.46828805203655754,0.5052196256737636,0.8705505632961241,0.5482361066399191
2021-02-22,-0.08724387613060551,0.21239307054041306,0.6100484916605772,0.7578582832551991,0.5620471450741094
2021-02-23,-0.260890691698818,0.26771010784533433,0.2829405416398926,0.6597539553864472,0.5271563197429312
2021-02-24,-0.6569715731015466,-0.07742886221883193,-0.6884985179014638,0.5743491774985175,0.4411781185621744
2021-02-25,-0.69159397331777,-0.8541627657093908,-1.5194834326917692,0.5,0.36765417211786505
2021-02-26,-0.6419422247480095,-0.7888192301326111,-0.9338941719703273,0.4352752816480621,0.383497870276139
2021-02-27,-0.8681665395786061,-0.9934899118833518,-1.3721528632727924,0.37892914162759955,0.3368277601680001
2021-02-28,-0.9324673274314459,-1.0531243764834224,-3.004985539312622,0.37892914162759955,0.27579470039523424
2021-03-01,-0.5935160693657318,0.052072707767533435,-0.9885274634599711,0.4352752816480621,0.41994233499780875
2021-03-02,0.40394632833801275,0.5895734146082526,0.1543530075514986,0.5,0.5566404144162613
2021-03-03,-0.2243737682492645,-0.021929083291022933,-0.189535616355541,0.5743491774985175,0.48896255972584934
2021-03-04,1.3231480726606786,-0.24107209433737933,-1.1965341736989672,0.6597539553864472,0.5622438217646559
2021-03-05,1.4065432343658735,0.7615739913759122,0.0839758297502249,0.7578582832551991,0.6669797354116753
2021-03-06,0.6015789314428704,0.5759143767289996,-0.9241749825687884,0.8705505632961241,0.5888784462020253
2021-03-07,1.6342293700542385,0.6601192827579032,-1.8477690318311741,1.0,0.649861293724156
2021-03-08,1.8328228640281163,1.4798101274610842,0.06262047630965913,1.0,0.7609342954564083
2021-03-09,1.0652033345899692,0.7796702775921189,-1.6077227115964952,1.0,0.6249090601524532
2021-03-10,0.3206875828462197,1.119827279183038,-2.4043346200093225,1.0,0.5628941548220638
2021-03-11,0.5048702485547559,1.1203461970286355,-2.6764119104032478,1.0,0.5661253777664019
2021-03-12,0.2885679860381966,0.658714004005524,-2.7388070774316016,1.0,0.5303907133217233
2021-03-13,0.4086113647351649,0.05296622654788474,-3.00385618383713,1.0,0.5044476837551729
2021-03-14,0.48292345417414184,0.28666837382366234,-2.8662461568518713,1.0,0.5235978739591997
2021-03-15,2.025914529423652,2.9991651785812894,-0.5623995037969334,1.0,0.8162795342758995
2021-03-16,1.276843212240501,0.7294222299970772,-0.8406836591905763,1.0,0.6624926850928924
2021-03-17,0.3642863179156326,0.10908912290054189,-1.2244603482580383,1.0,0.5630157897066301
2021-03-18,-0.1869692868660912,1.2813207047605015,-1.3803468266487717,1.0,0.5699121826856558
2021-03-19,0.008013004633124708,0.28778445940487446,-0.8613425365731648,0.8705505632961241,0.5393963860593912
2021-03-20,0.3895884255813986,0.3352687893021019,-1.659566479258602,1.0,0.5596232119510608
2021-03-21,0.48373525147507224,1.1393578818604781,-2.5582994211365957,1.0,0.5694456144713049
2021-03-22,0.6380775610354935,1.0104952259978406,-1.3848633671160764,1.0,0.6134803595817404
2021-03-23,0.1153381418874678,0.4129295708795392,-1.8510647382010883,1.0,0.5381924503057757
2021-03-24,0.48228781509370255,1.5864200547687337,-2.146037898442271,1.0,0.6017187600068684
2021-03-25,0.44508741847680927,0.35374307459573184,-2.1458274398958346,1.0,0.5478842080100816
2021-03-26,0.4272206510841372,0.6273042869718048,-2.133934967779523,1.0,0.5584878897701169
2021-03-27,0.2644209806653812,0.17787727217749302,-2.2557124504172057,1.0,0.5248492033711808
2021-03-28,0.04354991081063073,0.5907166852776191,-2.3829758258651985,1.0,0.5230839950784362
2021-03-29,0.5078680240960064,1.0798805846606534,-1.2542089587335197,1.0,0.6120459273428104
2021-03-30,0.33979747051126913,3.5042658813909564,-1.2675493670294884,1.0,0.6804015191331017
2021-03-31,-0.5867159594215552,-0.08183124391133142,-1.8909222099399734,1.0,0.4694452272109251
2021-04-01,-0.036598099892647576,-0.08466632680145258,-0.927844260510816,1.0,0.5381042210400692
2021-04-02,0.05006675202179672,0.2132328146862919,-0.5482868851642045,1.0,0.5689462545745751
2021-04-03,-0.8225188923799451,1.4181019399541746,-1.2853825870608446,1.0,0.5364069017707328
2021-04-04,-1.0301230674928001,-0.3314283544398762,-2.198011780792878,0.8705505632961241,0.3998311392001412
2021-04-05,-0.9283260000956763,0.26948843560706237,-1.836117129703765,0.7578582832551991,0.4268151229754035
2021-04-06,-0.7895969476502547,0.8566184711681596,-1.6543679243841911,0.6597539553864472,0.45187013561715045
2021-04-07,-0.6043587972878569,0.6191434364756863,-1.42444632187609,0.5743491774985175,0.44917788926287117
2021-04-08,-0.5605329904712896,0.44171405459768326,-1.3142164592442158,0.5,0.43722867093534373
2021-04-09,-0.8757847873065082,-0.29615475584590417,-1.5670029382643964,0.4352752816480621,0.3673324269910495
2021-04-10,-0.9456893331593059,0.45729270923642246,-1.7473854153530712,0.37892914162759955,0.37960109807326814
2021-04-11,-0.7994073849069863,0.7200328300090959,-1.9136846458520802,0.3298769776932236,0.3873996007154941
2021-04-12,-0.4408387167477853,0.014148865830917767,-1.3945448376192289,0.3298769776932236,0.3991970070264451
2021-04-13,-0.6187082147280684,-0.31695624715279924,-1.3765961680777012,0.37892914162759955,0.38149910769497875
2021-04-14,-0.48305144937422884,0.3950063600252072,-1.4352270568194132,0.4352752816480621,0.4267055587293306
2021-04-15,-0.5721180954618479,-0.2106497193499592,-1.2659396823144555,0.5,0.4108837325858134
2021-04-16,-0.26841315040001146,0.48025638269190185,-1.091478358286561,0.5743491774985175,0.47688623726738744
2021-04-17,-0.6071262754474073,-0.452980161200952,-1.399453457276928,0.6597539553864472,0.41796538631886937
2021-04-18,-0.5628319515307536,-0.6497599733951017,-1.7815698698600033,0.7578582832551991,0.41469761783276693
2021-04-19,-0.5502337811721265,-0.11663502696204425,-1.2406415719188608,0.8705505632961241,0.4726858205622297
2021-04-20,-0.45778278659847177,1.3413412680563277,-1.1442469472182986,1.0,0.5622288021551722
2021-04-21,-0.37973425189021504,0.8398738687539594,-0.9404119816640464,1.0,0.5533320616832658
2021-04-22,0.12962658405663252,0.43244151661369806,-0.37976888589024843,1.0,0.5890012059330046
2021-04-23,0.05081231923303403,0.92432393682611,-0.5082940578469671,1.0,0.599957850055058
2021-04-24,-0.6028704653721958,0.3144514957309509,-1.3617454135207125,1.0,0.5025192675132861
2021-04-25,-0.7362331462822107,-0.2947173787550227,-1.5574191447678316,1.0,0.4617239279741323
2021-04-26,-0.5322405831600339,0.9157173164093929,-0.9550791644382631,1.0,0.5458362104917803
2021-04-27,-0.3052698201898717,1.3317671770763915,-0.5468125488400267,1.0,0.5919118927375241
2021-04-28,0.25946850442726266,0.7865754378334323,-0.07919328266224368,1.0,0.6224321007828024
2021-04-29,0.5150723441013831,2.364214597307954,-0.12127848239088791,1.0,0.7038044817482274
2021-04-30,-0.2743556054004606,1.4387985550208693,-0.46309520961638473,1.0,0.6012230591119594
2021-05-01,-1.1281022361087167,2.9897125368148045,-1.7557185830118303,1.0,0.5658405871929747
2021-05-02,-0.39917388073789484,2.1348160999019394,-0.8825517072910575,1.0,0.6079206885370192
2021-05-03,-0.34579382218976007,-0.14040582294851836,-0.5180273217704698,1.0,0.5288292585054788
2021-05-04,1.773634435672846,4.544110130099161,-0.049634861736378204,1.0,0.8165878003203105
2021-05-05,0.35589243451583474,0.3118871671232113,-0.37297033396219265,1.0,0.5992891164657831
2021-05-06,-0.5829984664484092,-0.3103662782876607,-0.8344856003361625,1.0,0.4953853206302481
2021-05-07,-0.7735771814143916,-0.22075123388790252,-1.04058525083573,1.0,0.479544044799187
2021-05-08,-0.7968626763234422,-0.9927376701774488,-1.205685087113421,1.0,0.4403222490839295
2021-05-09,-0.7171561256928456,1.3462013802012005,-1.448630178777517,1.0,0.5349936431696097
2021-05-10,-0.611833347157871,-0.15546094773127245,-0.758396938158186,1.0,0.502453672762066
2021-05-11,-0.7748560685530723,-0.7860375523731681,-0.9069699675174863,1.0,0.46035903183033033
2021-05-12,-0.8570243001675277,-1.0435320297121222,-0.8935712327055451,1.0,0.44459883766064157
2021-05-13,-0.7220438604314586,-1.2063967036061722,-0.9169676427085693,0.8705505632961241,0.4266142097251119
2021-05-14,-0.8140635040477541,-0.7996939131958745,-0.9287548984207542,0.7578582832551991,0.42012876588790965
2021-05-15,-0.9761207144513389,-1.3674319211310981,-1.1319664715650122,0.6597539553864472,0.36417983324524833
2021-05-16,-0.9432260491638716,-1.2077570642921018,-1.4212337043384882,0.5743491774985175,0.350572972190399
2021-05-17,-0.8734423950255024,-0.4379698852401126,-0.41397631511791505,0.5,0.40972255127603135
2021-05-18,-0.7746724327567098,-0.5048137690498387,0.3747976760589651,0.4352752816480621,0.4301058122216509
2021-05-19,-0.14847749882144504,-0.574805478349333,1.7114237800074348,0.37892914162759955,0.5050381023917359
2021-05-20,0.546206071815133,0.3885086660414658,2.284116148903738,0.3298769776932236,0.6032203508235114
2021-05-21,0.5967038875104985,0.8141495768681305,2.2753093536266014,0.2871745887492588,0.6176229916368142
2021-05-22,0.22438180903933913,-0.4684191998094784,1.949106878757793,0.25,0.5229115499024874
2021-05-23,0.5398507473441304,-0.566021643522659,2.8259416987990584,0.21763764082403103,0.5642495174264045
2021-05-24,-0.21883051973915893,0.13014690711554275,2.1104016329919144,0.1894645708137998,0.5146004932023375
2021-05-25,0.16255219624496503,0.4665857977001148,2.3643322842391497,0.16493848884661183,0.5588297374554658
2021-05-26,0.9082039923816401,0.4925200580064965,3.0042433206428294,0.14358729437462942,0.6276066960652411
2021-05-27,0.45125393308044054,0.07786399717299322,1.7604341498684029,0.12500000000000003,0.5357590670831843
2021-05-28,-0.643112848221154,0.430488824008021,0.8535490408133668,0.10881882041201553,0.4448373022078385
2021-05-29,-1.2529594234479149,-1.2549940777620734,-0.587264187987668,0.09473228540689989,0.2838123217414987
2021-05-30,-1.4241961192900074,-1.3192249014669548,-1.5272532395736587,0.0824692444233059,0.236547833163917
2021-05-31,-1.396793706055467,-1.4772701552886713,-1.6086446948720674,0.0717936471873147,0.22747505370830254
2021-06-01,-0.6768683012614798,-1.027366973988086,0.30281253333715485,0.0625,0.35653724044430296
2021-06-02,-1.0805610772395908,-1.1772776649872507,0.5856087365047157,0.054409410206007765,0.3315910615572835
2021-06-03,-0.9316238296635106,-0.7993245301147067,1.2435388882092921,0.047366142703449944,0.3781427736134804
2021-06-04,-0.46312462248617464,-0.8710060703875718,2.1801265915782007,0.04123462221165295,0.43668918528579426
2021-06-05,-0.05248809134188434,-1.071811250855877,2.934636883768258,0.03589682359365736,0.4800477447895367
2021-06-06,1.2196215101210415,-0.5849221397691373,3.212401347322404,0.03125,0.586623844851022
2021-06-07,1.4505822257368828,-0.8943555765623523,3.4673947705519033,0.027204705103003893,0.5885213717911447
2021-06-08,0.6529677853170994,-1.1676202549506924,3.189463329164243,0.02368307135172497,0.5234328024342866
2021-06-09,0.9560426906299008,-1.093678827831866,2.7812658224551234,0.020617311105826482,0.5389676856300438
2021-06-10,-0.07426177924074338,-0.3820545663153333,2.468015077240613,0.017948411796828663,0.48908970546502295
2021-06-11,0.687783389526363,1.3034224400140406,1.4447716775968427,0.015625000000000007,0.5756643002222374
2021-06-12,0.17353608559917194,0.6819141650293024,0.8813996066550718,0.013602352551501933,0.49640250235406014
2021-06-13,-0.1076297531369754,0.10331927326111738,1.1198908955987317,0.01184153567586249,0.461235579714752
2021-06-14,-0.029067429483910792,0.06051868530139157,1.9265570831166083,0.01030865555291324,0.49134865102545455
2021-06-15,-0.5327844760480521,-0.4084967622585348,1.142182675718003,0.008974205898414338,0.4118792232447198
2021-06-16,-0.7213622779336444,-0.8291318434202397,0.8237317489984893,0.007812500000000002,0.37099162129519675
2021-06-17,0.2964496672165198,-0.26804395097685657,1.143225563060565,0.0068011762757509715,0.4727225084004471
2021-06-18,0.9394228939422193,-0.0952165204482896,1.5824775957938413,0.005920767837931244,0.5372982062796203
2021-06-19,0.0423497210725847,-0.8462405162849881,1.278087029247745,0.00515432777645662,0.43593934336769113
2021-06-20,0.8447298803979002,-1.2253738038023094,1.8326113184437574,0.004487102949207169,0.4920181929252701
2021-06-21,1.5019774429948032,-0.02334278841714819,2.1562312529544525,0.003906250000000001,0.5966195259474208
2021-06-22,0.1357308106930777,-0.8713171989290146,1.038936453461564,0.0034005881378754853,0.43288514076022977
2021-06-23,-1.1444142137609261,-0.5270181557305487,0.2076556074903376,0.0029603839189656215,0.33411254043135485
2021-06-24,0.5335077089587118,-0.43226674756429695,0.7273708355412835,0.0025771638882283094,0.4671883352166788
2021-06-25,0.0421173037743202,-0.5106897062554719,0.9697424198715325,0.002243551474603584,0.43919036254121835
2021-06-26,0.019334297412528515,-0.8297558540401578,1.4079863460021573,0.001953125,0.43894163952590065
2021-06-27,2.1257655711052488,-1.0794609525714174,2.005286469399984,0.0017002940689377426,0.5888380914735476
2021-06-28,2.8341132467129517,-1.262578761977049,2.631076999004438,0.0014801919594828095,0.6492580301258901
2021-06-29,4.21228691575483,-1.2701491000376803,2.8108753846903376,0.0012885819441141558,0.6659662542797251
2021-06-30,0.8469896326426679,-1.3937776623691203,2.0626815171892456,0.001121775737301792,0.49231622317770135
2021-07-01,1.5235852521390005,-0.9735284120186211,1.1332741436477987,0.0009765625,0.5239309554717507
2021-07-02,-0.7050316829460899,-1.2260434795230613,0.4240727266475644,0.000850147034468872,0.3411760224335556
2021-07-03,-0.42723228531354646,-0.5000677926170979,-0.14641029782256756,0.0007400959797414059,0.37091236075626016
2021-07-04,0.09659280434324292,0.006781592674652593,0.623184502748387,0.0006442909720570772,0.4525915470550816
2021-07-05,0.781726976864687,-0.35306405683563363,1.735629968021066,0.0005608878686508959,0.5203425948704943
2021-07-06,2.540352465044292,-0.6672854222393376,2.443968108550823,0.0005608878686508959,0.6481030085416388
2021-07-07,2.555501560121179,-0.7359744907022201,2.182024947668839,0.0006442909720570772,0.6375319754635893
2021-07-08,0.37717899379578756,-1.2383677400928286,1.3398858754734624,0.0007400959797414059,0.44332048732859464
2021-07-09,1.3653151613406362,-1.1604851660474762,0.9785491881169127,0.000850147034468872,0.500413290496465
2021-07-10,-0.3047257715434272,-1.1699097320961895,0.2923577631133385,0.0009765625,0.3658304528718749
2021-07-11,0.07989052899506663,5.0,0.519604625695904,0.001121775737301792,0.5728144558167966
2021-07-12,1.4300986387711283,-0.20864412531624735,1.5237373422037854,0.0012885819441141558,0.5626309360616416
2021-07-13,0.7124525663981995,-0.19518311663222487,1.3283714524055668,0.0014801919594828095,0.5088652851076453
2021-07-14,0.3856463268379342,-0.2066827068967961,1.6430290168656767,0.0017002940689377426,0.49712065367435904
2021-07-15,1.5271574110859623,-0.17011208357547677,1.7000047660390183,0.001953125,0.57668228487472
2021-07-16,1.2303851150405427,-0.1908741027532811,1.4720028980967557,0.002243551474603584,0.5484758827123986
2021-07-17,0.8780854720215756,-0.1737218771553504,0.8640600944004002,0.0025771638882283094,0.5054891976498797
2021-07-18,-0.3995719967511357,-0.2054658315025875,0.3747094169353942,0.0029603839189656215,0.4027351620563411
2021-07-19,0.42633533302288384,-0.17619000137599994,1.1408984424493351,0.0034005881378754853,0.4846211417798514
2021-07-20,1.5360609676502757,-0.1679812690334921,1.4680651623822165,0.003906250000000001,0.5699262878796968
2021-07-21,0.005221465514340774,-0.2014888654507575,0.7803906917214023,0.004487102949207169,0.4436388168069357
2021-07-22,0.13909236291305563,-0.15062716857122752,0.5731424296995268,0.00515432777645662,0.44787458899352195
2021-07-23,0.01434870347244447,-0.1807526315332587,0.6844879637614545,0.005920767837931244,0.44212960121868206
2021-07-24,0.44109637798541446,-0.15715978931191701,0.6189854396555304,0.0068011762757509715,0.4695111250742448
2021-07-25,0.6533526768413301,-0.16194753462794675,1.0535321148529,0.007812500000000002,0.4980986433416876
2021-07-26,1.0432712214182907,-0.19303851655415163,1.5497341778737568,0.008974205898414338,0.5395120800520171
2021-07-27,1.495710737312552,-0.17765926971800824,1.5461047634998384,0.01030865555291324,0.570394703365518
2021-07-28,1.0824461596205144,-0.1301168672890195,1.3536738370990908,0.01184153567586249,0.5386402327590076
2021-07-29,0.12349554018568422,-0.10091670021746459,0.9583642350360762,0.013602352551501933,0.46301400088724576
2021-07-30,-0.2850389761377922,-0.13790704505990478,0.5769330794297417,0.015625000000000007,0.42182612736097586
2021-07-31,-0.8866327808228921,-0.13119742153966243,-0.22984607590002107,0.017948411796828663,0.35545531462051155
2021-08-01,-0.890394332375,-0.15412779540189983,-0.5873789806033306,0.020617311105826482,0.34273168367901713
2021-08-02,-0.10322334378064947,-0.13885012404371871,-0.07202902840650632,0.02368307135172497,0.4134845150020103
2021-08-03,-0.218528443806394,-0.14433435586330667,-0.12453260455899182,0.027204705103003893,0.4043471245320869
2021-08-04,-0.07646533896738844,-0.12971075640226282,0.017059653633167547,0.03125,0.4197538510065188
2021-08-05,0.49129836957004236,-0.12665829954000954,0.6131366905135047,0.03589682359365736,0.47829820871333456
2021-08-06,0.7835490781471771,-0.1541252209468922,0.947624627493538,0.04123462221165295,0.5085874019185572
2021-08-07,-0.06327412189097338,-0.17025706181238887,0.14321469951718313,0.047366142703449944,0.42556642568784253
2021-08-08,0.3722941805393841,-0.1253666121295065,0.47445512939763357,0.054409410206007765,0.46857258570805177
2021-08-09,0.5926243062505714,-0.12831164274602022,1.0498953010736685,0.0625,0.5035334786714095
2021-08-10,0.964202808834329,-0.16045530443780584,1.4337838901703992,0.0717936471873147,0.5411563929878238
2021-08-11,1.7981257778326913,-0.1723468694722611,1.4684116574370136,0.0824692444233059,0.5990113742055649
2021-08-12,3.86732093758819,-0.0849026646165617,1.8495534596583303,0.09473228540689989,0.6973240137739559
2021-08-13,2.401897987240464,-0.12662280860659553,1.4590423084511417,0.10881882041201553,0.6448081488009298
2021-08-14,0.540451181108793,-0.16919313462327107,0.3978705234298912,0.12500000000000003,0.4859927155789463
2021-08-15,-1.1399297600624558,-0.1977498039489007,-0.48188496796504854,0.14358729437462942,0.3462403693886582
2021-08-16,-0.7689755044866067,-0.17657598626793478,-0.10228549195154125,0.16493848884661183,0.3877088905350027
2021-08-17,0.13711140287797488,-0.15650365473011488,0.39402433570228285,0.1894645708137998,0.4691736047235896
2021-08-18,0.29836429390344277,-0.16942904398094039,0.8551556732116304,0.21763764082403103,0.4989822446583494
2021-08-19,1.9995144232154982,-0.138659239984812,1.014551837064662,0.25,0.6238418877838214
2021-08-20,0.039482769037584846,-0.13418156462527076,0.6143348794572437,0.2871745887492588,0.485595303704083
2021-08-21,-0.002402059575602083,-0.13906998052368513,0.1906794520830689,0.3298769776932236,0.4748828085632255
2021-08-22,0.28940496282189615,-0.1259652126410207,-0.02452499416541282,0.37892914162759955,0.49506698510004343
2021-08-23,1.210369223516087,-0.09965268709009638,1.3165591996558268,0.4352752816480621,0.6107156851747221
2021-08-24,1.6135740087977142,-0.12681040204872832,1.784349300332981,0.5,0.6617661438455833
2021-08-25,3.8659902375235125,-0.08159728652577151,1.440123054409419,0.5743491774985175,0.7557565914998511
2021-08-26,2.737740960004347,-0.12487382051241157,1.5241739507426804,0.6597539553864472,0.7520818798116624
2021-08-27,1.3011658404814126,-0.13908676266542216,1.4812129689345583,0.7578582832551991,0.6690016157071335
2021-08-28,0.7152238460647969,-0.05271476926967384,0.43785614687379015,0.8705505632961241,0.615662930408295
2021-08-29,0.3720270962793739,-0.10535592439322956,-0.12941830495958362,1.0,0.591098032736921
2021-08-30,1.2796198566771788,-0.10443645672927232,0.9297153332818274,1.0,0.6869469825241533
2021-08-31,0.18128403236226553,-0.08995056634334103,-0.14055122724992267,1.0,0.5786526209848477
2021-09-01,-0.8449716108649177,-0.12866987042391523,-0.9492626790240223,1.0,0.481665225373875
2021-09-02,-0.9887787711882511,-0.14197851555464294,-1.4364566778897945,1.0,0.45528375450967995
2021-09-03,-1.2145763505131393,-0.12177336465245413,-1.9520311930129275,1.0,0.42388664667150755
2021-09-04,-1.1584858229381318,-0.15045776078474446,-2.0359135323669766,1.0,0.42363475402586104
2021-09-05,-1.0065552813241978,-0.14928945031435972,-2.0175176886286192,1.0,0.4344253311943346
2021-09-06,-0.6044583804401092,-0.14500568527845778,-1.143374033991571,0.8705505632961241,0.4711309877787566
2021-09-07,0.45840310791147687,-0.07308338328448899,-0.30273567131911305,0.7578582832551991,0.5561026196682208
2021-09-08,0.042022917125661446,-0.08367164694118973,-0.2660094351064987,0.6597539553864472,0.5144113213235783
2021-09-09,-0.3503401567712277,-0.11023193499308699,-0.9600662510298207,0.5743491774985175,0.4512011605143232
2021-09-10,-0.8070850556811657,-0.05837129677825866,-1.6834619018815014,0.5,0.3876467955261115
2021-09-11,-0.4001658941488055,-0.05336263448206852,-1.6799828913142414,0.4352752816480621,0.40539069315672804
2021-09-12,0.7647293292880988,-0.059037342069597765,-0.5490402770964555,0.37892914162759955,0.5120600947072315
2021-09-13,2.946339310808038,-0.03120190040790486,0.604312376741132,0.3298769776932236,0.6897478340822278
2021-09-14,1.5287403147862513,-0.046869198540965516,0.6734867505443186,0.2871745887492588,0.5904888843770759
2021-09-15,0.9093891607526553,-0.09552203584390134,-0.13939106190660883,0.25,0.5144994904931275
2021-09-16,0.23854741383173905,0.0013126752865661028,-0.6611938090685466,0.21763764082403103,0.45156370821370934
2021-09-17,0.6015702605916201,-0.02803467527145674,-0.30780952025446273,0.1894645708137998,0.4820959408500518
2021-09-18,0.31693166873289785,-0.10063348329649326,-0.4169935333664801,0.16493848884661183,0.4527767049929484
2021-09-19,0.4942635701081076,-0.053120622665790644,-0.7967340867521259,0.14358729437462942,0.45071783666058945
2021-09-20,0.0956967666807226,-0.05726548553520076,-0.8714857710326457,0.12500000000000003,0.4186941968469933
2021-09-21,-0.458154975157797,-0.05121292339803047,-1.3457217885308526,0.10881882041201553,0.3637878932920029
2021-09-22,-0.7857471308602998,-0.049529734530392125,-1.4182691475586784,0.09473228540689989,0.3374873235629594
2021-09-23,-0.8478718187099601,-0.02193502085246726,-1.7315596528691508,0.0824692444233059,0.32221298445167407
2021-09-24,-1.2039360862341981,-0.12676108162811225,-2.248029111435854,0.0717936471873147,0.2752906258801175
2021-09-25,-1.2254340118711033,-0.11538076704871003,-2.4667096551682883,0.0625,0.2656482120759539
2021-09-26,-1.0388801872594493,-0.0951056977938394,-2.4263456184411423,0.054409410206007765,0.27906180769082317
2021-09-27,-0.14190664847629583,-0.01640226010935208,-1.2283292768242313,0.047366142703449944,0.38101674144173375
2021-09-28,0.2892031159099596,-0.002724705956203195,-1.2738608125064539,0.04123462221165295,0.40788984456068833
2021-09-29,0.3949363339962953,0.03406625017557587,-1.561090915139588,0.03589682359365736,0.4060966757247977
2021-09-30,-0.448950111065784,-0.018149445511736768,-1.8495716580101371,0.03125,0.3373488770989541
2021-10-01,-0.0795727425711689,-0.009278026637650797,-1.800476398488483,0.027204705103003893,0.36337339186785445
2021-10-02,-0.04891542977214035,-0.05503275528594242,-2.0391436706098216,0.02368307135172497,0.3550269448940411
2021-10-03,0.33673846257925777,-0.017880728540247786,-1.5400340865540072,0.020617311105826482,0.3984623275968473
2021-10-04,1.0104556642749813,-0.07957609863272412,-0.9605543417943433,0.017948411796828663,0.4597218238850148
2021-10-05,0.9548569807107594,-0.0628472080824566,-1.1719915105500849,0.020617311105826482,0.45006471135815274
2021-10-06,0.881019037700436,-0.024432795133563973,-1.2753395614991405,0.02368307135172497,0.44375771136891795
2021-10-07,1.3108912317693022,-0.035150671148066706,-1.190378276472716,0.027204705103003893,0.4753295673698108
2021-10-08,0.3999186228097887,-0.0452365462030345,-1.2179226145822568,0.03125,0.4138664649427843
2021-10-09,-0.21252120026892002,2.601635874041597,-1.5588174504812986,0.03589682359365736,0.47265735659014385
2021-10-10,0.33166242563049575,2.825768596413332,-1.5646987197021673,0.04123462221165295,0.5188797559009309
2021-10-11,0.9536189646539599,1.5080655887741707,-1.1824530597915452,0.047366142703449944,0.519100483254987
2021-10-12,0.6250031704696903,2.0881203079399016,-1.317271282580949,0.054409410206007765,0.5179242596403448
2021-10-13,1.5442960204458613,1.751478554420383,-1.263804933186823,0.0625,0.568179510024346
2021-10-14,0.9216755553862268,1.4230904572681413,-0.9259289369255758,0.0717936471873147,0.5256452219258324
2021-10-15,0.8483056250847403,2.1331025946652336,-0.9234558488198146,0.0824692444233059,0.5520215081528695
2021-10-16,-0.18206533355984375,1.673179934045476,-1.3272502237057886,0.09473228540689989,0.4525463103687473
2021-10-17,-0.39364405248458567,-0.44978361461821637,-2.012410998747557,0.10881882041201553,0.32925853566215235
2021-10-18,0.18650650556944576,2.1694638289494126,-1.5529015669140893,0.12500000000000003,0.4948147076803856
2021-10-19,-0.21976826647292425,1.4251909454127707,-1.4926076900322034,0.14358729437462942,0.44151624278245816
2021-10-20,-0.35331483759868404,1.0171178629351283,-1.4061642548691602,0.16493848884661183,0.4216942199470712
2021-10-21,-0.1743536401049748,0.9698636945270246,-1.386037112050197,0.1894645708137998,0.4360058598186911
2021-10-22,-0.29419944195657594,0.6151596331944561,-1.4731254892715115,0.21763764082403103,0.41455981840055156
2021-10-23,-0.15506445662354823,1.0557422862705512,-1.6257612321020956,0.25,0.4419595904162999
2021-10-24,-0.3580378848165604,0.4553313679281258,-1.5744497136428273,0.2871745887492588,0.4106974792001958
2021-10-25,0.22407505141802345,1.6207505438201117,-1.1431947230907908,0.3298769776932236,0.5188446653046634
2021-10-26,0.15722991970892464,0.6046010036192789,-1.2089610846547292,0.37892914162759955,0.4772143715537138
2021-10-27,0.8867103429740543,1.5744969072065467,-1.19331792486581,0.4352752816480621,0.5752320887502254
2021-10-28,0.25563485613924364,1.422357778280691,-1.2101196103431744,0.5,0.5359699108262058
2021-10-29,-0.0923151087476439,1.7609473502682882,-1.23921877398434,0.5743491774985175,0.5370635498366354
2021-10-30,0.07408888469696118,0.788940261373078,-1.371591363746299,0.6597539553864472,0.5160551510534328
2021-10-31,-0.4490318053685222,0.31296105979491,-1.6258529180147885,0.7578582832551991,0.46758823568800667
2021-11-01,0.5198364132710157,0.9490839422270165,-1.0466559691648971,0.8705505632961241,0.5948949773331154
2021-11-02,0.8413826958035286,1.0742371893689573,-0.8064164950128548,1.0,0.6489715127768466
2021-11-03,1.9093286245239387,-0.5588940018893961,-0.5827913135991982,1.0,0.6595749477695645
2021-11-04,2.7409682424741844,0.658199433138506,-0.4610199956519875,1.0,0.7697888593573172
2021-11-05,4.3981960857966,3.071483008792517,-0.35317456156872723,1.0,0.8882275146143758
2021-11-06,0.8554534048293683,1.232495287646403,-0.8129250289172197,1.0,0.6562866963433174
2021-11-07,-0.29422360239701306,2.5470165893307297,-1.073559454398209,1.0,0.6257254692490393
2021-11-08,0.5869159754927507,4.8118041090052115,-0.7186251465754229,1.0,0.7151735601470027
2021-11-09,0.18214946303510932,0.4055592051334522,-0.86076478705512,1.0,0.5753494381810638
2021-11-10,0.7554121008659392,0.19501261658421812,-0.8726557208635719,1.0,0.6043978083866194
2021-11-11,0.014959408862761155,5.0,-0.811240084342024,1.0,0.6739559577794499
2021-11-12,0.23806602722108108,2.5758138737752203,-0.8503721361866481,1.0,0.6698509086824848
2021-11-13,0.014434413787836785,2.5263389254167863,-0.7886364792829257,1.0,0.6549385335021244
2021-11-14,0.2541136600361291,3.699391411821884,-0.5822731598752191,1.0,0.6975318053399013
2021-11-15,0.43252438967970386,1.1138886102451142,-0.12265527903679278,1.0,0.6461584754376336
2021-11-16,0.9155671556462169,1.569197860005575,-0.17203168938668503,1.0,0.6956866648970906
2021-11-17,0.1845916294573109,5.0,-0.3785314649917765,1.0,0.6996883931307615
2021-11-18,0.1490908785555685,1.0021371208839303,-0.45222690804765653,1.0,0.6116208750056131
2021-11-19,1.1733030578402954,1.2783223530349241,-0.18457724472678108,1.0,0.7003310604082489
2021-11-20,0.8571802235739876,2.110803260981954,-0.2193056959025594,1.0,0.7127852942490953
2021-11-21,-0.2626728130048052,0.638912358541472,-0.6359179172368724,1.0,0.5629125634976786
2021-11-22,0.9894300935978807,1.0953327754833937,0.07756260753599584,0.8705505632961241,0.6697688766306186
2021-11-23,1.9918678589424494,0.7988807916173551,0.38906934981695274,0.7578582832551991,0.7177256110623982
2021-11-24,1.9198656400387317,4.361936718295924,0.43473826646085323,0.6597539553864472,0.791445411525911
2021-11-25,-0.6828887005425228,2.2392682164386764,-0.15185813947103455,0.5743491774985175,0.5538673676245198
2021-11-26,-0.10343740759766325,-0.23040263981646097,-0.13867830474962253,0.5,0.4788814526761492
2021-11-27,-0.022283955394570547,0.5555718435843199,-0.19711113377217762,0.4352752816480621,0.5053841509111787
2021-11-28,-0.5102389955863629,0.811806033366535,-0.28158440910094323,0.37892914162759955,0.4722625426252899
2021-11-29,0.7885033488888966,-0.14289407831812437,0.7405801191191436,0.3298769776932236,0.5457805206206263
2021-11-30,-0.3435597453661845,0.8014110042878207,0.6779373268830614,0.2871745887492588,0.5011622413627378
2021-12-01,0.7296944144580578,1.375034390308504,0.4115570720252604,0.3298769776932236,0.5941395096148837
2021-12-02,-0.8677439405641459,0.18840543369705426,0.04066753209654859,0.37892914162759955,0.4331955860137924
2021-12-03,-0.7835636363413694,-0.6198130272810788,-0.27368666066779057,0.4352752816480621,0.4031052849988134
2021-12-04,-1.0020842860986412,-0.3793485069431101,-0.38149403538035764,0.5,0.4046717252914491
2021-12-05,-1.548388266724591,0.5630045932012598,-0.3879718697024954,0.5743491774985175,0.41845262123644095
2021-12-06,-0.8130526903885886,2.689265948813319,0.32693302004855185,0.6597539553864472,0.5927100958175678
2021-12-07,-0.11711785778294248,0.06800682024940605,1.2093835181163815,0.7578582832551991,0.574017286750355
2021-12-08,2.143729392248349,0.4094238159286116,1.1469731504786724,0.8705505632961241,0.7537896413239565
2021-12-09,1.9219506087228573,1.61296552879681,1.235993280694903,1.0,0.8115367136378878
2021-12-10,0.550283321691891,-0.4000919647539915,0.7906646455073103,1.0,0.6213705444316201
2021-12-11,-1.7673866603467445,3.7566473860079417,-0.22415745141223764,1.0,0.5747023075964758
2021-12-12,-1.3146518486708665,0.5294551710712615,0.022180282320249923,1.0,0.5101565182939198
2021-12-13,0.005464202643063121,1.8878969974835995,1.1134340327533596,1.0,0.6911411228297996
2021-12-14,0.19494354109571485,-0.21005238736309148,0.9979437999285067,1.0,0.6125088465972024
2021-12-15,-0.03843849530438865,1.7581413270947384,0.42134248569389227,1.0,0.6597380717984512
2021-12-16,-1.5027077208223567,0.7937573946874569,0.014349829067861994,1.0,0.508371037692749
2021-12-17,-1.1992201229851254,-0.4187823770368158,-0.05590833756203976,1.0,0.4757391148390563
2021-12-18,-1.4757676957008836,-1.1790826072450136,-0.2861948381830624,1.0,0.4179472170452968
2021-12-19,-0.9424464277033945,-1.1770167452411024,0.8341309227465004,0.8705505632961241,0.47151482235402975
2021-12-20,0.5493714593679944,0.23323230667418735,2.0983814068936875,0.7578582832551991,0.6549675661206935
2021-12-21,0.051272996489503335,-0.8547404014190808,1.9705512657551216,0.6597539553864472,0.5574521518733097
2021-12-22,-0.8417628754696532,-0.5114008337278485,1.5492520447746956,0.5743491774985175,0.4853682183472969
2021-12-23,-0.6574915281308226,-0.4432434251669636,1.500949230068055,0.5,0.4877303964115902
2021-12-24,-1.7012151156403168,-0.2586474039271251,0.8850333573978848,0.4352752816480621,0.39560108795415416
2021-12-25,-2.12938666255759,-1.1944473225082293,-1.4345344420269937,0.37892914162759955,0.24229380723489125
2021-12-26,-2.0138693102691616,-1.2012304902331712,-1.0992846221108072,0.3298769776932236,0.2535295014726304
2021-12-27,-1.7647376463877191,-0.7893679721427957,0.3570265426936201,0.2871745887492588,0.3294375644703784
2021-12-28,-1.7687674126119288,-1.2451986833645843,0.2956278925076187,0.25,0.302553157102601
2021-12-29,-1.6198342711364748,-1.012028925898084,-0.009879802973040067,0.21763764082403103,0.3071594960363182
2021-12-30,-1.6576477771943992,-0.7838374729286796,-0.34013216355642717,0.1894645708137998,0.29891220031853416
2021-12-31,-1.7479245422342873,-0.9413199371118721,-0.6599151641343963,0.16493848884661183,0.27199363432723145
2022-01-01,-1.859998659420947,-1.2429941414151857,-1.412274572493168,0.14358729437462942,0.22367094188605963
2022-01-02,-1.4686923512405266,-0.9419847887820918,-0.37866053270140154,0.12500000000000003,0.29396579262799766
2022-01-03,-0.3381143664271924,-0.7270002453703998,2.327413295313628,0.10881882041201553,0.46607063158667716
2022-01-04,0.2124053925205105,0.050484056641980066,2.354953464401177,0.09473228540689989,0.5339721534858575
2022-01-05,-0.12176136366315687,1.7167302764840557,1.8377054078602097,0.0824692444233059,0.5620402375347948
2022-01-06,-0.4261092376058168,-0.8830075852594104,2.0767034611952533,0.0717936471873147,0.43979323055840913
2022-01-07,2.116970866167975,-0.6533056714368535,2.73057978677288,0.0625,0.6393046476604255
2022-01-08,0.9555906037867123,0.6992601106768399,2.462520738630892,0.054409410206007765,0.6080873143492467
2022-01-09,-0.24281235625966197,0.3991671931834396,1.2703532634175747,0.047366142703449944,0.47489450615143586
2022-01-10,0.7538873050510551,-0.7583282832610152,2.2449820888674905,0.04123462221165295,0.5246800714948591
2022-01-11,2.5254430212465184,0.7242399367522158,2.6615310908625283,0.03589682359365736,0.7176417586822432
2022-01-12,1.2547295568718009,1.1041818486426331,2.329254604077088,0.03125,0.6369855342874661
2022-01-13,-0.4517334168865537,-0.9621121006850347,1.0835566209699903,0.027204705103003893,0.3949956944768036
2022-01-14,0.3767672337300386,-0.7795827580869034,0.9310649127217844,0.02368307135172497,0.4522231584551998
2022-01-15,1.83302196691783,0.8251480029938201,1.5478183258994445,0.020617311105826482,0.63626917211512
2022-01-16,0.8623678234984455,0.6156523505658691,1.6257612475632728,0.017948411796828663,0.5650276728617744
2022-01-17,0.9856050662199903,0.41373543581998257,1.6549922517047624,0.015625000000000007,0.5654561392973241
2022-01-18,0.9282032405210011,0.44071407365087617,1.4403381129369863,0.013602352551501933,0.5552949257508114
2022-01-19,0.25551667635352193,0.8613651864090294,1.2728334644411317,0.01184153567586249,0.5221286736900281
2022-01-20,0.8526590029488499,-0.8896837032259938,1.7640994674795465,0.01030865555291324,0.5051233931444288
2022-01-21,2.4372528816745302,2.2078617132899994,2.398693018146515,0.008974205898414338,0.760780328321698
2022-01-22,2.165876071908902,2.345660594328207,2.0127423264601862,0.007812500000000002,0.735390882106275
2022-01-23,0.5176580454175935,0.7213282696198241,1.1426185764323917,0.0068011762757509715,0.528673343251108
2022-01-24,1.2125209847452536,0.5576213899640368,1.452808817319067,0.0068011762757509715,0.57851609391685
2022-01-25,-0.24949262287648338,-0.6049721419142795,1.163072388472423,0.007812500000000002,0.4231009405108869
2022-01-26,1.3539010513513001,-0.7220590841970216,2.0091805750036262,0.008974205898414338,0.5534930916334272
2022-01-27,1.8803338739582045,2.530212738025354,2.5216096428007924,0.01030865555291324,0.7413810754412334
2022-01-28,0.3145685401180408,-0.9564097358203343,1.203051211111418,0.01184153567586249,0.44799876773711544
2022-01-29,2.338382235542388,0.25113339116853384,1.6119407453497023,0.013602352551501933,0.647127751395897
2022-01-30,2.4307307799754754,2.306874711420956,1.5401707261746622,0.015625000000000007,0.7368512725133937
2022-01-31,1.5373147123987925,-0.36969284914703776,0.8673054893792774,0.017948411796828663,0.5436862235276265
2022-02-01,1.3559565614999372,4.412687713718386,1.359546897407524,0.020617311105826482,0.6888079306794539
2022-02-02,-0.06061981459538371,-0.691840605902936,0.7406589653606536,0.02368307135172497,0.4203730799957993
2022-02-03,-0.4695321126242429,-1.1042521505925413,0.13437061724547883,0.027204705103003893,0.3562470792239945
2022-02-04,-0.33397227717703565,-1.1525827430967843,0.39962704260771126,0.03125,0.372719301979422
2022-02-05,1.0560722727288612,-0.46668765585887095,0.6679904913058519,0.03589682359365736,0.5036103724370481
2022-02-06,0.7629983231641779,0.6018416824987366,0.7020938692741461,0.04123462221165295,0.5305316139559453
2022-02-07,0.5304347138893389,-0.7440766822477064,0.8203394743597017,0.047366142703449944,0.46380868971647565
2022-02-08,0.18537475767653355,-0.6504344807040359,0.8144125552243248,0.054409410206007765,0.4455653771874794
2022-02-09,-0.35267220016917294,-0.535270050411396,0.6886715060626389,0.0625,0.41151631809033495
2022-02-10,-0.9621644902437161,-0.7119003268130577,-0.14543865593579855,0.0717936471873147,0.3371142789134455
2022-02-11,-1.0824499706774255,-0.07493679309746695,0.025765564244645694,0.0824692444233059,0.3629435410474279
2022-02-12,-1.197365229969967,-0.9821212613579723,-1.1810947583484483,0.09473228540689989,0.2790939496448401
2022-02-13,-0.4929084364327441,-1.0584682910128433,0.059891223325997604,0.10881882041201553,0.36635578928495083
2022-02-14,0.7963792298563309,-0.5902808392971355,1.2389979426383035,0.12500000000000003,0.5135468451076516
2022-02-15,1.5097252438878213,-0.03051956854225408,1.7737904418000137,0.14358729437462942,0.6050411431194558
2022-02-16,0.7204742955617034,1.94571863377138,0.4519907065329867,0.16493848884661183,0.5939103596560124
2022-02-17,-1.1651461741786662,-0.43811898477805467,-0.8190771483263876,0.1894645708137998,0.3301857447001937
2022-02-18,-1.000529790116431,-0.5396949033732076,-0.30316278789434237,0.21763764082403103,0.3583509462121475
2022-02-19,-0.49387739877952563,-0.10128257571685015,-0.26482350009683886,0.25,0.41652728275660156
2022-02-20,0.34533132960552987,2.217314725342041,-0.10998455559241001,0.2871745887492588,0.5798202386555955
2022-02-21,-0.7459140122449875,-0.619626116129514,-0.48197291070518383,0.3298769776932236,0.3828704273087485
2022-02-22,-1.1130051350910317,-0.542054220123326,-1.1769891289883652,0.37892914162759955,0.34582046543332046
2022-02-23,-0.5830418834371227,-0.20670377417130775,-0.8869222560932526,0.4352752816480621,0.4132451008911549
2022-02-24,-0.17142976801560897,-0.23302225550305272,0.1922968740503861,0.5,0.4852719839546784
2022-02-25,0.08419801421225977,-0.6562165629882492,0.08245366242889857,0.5743491774985175,0.4921716761953812
2022-02-26,-0.6393909440507903,-0.85442330811112,-0.5264694071436299,0.6597539553864472,0.4281870789618301
2022-02-27,-0.8847710161999072,-0.8305365598354996,-0.8156839381343437,0.7578582832551991,0.4178988534773288
2022-02-28,-0.998295371850729,-0.9199505013986926,-1.2045522575673016,0.8705505632961241,0.4105465468938478
2022-03-01,-0.26482800283357666,-0.6278663498944725,-0.35610850378798437,1.0,0.5193134184392257
2022-03-02,-0.8593663269934751,-0.6916950209279629,-0.9690623610266897,1.0,0.45658620696088026
2022-03-03,-0.5525251729786849,-0.7504603344877543,-0.9221658354777769,1.0,0.4761569466818387
2022-03-04,0.9043683723905445,-0.8913612515989675,-0.05808675408225466,1.0,0.5962149475400041
2022-03-05,-1.0030206353836963,-0.6285638699386453,-1.008582235551594,1.0,0.4483223885419235
2022-03-06,-1.039231578283564,-0.38037545658373223,-2.305061694981705,1.0,0.41303352759071676
2022-03-07,-0.6006738115571884,-0.6310719979740835,-1.271679799615518,1.0,0.4662710859934167
2022-03-08,-0.4689353122669507,-0.38738671829767785,-1.1482635562270214,1.0,0.4893210807122327
2022-03-09,-0.5513282085113587,-0.49446525954726506,-0.7140491895778811,1.0,0.49384042729884403
2022-03-10,-0.5287890446767712,-0.38819108866202207,-0.3938904177940703,1.0,0.510443087734162
2022-03-11,-0.3504996213787489,-0.43663595278654777,-0.5862718220212075,1.0,0.513897799807937
2022-03-12,0.35212970922010095,-0.5414458041350614,0.26076370596975906,1.0,0.5846071956413712
2022-03-13,0.6555063758613366,0.5895612203848227,0.4181413109490362,1.0,0.6572035196050913
2022-03-14,0.18178245168682372,-0.566511733552608,-0.07873843156902431,1.0,0.5608895601621288
2022-03-15,-0.3845518807977874,-0.726403862474149,-0.991639991988052,1.0,0.486041713944123
2022-03-16,-0.8624240465298447,-0.42550372660264923,-1.453186038483345,1.0,0.45133620700678856
2022-03-17,-0.9509792104954017,-0.6575418512263335,-1.8481520494227905,1.0,0.4225987405184496
2022-03-18,-0.9601084171734635,-0.4358626892936969,-1.894057051559723,1.0,0.4296965917492076
2022-03-19,-1.0717229057862168,-0.48793268009965235,-2.148205260780688,1.0,0.4116144359174104
2022-03-20,-1.0174580276809948,-0.401968152489103,-2.205249431321868,1.0,0.41691247742349213
2022-03-21,-0.5079239480450053,-0.12010863049255825,-1.240732361705638,1.0,0.4947761318029552
2022-03-22,-0.8137944499395768,1.1106806008927232,-1.61243039130286,1.0,0.5132777153311298
2022-03-23,-0.926067269123646,0.10235126560904649,-1.4261419058095268,1.0,0.469988754598483
2022-03-24,-0.8988998667095631,-0.44031415245725164,-1.343121565596966,1.0,0.4519562003470782
2022-03-25,-0.8391201635517032,-0.47500723724360444,-1.3167258697733648,1.0,0.4553758252189575
2022-03-26,-0.5944949014439194,0.16808267635935475,-1.4960860406701013,1.0,0.4925009167297084
2022-03-27,-0.31420451767482727,0.06776756360380722,-1.0229262601046722,1.0,0.5227791386350145
2022-03-28,1.1834709930093854,-0.7507034499596698,0.2699954843739113,1.0,0.6316186052647699
2022-03-29,1.353872486276691,0.010040595181634086,0.47103268849071533,1.0,0.6813776135007047
2022-03-30,0.9376983929782221,0.6226248766324992,-0.46898314310276373,1.0,0.6478231579548102
2022-03-31,-0.9608174595802668,-0.4270873575813648,-1.388856014279314,1.0,0.44685499565278153
2022-04-01,-0.6661110287257385,-0.7403377699130411,-1.4713238057351699,1.0,0.45070106414740174
2022-04-02,-0.33339675189829887,-0.9054403655992079,-1.4652917626732243,0.8705505632961241,0.44678639371212425
2022-04-03,-0.6359863723673003,-0.5807688618478957,-1.8863324835579924,0.7578582832551991,0.40920319896819773
2022-04-04,0.11437707726633495,0.37064747662800024,-0.8797606276759067,0.6597539553864472,0.5177065223960259
2022-04-05,-0.07604109007965994,0.014098280273223292,-1.2234392355466666,0.5743491774985175,0.4658890911126291
2022-04-06,-0.343531680850987,2.198830826644813,-1.3953739764192588,0.5,0.5222033731728261
2022-04-07,-0.271813455004205,2.440083917494368,-1.2080261542124764,0.4352752816480621,0.5335730200021118
2022-04-08,-0.06970110718596864,0.46207235100972105,-1.1500804151274415,0.37892914162759955,0.4581096315528991
2022-04-09,-0.19479503206771134,-0.4281898335173603,-1.4573467588816496,0.3298769776932236,0.3950757428235244
2022-04-10,0.10307346270412064,2.8332965265603285,-1.5609004358665635,0.37892914162759955,0.5547349428355429
2022-04-11,0.2747245397157181,0.48651038199073693,-0.9369665432995842,0.4352752816480621,0.4976453093678851
2022-04-12,-0.10542729373183436,-0.21698907102267984,-1.4167953891961609,0.5,0.436703789485394
2022-04-13,-0.1154867445309075,0.20397070857649074,-1.1959865847311266,0.5743491774985175,0.47208582035570007
2022-04-14,-0.03317342970012053,0.006832208909211457,-1.0981403261078497,0.6597539553864472,0.4854315291622479
2022-04-15,0.013149484348707842,-0.6441834789401532,-1.3905349390529442,0.7578582832551991,0.46636323185392253
2022-04-16,-0.29298050775105366,-0.7003872931937956,-1.8642524578397024,0.8705505632961241,0.44472599816661684
2022-04-17,0.05495219896478469,-0.768540910557519,-1.8583369426036938,1.0,0.4846963772376326
2022-04-18,0.3482422054512746,-0.6240957530468766,-0.4153118754552572,1.0,0.5583684281379566
2022-04-19,0.9482728261637039,-0.3656497886154626,-0.39991261201479866,1.0,0.6096523601514428
2022-04-20,1.1882289607707603,-0.22650926965492807,-0.4256065891217647,1.0,0.6305904915117032
2022-04-21,0.04064660745236379,-0.22889935211108262,-1.1687514377924217,1.0,0.5292139195657818
2022-04-22,0.3230925967233218,-0.17379986592709026,-1.2945518907276277,1.0,0.5461461156770051
2022-04-23,-0.6094375046252297,0.9794626139288651,-1.3810494020318238,1.0,0.5291467952042933
2022-04-24,0.05825489436220789,1.4188173775872879,-1.0812963816563734,1.0,0.6019578376350717
2022-04-25,0.2321662889404933,0.18412284076658858,-0.8201911229534162,1.0,0.5708098335295269
2022-04-26,0.007287249760028445,-0.2023924225779932,-0.8755379833162085,1.0,0.5378681995993786
2022-04-27,0.4180265619226193,-0.29356578421034946,-1.1208157417427314,1.0,0.553276005061319
2022-04-28,0.501963290482195,0.16091715384702315,-0.6438836556322883,1.0,0.5937063122546961
2022-04-29,0.11620587795891221,0.4530599461504122,-0.8757296057902081,1.0,0.5724335694271877
2022-04-30,-0.44297664085525035,3.080566484854012,-1.4863927214173749,1.0,0.6209217998957375
2022-05-01,-0.3586874037831446,3.9083495277138187,-1.6565132172686785,1.0,0.6208703991721678
2022-05-02,0.8910523265918956,-0.32641142070239765,-1.099541011181402,1.0,0.5841516455374798
2022-05-03,1.2700278330738075,0.17421327633177705,-0.8238176753063473,1.0,0.6394668195418663
2022-05-04,1.1032176370146085,-0.27683984043200904,-0.8216163820621374,1.0,0.6096256363809023
2022-05-05,0.9811486747831714,-0.5354079350460416,-0.8180271601637841,1.0,0.5908336756865002
2022-05-06,0.44368208066193376,-0.614962556155446,-0.8882295099333629,0.8705505632961241,0.5299302997009585
2022-05-07,-0.39582667026004553,-0.764692698630139,-1.1762130320342263,0.7578582832551991,0.4412210009602135
2022-05-08,-0.31639783509085184,-0.5202119259739437,-1.5039284832322106,0.6597539553864472,0.4310634579452557
2022-05-09,0.13333603676413155,0.49521718451033814,-0.8381453635257673,0.5743491774985175,0.5127373163127916
2022-05-10,0.995082772935587,-0.2277876925084279,0.08582808494233217,0.6597539553864472,0.5836717271472328
2022-05-11,1.0224824725714914,-0.29106190266748155,0.6876998644685948,0.7578582832551991,0.6176399901975207
2022-05-12,2.3067937183148244,-0.18914368515637936,0.9178657764067725,0.8705505632961241,0.7320833713807836
2022-05-13,2.109680316587082,-0.1792025353304336,0.8041372741439085,1.0,0.734983157938501
2022-05-14,1.1670701100474663,-0.370013354263073,0.24675036157579291,1.0,0.6456124629613962
2022-05-15,1.052305373262646,-0.21624833075145503,0.3742920789438884,1.0,0.6486197470676621
2022-05-16,0.8303661555096085,0.30233772691544225,0.5919382055736307,0.8705505632961241,0.6432690070023237
2022-05-17,0.8877939252223116,-0.06164450674993721,0.15011062640923228,0.7578582832551991,0.600300170602161
2022-05-18,1.347694524333531,-0.45242156093112423,-0.2802478335093258,0.6597539553864472,0.5856169021077614
2022-05-19,3.2050455150886177,0.0009127132942467232,1.114404952404908,0.5743491774985175,0.7483372380922015
2022-05-20,4.913450455535848,0.5641377328372328,2.443283035552336,0.5,0.8049485067199625
2022-05-21,2.5174937416766725,0.7194344998408824,2.4161681654921976,0.4352752816480621,0.7686395847020975
2022-05-22,2.0520360504612576,1.581874287004557,1.3821976428368936,0.37892914162759955,0.7306264579946434
2022-05-23,0.6440385433470484,-0.20665689817977453,0.4070109485050883,0.3298769776932236,0.5223737770697992
2022-05-24,-0.377854464593692,-0.7701506590801369,-0.6429971331655606,0.2871745887492588,0.3893630421056183
2022-05-25,-0.14443590122085545,0.8033165536235372,0.14069682136710746,0.25,0.49103235703182724
2022-05-26,0.18056532579204773,0.07985963558877449,0.23225354296966313,0.21763764082403103,0.4807526040915956
2022-05-27,0.309290617130372,-0.2740287489438149,0.029883815842517994,0.1894645708137998,0.4636173227528531
2022-05-28,-0.07106810091145081,-0.15291519903243528,-0.5966954338880694,0.16493848884661183,0.4187415855102746
2022-05-29,0.6958356202537769,3.2267841299176006,0.7889337143186217,0.14358729437462942,0.6442249259837337
2022-05-30,1.4557502669739621,3.1497076712075205,3.138956226461097,0.12500000000000003,0.7658000177982642
2022-05-31,0.2712964202507773,-0.5385099162136752,2.2762267780882737,0.14358729437462942,0.518060834933619
2022-06-01,1.6325694860710898,-0.3685070517296036,3.571138470241431,0.16493848884661183,0.6432242785763309
2022-06-02,0.42116552502152915,-0.7542677234972063,2.1955378656710596,0.1894645708137998,0.523254161000157
2022-06-03,0.2225144493658152,-0.5469573956392667,1.1969002450904807,0.21763764082403103,0.48958672609937226
2022-06-04,-0.15524424638479903,-0.8605258093870467,0.3956847461530351,0.25,0.42948463305498763
2022-06-05,0.13847722139884813,-0.8614497455590897,0.41662243984702935,0.2871745887492588,0.45530167833558427
2022-06-06,0.8561993751638333,-0.4968965393501021,1.4312865366580985,0.3298769776932236,0.5585670337472548
2022-06-07,0.7065988316584608,-0.651701181406542,0.9956864259287962,0.37892914162759955,0.5349812916603913
2022-06-08,1.2531318441105517,-0.6904822748142881,2.1059963195395826,0.4352752816480621,0.6152631977219702
2022-06-09,0.45960729078356044,-0.8157846121216239,1.199695432116654,0.5,0.5366393082843914
2022-06-10,0.1973352322890483,-0.8171018043469809,0.6992676462965729,0.5743491774985175,0.5135710718061425
2022-06-11,-0.07184743876970516,-0.8508302526791144,-0.1287948765609058,0.6597539553864472,0.4794288409763268
2022-06-12,0.7285026981797996,-0.5909323409440909,0.8251641044155278,0.7578582832551991,0.5901288783081136
2022-06-13,2.1677307120783813,-0.4846403123554327,3.8783031031668784,0.8705505632961241,0.7799046189515011
2022-06-14,4.0971805139495885,0.055131003175357,3.1561061666796735,1.0,0.8772971251323066
2022-06-15,5.0,0.2957771994427561,3.615184050406444,1.0,0.8873240499767815
2022-06-16,3.4584968784275465,0.008606220089409351,2.760441767239942,1.0,0.8673733180783901
2022-06-17,1.370514391019044,-0.5048800440343592,2.767740922204891,0.8705505632961241,0.7181715728010862
2022-06-18,0.10571573550268769,-0.5350898286687682,1.5911987548404851,0.7578582832551991,0.5764710071552765
2022-06-19,-0.7585968536578509,-0.5118860509567625,-0.428166114920907,0.6597539553864472,0.43778918044354836
2022-06-20,0.46215193154227274,-0.2381908603205416,0.9333132668268602,0.5743491774985175,0.563148328441802
2022-06-21,1.9652979399850157,0.054407049908122056,2.276060782196694,0.5,0.709155515818396
2022-06-22,1.613966972110198,0.36555961928494873,2.1282463566571037,0.4352752816480621,0.6840622864133321
2022-06-23,0.21120173860989241,-0.04412279579164488,1.0686610164504657,0.37892914162759955,0.5297030712084964
2022-06-24,0.6254121948644551,-0.43566913448001215,1.7356646961390112,0.3298769776932236,0.555878302246247
2022-06-25,0.8488015511893443,-0.4205516343736203,1.490915321115167,0.2871745887492588,0.5568371509966165
2022-06-26,0.16977032233799674,-0.5037670327105092,1.4780364860748234,0.25,0.502095611328756
2022-06-27,-0.04079116853685014,-0.5912330371781778,1.0209831496568875,0.21763764082403103,0.46432429666062014
2022-06-28,-0.06015501345973927,-0.4187758303129393,0.9816347945488068,0.1894645708137998,0.4646815182800085
2022-06-29,0.6831456254812622,-0.5326229097624361,1.7314998029782713,0.1894645708137998,0.534486766179995
2022-06-30,-0.24682971695493788,-0.4117721681042814,1.0854175604732705,0.21763764082403103,0.46021374333803944
2022-07-01,1.4353890089177657,-0.9171600547963172,2.1182134371610455,0.25,0.5905847128833727
2022-07-02,0.18226880781414898,-0.898889362114886,1.4745922521932762,0.2871745887492588,0.49192679381832105
2022-07-03,-0.0684486926779321,-0.712322929030585,1.1454784050554563,0.3298769776932236,0.47842079193436227
2022-07-04,0.030058265660486454,-0.63169615919734,1.1320594763953158,0.37892914162759955,0.4952578982014604
2022-07-05,0.9802765651829827,-0.44267638576562734,1.7233151138745868,0.4352752816480621,0.5946420509816599
2022-07-06,1.1037554640522877,-0.6024681966534889,1.608971385785618,0.5,0.6021132356024445
2022-07-07,0.7251840806234289,-0.16769168537251958,1.504887934749959,0.5743491774985175,0.6026737596008166
2022-07-08,-0.18153344229007654,-0.38350676711375903,1.1203517939186305,0.6597539553864472,0.5332264749895097
2022-07-09,-0.7119620588196359,-0.4477884495435001,0.46097128884577193,0.7578582832551991,0.48792246279751733
2022-07-10,-0.6115973463552681,-0.0972546784502136,0.4869891412140957,0.8705505632961241,0.5269901211757784
2022-07-11,0.3458944547190343,0.1022933657994857,1.5255985410776454,1.0,0.653175138592169
2022-07-12,0.5684578051822073,-0.3087527552233252,1.9345091362787759,1.0,0.6645161267538012
2022-07-13,0.6404251834872685,-0.7668301457274223,1.6352328675951622,1.0,0.6402515184136808
2022-07-14,0.5410115593094008,-0.8442343077310828,1.4514391378987743,1.0,0.624272312395124
2022-07-15,-0.10749201004161728,-0.8248390814849196,0.9703421220292571,0.8705505632961241,0.5463928928307478
2022-07-16,-0.4014025633726985,-0.6634154578776141,0.4635804890751627,0.7578582832551991,0.49972894382103816
2022-07-17,0.054991796970798486,-0.7261990708909838,0.36294227869737883,0.8705505632961241,0.5410884856285936
2022-07-18,0.5893906066087755,-0.8145633417456367,1.514481779019019,1.0,0.6308352938351508
2022-07-19,1.815090617520236,-0.8872940263592449,2.0073712703959425,1.0,0.7259478324162453
2022-07-20,2.8036721461376377,-0.7391402097477837,2.264866778102018,1.0,0.8066095269397522
2022-07-21,3.077772994185281,-0.7145063836839478,2.0729388053220723,1.0,0.8143268608572379
2022-07-22,3.267670696412931,-0.7275365062715665,1.9649516989727664,1.0,0.8101843688711103
2022-07-23,2.2413193908768987,-0.4891058253466699,1.344227516179884,1.0,0.7488494672083448
2022-07-24,3.1449343617448253,0.02849040492890887,1.610119063954072,1.0,0.8298577356705069
2022-07-25,2.3431756365677607,-0.2033200313986305,1.2009011170500632,1.0,0.7627700783645766
2022-07-26,0.23547125404747704,-0.6497704679324438,0.5044525352241165,0.8705505632961241,0.5610219831078691
2022-07-27,0.6920713300704009,-0.6842639919037411,0.9275580252818694,0.7578582832551991,0.5872244323397131
2022-07-28,2.0129835776722613,-0.43316987324276324,1.4261346577948575,0.6597539553864472,0.6876510756941646
2022-07-29,0.48328056657458807,-0.7164331494722432,0.6818945478782009,0.5743491774985175,0.5362495180976801
2022-07-30,-0.18366612451717285,-0.6977195292848557,0.37615708096454875,0.6597539553864472,0.4951856073187716
2022-07-31,-0.8365366955965455,-0.851070349356524,-0.23524014232769977,0.7578582832551991,0.43960702681439834
2022-08-01,0.14759183648157972,-0.4395602935821458,0.7360809634328687,0.8705505632961241,0.5716430601416969
2022-08-02,1.1165185209986144,-0.3018620982361605,1.5567959576760888,1.0,0.6887501792292706
2022-08-03,1.052867372330652,-0.5589470116885731,1.6184016145901632,1.0,0.6758484198213585
2022-08-04,2.944983767773314,0.013092244037419576,1.5662206684716522,1.0,0.8240851169688352
2022-08-05,2.2972546949108477,-0.1271483365986778,1.238694588709127,1.0,0.7641422852594159
2022-08-06,0.5882119324755587,-0.49168443691998853,1.0021314253713045,0.8705505632961241,0.6077142426334998
2022-08-07,1.6676388662964472,-0.26083690862890185,1.042346660030841,1.0,0.7100526085612536
2022-08-08,2.8572356365384706,-0.1368726253519107,1.5798885982109834,1.0,0.8124423029866014
2022-08-09,2.9966656644035234,0.34602022329490717,1.37701083302191,1.0,0.8350955813649198
2022-08-10,0.9580986897633906,0.38324521506213854,0.772820836635583,1.0,0.6806024911663346
2022-08-11,-0.05490071161941254,-0.6625487887504442,0.49632928523719794,0.8705505632961241,0.5408606470297626
2022-08-12,-0.5877525529528279,-0.6550406494811574,-0.2754835770265241,0.7578582832551991,0.46301909266215896
2022-08-13,-0.9617332163811165,-0.7896065135227858,-1.077489339997549,0.6597539553864472,0.39103096281919164
2022-08-14,-1.0168098241896426,-0.7583597179406159,-1.2735436731435459,0.5743491774985175,0.3693152776598243
2022-08-15,-0.5418232814975874,-0.6659289201348356,-0.6077354123995544,0.5,0.41587356248122426
2022-08-16,-0.632313826122649,-0.549025316656853,-0.38404958032947173,0.4352752816480621,0.4124593296340148
2022-08-17,-0.4562711353197359,-0.5967427063833157,-0.40733068217615453,0.37892914162759955,0.4129793267176476
2022-08-18,0.02418789716318758,-0.5961771896244499,0.07867169253886316,0.4352752816480621,0.46968549224169853
2022-08-19,0.34725382138678296,-0.6925527052404884,0.44342702328698236,0.5,0.509074792816998
2022-08-20,-0.20462405036112655,-0.6692899342325943,-0.08242570764902002,0.5743491774985175,0.4668761690860438
2022-08-21,-0.5648431016205099,-0.7753697780710975,-0.7415591892549233,0.6597539553864472,0.42928117280513994
2022-08-22,-0.5073662090783364,-0.7590469963020889,0.09394559706611197,0.7578582832551991,0.47635889027267414
2022-08-23,0.2978526553421934,-0.7499150954068005,0.3960713394780711,0.8705505632961241,0.5573953438578839
2022-08-24,0.5493199540033826,-0.7639598151863464,0.6385146859890347,1.0,0.6010734941670955
2022-08-25,0.7652971527909607,-0.6792896124252927,0.5351747293079789,1.0,0.6155552339786096
2022-08-26,0.5397974412760722,-0.6787181236114328,0.5415074578241531,1.0,0.6007568228620669
2022-08-27,-0.4106671339356359,-0.6853340293473991,-0.04451587962673729,0.8705505632961241,0.49816532835501
2022-08-28,-0.12133258659708766,-0.8978468467861626,0.5004872227161494,0.7578582832551991,0.5098625255229223
2022-08-29,1.2092831613972979,-0.536205956101604,1.106656625358373,0.6597539553864472,0.6191286100754992
2022-08-30,0.9647698123260299,0.4689010622556629,0.5863276348203726,0.5743491774985175,0.6145521628678446
2022-08-31,-0.40728378185001807,-1.1200660992077496,-0.504171953886432,0.5,0.4093725952801282
2022-09-01,-0.2916157432305841,-0.6383071041557463,0.3096505597007864,0.5743491774985175,0.47543688305960885
2022-09-02,-0.30096841305889366,0.50945971242218,-0.07027948722460904,0.6597539553864472,0.5227833708808114
2022-09-03,-0.3077725100112188,-0.05384319346574379,-0.7641801700310734,0.7578582832551991,0.4904444364254235
2022-09-04,-0.4675531244762505,-0.8063084252308126,-1.064258470594564,0.8705505632961241,0.4553409094582326
2022-09-05,-0.7636063045428342,-0.9731771331190756,-1.2557750777727712,1.0,0.4416846965580905
2022-09-06,-0.42611060011270124,-0.5905455519648881,-0.8853211476894628,1.0,0.4924758570709675
2022-09-07,-0.7376375230633969,-0.3346502349381998,-1.3276851156941445,1.0,0.4676242348168771
2022-09-08,-0.5153243205048975,-0.42590284756087327,-1.0137631068944934,1.0,0.4891069897548207
2022-09-09,-0.4123744918545828,0.0792143292007792,-0.7444248893985649,1.0,0.5259948012797748
2022-09-10,-0.7328747213777471,0.31506407043012136,-1.7101482962845878,0.8705505632961241,0.46284699612767094
2022-09-11,-0.9130570237194997,-0.004488868693066504,-2.1579728948786525,0.7578582832551991,0.4056888082154804
2022-09-12,-0.2684330629981674,0.23442513154808883,-1.0943809575500152,0.6597539553864472,0.4793559043375925
2022-09-13,-0.31420398627069757,-0.0692179955678504,-1.3990326984385464,0.5743491774985175,0.4406869377767858
2022-09-14,-0.3206177504592713,0.3444762411170659,-1.356181513864516,0.5,0.44777260955377585
2022-09-15,-0.05127737176878962,1.687007616305621,-1.3407682799800678,0.5743491774985175,0.5333335931869235
2022-09-16,-0.24115096570891478,2.3151735566043237,-1.3645386815173013,0.6597539553864472,0.5588673044019762
2022-09-17,-0.3742791393298591,1.2849672307020699,-1.6749201952915624,0.7578582832551991,0.5114364279691568
2022-09-18,-0.24256859174502626,0.6135073922525855,-1.0064192412537598,0.8705505632961241,0.5314268450134826
2022-09-19,0.5835310873505262,0.5056043996593972,-0.5158654260091114,1.0,0.6177734082755396
2022-09-20,0.9370631471962988,2.393273523065251,-0.3696427194441342,1.0,0.7248691826260009
2022-09-21,0.6051421451662636,3.660077948510246,-0.022598232175266957,1.0,0.7395895352719087
2022-09-22,-0.7213295788125103,5.0,-0.9899869115951404,0.8705505632961241,0.59949438218708
2022-09-23,-1.2534141313370017,1.1383250762773274,-2.6660248740285515,0.7578582832551991,0.41368051610975
2022-09-24,-1.5926950754029252,0.9759534816333008,-3.0718381840165088,0.6597539553864472,0.3584481500158263
2022-09-25,-1.4529891266918205,4.922018294530043,-2.723470658413183,0.5743491774985175,0.44850407956488353
2022-09-26,-1.2982757735013333,2.1392803700129,-2.2585011545479365,0.5,0.42730159203218404
2022-09-27,-1.3241574039671087,0.3001654600728291,-2.2809221188159996,0.4352752816480621,0.33849028885856997
2022-09-28,-1.2278738464076382,0.8005682784539778,-2.251578538968479,0.37892914162759955,0.3582855084535972
2022-09-29,-1.3789564116285478,-0.27667008310633434,-2.2153444591031026,0.3298769776932236,0.297178383779213
2022-09-30,-1.5416168464381867,-0.4946709863224538,-2.200760538996863,0.2871745887492588,0.27133175615317867
2022-10-01,-1.4541395192990845,-0.37811016022537863,-2.402085765420725,0.25,0.2697332498566461
2022-10-02,-1.4564330617281214,-0.21086114218394655,-2.231738541087125,0.21763764082403103,0.277372943047828
2022-10-03,-1.0647695864910165,0.5951151561487882,-1.7475030780735965,0.1894645708137998,0.3489814087597485
2022-10-04,-1.0319367327304636,1.3907627417920176,-1.6592781069395015,0.16493848884661183,0.38358416848831156
2022-10-05,-1.0490807415503016,0.38317707967002373,-1.675980582238701,0.14358729437462942,0.33669907029780194
2022-10-06,-0.8529434148272336,0.6670381968511991,-1.609464568527657,0.12500000000000003,0.3610315449293958
2022-10-07,-1.0776695798330913,0.2412891034623389,-1.6593623023682034,0.10881882041201553,0.32421982030492025
2022-10-08,-0.66159822615337,-0.21170606993843202,-1.7949219470447362,0.09473228540689989,0.3264514765852178
2022-10-09,-0.739627909938747,-0.17810711665129703,-1.9139904264669199,0.0824692444233059,0.3168410485915447
2022-10-10,-0.5357396577349623,1.1762006712020099,-1.5082989447547552,0.0717936471873147,0.39878479970402503
2022-10-11,-0.16934371917963512,2.1745753566893615,-1.4443418760965088,0.0625,0.46554799604686414
2022-10-12,0.09476804810193301,5.0,-1.3767016921474904,0.054409410206007765,0.518589224999447
2022-10-13,0.2199203692864958,0.6292808601491062,-1.337479286032406,0.047366142703449944,0.4284036723297498
2022-10-14,-0.349503517079552,0.1869725137999131,-1.3927337843805283,0.04123462221165295,0.3692510207887566
2022-10-15,-0.8847048925717601,0.14701669284668362,-1.6116267607679808,0.03589682359365736,0.3238090008772771
2022-10-16,-0.9552725494633797,0.22669532304912232,-1.5436843464084666,0.03125,0.3239921569492059
2022-10-17,-0.5619878330087014,0.41940281469837665,-1.1023510253960986,0.027204705103003893,0.3723449333307663
2022-10-18,-0.6407203645917543,0.4186153029929292,-0.9391055092092443,0.02368307135172497,0.3719765570477057
2022-10-19,-0.09813948418811493,0.4053794781949122,-0.8685291696046452,0.020617311105826482,0.40948980365796617
2022-10-20,0.15421391061931256,0.49730331533928496,-0.7171680763230462,0.017948411796828663,0.4347885580725139
2022-10-21,-0.5034786976768407,0.5115789390511045,-0.8598750760404843,0.015625000000000007,0.38643179008065714
2022-10-22,-1.3381393887809192,0.350449082639038,-1.372622989991972,0.013602352551501933,0.3066790057408915
2022-10-23,-0.9454815454525584,0.7586201430511355,-1.345641014898709,0.01184153567586249,0.3504985994517158
2022-10-24,-0.776349159270167,0.8054742256310223,-1.0078592099275763,0.01030865555291324,0.3747558067852993
2022-10-25,-0.6610939858306742,0.12998255290298,-0.9917314345927909,0.008974205898414338,0.35463142371391504
2022-10-26,-0.6165387361259731,0.3906939739771546,-1.0030308387625342,0.01030865555291324,0.36828827021483584
2022-10-27,-0.8173383975882983,-0.13347073180378935,-1.054253991156107,0.01184153567586249,0.3315839236484647
2022-10-28,-0.6746183283169429,-0.1906494511103003,-0.8681275801166702,0.013602352551501933,0.34518448452811096
2022-10-29,-1.2457366708799689,-0.43998513847984005,-1.1732634715229255,0.015625000000000007,0.2868531421205779
2022-10-30,-1.0002423051347893,-0.5288563515138858,-1.2307400628651028,0.017948411796828663,0.29794909135195635
2022-10-31,-1.4093293908298243,-0.6201160030718613,-1.2769916894255329,0.020617311105826482,0.26573274750170706
2022-11-01,-0.8567695239014548,-0.4761273279289947,-0.8759661259127924,0.02368307135172497,0.3223969829151939
2022-11-02,-1.0888083711347898,0.1692891005517464,-0.9033918840222989,0.027204705103003893,0.3334341307453775
2022-11-03,-1.1995880009230853,0.5619086130740539,-0.9018070883617538,0.03125,0.3430675892044881
2022-11-04,-1.401911326465682,0.3393961455374111,-0.9699972082275653,0.03589682359365736,0.31873203423114316
2022-11-05,-1.3926989875761961,0.8022698620736121,-1.0886717169416027,0.04123462221165295,0.33547744784834865
2022-11-06,-1.0300711919396779,0.8264962631918238,-0.921509201288576,0.047366142703449944,0.36715387953291245
2022-11-07,0.7447119705778876,1.7808229918632932,-0.6237888170318494,0.054409410206007765,0.5362168736626693
2022-11-08,-0.5999685096852438,0.37403817708404635,-0.6785319259740971,0.0625,0.38734429253368247
2022-11-09,-0.6662814897751366,-0.016157316590713712,-0.6201069844961469,0.0717936471873147,0.37000682675193686
2022-11-10,-0.868703443181917,0.039525695996845155,-0.6811475668076169,0.0824692444233059,0.35839880889098275
2022-11-11,-1.3266347054641858,-0.31422495065622935,-0.6109862220918987,0.09473228540689989,0.3173086154330164
2022-11-12,-1.107873447575682,0.1267102012867365,-0.7630505156624604,0.10881882041201553,0.3473091677549556
2022-11-13,-0.39579665773870915,0.35309311758459944,-0.44916636202230864,0.12500000000000003,0.41710355731603405
2022-11-14,1.0754778140132923,0.739156674767241,0.02609861713261576,0.14358729437462942,0.5499047637768029
2022-11-15,0.17720910616307864,0.29974290421130584,0.27117960731161767,0.16493848884661183,0.48308332165705536
2022-11-16,-0.20043311256954427,-0.19451827902065272,0.1694237585599397,0.1894645708137998,0.43760000844357116
2022-11-17,0.2821832272342016,0.018770766642350466,0.4968724868409597,0.21763764082403103,0.49380239277734805
2022-11-18,0.4225108203444317,0.09200176827937079,0.47812792950643396,0.25,0.510438392684817
2022-11-19,-0.709097185039823,0.1740477410936945,0.30529009644480276,0.2871745887492588,0.43823136840346466
2022-11-20,-0.3100844173937291,-0.28190128507979595,0.4675620534606829,0.3298769776932236,0.4576487670647662
2022-11-21,0.8814510332327861,0.3259133177178652,1.0193992391921314,0.37892914162759955,0.5881624696709744
2022-11-22,-0.06549437467017867,-0.6417629720568316,0.6059399418790948,0.4352752816480621,0.47938287482946595
2022-11-23,-0.9050001579958025,-0.5854034512386721,0.2626482400014497,0.5,0.42402978699871685
2022-11-24,-1.3824402973273955,-0.4397105745527958,-0.3381615395890218,0.5743491774985175,0.38939636487695073
2022-11-25,-1.3572596763512168,-0.6454345094799171,-0.8015568073487661,0.6597539553864472,0.3798674500779306
2022-11-26,-1.414207555211901,-0.584934700804226,-0.8075956973461211,0.7578582832551991,0.39310610302910637
2022-11-27,-1.369941756900606,-0.6808083764109946,-0.5848801782992344,0.8705505632961241,0.41639011240727897
2022-11-28,-0.7689588430386768,-0.5808560367666612,0.19891293496190776,1.0,0.5061641734308743
2022-11-29,-0.7807883307357129,-0.19785664536625444,0.2558799141926873,1.0,0.5232327482004482
2022-11-30,-1.3420923612679745,0.7358055204684075,0.19791813349166804,1.0,0.5227830103847076
2022-12-01,0.38419135920098174,-0.27503893838012883,1.12043647499955,1.0,0.6265006840142118
2022-12-02,0.3677845293711454,0.6367659132432975,1.3423894951469213,1.0,0.6707971981814446
2022-12-03,-1.0159368715524053,0.31335842577304823,0.25542212126912645,1.0,0.5288415470126876
2022-12-04,-0.720210861617401,-0.32206067243811004,0.5514649426899638,1.0,0.5319489126302508
2022-12-05,0.6028624043585936,0.6683212655564587,1.5582460140559293,1.0,0.6949790801572897
2022-12-06,-0.5168116579125939,0.11759958126920406,0.8639244107455079,1.0,0.5742433523835608
2022-12-07,-0.9535990272152761,-0.27005529249788157,0.3546112715213887,1.0,0.5119948033822829
2022-12-08,-0.8062263609721263,-0.2243763977425924,0.4827506173033759,1.0,0.5279942466060294
2022-12-09,-0.694114737842084,-0.16052851071139174,0.5407607480055044,0.8705505632961241,0.5206449389588218
2022-12-10,-0.8195248545221047,-0.43148367199364224,0.4245494363562453,0.7578582832551991,0.4802169137322793
2022-12-11,-0.795926812199572,-0.6894088244358627,0.3229707725261113,0.6597539553864472,0.452941630560705
2022-12-12,0.4228977979209599,0.0035386191911188553,1.4017820707058148,0.5743491774985175,0.5862190746426654
2022-12-13,1.8186756747864619,0.8248930531839481,1.5300537925090827,0.5,0.7066173819520648
2022-12-14,2.1222776034703004,5.0,1.6360545333473093,0.4352752816480621,0.811311616923473
2022-12-15,1.0707191439669348,-0.01755246951747419,1.341464443513689,0.37892914162759955,0.5972047760624972
2022-12-16,0.0942218624945576,0.9058695783407141,1.105645069547064,0.4352752816480621,0.5711721511626118
2022-12-17,-0.07806041604440218,-0.09388258003642933,0.9009797987352522,0.5,0.5209168580533636
2022-12-18,0.639376254414654,-0.11831113496541228,1.4216395130019612,0.5743491774985175,0.5962358133955945
2022-12-19,2.5224321272319026,-0.21217138251559314,2.1954280769430623,0.6597539553864472,0.7564656967500463
2022-12-20,2.5937886810016835,-0.29229494338215045,2.1839427089286563,0.7578582832551991,0.7722171222117578
2022-12-21,1.0226809505532835,-0.4393854359867645,2.3625243704087238,0.8705505632961241,0.6842044003788131
2022-12-22,-0.757402245762302,-0.42166789126516996,1.544991433101031,1.0,0.5584367359164989
2022-12-23,3.402414278022293,-0.22028257555493225,3.7943874429667215,1.0,0.8658215593518778
2022-12-24,5.0,0.6984359201712366,3.430561556205221,1.0,0.9041014966738016
2022-12-25,5.0,0.39111236235660635,2.4808139331858174,1.0,0.8739901462043859
2022-12-26,5.0,-0.12627428118295125,1.623634748781549,1.0,0.8238597299100954
2022-12-27,2.527524745505124,-0.11841995442864377,1.5099860459215786,1.0,0.7889003531298674
2022-12-28,1.500442299651133,0.1872675521142248,1.2969151215334525,1.0,0.72606280536595
2022-12-29,-0.5791509434840483,-0.2296111436905744,0.6676494827902762,0.8705505632961241,0.5296603733680507
2022-12-30,-0.8852450801055164,-0.39924053080084976,-0.015319254527181697,0.8705505632961241,0.4794205818864427
2022-12-31,-0.9264333155924741,-0.46812047988501,-0.651844452675935,1.0,0.47200461054276177
2023-01-01,-1.1179780251679658,-0.5588949243652022,-0.9698791782498218,1.0,0.4448515371985915
2023-01-02,-1.1009090967833146,-0.5433179624686681,-0.5225964732524998,1.0,0.46154792933650124
2023-01-03,-1.041404123196504,-0.5292728604711127,-0.250704868666592,1.0,0.47516319364505033
2023-01-04,-0.9354472041648032,-0.30080949886260533,-0.2789527467795082,1.0,0.49080469904375423
2023-01-05,-0.7703543447759348,-0.2352046840691932,-0.04475473910606482,1.0,0.5123510238751858
2023-01-06,-0.7499645861336458,-0.33549466978893516,0.29474753521717645,1.0,0.5208483341904573
2023-01-07,-0.815325541986885,-0.3708412768926107,0.1822145379214221,1.0,0.5112670619277296
2023-01-08,-0.683541849931477,-0.4736261973932823,0.2470331772868273,1.0,0.517930557689409
2023-01-09,-0.570745875863508,-0.40404735465719854,0.6410948917559208,1.0,0.5414847982235802
2023-01-10,-0.3228865400128219,-0.038112179793391404,0.9506792816274304,1.0,0.5835755325620017
2023-01-11,-0.34384692895625196,-0.36297698831653963,0.8578802289341237,1.0,0.5655488378541982
2023-01-12,-0.8090491642328995,-0.2116944561635246,0.2517656848272388,1.0,0.5206349762052345
2023-01-13,-0.6728355794960634,-0.2726695008854908,0.4110480332967193,1.0,0.532484666606591
2023-01-14,-0.5568490980319682,-0.37560676676567345,0.6690068594079164,1.0,0.5445266734962296
2023-01-15,-0.6610390031017417,-0.14547201542212085,0.6021086513245676,1.0,0.5449396875281145
2023-01-16,-0.24896177609082804,-0.05579867028828871,0.666657990410344,1.0,0.5782995366789442
2023-01-17,-0.647551566123602,-0.20993030768118096,0.24080241937053037,1.0,0.5311095467507283
2023-01-18,-0.6365413039087318,-0.3446936499622377,-0.043188007987833926,1.0,0.5167620773913969
2023-01-19,-0.8546752422401063,-0.23734319376009716,-0.03536387249821673,1.0,0.5069535550273817
2023-01-20,-0.7231557979211392,-0.2709065118754559,0.1681679649428161,1.0,0.5211074409752073
2023-01-21,-0.7381741592694944,-0.32093936143532786,0.021615899279105504,1.0,0.5131364459648653
2023-01-22,-0.7352695994352828,-0.29619199512754646,0.1370042436720418,1.0,0.5182075016964015
2023-01-23,-0.6416180459848062,-0.323017844787505,0.8352652339886312,1.0,0.5466085612011546
2023-01-24,-0.41889897660794867,-0.2008881458391308,0.8746295733335474,1.0,0.5678573812606246
2023-01-25,-0.6685546587195982,-0.3123429925323943,0.542825088914342,1.0,0.5355095676936551
2023-01-26,-0.7305843315565551,-0.30615709871464064,0.6557686208340534,1.0,0.5353967861442548
2023-01-27,-0.6756761512867441,-0.23303245802592576,0.7912619166530499,1.0,0.5466206347182385
2023-01-28,-0.8506768537759779,-0.3879541971439779,0.29462090265963303,1.0,0.5119441482892568
2023-01-29,-0.8282844258337436,-0.428389747845405,-0.5247597231732574,1.0,0.48443947467841664
2023-01-30,-0.6254901137237026,-0.17099434685037054,0.020590523961686008,1.0,0.5268622454317106
2023-01-31,-0.6466348654200846,-0.033037494502789956,-0.0459736091190272,1.0,0.5289819930637439
2023-02-01,-0.6628873644490578,-0.41246886633687596,1.1307509420604163,1.0,0.5513130043413735
2023-02-02,-0.5326666782566365,-0.2207381388390269,1.1241837793350506,1.0,0.5677642583090998
2023-02-03,1.889544615551289,0.3969526117120344,1.9263100021116695,1.0,0.7817196665951431
2023-02-04,1.5708418543561091,2.0616743521337697,1.9012418179764052,1.0,0.8290006155618612
2023-02-05,-0.3548627101719952,0.07562605119115995,0.5471148785563593,1.0,0.5727307340733774
2023-02-06,-0.7039983351183747,-0.4126335368852075,-0.06702057646287513,1.0,0.5086396944064622
2023-02-07,-0.72216250964608,-0.1380802354855681,0.5665172660403323,1.0,0.5399863984130404
2023-02-08,-0.7768285258715197,-0.3206667107794351,-0.48695123939564816,1.0,0.49361861067956736
2023-02-09,-0.8231008453406942,-0.3963932642491505,-0.8880894999031826,1.0,0.474007240970133
2023-02-10,-0.8073410741655492,-0.2260801975329716,-1.1769143686052463,1.0,0.472526774538248
2023-02-11,-0.7718916330748402,-0.23843966626609686,-1.2212020799927137,1.0,0.4728988357008328
2023-02-12,-0.7731021409221874,-0.3399003096844996,-1.081916791138535,1.0,0.4732334513303822
2023-02-13,-0.6378781508183198,-0.38507306781820083,-0.26144974258042486,1.0,0.5077150873670062
2023-02-14,-0.6457155766159481,-0.2961634835118324,-0.2545821390046199,1.0,0.5111260784457898
2023-02-15,-0.703938155662715,-0.14077802271908987,-1.1506981229966398,1.0,0.48384843457596893
2023-02-16,-0.7459347651804656,-0.3354413302482839,-1.1020672574946029,1.0,0.47455871831113705
2023-02-17,-0.5905067359949638,-0.24579632146315977,-0.28618624192494646,1.0,0.5158518294752059
2023-02-18,-0.6273439802713457,-0.18834961431259412,-0.2984709506062689,1.0,0.5153801356986766
2023-02-19,-0.7313844190790623,-0.2352530243373886,-0.9935198495189069,1.0,0.48332150106337446
2023-02-20,-0.377138526700892,-0.2370257870183809,-1.0910942486126463,1.0,0.5036115488070865
2023-02-21,0.03761045580011933,-0.13971666968001747,-0.9573786078170909,1.0,0.5397732155561042
2023-02-22,-0.6235618250357031,-0.14153035543250866,-0.5781093229859872,1.0,0.5082618027550657
2023-02-23,-0.6599723590282252,-0.2659625966907721,-0.7144649326771672,1.0,0.4961045701134307
2023-02-24,-0.6330729165867522,-0.26910606984268787,-0.9657511585528877,1.0,0.48939068069900826
2023-02-25,-0.588336962474231,-0.4012630458884923,-0.913131592581272,1.0,0.48862052250365506
2023-02-26,-0.6544324285433264,-0.4650786798942564,-0.9489538660807252,1.0,0.4803610975654934
2023-02-27,-0.4068200154108737,-0.144235040834968,-0.5460155797856304,1.0,0.5236683529449637
2023-02-28,-0.6279503450234829,-0.29675849701436957,-0.6609122960758127,1.0,0.49874129642030873
2023-03-01,-0.5743194772574172,-0.29800751648701646,-0.5588947245831102,1.0,0.5056652308431095
2023-03-02,-0.5736632857650829,-0.3292372646743948,-1.2254687498459567,1.0,0.48218860325936286
2023-03-03,-0.5947205155399254,-0.2941566062379876,-0.5648790086591295,1.0,0.5042661400821179
2023-03-04,-0.5741056855489173,-0.2954003778852731,-0.7360798123056354,1.0,0.49988194480799797
2023-03-05,-0.5463741764705934,-0.10281122939801804,-1.7330382295823106,1.0,0.47652331269096604
2023-03-06,-0.44205687374729935,0.0980693847995913,-0.7721201220162253,1.0,0.5238784287162889
2023-03-07,-0.46535861242940296,-0.016629393028731947,-0.7319411030197852,1.0,0.5188851643611831
2023-03-08,-0.3290098338628172,-0.014106652366341732,-0.1390875484279047,1.0,0.5478419822796178
2023-03-09,-0.37158054666298573,0.10961793150903139,-0.2715968791085156,1.0,0.54574214806506
2023-03-10,-0.5211118432023959,-0.12673830442807163,-0.46538208442325746,1.0,0.5194657116212288
2023-03-11,-0.5324417222170941,-0.20155162817507494,-0.5533966696338475,1.0,0.5126593450237708
2023-03-12,-0.5533673585500803,0.013133235469024554,-0.6727485247911801,1.0,0.516231110081498
2023-03-13,-0.43001739728355376,0.017117738446353503,-0.03233898508105102,1.0,0.5459674464469928
2023-03-14,-0.2247202619934867,-0.056836717038347216,0.5689214214670542,1.0,0.576614500039405
2023-03-15,-0.03985100939257317,2.3958095846702205,0.9709196655996828,1.0,0.7045326542550772
2023-03-16,-0.09993231924302408,2.4780417285191643,0.3019474452291008,1.0,0.681654498913067
2023-03-17,-0.5289900445461366,0.19751024185873062,-1.0482021772071293,1.0,0.513023517867467
2023-03-18,-0.45770479906800476,0.03744785041810723,-1.2532434792289187,1.0,0.5042718911885903
2023-03-19,-0.3567086529052542,0.07667818635158806,-0.7216871244981405,1.0,0.5303581100876946
2023-03-20,0.45355937473354224,0.6732659766625342,1.012934005303801,1.0,0.6670545075199684
2023-03-21,0.35508862329338226,1.3980212005958503,0.5008213441564863,1.0,0.6736175030496022
2023-03-22,-0.4633658114738027,0.020306495035966536,-0.8645245073211028,1.0,0.5161375662842084
2023-03-23,-0.47610288323538597,-0.6465372762665341,-1.4086845105296033,1.0,0.4693646042555486
2023-03-24,-0.4706091636200053,-0.5842533142930859,-1.4778238078275316,1.0,0.47002137406887
2023-03-25,-0.5062776737278096,-0.510957889076399,-1.6806868231583423,1.0,0.4639353489346847
2023-03-26,-0.4611153695366487,-0.33001980804537273,-2.3168567981062296,1.0,0.45327959009212526
2023-03-27,-0.23854966743336314,-0.4897148062956593,-1.3603940448901946,1.0,0.4933454370791168
2023-03-28,-0.3002784049768922,-0.19115470906031104,-0.9931189092762821,1.0,0.5139126964814849
2023-03-29,-0.4721194242070471,-0.25515555401708645,-0.4292556917846802,1.0,0.5185853672426622
2023-03-30,-0.18957515281631465,0.5967468913065743,-0.12623710862229742,1.0,0.5830182066626097
2023-03-31,-0.5878589818109001,5.0,-1.2801754229559563,1.0,0.6181368871140748
2023-04-01,-0.5290207309672369,1.283755916379365,-2.5951805230626697,1.0,0.5067157636825688
2023-04-02,-0.45486513803919076,5.0,-2.4393211629816283,1.0,0.5883649520313331
2023-04-03,-0.021298759137713973,0.9973882005408863,-0.8951923729509413,1.0,0.5852981786483247
2023-04-04,-0.3582780345176652,1.0717100143939569,-1.5262225818660387,1.0,0.5448952955697025
2023-04-05,0.2909572252965056,5.0,-1.0769103947148477,1.0,0.6835001351959388
2023-04-06,0.13884215457482663,0.24550811625471042,-1.0698819466193281,1.0,0.5588229169282904
2023-04-07,-0.18430280141263877,-0.1923400310810772,-1.3535796344203985,1.0,0.5095796574634326
2023-04-08,-0.514854733455312,0.2595440430574231,-1.99259811760588,1.0,0.48507074897684244
2023-04-09,-0.45980417115002786,5.0,-2.0429692682272282,1.0,0.6012474129824239
2023-04-10,0.6880167683613262,0.7930205099883667,-1.0747611176961573,1.0,0.6180849352170651
2023-04-11,-0.015891016362951888,4.753171177715388,-1.2955559948013895,1.0,0.6557553990824236
2023-04-12,-0.004310037824199415,0.3526423328506725,-0.8140950468147179,1.0,0.5622695931200075
2023-04-13,0.30801816207369004,4.2527487610597055,0.0951179616816725,1.0,0.7237051428609685
2023-04-14,0.04671667759862837,-0.17852657942643885,-0.22961788893086246,1.0,0.5630219080661115
2023-04-15,-0.3290059899320233,-0.18079138831686825,-0.9012983361887003,1.0,0.5154900149517057
2023-04-16,0.054919278345282575,2.9532559837183103,-1.5006378404036198,1.0,0.6516923565311612
2023-04-17,-0.09352593708062751,5.0,-1.1959176143812411,1.0,0.6539010170485835
2023-04-18,-0.004489922214732986,-0.10909444869166261,-1.0975290378734537,1.0,0.5335707685610834
2023-04-19,0.16519233077232753,-0.09407918818965383,-1.2748034367851828,1.0,0.5395994079840802
2023-04-20,0.6297592455857689,-0.09855841196135733,-0.5945916899011772,1.0,0.5930576262106222
2023-04-21,0.45600483231497146,-0.10472166692851766,-0.6836511529150883,1.0,0.578248547601807
2023-04-22,0.2391694380586823,-0.10663809616579772,-1.1030365893937715,1.0,0.5497334888838782
2023-04-23,-0.31799580619489776,-0.10977452056785905,-1.9081462819636903,1.0,0.4856214651645564
2023-04-24,0.38802577911658587,-0.10980274423808946,-1.0978215230725121,1.0,0.5596992201621016
2023-04-25,0.4532622736891349,-0.10962545694683279,-0.7676104507365045,1.0,0.5750627425152741
2023-04-26,0.0591876514262089,-0.1091686773095506,-0.9586954026159635,1.0,0.542440635119984
2023-04-27,-0.14179396397063201,-0.1087482063875954,-1.131968174582916,1.0,0.5232836213163775
2023-04-28,-0.18293759075089686,-0.1091260908041608,-1.1782661088136652,1.0,0.518981703205978
2023-04-29,-0.34522545225078766,-0.10824269201696395,-1.4042148791784865,1.0,0.5006676950432911
2023-04-30,-0.36647399723745633,-0.10783361443540497,-1.9000173995801184,1.0,0.4827414195966905
2023-05-01,-0.44894261827615567,0.02127566753086943,-0.8545270612216539,1.0,0.5174727428879874
2023-05-02,-0.15602861912622734,-0.10407778629270194,-0.6923833721318682,1.0,0.53718207189166
2023-05-03,-0.1769320625128646,-0.11017564255412315,-0.6409561840801243,1.0,0.5372486712567164
2023-05-04,-0.06544140409516358,-0.11004073906177585,-0.7936713784804429,1.0,0.5395964963167337
2023-05-05,-0.265841836167643,-0.09451964017858237,-1.2358465468758533,1.0,0.512144007685521
2023-05-06,-0.688072174676771,-0.10854961282096398,-1.7196336682482707,1.0,0.4672844988790661
2023-05-07,0.5251651726905275,-0.10879602470524231,-1.2948212977772253,1.0,0.5623171338907426
2023-05-08,2.1793773180372025,-0.10935114384208368,0.10054950370362915,1.0,0.7190871736658477
2023-05-09,0.3453451092451516,-0.1095142123978399,-0.11999386230817753,1.0,0.5894601196894942
2023-05-10,-0.009629232195941076,-0.10905533731481787,-0.5852101892999698,1.0,0.5503070724888208
2023-05-11,0.8818010230773221,-0.10900032234361227,0.5241063587393237,1.0,0.6467152667321485
2023-05-12,2.2141977521964336,-0.1101410352346751,1.011339085609736,1.0,0.7517352765319754
2023-05-13,0.5295095285208736,-0.11022982642489486,0.3025714722459151,1.0,0.6157934415418849
2023-05-14,-0.31033898375629104,-0.10793978880597273,-1.1989996974270458,1.0,0.509846586635097
2023-05-15,0.05443839107918922,-0.10995122359317502,-0.33734502482518836,1.0,0.5628030909280574
2023-05-16,0.0174848292173903,-0.11124385846847067,0.11154055493614817,0.8705505632961241,0.55583109750393
2023-05-17,-0.2951454445306111,-0.11144602275945069,-0.22782772664028528,0.7578582832551991,0.5067645376832526
2023-05-18,-0.410039215052853,-0.1110776601311858,-0.9625666304608992,0.6597539553864472,0.45991335545028084
2023-05-19,-0.34972169562017835,-0.11059701155959545,-0.5568269229188252,0.7578582832551991,0.4921948565346573
2023-05-20,-0.6816998801154158,-0.11154629432435487,-0.9522022746210984,0.8705505632961241,0.47374808773583954
2023-05-21,-0.2226266141224216,-0.11161106152474214,-0.9071071359033211,1.0,0.5252708602981969
2023-05-22,0.9405087473242794,-0.11166585437380998,0.6738298475493573,1.0,0.6555088341410219
2023-05-23,0.9060008036073186,-0.11103486847435234,0.6638265244007505,1.0,0.6529011515340816
2023-05-24,0.07195287842286688,-0.11056792774440222,0.7682998532846232,1.0,0.6007998566816618
2023-05-25,-0.44344475555385976,-0.11018834240008382,-0.015038657371352895,1.0,0.5403445467840274
2023-05-26,-1.013736938068987,-0.11161243002307777,-0.7811902986500795,1.0,0.47672734292276997
2023-05-27,-1.3978803106396887,-0.10846538978607707,-1.2133816145512093,1.0,0.4368425342312272
2023-05-28,-1.2732892635324935,-0.0593275635620566,-1.3512613607962838,1.0,0.44260002192287196
2023-05-29,-0.47388031084683063,-0.11183823705689283,0.18725207035802843,1.0,0.5449897884114417
2023-05-30,0.7801293328480925,-0.11084122500557761,1.886259517171925,1.0,0.6852655550537047
2023-05-31,-0.5763188160150646,-0.11135443655742346,1.1029756051064143,0.8705505632961241,0.5492874154070688
2023-06-01,1.9714683970891558,-0.11151034581510832,3.242702403533905,0.7578582832551991,0.7654637045519275
2023-06-02,2.2203112246064634,-0.11213480646627008,3.8887435309332026,0.6597539553864472,0.7673115580123034
2023-06-03,-0.21286065658860434,-0.11149800963087995,2.318640337972531,0.5743491774985175,0.5696039270500017
2023-06-04,-0.9086967510267152,-0.1116709940464227,0.4514561404277713,0.5,0.44981579652721043
2023-06-05,-0.15836346080052374,-0.11210264824527377,0.96819122795239,0.4352752816480621,0.507335825448701
2023-06-06,0.8132141755265145,-0.11205953307509534,0.9351145900703803,0.37892914162759955,0.5625549887367913
2023-06-07,-0.5843569125467173,-0.11225229116679718,0.43800036085532995,0.3298769776932236,0.4454472523807635
2023-06-08,-0.916263229193347,-0.11218572734965612,0.03693812529240173,0.37892914162759955,0.4173120215014279
2023-06-09,-1.0626022048360153,-0.11236320995289616,0.18773180835943312,0.4352752816480621,0.4210270717887521
2023-06-10,-0.8495029552418362,-0.11215580285121102,0.7686283052099767,0.5,0.4643142547054097
2023-06-11,-0.42467444663216347,-0.11075692375272855,0.583577844018959,0.5743491774985175,0.4976784698269017
2023-06-12,-1.291769719270142,-0.11269169300165474,0.6903796502867315,0.6597539553864472,0.4561622798244464
2023-06-13,-1.1383455270005436,-0.11233314930046444,0.5577081032599224,0.7578582832551991,0.47669876290938834
2023-06-14,-0.601457561188524,-0.11225104487906952,0.5713244541046033,0.8705505632961241,0.5298524353487093
2023-06-15,-0.6148689496936095,-0.1122847828281518,1.4183463523138686,1.0,0.5766084158130487
2023-06-16,-0.9404110844165127,-0.11246342987394889,0.5305284161511402,1.0,0.5253042319991893
2023-06-17,-0.49358663983148293,-0.11192566137477407,0.1864611364757717,1.0,0.5436460260031446
2023-06-18,-0.29774978961916637,-0.11202920969571864,1.2140773151760182,1.0,0.590951374127268
2023-06-19,0.7948166877733297,-0.11217350772770036,2.7675556827146006,1.0,0.7155657391200545
2023-06-20,-0.2578720871488225,-0.1118673704816815,2.0465831919135815,1.0,0.6213668268171278
2023-06-21,-0.5918578373135011,-0.1122807871438344,1.511683990190543,1.0,0.5812539110544582
2023-06-22,-0.8823360974553037,-0.1122593014967616,0.7157808278064367,1.0,0.5353594835341626
2023-06-23,-0.3734897293220082,-0.1126242443306372,1.1628493206670554,1.0,0.5841696518869914
2023-06-24,-0.4892387175803491,-0.11213844542341252,2.0386508447454874,1.0,0.6056666784268507
2023-06-25,0.37623080570197664,-0.11216271198098496,2.322410178249771,1.0,0.6728222799892498
2023-06-26,1.6149370693952583,-0.11231731790068115,2.6150165879125606,1.0,0.7651498026442409
2023-06-27,0.0064591798529490645,-0.11264242918854224,1.555839542083743,1.0,0.6225984955101321
2023-06-28,0.3406752412491595,-0.11234749163314242,2.0274142174619074,1.0,0.6606110111806266
2023-06-29,1.9994731818952147,-0.11209636100779079,2.7119080694549056,0.8705505632961241,0.7746070505606052
2023-06-30,-0.46200176828432676,-0.11184555624318396,1.6712606688673022,0.7578582832551991,0.5589270820547689
2023-07-01,-0.2818917178878227,-0.11208520896210224,1.7799530426134311,0.6597539553864472,0.5598318631624724
2023-07-02,-0.5040635093759378,-0.11188481336971644,2.0755992800309793,0.5743491774985175,0.542072918110343
2023-07-03,3.0386312774964024,-0.11253131554634095,2.7910226989482996,0.5,0.7883452851505124
2023-07-04,3.1863756333838937,-0.11185861847046799,2.607403767252674,0.4352752816480621,0.772543975386029
2023-07-05,4.859790941399209,-0.11171356725890276,3.555257279078622,0.37892914162759955,0.777184639275019
2023-07-06,3.6749632322306156,-0.11185992649479315,3.073059111090406,0.3298769776932236,0.7698207163833672
2023-07-07,4.028470578029116,-0.11171855100213003,2.538708105219455,0.2871745887492588,0.7480448521946153
2023-07-08,2.744238354905705,-0.11085947219131936,1.545590526400264,0.25,0.6923497631990841
2023-07-09,-0.12128466130375042,-0.11107051861658432,0.8308200677836598,0.21763764082403103,0.4726260660204523
2023-07-10,0.6551383204120838,-0.11033564457971481,2.2083489167733057,0.21763764082403103,0.5703358461860323
2023-07-11,3.8712413598763793,-0.11003894428476686,2.352419209614055,0.25,0.7363290176419366
2023-07-12,4.148181896345941,-0.10903901464736673,2.287389772120992,0.2871745887492588,0.7397792217727817
2023-07-13,4.179803991113931,-0.10909117425142723,2.5118162896556577,0.3298769776932236,0.7536632907153628
2023-07-14,1.05941535022819,-0.10936896195533959,2.433511293405514,0.37892914162759955,0.6290270642913973
2023-07-15,2.590963431828699,-0.10877354361286767,1.5484966456849363,0.4352752816480621,0.710106511574751
2023-07-16,1.7642058832761949,-0.23558221274544305,1.108835013325971,0.5,0.6447589671315519
2023-07-17,3.8959636563053137,-0.21407850615619906,1.922120553317312,0.5743491774985175,0.7663031239788465
2023-07-18,2.8349244808871923,-0.22592923097732837,1.75634139389648,0.6597539553864472,0.7620890538729406
2023-07-19,0.9427220189930536,-0.22014673367111331,1.597493734762272,0.7578582832551991,0.6456038876769294
2023-07-20,0.5148946798945484,-0.2034404579996138,1.9518352019509768,0.8705505632961241,0.6464933841357705
2023-07-21,-0.06560031082241387,-0.19714281304312503,1.3015973346691132,1.0,0.6057989398906793
2023-07-22,-0.3858491530730795,-0.18372337973252167,0.6417717102935948,1.0,0.5630139726493928
2023-07-23,-0.035400721502554425,-0.19819213172455621,1.0262030562880864,1.0,0.5985887149542428
2023-07-24,0.4300336355817884,-0.21058607762165124,1.6855949846941691,1.0,0.6510809886276895
2023-07-25,0.679874834424219,-0.20157822737058878,1.542577437828175,1.0,0.6633451440821126
2023-07-26,1.9633454948627607,-0.20112193056581965,1.9227358608837473,1.0,0.7616008145800666
2023-07-27,5.0,-0.2111318813855011,2.3695651674690548,1.0,0.845188343857906
2023-07-28,5.0,-0.21817576878412648,2.1578929683666144,1.0,0.8378391085795486
2023-07-29,1.6150549466790354,-0.18724515672333464,1.440584007540152,1.0,0.7228879151664686
2023-07-30,0.11235208013657433,-0.13003067609774047,0.5007958352703898,0.8705505632961241,0.5743479728417974
2023-07-31,-0.6227044701045471,-0.1124453688677315,-0.0465676231314855,0.7578582832551991,0.4909276333407718
2023-08-01,-0.2182455838469002,-0.12058764611017109,0.5178753130052581,0.6597539553864472,0.5216514128970918
2023-08-02,-0.377121811923272,-0.11376188916741768,0.6464332026475498,0.6597539553864472,0.5156293338860249
2023-08-03,-0.2532308469420067,-0.12318709903971131,0.6069193966189248,0.7578582832551991,0.5368945367861222
2023-08-04,-0.2658715976735697,-0.08720812731645966,0.6928767708585464,0.8705505632961241,0.557320031706613
2023-08-05,-0.416091980646255,-0.1717377662912761,0.3148511145619295,1.0,0.5505998315135109
2023-08-06,-0.26249930697416685,-0.11823035383460823,0.4997836330362785,1.0,0.5692332358931561
2023-08-07,0.27763241416225926,-0.17499936514673142,0.795743021765206,1.0,0.6127419547885437
2023-08-08,-0.4641979742253056,-0.17245966256605694,0.5176466690230543,0.8705505632961241,0.5347051225732476
2023-08-09,0.09403117854378724,-0.1611738164688034,0.7951497516828385,0.8705505632961241,0.5816407457672322
2023-08-10,-0.2254221140546725,-0.08604881035648498,0.34224564529734147,1.0,0.567794680141413
2023-08-11,-0.3415680050751296,-0.06586241568138389,0.8988706866648112,1.0,0.5794468885637607
2023-08-12,0.33015157206162177,-0.08180833415051426,0.7947825315325514,1.0,0.6200941752655884
2023-08-13,0.7597237955680547,-0.13281144311309978,0.7837297024279368,0.8705505632961241,0.6268213508168411
2023-08-14,0.382450851814079,-0.08861487499892978,0.6913689726362435,1.0,0.6198500694171913
2023-08-15,0.8856862984259803,-0.10992579501414976,0.6339965033127621,1.0,0.6505987285465679
2023-08-16,0.19780261936920795,-0.14026121275138945,0.555497921912114,1.0,0.6008592214903764
2023-08-17,0.608610660494109,-0.11947573217739167,0.7220289979051837,1.0,0.6346635217890554
2023-08-18,-0.1964964714928193,-0.229963707185681,0.04657147375059351,1.0,0.5538707965594285
2023-08-19,-0.639616141025413,-0.06468507670882087,-0.532233485753316,1.0,0.5119225962103278
2023-08-20,0.13191090624047822,-0.0909089455073134,0.7430798564104081,0.8705505632961241,0.5853581007279927
2023-08-21,1.8257207998588432,-0.060906518583316756,1.5476888758289784,0.7578582832551991,0.7094453200655306
2023-08-22,-0.158063607470557,0.07704804930232156,0.8692368978721668,0.7578582832551991,0.5603260673069117
2023-08-23,0.015929323543961763,0.14856163745470002,0.6800951166662742,0.8705505632961241,0.5855044448468377
2023-08-24,0.05742531022952964,0.13518903638846202,0.7588621827212714,1.0,0.609756636622197
2023-08-25,0.22042384932519896,0.03316451752254113,0.9143468414046644,1.0,0.6215550062319414
2023-08-26,0.3717822522900848,0.00808901672871845,0.3662511235706224,1.0,0.6123308966353896
2023-08-27,-0.7055962259038862,0.8371554888944766,-0.25350195675323156,1.0,0.5543916650852364
2023-08-28,-0.5616137154265219,0.8598656578786696,-0.3114608380006347,1.0,0.5630047934498219
2023-08-29,-0.5821269217659525,-0.07934340747226677,-0.002486252948387201,1.0,0.5328026881393125
2023-08-30,-0.26310423052844145,-0.5093866861455896,-0.36724225247388753,1.0,0.5239938642929081
2023-08-31,-0.7754086321611643,-0.637475616372745,-1.0332827587099254,1.0,0.4623018485500605
2023-09-01,-0.7754059902944513,-0.7429491352664337,-0.663571848056815,1.0,0.4702309917423747
2023-09-02,-0.6604542183093965,1.4250834877936351,-0.37964364715026133,1.0,0.5776934091990997
2023-09-03,0.30243752612237834,-0.40030199266590005,0.8505921481292223,1.0,0.6068363236513868
2023-09-04,1.3850474198647533,-0.18642166307964486,1.59688468594809,1.0,0.7127984148942681
2023-09-05,1.7837325285201113,-0.4460726330051269,2.124555570595524,1.0,0.7461476612126446
2023-09-06,2.093461602754148,0.7503914214856228,1.7186223212320408,1.0,0.803117826786579
2023-09-07,1.7473608846842121,1.3619846284994654,0.8709080447587005,1.0,0.7772703533250487
2023-09-08,1.1426808241691246,-0.7610243410343375,0.18767261413592048,1.0,0.6257251278727082
2023-09-09,0.432477351076797,-0.782493081437575,-0.9811084019179583,1.0,0.5385243316146222
2023-09-10,-0.5896007875866112,-0.9509394184538364,-1.306821307522379,0.8705505632961241,0.4330926793023221
2023-09-11,-0.291024689775143,-0.15476510237764407,-0.40187835682693185,0.7578582832551991,0.4994326053433041
2023-09-12,-0.29853320107090964,1.334975588978988,-0.6089051979003516,0.7578582832551991,0.5541036720276653
2023-09-13,-0.5884012031686819,0.24605207385662473,-1.0565530132042642,0.8705505632961241,0.49138957358705704
2023-09-14,-0.7010733727347572,0.8877446673668955,-1.6549578851883235,1.0,0.5100858734516928
2023-09-15,-0.6179191446890938,0.8945777136215514,-2.2542224168674605,1.0,0.495938714526043
2023-09-16,-0.7294756469551921,2.636121028501797,-2.6836094775125083,1.0,0.5467530171401451
2023-09-17,-0.8683101780074026,2.1366871396417983,-2.693884524186176,1.0,0.516345134811709
2023-09-18,-0.6158598310601656,0.04864372521164977,-2.1145563693432132,1.0,0.46548428750170057
2023-09-19,-0.7916581598063688,2.1410320958514464,-2.1001949252626044,1.0,0.5414259624979656
2023-09-20,-0.49022642362098656,2.7401980183394765,-1.6573027463317225,1.0,0.6012497309783551
2023-09-21,-0.4960320276229758,4.43739599102332,-1.631185224999436,1.0,0.6125583573251537
2023-09-22,-0.65348686273717,2.1426097027299247,-1.939538187098406,1.0,0.5560583405279886
2023-09-23,-0.979514752473549,1.2126137655305236,-2.3365510518180517,1.0,0.48233955500493353
2023-09-24,-0.8952623272393523,0.7605250682127923,-2.3543446917550734,1.0,0.46852623296774043
2023-09-25,-0.5732828971763847,1.4815909161125693,-1.9159588147021471,1.0,0.5346488012028598
2023-09-26,-0.6805230443251541,0.9026476272716335,-1.9234133851630155,1.0,0.5031283353425406
2023-09-27,-0.7989244028868306,2.0418500053102306,-1.9673694357790825,1.0,0.5412364755028348
2023-09-28,-0.6276004562528176,2.3599732748860203,-1.9331119166880735,1.0,0.5670551254804606
2023-09-29,-0.6906093923468258,2.0494912000443724,-1.8286663364434659,1.0,0.5533992959639449
2023-09-30,-0.8313347890919275,2.005678464167057,-1.97320850971673,1.0,0.5373739997436079
2023-10-01,-0.41072189252296787,4.425750792127438,-1.3737995960476306,1.0,0.6268252206302145
2023-10-02,0.01581372068135141,1.3223960422914494,-0.581815985978132,1.0,0.6117602169416294
2023-10-03,0.2774539935659618,1.0226396930295054,-0.3190779068767639,1.0,0.6254709898847347
2023-10-04,0.34380890062254704,1.2863246891450437,-0.4196994975351921,1.0,0.6375274721713736
2023-10-05,-0.31000935667168344,2.1863545549379815,-0.999068924095958,1.0,0.6121285185411051
2023-10-06,-0.7696085377720657,0.7253639937411152,-1.3226339767511834,1.0,0.5098284646627026
2023-10-07,-0.6920543482938332,0.1598824502443571,-1.6546341077472042,1.0,0.4803703419490192
2023-10-08,-0.30003235323152105,2.1302435152362724,-2.170556461043614,1.0,0.5714061075512895
2023-10-09,-0.24934163259610206,2.2820429157600333,-1.7056287074931753,1.0,0.5966080557338221
2023-10-10,-0.25306026065493104,1.4349262052935672,-1.66957887484379,1.0,0.5622652786821103
2023-10-11,-0.44566686498270425,0.5654356509714629,-1.609893885388608,1.0,0.5151855649453437
2023-10-12,-0.37122920830600026,-0.02333515852540225,-1.5401896435932647,1.0,0.4979394330545993
2023-10-13,-0.44779013651871213,2.203248814210449,-1.6083869800579813,1.0,0.5833364588222552
2023-10-14,-0.6411749929758543,1.6645288331427361,-1.7482901280490237,1.0,0.5433340309142562
2023-10-15,-0.299015276799276,1.5129397175139587,-1.7412936968022434,1.0,0.5600616798830551
2023-10-16,-0.027359113822588665,0.6943449377803035,-1.3144962876297848,1.0,0.5582905552316806
2023-10-17,0.47276186620807226,0.9267177296899546,-1.3255450844894592,1.0,0.6009458603346376
2023-10-18,0.29903066690280417,2.4850883346970734,-1.3239896216374893,1.0,0.6543477376846487
2023-10-19,0.33151625506673904,0.13689724393061697,-1.3056611345307956,1.0,0.5592830976838651
2023-10-20,-0.09970663450098263,-0.29094719190137347,-1.3638969398467153,1.0,0.5107668600424867
2023-10-21,-0.5191892892260773,-0.26641369562325506,-1.472451682646326,1.0,0.48020508731241507
2023-10-22,-0.05971734992751502,-1.414372404530067,-1.473172090409479,1.0,0.4629809234690969
2023-10-23,0.6846401724711405,-0.4663277090342947,-1.015689239019691,1.0,0.5673560489876575
2023-10-24,-0.2840722160536834,-0.40529894820520646,-0.9979276736701775,1.0,0.5059101402988649
2023-10-25,-0.5508218414495255,-0.8315244806946895,-1.0723619118655132,1.0,0.46788629347890254
2023-10-26,-0.33897931882798826,0.12210166396856457,-0.9892113243843805,1.0,0.5245152372640116
2023-10-27,0.2455835343195769,1.1380075464709023,-1.0301472925120525,1.0,0.6044509736405242
2023-10-28,0.16640439652399946,0.2769981083255408,-1.1971160340871487,1.0,0.5577313464789259
2023-10-29,-0.11632920826574544,0.050280346002130064,-1.1674418913494984,1.0,0.5304250041540558
2023-10-30,0.17978541822708863,-0.29873879679098503,-0.783851463025179,1.0,0.5484098625813423
2023-10-31,-0.6825626471211985,-0.06607486662555084,-0.8998459480925461,1.0,0.496747839146104
2023-11-01,0.7775918045279467,0.5649296108471653,-0.3904716089520711,1.0,0.6373624671220927
2023-11-02,1.135342331759711,1.9359298194874361,-0.03869023823546199,1.0,0.7300635566547752
2023-11-03,2.337399389089201,5.0,-0.21014604445446206,1.0,0.848821757790798
2023-11-04,-0.7269278206334793,-0.6198576925434707,-0.9590492342858604,1.0,0.46874243362559476
2023-11-05,-0.7942190410495734,-0.3973126942161463,-1.1764621811854996,1.0,0.4662819622981723
2023-11-06,-0.3513961575578238,5.0,-0.7535708868703503,1.0,0.6514545599338001
2023-11-07,-0.46569269750590386,-0.7085521986852833,-0.7322120602480195,1.0,0.49002374321278563
2023-11-08,-0.40437834160435976,-0.6080753936587544,-0.6673958270144016,1.0,0.5004584415901145
2023-11-09,-0.36976258934296063,-0.08518860450567983,-0.724079007865136,1.0,0.5226636685938948
2023-11-10,-0.31741966211085043,-0.7781179789562824,-0.6486183276321726,1.0,0.49979649581502583
2023-11-11,-0.6001426981540262,-0.8096787965890716,-0.7052371382385246,1.0,0.47774596565723615
2023-11-12,-0.45714519044204155,-0.14486253998453866,-0.7108881014050892,1.0,0.5147914447576718
2023-11-13,0.8924207478700542,0.3769415127411886,-0.04481659602367656,1.0,0.648706726354764
2023-11-14,-0.0706018637325643,0.15997957347101852,-0.21487277841766828,1.0,0.5697965986985326
2023-11-15,0.6194446706104194,0.7185935037398234,-0.1088434701058698,1.0,0.6426095916929917
2023-11-16,-0.17390974027416414,0.9636845531614706,-0.28758138389089516,1.0,0.5939734942337538
2023-11-17,-0.6689616893051155,0.1699623272145648,-0.6470949975019189,1.0,0.5159144844302018
2023-11-18,-0.8875071331253094,-0.6565652239171632,-0.8229115576530335,1.0,0.4610455882066631
2023-11-19,-0.9086435260435761,-0.9230581647313979,-0.6903139364114224,1.0,0.4529525435195726
2023-11-20,-0.005971592756546475,0.7290717244909851,-0.0018229516654905754,1.0,0.6049191172811716
2023-11-21,-0.5382151294170143,-0.2037650678263982,0.0735987211447836,1.0,0.533082070917592
2023-11-22,-0.8866897920321866,-0.7526128607638104,-0.10822330923642494,1.0,0.4809210343581479
2023-11-23,-1.0033583336478749,-0.5405464589068655,-0.3633551820284612,1.0,0.47347483590140693
2023-11-24,-0.41726126461666824,-0.6818955186142953,-0.43748274382119284,1.0,0.5041875109559201
2023-11-25,-0.2539968214698839,-0.6757208468546543,-0.24453314963463013,0.8705505632961241,0.5023433227896614
2023-11-26,-0.11881458076298457,-0.6299431101325036,-0.13629663137506026,1.0,0.5362881773144447
2023-11-27,0.020709051162242267,-0.4123878749594275,0.8146259622461711,1.0,0.5863519740290457
2023-11-28,0.6577295539881298,-0.4470719525698321,1.4815267265562155,1.0,0.6496048631273396
2023-11-29,1.700961317250243,0.6708113147546803,1.5449048077786414,1.0,0.7678447195240826
2023-11-30,-0.03311769409267581,-0.0535857152408677,1.0050027288399854,1.0,0.6040595065534516
2023-12-01,-0.3533789341734587,-0.711064078104017,0.22391675987800383,1.0,0.5292776264633688
2023-12-02,-1.0190983823165833,-0.7700504833569142,-0.04016122408612584,1.0,0.47363596356948545
2023-12-03,-0.7073565608057918,-0.8919871484483458,-0.3578803079006283,1.0,0.4787474211642452
2023-12-04,0.056978668727959675,-0.7422903619968759,0.5189788099526329,1.0,0.565169106497082
2023-12-05,0.18623387199226987,-0.41336619331822955,0.9054774695772405,1.0,0.6003745823971331
2023-12-06,1.5445904736114289,-0.5319863092191721,1.4770042881841017,1.0,0.7050400782960998
2023-12-07,0.6662491340818951,0.5556942569563733,1.5436126489012159,1.0,0.6940242912753491
2023-12-08,0.13580988333890576,1.0083090281793428,1.013374136003895,1.0,0.6598460062635295
2023-12-09,-1.4190107608751208,-0.2096410481759224,0.028267497329796807,1.0,0.47260648884532175
2023-12-10,-1.2670730053676234,-0.5740759319047738,0.08464755909436165,1.0,0.46943022111593824
2023-12-11,1.0586517212853057,-0.21771618503483842,1.828701384549404,1.0,0.697461986527549
2023-12-12,1.6752687717252974,0.790040769775846,2.219860701504938,1.0,0.7935983069058448
2023-12-13,0.19954792861955856,-0.5635154680281143,1.7580183106867682,1.0,0.6234239944296914
2023-12-14,0.4715342436603407,-0.47529567017207036,2.1492444739358665,1.0,0.658273112451382
2023-12-15,0.06519815187002799,-0.1079115916678409,1.6936829125584358,1.0,0.6313063242237897
2023-12-16,-0.4018045131136801,-0.8167863305906878,0.31671779408359896,1.0,0.5247375284872626
2023-12-17,-0.3225193271803315,-0.7814131878691426,-0.07881239372728542,1.0,0.5183127489025208
2023-12-18,-0.28682802001307406,-0.42257801200507605,1.41224331052022,1.0,0.5853454918495908
2023-12-19,-0.09931903039182122,-0.37519156771710965,2.0181559875449944,1.0,0.6200176155704988
2023-12-20,0.8456148109346044,-0.07485002072673795,2.0960860720577084,1.0,0.6981251056006166
2023-12-21,0.23109570221383713,-0.5670002968284352,1.4018612154287433,1.0,0.6135100749606958
2023-12-22,-0.8228378423143232,-0.8843463610568404,0.9278068566944048,1.0,0.5142232740248236
2023-12-23,-1.3868486673928968,-0.8449248157867756,0.38739779808097957,1.0,0.4602514814520572
2023-12-24,-1.7076348109908912,-0.5499261108959983,-0.3593756403742452,1.0,0.42626490330079914
2023-12-25,-1.7941187374181893,-0.3271601267755529,-1.1983001804926205,1.0,0.4018170728733853
2023-12-26,-1.286419835096322,-0.7022761598572195,-0.2937902101803357,0.8705505632961241,0.43076674848793517
2023-12-27,-1.5389799866588834,-0.9476123605969755,-0.06835260748716765,0.7578582832551991,0.3943178081032414
2023-12-28,-1.4942302326243948,-0.793743427165625,-0.01562775319072334,0.6597539553864472,0.39075417656141564
2023-12-29,-1.4425737139794244,-0.622031798274944,0.07463738032895162,0.5743491774985175,0.3915507167756584
2023-12-30,-1.4962973918372247,-0.619102701455515,0.044804722008883316,0.5,0.37594438538383473
2023-12-31,-1.6478574775915265,-0.7887041784657508,0.0032715693177900462,0.4352752816480621,0.3476805052822942
2024-01-01,-1.2638150957337018,-0.7916448713708182,0.3936261797684597,0.5,0.3958813299695845
2024-01-02,-0.42107436187583275,-0.8182768607267735,1.3607045941063112,0.5743491774985175,0.49434270310631695
2024-01-03,-0.21031231264418473,-0.7035032154399559,1.5409557111765644,0.6597539553864472,0.5319948288609088
2024-01-04,-0.4672802155260678,-0.7882378452602717,1.5970780350943818,0.7578582832551991,0.5279194190705101
2024-01-05,0.7966632830201432,-0.7330604322616234,2.100517363136537,0.8705505632961241,0.6481665307894118
2024-01-06,-1.0086091308970924,-0.9173612267235269,1.2034165509034964,1.0,0.5096498918568301
2024-01-07,-1.1992204700834346,-0.9377435362066598,0.6064716617918481,1.0,0.4761950433788885
2024-01-08,-0.5977831278562137,-0.7741689733151631,1.079987298493346,1.0,0.5388903275378989
2024-01-09,-1.1715913513714533,-0.5298020478881231,1.0730462353020556,1.0,0.5105870324232998
2024-01-10,-0.633705789487872,-0.687239591576527,1.0056718647124825,1.0,0.537640359875536
2024-01-11,-0.3846540057743585,-0.5463481411192133,1.0263762132895666,1.0,0.5608044341780611
2024-01-12,-0.7355519525814513,-0.2749206883618007,1.0521029848297516,1.0,0.54957827397382
2024-01-13,0.3812561503199203,4.513188919425536,0.7232873503873593,1.0,0.74952665503424
2024-01-14,1.2970321045151854,-0.5488734601551194,1.6329924020698456,1.0,0.6930321595302106
2024-01-15,3.0157079022810804,-0.5243805641981185,2.5864280891820073,1.0,0.8393650794644787
2024-01-16,3.481522449648425,-0.5317719629636124,2.9321213409883256,1.0,0.8505802129094604
2024-01-17,5.0,-0.23793395368626896,3.2342039442568122,1.0,0.8650860852630721
2024-01-18,2.5684878062594976,-0.10748545892142299,2.4728964069914454,1.0,0.8241838398619554
2024-01-19,0.2591624985600792,-0.48218653561373853,1.9354319502377884,1.0,0.6367007925946925
2024-01-20,1.527106989626077,0.13991083538285198,2.142305214153281,1.0,0.7540469245878
2024-01-21,1.4470490379541034,1.26671120762958,2.0354447096178188,1.0,0.7920977265021001
2024-01-22,3.1154501298024604,1.3682198028065689,2.3699348459045733,1.0,0.9110069866470928
2024-01-23,0.09584097845256963,-0.4999334242597786,1.0783545178362413,1.0,0.5965039898138885
2024-01-24,-0.8845081814272724,-0.5934607415415047,0.4213632111021661,1.0,0.5053506973773579
2024-01-25,-0.9009681076232932,-0.4924360567264282,-0.22797092002825473,1.0,0.48681825979390414
2024-01-26,-0.860243314170613,-0.5364930643803594,-0.7074491134830251,0.8705505632961241,0.452297515417762
2024-01-27,-0.9426252969458127,-0.59572374962323,-0.9955089800427985,0.7578582832551991,0.41783160045616446
2024-01-28,-0.890947021489013,-0.6894049095769574,-0.3301421510912592,0.7578582832551991,0.4395523314535971
2024-01-29,-0.6465754691806765,-0.6111108521263097,0.41860839033001146,0.8705505632961241,0.5009682140547776
2024-01-30,-0.49499042121446163,-0.41999126459963226,0.44054426812674186,1.0,0.5391858114982759
2024-01-31,-0.7870655759690335,-0.5621043188702445,0.3332587205277975,1.0,0.5102165723333975
2024-02-01,-0.6623676570059821,-0.6217745287822934,0.37599796917344025,1.0,0.5174681498061203
2024-02-02,-0.9045073329162765,-0.7001608847558182,-0.33550961766773696,1.0,0.4743424870184979
2024-02-03,-0.9391927795997134,-0.6809906462906649,-0.41708390798368394,1.0,0.47010974083178525
2024-02-04,-0.9368888397266785,-0.8724706583103025,-0.72380413844057,1.0,0.4520609953072732
2024-02-05,-0.4019223453695416,-0.6668649905761184,0.5198804549461097,1.0,0.5377484841995627
2024-02-06,-0.3087075989353484,-0.6425949552463434,0.5063028587141495,1.0,0.5445214655595174
2024-02-07,-0.23937113716318875,-0.5214216473759942,0.7450235116930541,1.0,0.5621501392715561
2024-02-08,-0.3768548444152946,0.47717700973238936,0.26385203468873636,1.0,0.5785537869341212
2024-02-09,-0.872931309977695,-0.5129019185557899,-0.7360927925740033,1.0,0.47089723964252905
2024-02-10,-0.9327164344600527,-0.7101341140283877,-1.4589264391665722,1.0,0.43459910164592797
2024-02-11,-0.8588058935530173,-0.49786824605441404,-1.346221676491795,1.0,0.4521277076278051
2024-02-12,-0.6672695723507681,-0.2705796234631532,-0.5243569357288945,1.0,0.5017626463413543
2024-02-13,-0.5756179490317535,-0.39385352823599257,-0.18411115816622864,1.0,0.5140778677825091
2024-02-14,-0.3761234259327551,-0.44119981313639356,0.13889331964914003,1.0,0.5361715567121046
2024-02-15,-0.3761320805873647,1.339133517937369,0.571912698126826,1.0,0.6247855144791269
2024-02-16,-0.5657732027715775,-0.2784574872675202,-0.1877606411979845,1.0,0.5194207031391487
2024-02-17,-0.6999023689591539,-0.2515368540783014,0.04871837428563417,1.0,0.5194830856256484
2024-02-18,-0.6980969041242678,0.27317476488059417,0.11405808440395702,1.0,0.5436444244085388
2024-02-19,-0.347597778189561,-0.2781803358653262,0.2572309787258817,1.0,0.5488103334171701
2024-02-20,-0.29008213789739923,-0.5510173019103726,0.7277695216651884,1.0,0.5569611206160808
2024-02-21,-0.3538681323938876,-0.37117397512014877,0.4210393534636162,1.0,0.5499778539925219
2024-02-22,-0.5033098091349918,-0.4160208752576594,-0.34537295686343383,1.0,0.5125993776931503
2024-02-23,-0.7482337405414692,-0.3031185060211551,-0.8629187234960751,1.0,0.4837238554298181
2024-02-24,-0.6198550811097245,-0.23473880270898959,-0.9915074288756333,1.0,0.4908452968506227
2024-02-25,-0.5906693943543637,2.49209049693893,-0.8082612140024756,1.0,0.6125171039487487
2024-02-26,-0.2881670845570148,-0.16589201747330493,-0.4669058376050671,1.0,0.5333131657146425
2024-02-27,-0.7403165405156947,0.17827565893032427,-1.3497024168559517,1.0,0.48808363585918546
2024-02-28,-0.48538057327894657,0.07286370579444004,-0.8434688682084216,1.0,0.5175616539158912
2024-02-29,-0.5365167316022191,1.1577273444156202,-0.7914531278500462,1.0,0.5610890863155015
2024-03-01,0.03326581994120956,1.1977812307383988,0.13519527076002355,1.0,0.6316317816355147
2024-03-02,-0.6915091104316781,-0.35644807641853465,-0.9094965091614859,1.0,0.48373083914839965
2024-03-03,-0.7695599838343845,5.0,-1.841254908956046,1.0,0.5873208374458395
2024-03-04,-0.5017895983408138,-0.02241422027373982,-1.5203237165200392,1.0,0.48993597704853864
2024-03-05,-0.6519055070170099,-0.30826524194529453,-1.3377124985167455,1.0,0.4741048311672539
2024-03-06,-0.6574821871489022,-0.3252100087582686,-1.0775221986858934,1.0,0.4817000305356156
2024-03-07,-0.5583719527581836,-0.2421100864099469,-1.0619834947269742,1.0,0.49228783305814083
2024-03-08,-0.605316257545302,-0.13317874559293508,-1.2475444834512814,1.0,0.4875116523155648
2024-03-09,-0.6982722390287254,-0.13119005765267813,-1.40450759498048,1.0,0.4761653451632073
2024-03-10,-0.39264273150147755,-0.1540719534073189,-0.864364088495762,1.0,0.5135920168914045
2024-03-11,0.7586869056111113,0.28141292210005514,0.03138912436993846,1.0,0.638350969607241
2024-03-12,8.377978846913637e-05,5.0,-0.5968431405522857,1.0,0.6801108139674884
2024-03-13,-0.3060273715153255,-0.11327703524715986,-1.2390815399787742,1.0,0.5085755807643876
2024-03-14,-0.4981113562635929,0.024573001490911375,-1.411091029107815,1.0,0.49578008367428794
2024-03-15,-0.5369000708157723,-0.09998794439642718,-1.5283851327828797,1.0,0.48409432650300144
2024-03-16,-0.6009227176841645,5.0,-1.770927428839233,1.0,0.6009075711930812
2024-03-17,-0.33982981315095134,-0.10450880720288218,-1.7541290063353954,1.0,0.4895191786119699
2024-03-18,0.03714833774538284,-0.10604351553715084,-0.3983439776610373,1.0,0.559779943446943
2024-03-19,0.3794526287388049,-0.10282680698956669,0.1467890841922345,1.0,0.6009053610977629
2024-03-20,-0.004900146499810931,-0.10555313570792006,-0.4659396776997841,1.0,0.5547439536555231
2024-03-21,0.7680470696741363,-0.10673423281432394,0.15338003165335523,1.0,0.6268685459994574
2024-03-22,0.3025147929885114,-0.10636489383886925,0.07286659407141635,1.0,0.5931646687583285
2024-03-23,-0.5558843118637778,-0.10812660261935626,-0.9521168137292566,1.0,0.5016985436422997
2024-03-24,-0.3302465277636955,-0.10216919641878913,-1.0270018874348081,1.0,0.5144931187171438
2024-03-25,0.4056943590355148,-0.10242395317644443,-0.23933721025250257,1.0,0.5898007188782657
2024-03-26,0.053131362641267714,-0.10237363866517651,-0.8020496592012502,1.0,0.5475415339249938
2024-03-27,-0.28760343194704274,-0.10785324808523902,-0.9075211865831707,1.0,0.5210818463138732
2024-03-28,-0.25690191450595795,-0.10785633738286479,-0.7566146938015892,1.0,0.5281587018485971
2024-03-29,-0.3802082514486743,-0.10851712297078013,-1.1213612514516416,1.0,0.5077525280645845
2024-03-30,-0.6517895542303155,-0.10105739998929136,-1.761063103595166,1.0,0.4686345345985863
2024-03-31,-0.6298762369648456,-0.10899082035610669,-1.9808309192008295,1.0,0.4624392693808116
2024-04-01,-0.5136459442583768,-0.10725493725597474,-1.1874372253783725,1.0,0.4967067404844968
2024-04-02,-0.4769597429046488,-0.1074831051899431,-0.978443883678956,1.0,0.5061094249674772
2024-04-03,-0.3840662930844659,-0.10689557947602112,-0.6948075784242891,1.0,0.5217813453687251
2024-04-04,-0.18541554225486198,-0.1063268691981089,-0.5267908104598242,1.0,0.5406489839510938
2024-04-05,-0.056221936083437424,-0.10807167982281843,-0.5997090989888824,1.0,0.5467585809688573
2024-04-06,-0.2243559313264371,-0.10737215875020151,-0.8111363788544936,1.0,0.5285312186684961
2024-04-07,-0.25465661881647217,-0.10266894051914811,-1.4786584552449202,1.0,0.50445640438244
2024-04-08,-0.12499846626595199,-0.10704970179740678,-1.0660261176022672,1.0,0.526672160753969
2024-04-09,-0.26653596527761125,-0.10762055861098667,-1.2321987377395878,1.0,0.5116734544480486
2024-04-10,-0.16597653152583736,-0.10758015587352415,-1.1418718366635467,1.0,0.5213899968480958
2024-04-11,-0.16891145110220146,-0.10128614087603355,-1.0560875078147545,1.0,0.5243160637961934
2024-04-12,-0.17039318687894872,-0.1054021557082446,-1.0466476449110391,1.0,0.5243604428898586
2024-04-13,-0.26403792955808664,-0.1078231213617923,-1.3016192947143534,1.0,0.5095175314822411
2024-04-14,-0.027475844428150133,-0.09684337670276848,-1.4332617430407584,1.0,0.5213577449074828
2024-04-15,0.6562907589353965,-0.10571359835165524,-0.4490629889784155,1.0,0.599379217698427
2024-04-16,0.7819152587083679,-0.09586203361598868,-0.4716920239681266,1.0,0.6074103650476208
2024-04-17,-0.09040111413075831,-0.10092931154322916,-0.681809246991824,1.0,0.5420408961772542
2024-04-18,0.6388005163448189,-0.10796711875250503,-0.8027566960876306,1.0,0.5863295146053793
2024-04-19,0.41949101616449463,-0.10773148776340943,-0.8043270809555122,1.0,0.5716663530556405
2024-04-20,-0.3120111518346624,-0.10807467980385854,-1.5643854429057207,1.0,0.49754996345567104
2024-04-21,-0.1149769868383994,-0.1066679014468992,-1.8709202604535284,1.0,0.5005263629687017
2024-04-22,1.4205446558084074,-0.05358180635224159,-0.6349071415065072,1.0,0.6463068304056668
2024-04-23,0.6042696079347918,-0.06756515263706594,-0.9667513038219292,1.0,0.580244382375044
2024-04-24,0.009759822922833545,-0.10936940473585627,-1.1836858499814809,1.0,0.5316374013314789
2024-04-25,0.5763834585161193,-0.10867560366377663,-1.1293390180839165,1.0,0.5712527798122867
2024-04-26,0.09716413725093966,-0.08666764835564485,-1.1564777345411157,1.0,0.5393171993172069
2024-04-27,-0.762021699730289,-0.10665377109311631,-1.5315759260145778,1.0,0.4687021153552816
2024-04-28,0.47675292028949806,-0.10667902779779563,-0.4954094797892259,1.0,0.5858249192014175
2024-04-29,3.1340285408842354,-0.10485509692490712,1.4311386959154726,1.0,0.8183356608253114
2024-04-30,2.5880968259510686,-0.10821776637101156,0.9766440188028334,1.0,0.7755855154247069
2024-05-01,0.853624899413125,-0.10812678562786268,0.9030161994177124,1.0,0.6575035838736378
2024-05-02,2.2928829927572307,-0.10858525102445703,1.798324198873988,1.0,0.7832786206869293
2024-05-03,1.276845137818833,-0.1087359376775832,1.0631264471798165,1.0,0.6910298933573501
2024-05-04,-0.49090996417140575,-0.11028916079820601,-0.9651965614160299,1.0,0.5055040686414467
2024-05-05,-0.5562030627979033,-0.11030141127100106,-1.1176077383869172,1.0,0.49607031239761756
2024-05-06,0.37275817515945125,-0.10954508806032298,-0.23099024261840947,1.0,0.587586491587503
2024-05-07,1.0880508332386354,-0.10878191908371751,0.7408929573432849,1.0,0.6677005741655303
2024-05-08,4.376230479065127,-0.109007480676574,1.9126700680580768,1.0,0.8342136905737454
2024-05-09,1.9648985210156227,-0.10855273357962444,1.094030173520852,1.0,0.7379378766192523
2024-05-10,0.5556330554667949,-0.11018713792551482,-0.5715875860481336,1.0,0.5883981534159521
2024-05-11,-0.7333062747042405,-0.1096205059149073,-1.4778089719276322,1.0,0.47228509487567505
2024-05-12,-0.16932859137652695,-0.11065189829526506,-1.6791221677054908,1.0,0.5031301925557458
2024-05-13,0.5501379946448278,-0.10975330581112466,-0.2225148245315051,1.0,0.5996856510831415
2024-05-14,0.6166326938055567,-0.10951845938614611,-0.3183656904765448,1.0,0.6009333874300629
2024-05-15,0.13925848811448646,-0.10911201105368945,-0.5292875518489015,1.0,0.5620946470187653
2024-05-16,1.818416199051983,-0.10761870958208619,0.25211225717119967,1.0,0.7001473756099186
2024-05-17,1.9909685773299546,-0.10800129127796836,-0.001586194049184864,1.0,0.7031783115504422
2024-05-18,0.5342184396694949,-0.10640242251448087,-0.39275743939594504,1.0,0.5930892137266648
2024-05-19,1.2856932489616075,-0.10711253956391119,0.5577869364850564,1.0,0.6748427586651128
2024-05-20,1.970207083427992,-0.10718591761690241,2.43945541408879,1.0,0.7831962394641215
2024-05-21,3.5154729172736428,-0.1076256388073699,3.666313588639099,1.0,0.8705155983830263
2024-05-22,4.146913612935933,-0.1061482322044205,3.3225065880112354,1.0,0.8705771569914825
2024-05-23,1.801419690573987,-0.10812027400993396,2.43436970739334,1.0,0.7717352915342967
2024-05-24,1.4240165724779958,-0.1071959711075573,2.329832247464419,1.0,0.7431290142845322
2024-05-25,1.4360789572727484,-0.10759979972230238,1.4909188027201645,1.0,0.7159525655870929
2024-05-26,1.275164443467047,-0.08899876266478546,1.0595202991001864,1.0,0.6916200244234434
2024-05-27,2.6958990883244494,5.0,0.4530582884158942,1.0,0.8948285488354931
2024-05-28,2.248943954113694,-0.14678858889401195,1.152365392086174,1.0,0.7572255854732016
2024-05-29,0.06814950762290962,-0.14905803274277002,0.396489916798975,1.0,0.5865488797038777
2024-05-30,-0.692063064095739,-0.14873648998540084,-0.14712095746679155,1.0,0.517761076728666
2024-05-31,-0.9246063797877383,-0.14840890192377712,-0.44498520633928784,1.0,0.4923430302226838
2024-06-01,-0.8743672167251695,-0.148963640227503,-0.005836214377352551,1.0,0.5103074933962644
2024-06-02,-0.8377434630312743,-0.1491868140999348,0.16409896061549642,1.0,0.518404283897601
2024-06-03,0.5413461813913996,-0.14801716501386977,2.885038577527644,1.0,0.7010903161347702
2024-06-04,0.728986829139738,-0.14796883146981998,3.295605919712537,1.0,0.7174337539647401
2024-06-05,-0.01667034747307725,-0.14808686402970392,2.254146137184448,1.0,0.6428565620733722
2024-06-06,-0.2585411955290479,-0.14640401404642941,2.3184318729020497,1.0,0.6289448154761973
2024-06-07,-0.6815796634644878,-0.14839301924702292,1.5071060931757518,1.0,0.5736151830729332
2024-06-08,-1.0220028227482014,-0.14917058910921036,0.3641385318459292,1.0,0.5127889883321004
2024-06-09,-0.9079276475415611,-0.1484271409599386,0.3860792907254462,1.0,0.5211563356480801
2024-06-10,-1.1041567951975093,-0.148436236429854,0.22455347167918158,1.0,0.5026898195248949
2024-06-11,-1.0651927526695801,-0.14837055761130022,0.2561386999898319,1.0,0.5063429999212182
2024-06-12,-0.6306447496858552,-0.1480599899992258,1.6802932131176689,1.0,0.5827976242082309
2024-06-13,-0.00905661643322205,-0.14819205135147548,2.982211303512541,1.0,0.6676286002152251
2024-06-14,0.4140236140040434,-0.10777510316530511,2.527877984033439,1.0,0.6823735444361632
2024-06-15,-0.8567117418386972,-0.10722357750733945,1.0975181117138968,1.0,0.5500021718717443
2024-06-16,-0.39651261533908144,-0.10621969499478684,1.7628757920596514,1.0,0.6029025314212668
2024-06-17,1.426978951206663,-0.10732536912193263,3.3429827212327283,1.0,0.7656600397003638
2024-06-18,1.1528488621778636,-0.10741062406736888,3.367807322293286,1.0,0.7473811481423839
2024-06-19,0.5703427434566867,-0.10796610735651786,3.082950607217283,1.0,0.7085242617572576
2024-06-20,2.2422830527147743,-0.10775870901560178,2.8827180142176085,1.0,0.8160861911125886
2024-06-21,3.954594026622331,-0.10724509068136366,3.0379325989230983,0.8705505632961241,0.8511140390493619
2024-06-22,3.927378304911651,-0.10670503300841296,2.65318170716055,0.7578582832551991,0.8226720896849478
2024-06-23,3.505000204041304,-0.10580554704624102,2.0168471497742293,0.6597539553864472,0.7867827671735146
2024-06-24,0.3090173199554485,-0.10750071466253353,1.5750791350234,0.5743491774985175,0.5797769726783153
2024-06-25,0.6396777165303722,-0.10755303465857774,1.7061625882376177,0.5,0.5950358909325046
2024-06-26,3.155469872115334,-0.10714304134865793,1.935111358971668,0.4352752816480621,0.7503307108234041
2024-06-27,0.2977664952245126,-0.10783361146058275,1.2149850213165934,0.37892914162759955,0.5376969044921363
2024-06-28,-0.619330993447078,-0.10642072290406639,0.9009375410519228,0.3298769776932236,0.45878986833823965
2024-06-29,-0.19997391719786203,-0.10707311104390416,1.3609275670467207,0.2871745887492588,0.49564746644059265
2024-06-30,-0.6558904247028808,-0.10649663266396239,0.9577589223951678,0.3298769776932236,0.4582434560592986
2024-07-01,-0.8944849859468239,-0.10644959683738629,0.25932897670283467,0.37892914162759955,0.42641593820288837
2024-07-02,-0.3329397532464194,-0.10387200868757471,0.9264105815169891,0.4352752816480621,0.4946476610526987
2024-07-03,-0.21853003909566185,-0.10721284205444966,1.4757189196665481,0.5,0.5301547596302387
2024-07-04,1.0789044314088465,-0.10719905508066213,1.0485587486256562,0.5743491774985175,0.6135646697111949
2024-07-05,2.9716708601332624,-0.10560403453734502,1.6089123566813184,0.6597539553864472,0.7713047277671725
2024-07-06,3.112201114766316,-0.10620827913870416,1.4626102874323463,0.7578582832551991,0.7830070737719121
2024-07-07,2.6071967499414486,-0.10640627543091564,1.419720829522331,0.8705505632961241,0.7722861339983047
2024-07-08,3.539191806540266,-0.10601396583103362,2.0862468393164617,1.0,0.8401243127342557
2024-07-09,5.0,-0.10583742316197801,1.910951800918293,1.0,0.8342885007321941
2024-07-10,3.6851507902430853,-0.1039007058236787,1.618239525827437,1.0,0.8246121214515947
2024-07-11,1.6356758283336403,-0.10695819714229693,1.2559576134817494,1.0,0.7214537174573721
2024-07-12,-0.015297800413796522,-0.10770372711115604,0.9475327227718872,0.8705505632961241,0.581659499929597
2024-07-13,0.0642079022981341,-0.10737445226185018,1.4396388064740238,0.7578582832551991,0.5864732940130459
2024-07-14,1.418500732809236,-0.1071872907225735,1.211816007280011,0.8705505632961241,0.6860770298109276
2024-07-15,3.4446417102113958,-0.10671572058266313,2.0581663803997152,1.0,0.839159057655713
2024-07-16,4.242871395433893,-0.10511445102693762,2.0348613122410564,1.0,0.8384489416152463
2024-07-17,2.1393868452958973,-0.10531357862801694,1.499212882630573,1.0,0.7632114866645783
2024-07-18,-0.36333755091855646,-0.10709927190271817,0.6663885354007565,1.0,0.5685279781228415
2024-07-19,-0.5912229814098363,-0.1072777094684743,0.5001242706858565,1.0,0.5477860390343531
2024-07-20,-0.7141038962615534,-0.10760549043054947,-0.01637819513514535,1.0,0.522363571643452
2024-07-21,-0.4480643384411757,-0.10707024208848154,0.5502639870504524,1.0,0.5590099169185834
2024-07-22,-0.29298362722673543,-0.10698871868268643,0.42254004566003156,1.0,0.5650945630951067
2024-07-23,0.6540981477000989,-0.10673462301969071,0.9448973137374881,1.0,0.6456558443454358
2024-07-24,-0.30208785359599755,-0.10662098776347116,0.622473782598662,1.0,0.5711673946900776
2024-07-25,-0.4704298345041036,-0.10596471709205298,0.4701138287379914,1.0,0.5548932754454906
2024-07-26,-0.6281042851054478,-0.10574226617216294,0.26302947756178463,1.0,0.5374881024878562
2024-07-27,-0.708860244972938,-0.10622978537786709,0.2797249405561699,1.0,0.5326405739629321
2024-07-28,-0.4654781233994319,-0.10652618059498586,0.4749037249236098,1.0,0.5553596584127005
2024-07-29,0.34908499422657413,-0.1064280998019836,0.9947711934134448,1.0,0.6269968685704704
2024-07-30,-0.11893932623749896,-0.1065510463725934,1.0953076211763386,1.0,0.5991413386911867
2024-07-31,-0.696583367874385,-0.10650409358148542,0.5098244637946953,1.0,0.5411175870356356
2024-08-01,2.2815777405330047,-0.1053245397512279,1.6513230423142653,1.0,0.7777607616230414
2024-08-02,1.5197298769753962,-0.10429568494190021,1.3006688178390207,0.8705505632961241,0.6959078833481667
2024-08-03,0.5399390265853014,-0.10595515545019872,0.7162675734577424,1.0,0.6304567227438532
2024-08-04,-0.20386861126742017,-0.10625572128783219,0.5456444996879589,1.0,0.575169587518111
2024-08-05,1.7173883860557704,-0.10530604294911818,1.4367217658043128,1.0,0.7329955328076486
2024-08-06,1.3729039470502697,-0.10409884982886225,1.0905194854203009,1.0,0.6985401272411588
2024-08-07,-0.14954339844597492,-0.10573254973839398,0.08034491593367857,1.0,0.5633030810622912
2024-08-08,-0.6546050928128785,-0.10615730106055075,-0.0699143018437919,1.0,0.5246059628734921
2024-08-09,-0.7291975092222069,-0.10546819844653704,-0.012359447153655344,1.0,0.5215803428781254
2024-08-10,-0.34133475983471545,-0.10580340937586674,-0.41797885922891126,1.0,0.5339032453127275
2024-08-11,-0.7806413102899944,-0.10676051201508865,-0.817565927823043,1.0,0.4912566937192703
2024-08-12,-0.5998937019828446,-0.10653469912998531,-0.3098039830620999,1.0,0.5202413413019911
2024-08-13,-0.6747148588950427,-0.10642226969407634,-0.062232641724188215,1.0,0.5235103267789377
2024-08-14,-0.5927849625551904,-0.1064824777320016,0.2708116008135614,1.0,0.5400712859512726
2024-08-15,-0.3461664677972084,-0.10634955426362201,0.06433389254123444,1.0,0.549635467137243
2024-08-16,-0.06788945483245167,-0.10652426062356085,0.3338616124142872,0.8705505632961241,0.5577468303934163
2024-08-17,-0.7554451701259505,-0.1064222594863379,-0.43948387944123746,1.0,0.5055532651982979
2024-08-18,-0.736018404271774,-0.10658304980185965,-0.4314594485445705,1.0,0.5071091643553186
2024-08-19,-0.651218499147127,-0.10674836167673321,-0.5308085924646112,1.0,0.5094439652381739
2024-08-20,-0.9264724981000615,-0.1066757419444498,-1.2045397202828274,1.0,0.46863902020288295
2024-08-21,-0.9460623394415587,-0.10647862923918448,-1.7721161156031924,1.0,0.4484220306321569
2024-08-22,-0.9199673602751702,-0.10638164704235852,-1.36716760184874,1.0,0.46366402062659906
2024-08-23,-0.770333955443276,-0.10642124539430957,-0.7916468154942095,1.0,0.49282195722921174
2024-08-24,-0.689783854552928,-0.10634041695454402,-0.4973408617936715,1.0,0.5080055302635764
2024-08-25,-0.45214796091930864,-0.9725709149756666,0.18665686908327692,1.0,0.5105549101175025
2024-08-26,0.3779372871042935,-0.6196287112983924,1.0957477826816302,1.0,0.6109028822589075
2024-08-27,1.1160043005939437,-0.060170975093134696,1.448201931342666,1.0,0.6951665604554712
2024-08-28,1.827964335384722,-0.029863008290736022,1.5453161833144826,1.0,0.7471305364573503
2024-08-29,-0.13982238978643102,0.6617089571204651,0.9469596444973167,1.0,0.6248150353775012
2024-08-30,-0.3240173308405581,1.4018281828345587,-0.08883571458481207,1.0,0.6088471617425757
2024-08-31,-0.6783106558150165,0.2349030668867497,-1.0429939078768082,1.0,0.5048004538033866
2024-09-01,-0.6092227893073282,-0.7351639678246006,-0.8683964987709568,1.0,0.4748067654277879
2024-09-02,-0.894733245892241,-1.2106654237115804,-1.5642870367544797,1.0,0.4127638230607187
2024-09-03,-0.8547239957613565,-1.035084414419671,-1.8915022849848195,1.0,0.4118398068489293
2024-09-04,-0.6943135004439286,-0.5731966526577192,-1.4697104861096715,1.0,0.45583888990601074
2024-09-05,-0.5294065437032819,-0.8115600108086582,-0.9101887474118184,1.0,0.47555160505569316
2024-09-06,-0.8042978872897788,-0.831491011833577,-1.4402466590793466,1.0,0.4387264600516375
2024-09-07,-0.891104066053195,-0.9703926127620421,-2.0930415018054385,1.0,0.40539198667118725
2024-09-08,-0.9071449585346484,-0.9166850139446603,-2.967893966188162,1.0,0.3773986616437239
2024-09-09,-0.6414849406187166,-0.8703728843029053,-2.0464192494987414,1.0,0.4277548254628398
2024-09-10,-0.41595885132441124,-0.2976127347101453,-1.2592144329598969,1.0,0.4928950648667866
2024-09-11,0.12489210262565763,0.5430983821344166,-0.761906601384061,1.0,0.5805583527178425
2024-09-12,-0.10732181187583835,-0.0023570007824749136,-0.7154501380890961,1.0,0.5438986662393711
2024-09-13,-0.5805845902651001,-0.49276281053812115,-0.766263321164394,1.0,0.49022046617109183
2024-09-14,-0.5679827027432295,-0.8769368159607593,-0.8230755518241133,1.0,0.4731596007579493
2024-09-15,-0.39207913075161793,-0.5712782076767995,-0.9539378631667543,1.0,0.49326020385780045
2024-09-16,-0.320036193421244,-0.28825887056412436,-1.073974330006508,1.0,0.5058543231648617
2024-09-17,-0.5903534676021078,-0.5292785765762412,-1.1975041236690045,1.0,0.47367302401354927
2024-09-18,-0.3791000578935962,-0.027233824106921753,-0.9355037146253348,1.0,0.517408462981794
2024-09-19,-0.17463750067890527,0.22396594071487255,-0.27865844031945686,1.0,0.5634007994738774
2024-09-20,0.039990583743011676,0.14575394179160092,-0.2440656510052327,1.0,0.5756035981240097
2024-09-21,-0.26226247674544384,0.10073524212921538,-0.7717473263102119,1.0,0.5359882257620141
2024-09-22,-0.5177863583318217,-0.1805140730464371,-1.4818479904790978,1.0,0.4835645567183071
2024-09-23,-0.5539024606519888,-0.006621812377084622,-1.7816632301656365,1.0,0.4784084861019676
2024-09-24,-0.49007128594489086,1.0267999460122719,-1.8722109125456634,1.0,0.5227048816026633
2024-09-25,-0.21556756942227756,0.8937754297991525,-1.626321387348402,1.0,0.5436587587018661
2024-09-26,-0.39711581756125763,0.006055025180549433,-1.3251006585125613,1.0,0.5046078829280203
2024-09-27,-0.6214490158479412,1.3519014201276414,-1.394873969909854,1.0,0.5434034924517939
2024-09-28,-0.4935199985260068,2.808287849354399,-1.7925469740330966,1.0,0.5993590946869296
2024-09-29,-0.5256118498170976,0.39313862094547397,-1.8751134449170992,1.0,0.49383620438768494
2024-09-30,-0.6857313039221736,0.21541088449997084,-1.8875070731162575,1.0,0.4753431308221453
2024-10-01,-0.5281076226299934,0.8613105404835157,-1.5937274502905199,1.0,0.5225565160017963
2024-10-02,-0.4515152168496204,0.48322747309295927,-1.6437097505495508,1.0,0.5102431385705802
2024-10-03,-0.2623405090061983,-0.3835186530736679,-1.3654115305401806,1.0,0.49601697117017796
2024-10-04,-0.23745007266167048,-0.13599625702290155,-1.400356118265265,1.0,0.5068249471710923
2024-10-05,-0.3461703203906802,0.753843464827941,-1.5999888896886565,1.0,0.5299991600188303
2024-10-06,-0.15986575009966345,1.5864348625957467,-1.4891040627078562,1.0,0.5808069338445834
2024-10-07,0.01920042402449713,-0.45086617147762736,-1.581262904267255,1.0,0.5047851743144902
2024-10-08,0.1792220735707868,-0.3931610209515669,-1.6782489392142454,1.0,0.5146247977245957
2024-10-09,-0.015503030911243897,-0.28246114939039646,-1.6698272683046649,1.0,0.5065363411044951
2024-10-10,-0.13872602770623993,-0.3320606912843728,-1.6518337557198601,1.0,0.4968546108254065
2024-10-11,-0.1980453181001016,0.9232733329480182,-1.6888667296236242,1.0,0.5439711433453732
2024-10-12,0.10385330432580668,-0.3930091678244859,-1.7552631887565706,1.0,0.5070393986704812
2024-10-13,0.3049438730999198,1.3516743619496614,-1.6060434598180444,1.0,0.5981145746272958
2024-10-14,-0.01089428527875265,0.7209779071776102,-1.4807750684289382,1.0,0.5549552914995189
2024-10-15,-0.00832932790358298,0.8002910553062302,-1.2994569978783257,1.0,0.5644749388482432
2024-10-16,0.4940055126049224,-0.08286357507210887,-1.2727597553843617,1.0,0.5620557266995116
2024-10-17,1.0510656281238835,0.6053498680518117,-1.1499557984685898,1.0,0.6319620930947981
2024-10-18,1.2172059966289381,2.4196194656213974,-1.2260920243984417,1.0,0.7160948100295395
2024-10-19,-0.2904681754591892,0.5966001982358684,-1.576955876049918,1.0,0.527928600694218
2024-10-20,-0.17033690631837925,0.8497453715223214,-1.5541581475569006,1.0,0.5472449918069747
2024-10-21,0.29130588405644764,1.0438403982596351,-1.0764900456888415,1.0,0.6020307406749532
2024-10-22,0.19080769754079396,1.5916693472803554,-1.0084958310610888,1.0,0.6204235416040315
2024-10-23,0.16413495269990985,1.4512803571303334,-1.065232694539107,1.0,0.6109045885757877
2024-10-24,0.11186440385792104,-0.415861366614058,-1.1828190486712358,1.0,0.5257027683592345
2024-10-25,0.07370388958810734,0.25486542264882567,-1.188200050752905,1.0,0.5509263168911447
2024-10-26,-0.782735503732453,-1.1750404261049148,-1.4153782151042202,1.0,0.4266783414933244
2024-10-27,-0.6912760406527606,-0.28985920381936264,-1.338643772221038,1.0,0.47221600472330794
2024-10-28,0.5840474684996215,2.4861393468052144,-0.8024005111841612,1.0,0.6907789536440534
2024-10-29,-0.4006650057666884,1.6540848933299759,-0.8721930988696607,1.0,0.5881361002086477
2024-10-30,-0.3991458844585499,-0.34800138688843574,-0.7877895659478376,1.0,0.5076305643841507
2024-10-31,-1.0741094294532008,-0.6998564372156907,-0.8937709768364801,1.0,0.4444396539245835
2024-11-01,-0.39853403654197067,-0.4441396632964065,-1.0558077110780448,1.0,0.4947316545572502
2024-11-02,-0.812045831422301,-0.9553699347237883,-1.2054167218648844,1.0,0.440875973229526
2024-11-03,-0.5895646803898504,2.8978748454623116,-1.2102539066083235,1.0,0.6160986763146622
2024-11-04,-0.4817071580428382,0.5211570050959788,-0.7969683167024394,1.0,0.5380354541193952
2024-11-05,-0.24343323932137978,-0.36806190158116936,-0.6521613616816886,1.0,0.5216964927566363
2024-11-06,0.1199067699214763,-0.6838927325088937,-0.5230439353906066,1.0,0.5370634562938743
2024-11-07,0.1993299793530426,-0.8232648229874763,-0.6617342303779886,1.0,0.5319281566531251
2024-11-08,-0.6025046106468311,-0.8227296483340908,-0.8374164464326092,1.0,0.47263874239520387
2024-11-09,-0.8054288632938139,-0.909174069233725,-1.1213095897245966,1.0,0.44604550323818726
2024-11-10,-0.7050432305578108,0.32120726472820027,-1.0454794263899763,1.0,0.5065314397801551
2024-11-11,-0.27368295005889154,0.12258116049240907,-0.7206511312215961,1.0,0.5378403139758712
2024-11-12,-0.12137865776106635,-0.545200584412131,-0.5207494842573451,1.0,0.526833082323512
2024-11-13,0.6583994357379118,3.086492822129168,-0.3151960125110334,1.0,0.7333867619654931
2024-11-14,-0.47067507788487944,0.22141423126453325,-0.24249620138368144,1.0,0.5447640477309076
2024-11-15,-0.7087335925348015,-0.5663203891905494,-0.3846195511392063,1.0,0.4913337592434335
2024-11-16,-1.1869336471237022,-0.41372592767785443,-0.7219488581833857,1.0,0.4545675479323964
2024-11-17,-0.8987729799548809,2.387825519564284,-0.8622232714311292,1.0,0.5858337556038155
2024-11-18,-0.6976723745556687,0.7576653711848433,-0.579718015711849,1.0,0.5407339649719289
2024-11-19,-0.6227147810566102,5.0,-0.5134589116498024,1.0,0.6413703842078993
2024-11-20,-1.0685891343091818,5.0,-0.4029073281156663,1.0,0.6153304801088657
2024-11-21,-0.4618376846282776,5.0,0.27084092977773283,1.0,0.6782388520173726
2024-11-22,0.3729072856854969,-0.09976799312788934,0.34256315460785236,1.0,0.6071222578189662
2024-11-23,-0.7566638148415791,-0.1245466677455818,0.11473430166778674,1.0,0.5231907779100884
2024-11-24,-0.7924415996424797,-0.1223454712297639,-0.5191980159121089,1.0,0.49976623152552424
2024-11-25,-0.7004778190541675,-0.12028096863023394,-0.09814715094684281,1.0,0.5200182000052344
2024-11-26,-0.5463205236279024,-0.12094646391441596,-0.12260924867102381,1.0,0.5294522208060051
2024-11-27,-0.6962651660896476,-0.12203327166749829,-0.033927396137553266,1.0,0.5223666894032926
2024-11-28,-1.2114187661860614,-0.12154019951401493,-0.20898289150436475,1.0,0.4822084775576998
2024-11-29,-1.135784046231759,-0.11203855112905635,0.5325515222466504,1.0,0.5123645080290604
2024-11-30,-1.4351583623881363,-0.12185203574012177,0.5090086603137307,1.0,0.4912125630287435
2024-12-01,-0.35177070869787924,-0.1224641546490222,1.1355220528505676,0.8705505632961241,0.564879265899203
2024-12-02,4.300913304943858,-0.11604231687873241,2.062267029868707,1.0,0.838907137792343
2024-12-03,3.268673251566737,-0.1045560729837608,2.0943919718085393,1.0,0.8404565626859614
2024-12-04,3.4464841497415373,-0.06330544978410363,2.3958571308022316,1.0,0.8522241772857369
2024-12-05,1.4372815465864002,-0.10142516474231476,2.4122915677637584,1.0,0.7470024401669555
2024-12-06,3.7605107137019136,-0.09666861083689575,2.2922580503079835,1.0,0.8473807428920622
2024-12-07,0.8924388501269721,-0.07328589301812764,1.769942742455593,1.0,0.6904404358812293
2024-12-08,-0.9476589698871418,-0.09740482297898023,0.7159661031578753,1.0,0.5316297378219955
2024-12-09,-0.7418140794660893,-0.10198743811897655,0.32622535921390483,1.0,0.5321704300877669
2024-12-10,-1.076295692485012,-0.11821537572544763,0.39083851319455887,1.0,0.5113492636189242
2024-12-11,-0.48561756317809296,-0.11807402286599693,1.0418672014117027,1.0,0.5724346515491007
2024-12-12,0.42823323968026256,-0.1111928848615884,1.9142422321636163,1.0,0.6627239201815719
2024-12-13,1.3050652323745862,-0.11158330155501524,2.0130258759700403,1.0,0.7244559071258482
2024-12-14,-0.735283980052128,-0.09859006215184503,1.4772025614829998,1.0,0.5711132341229646
2024-12-15,-0.869516213208514,-0.11195689220063978,0.8084271862582285,1.0,0.5393149548196801
2024-12-16,-0.7773240499700245,-0.08279085940550075,0.7654081843009075,1.0,0.5452423836701328
2024-12-17,-0.7924822537074789,-0.11635244379105013,0.5876214803092149,1.0,0.5369072139385148
2024-12-18,-0.9762907051694389,-0.12140140644202832,0.7577842856708537,1.0,0.5301150372426481
2024-12-19,-0.7783653871225651,-0.11840866979717161,1.2491525910807058,1.0,0.5598136993196371
2024-12-20,-0.8284225015251538,-0.09643582298083192,1.4962620379379425,1.0,0.5656290752053865
2024-12-21,-0.002636484258953103,-0.11952381520633351,1.676875876048748,1.0,0.6257399379507642
2024-12-22,1.3530557065399593,-0.08295557964981891,1.9732672549012409,1.0,0.7275228064472962
2024-12-23,3.5328411502071195,0.03733805993900914,2.4657760015686474,1.0,0.8587482858830803
2024-12-24,0.19432376853595099,-0.1229451616241836,1.541790294910438,1.0,0.6342252126650705
2024-12-25,-1.030398430393932,-0.12795624191769867,-0.028386799239625535,1.0,0.5000290345858462
2024-12-26,-0.9323193936331482,-0.12311718887085919,0.6894330520956894,1.0,0.530696592624694
2024-12-27,-0.8364546463228189,-0.10586862137585089,0.6129694441670608,1.0,0.5352574791600536
2024-12-28,-1.0198766585494692,-0.11502227398587449,0.14756206632677624,1.0,0.5071343635581832
2024-12-29,-1.16177541824361,-0.1273416597810293,-0.7157553156308328,1.0,0.4683838924385221
2024-12-30,-0.9063871585330634,-0.12910126740485234,-0.19448000120909445,1.0,0.5027123032489571
2024-12-31,-1.169964936826091,-0.1224900100080142,-0.257767774942797,1.0,0.48330632796316675
2025-01-01,-1.0860908293882314,-0.12620530349801537,0.316806624560891,0.8705505632961241,0.48847819570814893
2025-01-02,-0.49859581234231276,-0.12798826339121325,1.4113035731420973,1.0,0.5834708873072819
2025-01-03,-0.5096284663868357,-0.11539038094234873,1.7013434896703674,1.0,0.5929282860239588
2025-01-04,-0.13404142998743573,-0.12059259358399195,1.797803676876362,1.0,0.6209660024973834
2025-01-05,-0.28761744134765627,-0.11412398465291036,1.7157034464959018,1.0,0.6082604527661485
2025-01-06,0.43332392981604484,-0.08451690371610411,2.170093443177727,1.0,0.6727031724388229
2025-01-07,1.7513260062873166,-0.1119059357401725,2.210029378923256,1.0,0.7607599657274224
2025-01-08,2.3712901718782313,-0.0892094674947109,2.2935694613225985,1.0,0.8058212656903557
2025-01-09,3.2688424892099808,-0.08981990950634954,2.357247384736887,1.0,0.8498324165951318
2025-01-10,2.037115330151201,-0.09219778610907176,2.107336759603056,1.0,0.7772106729089706
2025-01-11,-0.407637347299574,-0.12115970791266155,1.424580632078335,1.0,0.5902618767529454
2025-01-12,0.01111529708086198,0.062206543801724294,0.945376351024671,1.0,0.6098455041646184
2025-01-13,0.4204127684881583,-0.10502783662486181,1.3081559368270663,1.0,0.6422565559340769
2025-01-14,0.8428016639398268,-0.12617597195592742,1.841956539885909,1.0,0.6873279967606885
2025-01-15,1.0849506312178645,-0.11436611331999678,2.2788470996460335,1.0,0.7185263573477255
2025-01-16,1.869467445841862,-0.03816947301858841,1.9530694668191027,1.0,0.7631430839076531
2025-01-17,0.3157675834539967,-0.11559941980426672,1.2596503738199791,1.0,0.6332228755324214
2025-01-18,-0.40350936025711315,-0.09821581986689892,0.4724467205517503,1.0,0.5597552741734634
2025-01-19,2.8666130115033925,-0.10157349010147346,1.0560242975483407,1.0,0.7970761152642761
2025-01-20,5.0,-0.10469343098629941,2.2865619414352247,1.0,0.8468565050900784
2025-01-21,4.681984048341412,-0.12167377895607429,2.640070062910519,1.0,0.8579325946405142
2025-01-22,4.351726154120532,-0.08999957869937537,2.813953773635576,1.0,0.8650484766753787
2025-01-23,3.0158555828905844,-0.02953237561139409,2.3662834659326744,1.0,0.8526455998806145
2025-01-24,1.2310433953457196,-0.11520700706832507,1.6649615381600253,1.0,0.707767985667202
2025-01-25,0.8370413320016477,-0.09674078763670063,1.0606118033895788,1.0,0.6621256160949
2025-01-26,-0.5222067508918757,-0.12560350741373713,0.32382186113785166,1.0,0.5457467991695644
2025-01-27,-0.17163537697462375,-0.11825339267767228,0.8437530567779051,1.0,0.5867555187327189
2025-01-28,-0.025011307831816453,-0.1274673860380869,0.34537133817393123,1.0,0.5795338163320897
2025-01-29,-0.43956349984565996,-0.1252879356094775,0.04550839551597838,1.0,0.5419923825437604
2025-01-30,-0.09086949752457199,-0.10889849304823135,0.35324140649016744,1.0,0.5761793098376912
2025-01-31,-0.7219365373808003,-0.125306986756832,-0.21702418097649273,1.0,0.5144156336938622
2025-02-01,-0.6438347257214793,-0.12291878911167703,-0.41159482966356836,1.0,0.5132362410834626
2025-02-02,-0.5112299048534225,-0.11126827933220432,-0.1877494706553923,1.0,0.5300235123490836
2025-02-03,-0.41570708053014477,-0.12987838534360738,-0.016393693091749255,1.0,0.541328138805615
2025-02-04,-0.4895875468687905,-0.12751742562661766,-0.28731919903996894,1.0,0.5274702975063059
2025-02-05,-0.37735884813198817,-0.1288971731849868,0.30466030199300853,1.0,0.55462737130826
2025-02-06,-0.47656938364800994,-0.12484467674586804,0.21213268840053753,1.0,0.5450979358390727
2025-02-07,-0.3516039454830296,-0.1310621215873605,-0.2118711709983929,1.0,0.5390364428683783
2025-02-08,-0.4785311547705221,-0.1243545432406223,-0.17510909917831732,1.0,0.5320795137409954
2025-02-09,-0.5126608870588454,-0.12554059303493176,-0.2925069924729742,1.0,0.5258415164038557
2025-02-10,-0.02779351876866539,-0.1297649846810615,0.08743947195667712,1.0,0.5706548734522673
2025-02-11,-0.2523266239233892,-0.11827931147027068,0.7077168357660261,1.0,0.5768404816193803
2025-02-12,-0.29812050479799296,-0.11735886992317564,0.602799846546803,1.0,0.5703286749848949
2025-02-13,-0.34945278422258674,-0.11930037421920031,0.339598642575783,1.0,0.5580522535452204
2025-02-14,0.17234750025473328,-0.11359268811046987,0.6130172949506081,1.0,0.6021907145107329
2025-02-15,-0.38572297228694213,-0.12245367549428088,-0.047532852374557705,1.0,0.5425984702894568
2025-02-16,-0.606494417482994,-0.1151188395435179,-0.5740605084097351,1.0,0.5106350702398293
2025-02-17,-0.1064902906025274,-0.1280383569373627,0.6543254669511518,1.0,0.5843765646524798
2025-02-18,0.5155800252705646,-0.12522740766303608,1.165655232672132,1.0,0.6430093674544822
2025-02-19,0.9686276375059867,-0.5370960750888759,1.5263421263069834,1.0,0.6680742435819288
2025-02-20,1.2638708034768802,-0.43250202837360635,1.4242604192698776,1.0,0.688712483025221
2025-02-21,2.099987038324625,-0.5642192594783706,1.411109693653621,1.0,0.7385269898651636
2025-02-22,-0.0784490490527854,-0.3802795064859279,0.3640018469039174,1.0,0.5660584788563645
2025-02-23,-0.5409128708829853,-0.6032787413686046,-0.6755672300441578,1.0,0.4912836200493038
2025-02-24,-0.28381179445830207,0.017138400661190874,-0.2135994628486967,1.0,0.549673331635373
2025-02-25,-0.3941890771000664,-0.6600809549808448,-1.0860467481609666,1.0,0.48501579679709483
2025-02-26,-0.5654516387692088,-0.24392344055442444,-1.0215435324558844,1.0,0.4930882963104223
2025-02-27,-0.6342021616111188,-0.40105977533897524,-1.5612830645763447,1.0,0.46396626310092326
2025-02-28,-0.6732654763111271,-0.6134942814023763,-1.4729544819883442,1.0,0.4554548904545477
2025-03-01,-0.42491103799470087,-0.3481476732866433,-1.5594688885748589,1.0,0.48018414812758115
2025-03-02,-0.11848857478085494,-0.27249477403211775,-0.8774571712883483,1.0,0.5264982403869931
2025-03-03,0.6956124739265575,0.8339997886476873,0.22184732759710626,1.0,0.6635190670419943
2025-03-04,-0.2246679761116569,0.5713361350506427,-0.5771461290932918,1.0,0.5645896029165566
2025-03-05,-0.5831157940205625,0.6285638331694394,-1.3492592189398207,1.0,0.5173404661493618
2025-03-06,-0.27831916178152666,-0.39004768862208067,-0.6102624996258923,1.0,0.5198513188677818
2025-03-07,0.10543491854911363,-0.030449761890149613,-0.4745078680894917,1.0,0.5649433255548683
2025-03-08,-0.398910689403043,0.14329108053856396,-1.2179881794944747,1.0,0.5137768097457548
2025-03-09,-0.30115873147209954,-0.23321959030654515,-1.6079149779639417,1.0,0.4916081023736226
2025-03-10,0.6021265856705821,0.04440692831069322,-0.9921679086786327,1.0,0.58391979743503
2025-03-11,-0.0951981349988831,0.8743157373460093,-1.2306241096496144,1.0,0.564062476401171
2025-03-12,0.09741945573753288,-0.4122199961342613,-1.6049267806651706,1.0,0.5108212378547357
2025-03-13,-0.06697451420013394,-0.2096894002866701,-1.3995590268688753,1.0,0.5151460064790839
2025-03-14,-0.11182686344247215,5.0,-1.4792771262716666,1.0,0.643235638228113
2025-03-15,-0.6129229272508369,1.1126525888082046,-1.9007502865631216,1.0,0.5171406531648487
2025-03-16,-0.4281016310005273,0.07601372803454182,-2.0654731185973687,1.0,0.4807780259814918
2025-03-17,-0.14129544493873933,0.4687376822536799,-1.4869699225412432,1.0,0.5355453763466126
2025-03-18,0.8898663654869771,5.0,-0.7171532226219114,1.0,0.7354193169450681
2025-03-19,-0.1102668970963613,5.0,-1.3454677253276695,1.0,0.6477999493493203
2025-03-20,-0.2231604070641809,0.20567593848494323,-1.468342352834501,1.0,0.5197477252047773
2025-03-21,0.28733676249025897,-0.05091346346474222,-0.9504738844776529,1.0,0.5603519270390646
2025-03-22,-0.45074038997092286,-0.11090269822917063,-1.6203781959457224,1.0,0.4863170883775323
2025-03-23,-0.5266991430531677,-0.05595064949726662,-1.6200972752907459,1.0,0.48355220422437784
2025-03-24,-0.4352789801374091,-0.10744921991348388,-1.1304566322478549,1.0,0.503822462752849
2025-03-25,-0.021054960661768492,-0.1124975381148749,-1.162992288085747,1.0,0.5301425289315708
2025-03-26,0.11382276267276781,-0.11212810814585353,-0.9375046592614981,1.0,0.5466660243633907
2025-03-27,0.9491135345490915,-0.1129019964578881,-0.5718499806583707,1.0,0.6145083197622484
2025-03-28,-0.34666581264442,-0.11178965339330685,-1.3572377836968756,1.0,0.5019897841424217
2025-03-29,-0.47633329466359514,-0.10964319648874502,-1.7643842237789387,1.0,0.4798631730427647
2025-03-30,-0.5496483286975665,-0.10989750369352413,-1.8298816804119338,1.0,0.4727816594192009
2025-03-31,-0.6641513199583867,-0.11223547898853872,-1.732138826220765,1.0,0.468308806170893
2025-04-01,-0.28527758317016566,-0.11006969087354904,-1.4583814948471487,1.0,0.5027825408406861
2025-04-02,-0.37439905690363107,-0.09684732952323268,-1.1212231961649708,1.0,0.5086306509374575
2025-04-03,-0.08267515327324708,-0.11145556958623391,-1.1993109503512143,1.0,0.52486730937065
2025-04-04,-0.1788032062206475,-0.11272487148023688,-1.2320101313119858,1.0,0.5173159122298807
2025-04-05,-0.4583059544988749,-0.11109364084451276,-1.443928600067422,1.0,0.4916864146626396
2025-04-06,-0.33446278452868056,-0.11295852599458737,-1.4756125241788771,1.0,0.4988087916423509
2025-04-07,-0.2260640271095213,-0.10542036631446196,-0.9035257932734325,1.0,0.525419023153815
2025-04-08,0.43771241779420844,-0.11267678961587058,-0.5783940254187079,1.0,0.5802061607716623
2025-04-09,1.0079242892521343,-0.07531468519435487,-0.23682897461423488,1.0,0.631162541579903
2025-04-10,-0.10245624408882421,-0.11264948152419171,-0.8197718446903083,1.0,0.5361501271742267
2025-04-11,-0.3388571598988004,-0.11220489794250416,-0.7699900156717754,1.0,0.5220679847367498
2025-04-12,-0.3595727591550202,-0.08014616397022274,-0.9493985753149029,1.0,0.516042440047076
2025-04-13,-0.31786278233541,-0.06216112828978197,-1.340396125526801,1.0,0.5065392299813384
2025-04-14,0.17726359470248607,-0.06802850597167344,-1.2116465693124698,1.0,0.5435948329209304
2025-04-15,0.3355584805376625,0.007180114141264776,-1.149529410738803,1.0,0.5593520897671034
2025-04-16,0.19570536307117287,-0.11375947454928718,-1.0291435556083817,1.0,0.5490022609115786
2025-04-17,-0.02778895814754454,-0.08244108403132804,-0.816567683978581,1.0,0.5424934348229057
2025-04-18,-0.1249304122004708,3.6995841131361065,-1.3005219407477262,1.0,0.6483205744950444
2025-04-19,0.4350495370417886,-0.14482051994598688,-1.2971307612101552,1.0,0.5547314220980313
2025-04-20,0.3960766582574448,0.4799019500696705,-1.2219099614323317,1.0,0.5806706930889882
2025-04-21,0.24268346330402552,-0.13709902920960768,-0.9711134496152956,1.0,0.5530959896826915
2025-04-22,0.7938036641407449,-0.15385859623098613,-0.8886257197640615,1.0,0.5918886121076231
2025-04-23,0.6865935226738035,-0.15501895461582174,-0.7295124743566621,1.0,0.589996695924039
2025-04-24,0.5135585133922586,-0.154387983029922,-0.5811787845253277,1.0,0.5834317754490596
2025-04-25,0.060104649093225604,-0.1538134235169904,-0.7006944842519275,1.0,0.5492416011512763
2025-04-26,-0.4713749968457351,-0.15419337297010854,-0.9916954131687075,1.0,0.5040937625642395
2025-04-27,-0.7610164091833708,-0.15510738206517607,-1.6176509814523916,1.0,0.4638810657533132
2025-04-28,-0.3790043666472744,-0.148804666931078,-0.7439706516306046,1.0,0.5187338260470333
2025-04-29,0.757553935375359,-0.15470852788109837,-0.4077522242842221,1.0,0.6054656662205041
2025-04-30,0.8670147896634185,-0.15714299336223378,-0.47816508476740427,1.0,0.6103145250952213
2025-05-01,1.8464082380800535,-0.15011736872656403,-0.1483185180307683,1.0,0.6868950415740379
2025-05-02,1.4586276072833613,-0.14887693236346267,0.06871925845581044,1.0,0.6683292769189402
2025-05-03,0.2596856181023808,-0.1500721915599822,-0.33856532883117135,1.0,0.5747738555974538
2025-05-04,-0.7956090854086841,-0.15670390962789146,-0.8998953076514041,1.0,0.4854335544832121
2025-05-05,-0.20899786081843777,-0.15473501022572628,-0.7762897979007621,1.0,0.5287431905893402
2025-05-06,-0.29297946189332175,-0.15728899513843744,-0.8016544308052487,1.0,0.5221925133828355
2025-05-07,-0.1756778297022577,-0.15768498898054945,-0.6030185537093515,1.0,0.5366173183553482
2025-05-08,-0.30387449461469795,-0.1573128911421774,-0.3869309465312415,1.0,0.5352892983437214
2025-05-09,-0.6430852091899482,-0.15927547274583034,-0.5417138583779388,1.0,0.5074340460769959
2025-05-10,-1.3272789036058024,-0.15956145544453473,-1.2907900244938766,1.0,0.4368400116329617
2025-05-11,-1.0685738450044742,-0.1588212483262632,-0.9334358827565742,1.0,0.46602966222755493
2025-05-12,-0.8786568122537276,-0.1586019789071605,-0.06746051933948058,1.0,0.5075657794173037
2025-05-13,-0.39948833965498975,-0.15838679328102112,-0.16941798038323325,1.0,0.5361207282901836
2025-05-14,-0.12774515720498106,-0.1575887078749024,0.14204120378245888,1.0,0.564652166817629
2025-05-15,0.9020222757376204,-0.15717830260772778,1.4226867371729055,1.0,0.6760086136796163
2025-05-16,2.4679895392043383,-0.15255535307256546,1.4070193784137728,1.0,0.7800768088493915
2025-05-17,0.8923395667686332,-0.1472213126740568,0.47532121818501205,1.0,0.6441991236959903
2025-05-18,-0.19663957697513532,-0.158484939654691,-0.3666717833839252,1.0,0.5430647629365813
2025-05-19,-0.9124991930633617,-0.1552185772510003,-0.14635353335280246,1.0,0.5028208286318908
2025-05-20,-0.7349938994485427,-0.15539347399752387,-0.38389741356388585,1.0,0.5067290981680708
2025-05-21,-0.5105817780759924,-0.1579884172887921,-0.6958123739274549,1.0,0.5111846182769857
2025-05-22,-1.3402431326720465,-0.15923611586588973,-0.9301683289740224,1.0,0.4480100086949841
2025-05-23,-1.2249183145597244,-0.1592297610553567,-1.053099501053277,1.0,0.4516008889502693
2025-05-24,-1.192063523320492,-0.15927319300593673,-1.7115840716324413,1.0,0.4318399130156385
2025-05-25,-1.7425283935115108,-0.1592738964760386,-2.2659703047623805,1.0,0.37666268458731833
2025-05-26,-1.508408419407842,-0.15892908805516318,-1.6231295104570815,1.0,0.413713076355276
2025-05-27,-1.336588956117897,-0.1574274137381109,-0.676300420449503,1.0,0.45679124667140214
2025-05-28,-1.0954952439454708,-0.15752071241190968,-0.7227548254939004,1.0,0.4713117932033424
2025-05-29,-0.7264874601972332,-0.15753815362278054,-0.23196305980453702,1.0,0.5122713109257507
2025-05-30,-0.5181659199015909,-0.1577749117432633,0.1778512969186247,1.0,0.5398100272478787
2025-05-31,-1.6793765138780465,-0.15922589241995827,-0.4404608423682744,1.0,0.4417251254783562
2025-06-01,-1.8093344685461157,-0.15810225510571063,-1.696618383007722,0.8705505632961241,0.3718187465283489
2025-06-02,-1.041430310873348,-0.15706466885129872,0.42796571240361986,1.0,0.5132924751530933
2025-06-03,-0.8857452503471283,-0.15567591064953853,2.5347086455909875,1.0,0.5939541085528269
2025-06-04,-0.155921616262581,-0.15716440337122717,3.786450507897181,1.0,0.6580567087753602
2025-06-05,-0.4480404426299224,-0.15790326339312824,3.5516843345027884,1.0,0.6385513345166248
2025-06-06,-0.7315590645208868,-0.1577885386667467,3.0288376092764913,1.0,0.6196548732541598
2025-06-07,-0.8592612293498371,-0.15753712671903639,1.6563084829737482,1.0,0.5663621538625093
2025-06-08,-1.1611250059864326,-0.15708708224649626,0.8966331101117531,1.0,0.5209341415110256
2025-06-09,-0.9243819497107721,-0.1539608562821945,1.7259751117751867,1.0,0.5644920047333634
2025-06-10,-0.7110034129950654,-0.15404913393124178,2.2133582408680286,1.0,0.5949596665821282
2025-06-11,-0.02266086338043067,-0.1533659171320546,3.3820305882780706,1.0,0.6670990292274691
2025-06-12,1.1667026412364128,-0.1541898121734971,3.8954391768087246,1.0,0.7463556005751985
2025-06-13,-0.4069814334285251,-0.15475538798404062,2.6149345520336835,1.0,0.6285842483398861
2025-06-14,-0.7081821162984641,-0.15466219094140105,1.2149817036719222,1.0,0.5618429910799415
2025-06-15,-1.1885528112440276,-0.15476439505797498,0.31684992245031735,1.0,0.4998762935379931
2025-06-16,-0.3505876542240589,-0.15477512018493972,1.4041540625236848,1.0,0.5919836617948131
2025-06-17,-0.33372040213507304,-0.1429710422053021,2.3177681240258643,1.0,0.6240537838999697
2025-06-18,0.7258799040765969,-0.13118578666563432,3.06164531017428,1.0,0.717925919160705
2025-06-19,0.8370500630750161,-0.13522932331918144,2.7442488797351974,1.0,0.7166437450578751
2025-06-20,-0.6354929823763585,-0.13903576657132014,2.364856134324184,1.0,0.6056691820452439
2025-06-21,0.3851492894770815,-0.1365445268753595,3.1571676553368366,1.0,0.6949872640119988
2025-06-22,3.3774496713995115,-0.1345998482352517,3.5245078098792386,1.0,0.8693916729901979
2025-06-23,5.0,-0.13320229792179547,4.252243868026918,1.0,0.8694499042532585
2025-06-24,5.0,-0.1350507978125745,3.731212809375131,1.0,0.8693728834244762
2025-06-25,4.116569180499729,-0.1313673869002927,3.164648898926142,1.0,0.8695263588791545
2025-06-26,1.6188188759328288,-0.13176966142608143,2.5970195469258295,1.0,0.7639981740669629
2025-06-27,0.13074414360852107,-0.12839890677516871,1.7151959245362824,1.0,0.6355395192761455
2025-06-28,0.22824420708476453,-0.1327702315244143,1.645785109214457,1.0,0.6395436911326157
2025-06-29,0.4645488125759402,-0.13623871174424912,2.0588515208041414,1.0,0.668921691875857
2025-06-30,-0.35322429744953066,-0.13446131948498957,1.5001293215136986,1.0,0.5958534692419467
2025-07-01,0.43396245525853117,-0.13493444914892316,1.7270123595720877,1.0,0.6558756402884333
2025-07-02,0.05082281428937901,-0.1354060649012026,1.684413485670223,1.0,0.6288933844374159
2025-07-03,0.5728106773040127,-0.13553805726167817,1.8386967602232402,1.0,0.6688298514418056
2025-07-04,-0.32886868512974954,-0.13582049611687896,1.0879185019654722,1.0,0.5836801837186625
2025-07-05,-0.15696112214276087,-0.13624658299512815,1.417878264929332,1.0,0.60612159306333
2025-07-06,0.47655661787313164,-0.13660465378343437,1.525852706465536,1.0,0.6519403374994169
2025-07-07,0.6614249020945482,-0.13436319128107083,1.7258132182177919,1.0,0.6710236344435183
2025-07-08,1.6852659740129363,-0.13092753318071557,1.8339974250848818,1.0,0.7430289985544954
2025-07-09,1.0460730326647327,-0.13133215444779545,1.540842211706315,1.0,0.6906274361325345
2025-07-10,-0.19117159132428968,-0.13536742679270813,1.3259707690455804,1.0,0.6008139434302039
2025-07-11,0.6661714964395703,-0.1330591662450077,1.7473976803964575,1.0,0.6721138905156446
2025-07-12,0.6007563401930424,-0.13137171891106617,1.2537091056139464,1.0,0.6513669045787066
2025-07-13,-0.26090230795660685,-0.13206690926429276,1.1472524012292675,1.0,0.590345471624523
2025-07-14,0.06804196531392277,-0.1288853538350158,1.4573745857214957,1.0,0.6227450608018523
2025-07-15,0.985974083336513,-0.12839888781292735,1.559455985046343,1.0,0.687363518065107
2025-07-16,1.2596620433440284,-0.1253551573634559,1.5448522195850234,1.0,0.7052494119856254
2025-07-17,2.705580321226967,-0.02815259623904382,1.43458434930986,1.0,0.8020184748821664
2025-07-18,0.6485380726107812,-0.12669747318329522,0.997657229920555,1.0,0.6462120511221
2025-07-19,-0.20643570147741308,-0.18037380427048283,0.5316673582117362,1.0,0.5714442899972936
2025-07-20,1.241354849307792,0.5617070363827396,0.7274913690424815,1.0,0.7054111621045497
2025-07-21,0.028499821962016933,-0.25596067595759203,0.9315025749463914,1.0,0.5972850457974479
2025-07-22,-0.32526368519696,-0.6322308335070043,0.8541512783318187,1.0,0.5554445122018048
2025-07-23,-0.006879702680150159,-0.7688868459765124,1.2146366046543926,1.0,0.5829922880607818
2025-07-24,1.0594865422148088,-0.8198459131692666,1.3971192642257795,1.0,0.6580428319064605
2025-07-25,2.416988600596165,0.7082324779846034,1.5133846372985433,1.0,0.8160884145323877
2025-07-26,0.5168452723432914,0.12644487191640355,0.8631031877616983,1.0,0.6434949940781263
2025-07-27,0.5136315914932792,-0.45295484817633397,0.8739859050604832,1.0,0.6195018509275542
2025-07-28,2.680735681897351,-0.34026089068288184,1.5767411371831102,1.0,0.792096212920807
2025-07-29,4.388887315732972,-0.4719832578723128,1.624952880855555,1.0,0.8094991269505055
2025-07-30,2.285294417950695,1.7098997023059044,1.4465059041961534,1.0,0.8468156455993309
2025-07-31,0.5302271977382671,0.7702810195689709,1.0080159630841572,1.0,0.6760440544340635
2025-08-01,-0.7352788831701619,-0.6326425529088779,-0.5517855759713397,1.0,0.48122844888507466
2025-08-02,-0.7679918086931481,-1.0922229183941892,-0.6516672284214581,1.0,0.45656901687331697
2025-08-03,-0.7893437201301383,-1.2530597175197329,-0.3860289688149516,1.0,0.4572986314675035
2025-08-04,-0.4825746041942239,-1.0760621248537015,0.2790864032105642,1.0,0.5072953179584997
2025-08-05,-0.5551038592954601,-0.7411495215648158,0.2460937866352874,1.0,0.515314972202945
2025-08-06,-0.506407145570864,-0.6197550410053488,0.06413509030885489,1.0,0.5175542332636813
2025-08-07,-0.3850551630871093,-0.44643063907096464,0.3824144626266024,1.0,0.543475527920456
2025-08-08,-0.35269776249481727,-0.4440898734703782,0.4542522921666747,1.0,0.548124814177969
2025-08-09,-0.2624365204812769,-0.46389392138598257,0.27558358439692704,1.0,0.5473614380567299
2025-08-10,-0.4747216625948021,-0.9183469214923161,0.44180004241280685,1.0,0.5198141021785936
2025-08-11,-0.20966734564775721,-0.7991601134665466,1.0177521938501886,1.0,0.5616489120240498
2025-08-12,0.17922324432923595,-0.06894146708899268,1.1354783275764322,1.0,0.6219249327457887
2025-08-13,0.07307271943908912,-0.04742444280603016,0.8377822785355304,1.0,0.6058215721302057
2025-08-14,0.3274327630283678,-0.029801201782743574,0.8261596657925689,1.0,0.6231257896540292
2025-08-15,0.1249443677751532,-0.6888816521217491,1.0421376275753667,1.0,0.5893641432657829
2025-08-16,-0.35202849197509883,-0.7656940218076475,0.748068213913961,1.0,0.5445631234234735
2025-08-17,0.3545777809418519,-0.3659684113695856,0.6540163915588717,1.0,0.6051903813076865
2025-08-18,-0.28566563708999493,-0.008862112949204014,0.03996619094032459,1.0,0.556918575852461
2025-08-19,-0.3836585143111474,0.3263030353509592,-0.19028789932290846,1.0,0.5566757955414499
2025-08-20,-0.5772041214325833,-0.3088374643361591,-0.5278739507515486,1.0,0.5060556991987695
2025-08-21,-0.7328440735393267,-0.46547204061580316,-0.8252204629115371,1.0,0.47924171130800186
2025-08-22,-0.71372897988058,-0.5103213897527238,-0.42671296898293537,1.0,0.4919309111355
2025-08-23,-0.8177942001399048,-0.8680243979025042,-0.6601381087836568,1.0,0.4623080997852802
2025-08-24,-0.8368806710447155,-0.866977718054152,-0.8788300638346543,1.0,0.45378954821694084
2025-08-25,-0.794329239858572,-0.8021537193872385,-0.8658628670997249,1.0,0.45975955013163616
2025-08-26,-0.8610083805003028,-1.190373953757194,-1.3707661677601324,1.0,0.42230832096809234
2025-08-27,-0.8550379702467323,-0.7227523669397612,-1.6240081622662361,1.0,0.43374918128552
2025-08-28,-0.8227325357558806,-0.8428693044962868,-1.6095255090119407,1.0,0.4313807596285313
2025-08-29,-0.828501934186137,-0.9491478072322604,-1.6281067394308297,1.0,0.42594848777188565
2025-08-30,-0.8462656688751526,-0.9419021957362196,-2.1206210851054736,1.0,0.4086489944157983
2025-08-31,-0.9697805995407822,-1.0478774715720531,-2.5106216188335777,1.0,0.38299901142065973
2025-09-01,-0.7136792126338333,-1.1171833601584835,-1.7855262792411213,1.0,0.4213545365097703
2025-09-02,-0.578725016148256,-0.6446034523448946,-1.2510730431742467,1.0,0.4678574203032707
2025-09-03,-0.7215913525487673,-0.26419374467592394,-1.1093991462773565,1.0,0.47890586559267345
2025-09-04,-0.6535779457947111,-0.2195183477753664,-1.359324769193931,1.0,0.47697071348324793
2025-09-05,-0.22586084241580473,4.083122111221734,-0.8589844188818886,1.0,0.6563097965428834
2025-09-06,-0.5800189452228783,2.799719443168996,-1.3467642790687837,1.0,0.6080949044815568
2025-09-07,-0.7942922667082438,-0.7901941711857486,-1.9605199376172633,1.0,0.42377176049946874
2025-09-08,-0.6512658769711153,-0.5137085566942619,-1.8709910124768934,1.0,0.447811384590435
2025-09-09,-0.6109620781812296,0.37126011644702633,-1.7574311767298865,1.0,0.4911573270822146
2025-09-10,-0.5553677705469331,-0.09911477745958822,-1.5314718371881382,1.0,0.4827966383297837
2025-09-11,-0.5760097095937711,-0.2397578211772287,-1.0338646736622574,1.0,0.49214728768928884
2025-09-12,-0.44004755678511154,-0.16553179624676054,-0.9620520340183658,1.0,0.506697936903432
2025-09-13,-0.6620392152142894,-0.6112004422329672,-1.341573911207541,1.0,0.4606782368524224
2025-09-14,-0.5315633767485568,-0.4792232585867994,-0.8576012919460057,1.0,0.4910080960441128
2025-09-15,-0.13100594310176036,0.020291541005089564,-0.6561608427266116,1.0,0.5452397232442077
2025-09-16,-0.46371150777867004,0.39694283865582786,-1.0688639337762538,1.0,0.5249963866328731
2025-09-17,-0.3985064270320515,0.4322894036493368,-1.0626927305711054,1.0,0.531021872330882
2025-09-18,-0.21176223994037802,1.0316887892737607,-0.3802922641265599,1.0,0.5911931414194962
2025-09-19,-0.10700946154745565,1.5824364697483537,-0.21305487002143722,1.0,0.6266990598023031
2025-09-20,-0.4278894374933316,1.7502170227059917,-0.9718260605030715,1.0,0.5870055447630919
2025-09-21,-0.4209869993900161,1.8675922074074953,-1.344190616817377,1.0,0.5799441881220654
2025-09-22,-0.06553493879994138,2.0231880640574498,-0.9522265745824036,1.0,0.6231896209296509
2025-09-23,0.28994705808452015,1.6713168075049027,-0.545898413303413,1.0,0.6457713904082252
2025-09-24,0.10884357969214933,3.363439600337158,-0.9036905657429463,1.0,0.6771332197880451
2025-09-25,0.02976069785169594,0.9930014909623333,-0.7335183245732153,1.0,0.5939084978277698
2025-09-26,0.04192773889391362,0.7488730020997462,-0.5166322272506081,1.0,0.5917771501053967
2025-09-27,-0.3349062595796986,0.4944095071255304,-1.1639220067373632,1.0,0.5344759119336717
2025-09-28,0.17679912643174164,-0.16010075410584015,-0.5885337056478602,1.0,0.5604979534861108
2025-09-29,0.4758906552968832,0.29428563477063036,-0.6230365916344798,1.0,0.5982200587474191
2025-09-30,-0.3792063569875295,0.5300713898348889,-0.951863229942461,1.0,0.540077109779203
2025-10-01,-0.10072429359723896,0.5988600319188637,-1.2299648911926393,1.0,0.5522387187170488
2025-10-02,0.20718199137427293,0.7805067969407942,-1.3759381987907786,1.0,0.5754686426711253
2025-10-03,0.42441081129936997,0.6532131503737898,-1.109650514706046,1.0,0.593522918195331
2025-10-04,0.35065250285542116,0.6832755059832706,-1.0875979074783433,1.0,0.5905933826903863
2025-10-05,0.504632679428428,3.4554171021542452,-0.9116504052902352,1.0,0.7032538317855541
2025-10-06,1.8177836350394865,1.5794981541994546,-0.5357795411230801,1.0,0.7441386807235071
2025-10-07,0.5765297616094464,1.7502480615298646,-0.9261827643759196,1.0,0.6554895611918435
2025-10-08,-0.13915193875499685,1.5548232214500786,-1.1664526066608358,1.0,0.5916257514213923
2025-10-09,0.033566172612935416,1.537015036262466,-1.6670526773218706,1.0,0.5857116154410694
2025-10-10,-0.34717738775262735,1.857971983839824,-1.758292691531855,1.0,0.5706605837587557
2025-10-11,-0.3628121234337682,1.074713653537174,-1.8437929994517723,1.0,0.534132494020072
2025-10-12,0.04593463054847554,5.0,-1.7884927904773968,1.0,0.6434458823539851
2025-10-13,0.421354014510925,1.9612904177828294,-1.3813310236691068,1.0,0.6387663342527093
2025-10-14,0.078699035647205,0.11205969809268121,-1.3173145544829934,1.0,0.5410052713142424
2025-10-15,-0.0014604545146879617,-0.1403836372947478,-1.4024605515919522,1.0,0.5223046330920079
2025-10-16,-0.20767646126787134,0.6935878919836233,-1.3892313268498127,1.0,0.5437466871864658
2025-10-17,0.1483149270631242,1.3942540087370632,-1.4345680125513933,1.0,0.5951626450832062
2025-10-18,-0.12613859915834366,-0.055798269941594335,-1.5441793734399203,1.0,0.5127931863605467
2025-10-19,-0.47683352875038565,1.306830348352113,-1.4742805077815406,1.0,0.548519679005261
2025-10-20,-0.04080373629296121,1.005419991472869,-1.2203280374221328,1.0,0.5734946493111011
2025-10-21,-0.015641902490180926,2.7941011093996,-1.1498877048536185,1.0,0.652048495897184
2025-10-22,-0.028379077521038687,1.104820370927509,-1.1033918471174864,1.0,0.5823625153833275
2025-10-23,0.7494380101037139,0.04914613287461878,-1.1014559048841095,1.0,0.5902950927138864
2025-10-24,1.178361714004208,0.017138851686974182,-0.9774773205827896,1.0,0.6216889890678114
2025-10-25,0.45197564456228717,0.6615889496531844,-1.2532015350335388,1.0,0.5909245313719171
2025-10-26,-0.3746739128460309,4.345386182446226,-1.319753477755267,1.0,0.6310299565517558
2025-10-27,0.308468481116127,2.121653171080946,-0.9047040692876848,1.0,0.6538099785598585
2025-10-28,0.3474193917990924,0.12263692493687448,-0.8892153703959336,1.0,0.5736306523124448
2025-10-29,-0.00655174940548357,0.8928449651029213,-0.8574222151479837,1.0,0.5831843497473234
2025-10-30,0.005287304583479938,-0.4634159641165697,-0.9528353481439777,1.0,0.524282310195909
2025-10-31,-0.7043090785653136,-0.6320118545660541,-1.0349366924398713,1.0,0.46721434440739784
2025-11-01,-0.17709673995723255,-0.8879897322147002,-1.3964038699475994,1.0,0.47964718282898544
2025-11-02,-0.4102773401000973,-0.6064371049582962,-1.1916364708861362,1.0,0.48265874892385996
2025-11-03,0.20866610488511556,-0.0885902888688446,-0.7742286045176474,1.0,0.5594121914722175
2025-11-04,0.14141643898456527,-0.42314412470523605,-0.7509381311821607,1.0,0.5417654863635142
2025-11-05,-0.21070074530988747,0.5574971090511932,-0.7767151748042438,1.0,0.5582918240296658
2025-11-06,-0.1474521212543072,-0.583745050636233,-0.7015174404166441,1.0,0.517463233459315
2025-11-07,0.28444856517032613,0.7651092102901506,-0.6085218977517991,1.0,0.6055587248483847
2025-11-08,-0.22576011552147363,-0.5382857066970137,-0.9960230909657399,1.0,0.5043199848206682
2025-11-09,-0.36466582876814513,-0.043866599423153914,-0.7875734114165391,1.0,0.5226087227256075
2025-11-10,1.4697766122081497,0.21830022040260608,0.2729515049774608,1.0,0.6911793334965672
2025-11-11,2.9548116686261343,0.6664225101387344,0.4794902210289025,1.0,0.8157380565318197
2025-11-12,1.4327718886204344,0.3640368059839927,0.43756330914067654,1.0,0.7002717697953846
2025-11-13,-0.050472807583336235,-0.7807406665352525,-0.28504960680317654,1.0,0.5296026314953695
2025-11-14,0.9635940443886047,-0.16375151022850665,-0.07615837398802593,1.0,0.6298780109001184
2025-11-15,-0.3947918493835326,5.0,-0.8255315191221734,1.0,0.6461628260703587
2025-11-16,-0.8075972883384519,5.0,-0.8488549397530873,1.0,0.6178650161190004
2025-11-17,0.31500606484389143,-0.21486239456217157,0.24077534059852107,1.0,0.5950736492361197
2025-11-18,1.9576477262859715,0.5912158160237564,0.4365899818859839,1.0,0.7446968401495874
2025-11-19,0.7167920016938967,-0.31624816054225,0.13922520247599518,1.0,0.6142499668395326
2025-11-20,1.1115749570811213,-0.23583589592761287,0.0769436723644526,1.0,0.641843290553906
2025-11-21,-0.38111978968047217,-0.44428018686775406,-0.08712561780834474,1.0,0.5281761523082006
2025-11-22,-1.0069372041178186,-0.4677435354423944,-0.7240918568862513,1.0,0.4642451438525039
2025-11-23,-1.0462497580455117,-0.1669705496549501,-0.7642170301699076,0.8705505632961241,0.4534015933834314
2025-11-24,-0.3515414123603839,-0.3324870187047139,0.1537070341387932,1.0,0.5428338478679045
2025-11-25,-1.1852455059509752,-0.6365767405953502,-0.17745700715885324,1.0,0.46354436850650027
2025-11-26,-1.487856198081128,0.12692342361726258,-0.11395950816408656,1.0,0.47729941250650787
2025-11-27,-1.4325393563564819,-0.4992008138645903,-0.3214083142111892,1.0,0.4479837318581703
2025-11-28,-0.9330329423792088,-0.600016787625088,0.5671361407165845,1.0,0.5067016423808937
2025-11-29,-0.7160325364748189,-0.07654508936655015,0.4949243919822556,1.0,0.540572598577481
2025-11-30,-1.3242924049422726,-0.15381036401614492,0.364514762943536,1.0,0.49245556660129364
2025-12-01,0.4608282001706314,-0.530056697937268,1.424833942039461,1.0,0.6311306489986379
2025-12-02,-0.026806157671247853,-0.5669931145436468,1.7695652027491333,1.0,0.608573716474236
2025-12-03,0.784553309921274,-0.37560584349287834,1.6447096927938971,1.0,0.6664769669423449
2025-12-04,0.4879778054885462,-0.6219425175000574,1.8168711459475155,1.0,0.6421799536683179
2025-12-05,0.7775302068260006,-0.14601652330214554,2.146254903972888,1.0,0.6922931554499069
2025-12-06,0.12005177440400666,-0.4814621564193558,1.7356248313815987,1.0,0.6207966894888473
2025-12-07,-0.11124380595141753,-0.506417434656938,0.8148803615436672,1.0,0.5736456985439886
2025-12-08,2.061404126255549,-0.3062266667417333,2.4964887788055394,1.0,0.7828837899296491
2025-12-09,3.6597831013375863,0.6465888536366668,2.5047970475926764,1.0,0.885434437154617
2025-12-10,1.3893894653962917,1.1243041663636157,1.8780621883037294,1.0,0.7770740442350278
2025-12-11,1.9905016847835426,-0.6062253455842649,1.7287049872425067,1.0,0.7400642224943087
2025-12-12,2.04919935035208,-0.30457049150411053,1.6261695554212265,1.0,0.7531285047248416
2025-12-13,1.148100946268277,-0.3173863826732024,1.3733478315878367,1.0,0.6840938915260962
2025-12-14,4.25239726415484,-0.2290265236581138,2.7240219534771435,1.0,0.8562579599634835
2025-12-15,4.723746977786226,1.0938254451724883,2.880493421746207,1.0,0.9165925076070606
2025-12-16,4.410073128175186,0.2965381706292735,2.3289911771866763,1.0,0.864988796349109
2025-12-17,1.2578888747383188,0.07510950977286365,1.4913479049744416,1.0,0.7117004180555719
2025-12-18,0.4041143147940159,0.2898597799269055,0.8495398127972256,1.0,0.6423364389097963
2025-12-19,-0.778965628586596,-0.695747721585084,0.820766683842316,1.0,0.521438359156259
2025-12-20,-0.1732002333950953,-0.2997855734750241,0.7871054657086035,1.0,0.5771991010691545
2025-12-21,-1.0310574111745479,-0.6841110872314118,0.39832790025458514,1.0,0.49103580729554086
2025-12-22,-0.0030704146016444396,-0.08064302575696201,1.237006805907552,1.0,0.6126687398169355
2025-12-23,-0.6067270561791649,-0.5529748070280412,0.6760154416918018,1.0,0.5340447606849473
2025-12-24,-1.1690869377618465,-0.6964306570714831,-0.046565130568657846,1.0,0.4664907557522765
2025-12-25,-1.2169739779749744,-0.17325343575707775,-0.8527127186600494,1.0,0.4582257510231219
2025-12-26,-0.830062978303932,5.0,0.28349862376196433,1.0,0.6541124222384701
2025-12-27,-1.0685567891380572,-0.3904274968378209,0.04616524176161654,1.0,0.4890339097479409
2025-12-28,-1.1689622481559123,-0.17420195017084047,-0.11001536717270032,1.0,0.4861435899600641
2025-12-29,-1.0504690919895505,-0.431464657893384,1.1291877833852566,1.0,0.5246306259013143
2025-12-30,-0.3478519455255754,-0.5266279162192026,1.6134091973801248,1.0,0.5836473470351657
2025-12-31,-0.5243132069441052,-0.4161452285279968,1.5136748994923794,0.8705505632961241,0.5537448161592244
